,MLP,LSTM,BuyAndHold
2015-06-29,1.0034903980558358,0.9965096019441642,1.0
2015-06-30,0.9964606997416587,0.9895288058324923,0.9965096019441642
2015-07-01,0.9942945138830543,0.9916799225864514,1.0034903980558358
2015-07-02,0.9631009086571115,1.0227915012824327,1.0013089304775586
2015-07-06,0.9648338408170564,1.0246318362562228,0.9698952647573819
2015-07-07,0.9809216876954366,1.041716767765719,0.9681501073382909
2015-07-08,0.9588936671098259,1.0651100301357563,0.9520069643190162
2015-07-09,1.0040231817639627,1.0149815327204383,0.9733856628132177
2015-07-10,1.0109000461339606,1.0080296112256497,1.0191972309159243
2015-07-13,1.0147682925894206,1.0041723485956453,1.026178027027596
2015-07-14,1.0130490355075763,1.0058736536465844,1.0301047352426183
2015-07-15,1.026372949977111,0.9926441118785195,1.0283594946058734
2015-07-16,1.0225047855003409,0.9963851600927475,1.0418847766700305
2015-07-17,1.0182068067531094,0.9921969721225172,1.0379581516726624
2015-07-20,1.0135185928145136,0.996765426825124,1.0423210868292168
2015-07-21,1.016075889100001,0.9992804517507582,1.0375218415134762
2015-07-22,1.0182176690629547,1.0013868287171745,1.0349039805583589
2015-07-23,1.0285417927104372,1.0115402976195071,1.0327225129800817
2015-07-24,1.0368825305410037,1.0197431654925413,1.022251318812574
2015-07-27,1.0208206395111454,1.0039467728249571,1.0139615922233436
2015-07-28,1.017360233919687,1.007349978923801,1.029668425083432
2015-07-29,1.0160625508844237,1.0086348934846796,1.026178027027596
2015-07-30,1.0134672673164742,1.0060585820530235,1.0248690965500373
2015-07-31,1.0121762787023858,1.0073401332352097,1.0274868742875007
2015-08-03,1.018631468019384,1.0137644798667864,1.026178027027596
2015-08-04,1.0120934138414257,1.0072576642998705,1.0196335410751105
2015-08-05,1.0138146184311347,1.0055446835699275,1.026178027027596
2015-08-06,1.0077902792539544,1.0115198807327086,1.0279231844466872
2015-08-07,0.9961718404904218,0.9998584447828712,1.0218150086533877
2015-08-10,1.0024793707857187,1.0061893178061154,1.033595133298454
2015-08-11,0.9939620967334498,1.0147381123429078,1.0270506473459684
2015-08-12,0.9965172464584323,1.0173466703726388,1.0183246105975519
2015-08-13,0.9956611940613124,1.0164727245789562,1.0157068328600884
2015-08-14,0.9930972823935295,1.019090227695554,1.016579369960807
2015-08-17,0.997797855038867,1.0239138313166323,1.0139615922233436
2015-08-18,1.0025430549478904,1.0287832302581867,1.009162263689949
2015-08-19,1.0295446849685221,1.0564915905303605,1.0043630183742083
2015-08-20,1.0525255935065037,1.0800739925063048,0.9773123710282399
2015-08-21,1.0885709911722619,1.1170628285104076,0.955497362374852
2015-08-24,1.0731302087130419,1.1329077520552981,0.9227748493947705
2015-08-25,1.0881389841176923,1.1487525748612621,0.9358639045173954
2015-08-26,1.10364806475896,1.1323795778632424,0.9489528764223666
2015-08-27,1.093141941060398,1.1431592097936032,0.9624781584865238
2015-08-28,1.0966439822932519,1.14682148871461,0.9533158947965749
2015-08-31,1.131386172816569,1.1104896514907927,0.9502618068999252
2015-09-01,1.1115373500350312,1.129971869696005,0.9201570716573071
2015-09-02,1.1141270994216592,1.1273391700783448,0.9363001314589278
2015-09-03,1.0881082505808843,1.1010117721775314,0.9341186638806506
2015-09-04,1.05064114398162,1.1389231889995237,0.9123036552272629
2015-09-08,1.0467552810772225,1.1347108093526357,0.9437172377297858
2015-09-09,1.0588986142342494,1.1478745083030422,0.9402268396739499
2015-09-10,1.0637558733800365,1.1426091090677217,0.9511343440006438
2015-09-11,1.077972010077352,1.1273391700783446,0.9467714088440893
2015-09-14,1.0699161782998592,1.1357639293721207,0.9341186638806506
2015-09-15,1.0609877943716624,1.145241808685382,0.9410994599923224
2015-09-16,1.0648902744913307,1.14945418833227,0.9489528764223666
2015-09-17,1.030743503662383,1.11259579109871,0.9524432744782024
2015-09-18,1.0317190539104513,1.1115427715102777,0.9219022290763981
2015-09-21,1.0581107743069658,1.0831091335704939,0.9210296919756795
2015-09-22,1.0663410885969957,1.0746843742767178,0.8974694426855468
2015-09-23,1.0699982934641374,1.0709985546395724,0.890488646573875
2015-09-24,1.0578990252318758,1.058887975708651,0.8874345586772254
2015-09-25,1.0347559354045692,1.082052700275354,0.8974694426855468
2015-09-28,1.0306416017845959,1.077750308135332,0.8778359848280902
2015-09-29,1.0138043920266042,1.0601435009063265,0.8813263828839261
2015-09-30,1.0162734346196196,1.0575616029790413,0.8957242852664559
2015-10-01,1.038989022064698,1.03392314874746,0.8979057528447331
2015-10-02,1.057753990660252,1.0152496738555818,0.9179756040790298
2015-10-05,1.0621983426780297,1.0109839117063588,0.9345549740398368
2015-10-06,1.0789880960367588,0.9950036848078706,0.9384816822548588
2015-10-07,1.0824447933421553,0.991816043935123,0.9533158947965749
2015-10-08,1.0834324480545363,0.9909110815798761,0.9563699826932245
2015-10-09,1.0789880960367586,0.99497590137807,0.9572426030115969
2015-10-12,1.09775315882025,1.0122798784339804,0.9533158947965749
2015-10-13,1.0931514841599155,1.0080364994663786,0.936736441618114
2015-10-14,1.0789546764718707,0.994945083928072,0.9406631498331361
2015-10-15,1.0868590987426565,0.9876561159564735,0.9528795846373886
2015-10-16,1.0824128494368213,0.99169653419013,0.9598603807490604
2015-10-19,1.084882946060887,0.9939596136264794,0.9559336725340383
2015-10-20,1.0982827120205336,1.0062363539368466,0.9537522049557611
2015-10-21,1.0860739302861633,0.9950507822402817,0.9419720803106948
2015-10-22,1.079108759059203,0.9886693574730024,0.9524432744782024
2015-10-23,1.0746881875521652,0.9927194437639681,0.9585514502715018
2015-10-26,1.0800910354176843,0.9977102049818949,0.9546247420564796
2015-10-27,1.0761219403964577,0.9940438412427596,0.949825496740739
2015-10-28,1.0603618174441234,1.0086019062444127,0.9533158947965749
2015-10-29,1.0623318797820362,1.0104758030565675,0.9393543025732314
2015-10-30,1.0475016897833704,0.9963695256929832,0.9376090619364864
2015-11-02,1.038367872797467,1.0050574896235172,0.9506981170591114
2015-11-03,1.0465402160603952,1.0129676677206607,0.942408390469881
2015-11-04,1.0553305826300168,1.0214760432095253,0.934991284199023
2015-11-05,1.0493710270731098,1.0157076675651981,0.9271378677689788
2015-11-06,1.0424962821478936,1.0223618737067315,0.9323735064615596
2015-11-09,1.0488798735140596,1.0286221746227646,0.9262652474506063
2015-11-10,1.0444059708147244,1.0242346793148196,0.9205933818164933
2015-11-11,1.0291267222509726,1.0392188298177678,0.9245200900315154
2015-11-12,1.0379984257285448,1.0481775334517451,0.9109947247497042
2015-11-13,1.0279695131875144,1.0380502726102054,0.9031413915373139
2015-11-16,1.0274776504792342,1.0385469587588383,0.9118673450680767
2015-11-17,1.0378065797266791,1.0281067530257346,0.9114310349088904
2015-11-18,1.0461680581410033,1.01982342490759,0.9205933818164933
2015-11-19,1.0319043210405363,1.0337279721823636,0.9280104880873512
2015-11-20,1.03780648591346,1.0396405677604312,0.9153577431239125
2015-11-23,1.0397965726038771,1.0416341714667108,0.9101221876489856
2015-11-24,1.0323052617717046,1.0341296214831224,0.9083769470122407
2015-11-25,1.036243475643295,1.0301844477334916,0.9149214329647263
2015-11-27,1.0347667041254642,1.0316525844082056,0.9184118310205621
2015-11-30,1.0165525001797677,1.013493195921313,0.9171029837606574
2015-12-01,0.9999189408492759,1.0300766967266581,0.9332460435622781
2015-12-02,1.003721000863217,1.033993427633456,0.9179756040790298
2015-12-03,0.9907913662478777,1.0206738326439466,0.9144851228055401
2015-12-04,0.9977917586258709,1.0278853582606022,0.9262652474506063
2015-12-07,1.0171985171774025,1.0478774285437742,0.9197207614981209
2015-12-08,1.0201511716313336,1.0509191356484495,0.9018324610597552
2015-12-09,1.0236160075640846,1.0544884717281087,0.8992146833222917
2015-12-10,1.0455435426138833,1.077077345634498,0.8961605954256421
2015-12-11,1.0481444566769753,1.0797567037875742,0.8769633645097178
2015-12-14,1.0361207781940085,1.0673703887491588,0.8747818137137867
2015-12-15,1.0580897259008113,1.0447388531717212,0.884816780939762
2015-12-16,1.048893469800428,1.0538190718115992,0.9035776184788462
2015-12-17,1.0386752775361308,1.0640852486899839,0.8957242852664559
2015-12-18,1.0448062123842898,1.0703661696608582,0.8869982485180392
2015-12-21,1.034466675072718,1.0597736877086337,0.8817626098254585
2015-12-22,1.0197681799675524,1.0447156111782576,0.890488646573875
2015-12-23,1.0227240033457154,1.0416874770515872,0.9031413915373139
2015-12-24,1.0177975684061564,1.0467052585510535,0.9057591692747773
2015-12-28,1.0113931747955505,1.0401189660719412,0.901396150900569
2015-12-29,1.0006905426037622,1.0511255765642666,0.9070680997523359
2015-12-30,1.012852557157116,1.0639005594538962,0.8974694426855468
2015-12-31,1.0337875058613162,1.0858906343973334,0.886561938358853
2016-01-04,1.0410603512191623,1.0935300328372721,0.8682373277613011
2016-01-05,1.0610807986307709,1.1145595154122208,0.8621291519680018
2016-01-06,1.0851713102119047,1.1398641943288017,0.845549698789541
2016-01-07,1.0972033611630505,1.1272257252368822,0.8263525510912706
2016-01-08,1.0895878986762964,1.1194018837062236,0.8171902041836677
2016-01-11,1.0976760023797119,1.1110924682545524,0.8228621530354346
2016-01-12,1.078033370363861,1.1309751845043317,0.828970328828734
2016-01-13,1.068789791790772,1.1212776572574237,0.814136116287018
2016-01-14,1.1119502859224986,1.0759975674607118,0.8211169123986898
2016-01-15,1.1205700182564957,1.0676565371637965,0.787958089259422
2016-01-19,1.1537119198514614,1.0360796010371642,0.7818499134661226
2016-01-20,1.1450872052371959,1.0438249408597415,0.7587259743351762
2016-01-21,1.1130613802476808,1.0730186605369607,0.7643979231869432
2016-01-22,1.0821601763025883,1.0432291367473883,0.7857766216811447
2016-01-25,1.0568211984979115,1.0676565371637965,0.763961613027757
2016-01-26,1.0727443126806095,1.0515701670443038,0.7818499134661226
2016-01-27,1.0727443126806095,1.0515701670443038,0.7700697888210564
2016-01-28,1.049648335714967,1.0742102687616673,0.7700697888210564
2016-01-29,1.058380939486309,1.0652733207143836,0.7866492419995171
2016-02-01,1.1004083183078621,1.022972251479438,0.7801046728293778
2016-02-02,1.0965630118941374,1.0265469625155423,0.749127400486041
2016-02-03,1.0800159055882468,1.042037528522682,0.7517451782235045
2016-02-04,1.0966885638339268,1.0259511584031893,0.7630889927093846
2016-02-05,1.1380850316947435,0.9872248002043482,0.7513088680643183
2016-02-08,1.1662452427949648,0.96279739978794,0.722949373458445
2016-02-09,1.1352127047351361,0.9884164084290548,0.7050610730200794
2016-02-10,1.0941561616594502,0.9526689571539648,0.7238219937768174
2016-02-11,1.056520942792091,0.9854375015053035,0.6976439667492214
2016-02-12,1.075683908888336,1.0033111703238409,0.7216405261985401
2016-02-16,1.1050671398139347,1.0307174776640005,0.7347294981035113
2016-02-17,1.083987828373998,1.0110563965084034,0.7547992661201541
2016-02-18,1.0788776959593216,1.0062900772475925,0.7404013637376244
2016-02-19,1.0661023040050468,1.0182059322186274,0.7369109656817885
2016-02-22,1.0879359031715756,0.9973532428383238,0.7456370024302051
2016-02-23,1.0996341586829312,0.9866289960919953,0.7303664797293029
2016-02-24,1.077721163503418,1.0062900772475925,0.7225130632992588
2016-02-25,1.0700641209484452,1.0134396129578165,0.7369109656817885
2016-02-26,1.0637733026737797,1.007481685472299,0.7421466043743693
2016-02-29,1.032948425114036,1.0366754051495182,0.7377835860001609
2016-03-01,1.0561007949046959,1.0134394993198015,0.7591622844943625
2016-03-02,1.07153555712584,0.998628225838156,0.7761780478320095
2016-03-03,1.0709420082345797,0.9991813896340614,0.7875217791002358
2016-03-04,1.0655991623774639,1.0041662273816385,0.7870855521587033
2016-03-07,1.075691191970964,1.0136764406413024,0.7831588439436813
2016-03-08,1.0714562059048711,1.0096856060656498,0.7757417376728233
2016-03-09,1.0624523953321572,1.00120087483267,0.778795825569473
2016-03-10,1.1102627215992824,0.9561468651706971,0.7853403115219585
2016-03-11,1.1031797686760452,0.9622466315610786,0.8206806022395036
2016-03-14,1.0913746970286407,0.9725435847418687,0.8154450467645766
2016-03-15,1.088423372826036,0.9699136067631313,0.8067190100161601
2016-03-16,1.0890104538568404,0.970436765208885,0.8089005608120912
2016-03-17,1.0860719924523006,0.9678182495004145,0.808464250652905
2016-03-18,1.0802265880392334,0.9730271943088544,0.8106457182311821
2016-03-21,1.090748293684391,0.9825047482189415,0.8062826998569739
2016-03-22,1.1110135724684813,1.0007589437511606,0.7984292834269296
2016-03-23,1.1258600656028899,1.01413210241977,0.7835950708852136
2016-03-24,1.1214124351588393,1.0181383594590017,0.773123876717706
2016-03-28,1.1088052855166306,1.006692238253511,0.7761780478320095
2016-03-29,1.1100380044473286,1.0055730439317563,0.7849040013627723
2016-03-30,1.1038745273523858,0.9999896076901738,0.7857766216811447
2016-03-31,1.1143524031462242,0.9904977980280399,0.7814136033069364
2016-04-01,1.1200058353679723,0.9854727160601345,0.7739964970360784
2016-04-04,1.1491957316857262,1.0111563736781504,0.7700697888210564
2016-04-05,1.1338196709518138,1.02468548920171,0.7500000208044134
2016-04-06,1.1670141766443287,0.9946860729137655,0.760034904812735
2016-04-07,1.1366483064131176,1.0205679420593001,0.7377835860001609
2016-04-08,1.1451649244345385,1.028214799295955,0.7569808169160852
2016-04-11,1.1595778356404716,1.0411557899660948,0.7626526825501984
2016-04-12,1.2041264817649617,1.0811548994886093,0.7722513396169874
2016-04-13,1.2028163193465073,1.0823312613901943,0.8019196814827655
2016-04-14,1.2028163193465073,1.0823312613901943,0.8010471443820469
2016-04-15,1.1936445576379184,1.0905842957559242,0.8010471443820469
2016-04-18,1.176223769693629,1.106500958409112,0.8071553201753463
2016-04-19,1.1881300507535113,1.0953004438953817,0.8189354448204126
2016-04-20,1.1900100464849437,1.0935673338222434,0.8272250881919891
2016-04-21,1.1912633769725651,1.0924155777645572,0.8285340186695478
2016-04-22,1.2019164470689998,1.1021846850411852,0.8294066389879202
2016-04-25,1.1808637754861209,1.0828789069611562,0.8219895327170622
2016-04-26,1.1777838439466444,1.0857032741474646,0.836387435099592
2016-04-27,1.1864078637425208,1.0936530576130967,0.8342059675213147
2016-04-28,1.1951589902337751,1.101720010418457,0.8280977085103616
2016-04-29,1.1913527853213821,1.098211379223777,0.8219895327170622
2016-05-02,1.2260217343278301,1.1301698677367655,0.8246073104545256
2016-05-03,1.241388733336285,1.1160042793539315,0.8006108342228607
2016-05-04,1.2592011693103453,1.0999909595621977,0.7905759502145393
2016-05-05,1.2535608560946216,1.1049181258463534,0.7792321357286592
2016-05-06,1.260548401249205,1.0987591386229312,0.7827225337844951
2016-05-09,1.2442969689188081,1.0845935502400972,0.7783595154102867
2016-05-10,1.2291478552832598,1.097798300674591,0.7883943994186082
2016-05-11,1.2325909252047624,1.094723165089655,0.778795825569473
2016-05-12,1.2464401827900842,1.107023355516115,0.7766142747735418
2016-05-13,1.2329842569225864,1.1189742091640371,0.7678883212427791
2016-05-16,1.226053459300715,1.1126842798772139,0.7761780478320095
2016-05-17,1.2101127173061896,1.1271510332576116,0.7718150294578012
2016-05-18,1.2121386220094867,1.1290380480347852,0.7818499134661226
2016-05-19,1.2215925863569979,1.1378438770540844,0.7831588439436813
2016-05-20,1.217540905751008,1.1340699674701593,0.7892670197369807
2016-05-23,1.1776990148570625,1.1711804182949521,0.7866492419995171
2016-05-24,1.203631152055004,1.1969690203975474,0.812390958867927
2016-05-25,1.2023661403287245,1.1982270302489963,0.8302792593062926
2016-05-26,1.200468622739305,1.200118015689915,0.8294066389879202
2016-05-27,1.216280907403326,1.2159256822420044,0.8280977085103616
2016-05-31,1.2201771277270668,1.219820764641533,0.8171902041836677
2016-06-01,1.2214842568651265,1.2211275120214347,0.8145724264462042
2016-06-02,1.226723862728725,1.2263655876136732,0.8136998061278318
2016-06-03,1.2280450818567485,1.2276864208684377,0.8102094080719959
2016-06-06,1.2207628331182367,1.2204062989724729,0.8093367877536235
2016-06-07,1.2194543756861416,1.2217143742584704,0.814136116287018
2016-06-08,1.2397349667581425,1.242032551080117,0.8132634959686456
2016-06-09,1.2945186364342938,1.296917750602504,0.7997382139044883
2016-06-10,1.3248127248785093,1.26656751852717,0.7643979231869432
2016-06-13,1.351138646125792,1.2413990127293637,0.7465096227485776
2016-06-14,1.344693149068198,1.247321005788174,0.7316754102068617
2016-06-15,1.3351167847982959,1.2562039247806636,0.7351658082626975
2016-06-16,1.2934189155392095,1.2954372170399386,0.7404013637376244
2016-06-17,1.33776473512342,1.339852235576741,0.7635253028685708
2016-06-20,1.3569812616422938,1.320605722837745,0.7897033298961669
2016-06-21,1.3200264354840308,1.2846415158950402,0.8010471443820469
2016-06-22,1.2608987700193994,1.3421841921263433,0.7792321357286592
2016-06-23,1.0521004086250838,1.119925382245022,0.814136116287018
2016-06-24,1.112915436561975,1.0551898371866653,0.6793193561516695
2016-06-27,1.07650106046659,1.089715442925447,0.6400523572191024
2016-06-28,1.058737016117211,1.1076975463967995,0.6609947455541176
2016-06-29,1.0786742694868108,1.128556783679717,0.6719022498808115
2016-06-30,1.07386184936583,1.1235218166585481,0.6845549532354234
2016-07-01,1.0181750676209473,1.0652598398252835,0.6815008653387736
2016-07-05,1.0291749880699568,1.053751235982742,0.6461605746212286
2016-07-06,1.0326874771856702,1.0501548701654961,0.6391797369007299
2016-07-07,1.002272755686271,1.0810840414907514,0.6369982693224526
2016-07-08,1.0196108229191534,1.0997854455640654,0.6557591484703639
2016-07-11,1.0556206206205885,1.1386267863183357,0.6671029629562439
2016-07-12,1.0469515870041473,1.1292760842816787,0.6906631706375496
2016-07-13,1.070958097606572,1.155170288585765,0.6849912633946096
2016-07-14,1.0622891275857265,1.145819655145389,0.700698054645871
2016-07-15,1.0649565176526625,1.148696788956954,0.6950261890117579
2016-07-18,1.054286957384918,1.1371882537106932,0.6967713880396759
2016-07-19,1.0409500070502378,1.1515739227685189,0.6897905919280041
2016-07-20,1.0383492600185291,1.1486967889569537,0.6985165870675938
2016-07-21,1.0357485129868205,1.1458196551453885,0.6967713880396759
2016-07-22,1.037048917506025,1.1443810539414654,0.6950261890117579
2016-07-25,1.0318343458482242,1.1501353215645957,0.6941535686933855
2016-07-26,1.0428044471632816,1.162363157412818,0.6976439667492214
2016-07-27,1.0292531491588333,1.1472581877530306,0.7050610730200794
2016-07-28,1.007312884988135,1.1717139280457558,0.6958987677213034
2016-07-29,0.9881435565578089,1.1494160209626343,0.7107330218718463
2016-08-01,0.9980373502248634,1.1379074857163736,0.6972076565900351
2016-08-02,0.9904669096356733,1.1465388871510689,0.6902268604783633
2016-08-03,0.9817676805861648,1.1566088897896876,0.6954624575621172
2016-08-04,0.991536503958878,1.1681174250359483,0.7015706749642434
2016-08-05,1.00374759140155,1.182503162690055,0.7085514710759152
2016-08-08,1.0147375468092426,1.195450299140239,0.7172775078243319
2016-08-09,1.0257273857633746,1.2083972983978606,0.7251309242543761
2016-08-10,1.030001347885802,1.2134324026115912,0.7329842574667664
2016-08-11,1.0281696498333333,1.2112745008057066,0.7360384285810699
2016-08-12,1.0263379517808644,1.213432402611591,0.7347294981035113
2016-08-15,1.022687585242392,1.2091165989998218,0.7360384285810699
2016-08-16,1.0257294413184144,1.205520233182576,0.7334205676259526
2016-08-17,1.0189972895845405,1.2134324026115908,0.7312391000476753
2016-08-18,1.034098019265815,1.1954502991402385,0.7360384285810699
2016-08-19,1.0291204164698777,1.2012045667633688,0.7251309242543761
2016-08-22,1.0118657789131822,1.221344434848044,0.7286213223102119
2016-08-23,1.0142494985031998,1.2242216372558903,0.7408376738968107
2016-08-24,1.0070984533951535,1.2155901672249139,0.7425829145335555
2016-08-25,1.013057638708191,1.2083972983978604,0.7373472758409747
2016-08-26,1.0076305347674401,1.2148708666229522,0.7329842574667664
2016-08-29,0.9974886002513527,1.2270987024711744,0.7369109656817885
2016-08-30,1.0121059600326745,1.2450808059425267,0.7443280719526465
2016-08-31,1.026138612040151,1.2623436088119175,0.7552355762793403
2016-09-01,1.0401713755692323,1.2796065488738704,0.765706770446848
2016-09-02,1.0314008704831554,1.2688171770370094,0.7761780478320095
2016-09-06,1.03081616270931,1.269536477638971,0.7696334786618702
2016-09-07,1.0442488681301099,1.2860799799064004,0.7700697888210564
2016-09-08,1.0302321175090274,1.2688171770370096,0.7801046728293778
2016-09-09,1.0243917769014352,1.2760100458640629,0.7696334786618702
2016-09-12,1.0671228755611175,1.222783036051967,0.7739964970360784
2016-09-13,1.0545684408986253,1.2371687737060735,0.7417102942151831
2016-09-14,1.0416929526847156,1.2522736747695797,0.7504363309635996
2016-09-15,1.0763961025053677,1.2105552002037445,0.7595985946535487
2016-09-16,1.0629650715996395,1.2256602384598128,0.7342931879443251
2016-09-19,1.0660841717869252,1.2220637354500052,0.743455534851928
2016-09-20,1.098085536056682,1.2587472429946718,0.7412739840559969
2016-09-21,1.1024778590518165,1.2637822100158405,0.7635253028685708
2016-09-22,1.0867909228224353,1.245800106544488,0.7665793907652204
2016-09-23,1.106870182046951,1.2227830360519667,0.7556718864385266
2016-09-26,1.1101256329073874,1.219186670234721,0.7417102942151831
2016-09-27,1.0878576171203023,1.2436423419311653,0.7395288266369058
2016-09-28,1.0551400677316127,1.2062395337845373,0.7543630391786218
2016-09-29,1.0306019656936707,1.2342915712982272,0.7316754102068617
2016-09-30,1.0354066323230378,1.2285373036750968,0.7486910903268548
2016-10-03,1.0311631809995405,1.2335722706962655,0.7452006922710189
2016-10-04,1.0528086260601222,1.2594665435966328,0.7482547801676686
2016-10-05,1.0510048007445736,1.2573086417907482,0.763961613027757
2016-10-06,1.0449921643742455,1.250115772963695,0.7626526825501984
2016-10-07,1.046194599903111,1.2486773089523338,0.75828966417599
2016-10-10,1.0618634262778954,1.2299759048790198,0.7574171270752714
2016-10-11,1.0581376229411037,1.234291571298227,0.7460733125893914
2016-10-12,1.0778697744232753,1.2112745008057058,0.7486910903268548
2016-10-13,1.0695489807878205,1.2206251342460819,0.7347294981035113
2016-10-14,1.0695489807878205,1.2206251342460819,0.7404013637376244
2016-10-17,1.0934988789343156,1.2479580083503723,0.7404013637376244
2016-10-18,1.097910670642273,1.252992975371541,0.7569808169160852
2016-10-19,1.1061039809267215,1.262343608811917,0.760034904812735
2016-10-20,1.1061039809267215,1.262343608811917,0.765706770446848
2016-10-21,1.0897172401455164,1.281045012885231,0.765706770446848
2016-10-24,1.0842105180325654,1.2745714446601393,0.777050584932728
2016-10-25,1.0799275378785937,1.2695364776389706,0.773123876717706
2016-10-26,1.0652429844782096,1.2867992805083615,0.7700697888210564
2016-10-27,1.0610749192813902,1.2817643134871926,0.780540982988564
2016-10-28,1.0652429844782096,1.2767293464660239,0.7774868950919143
2016-10-31,1.074845165603468,1.2652208112197632,0.7744328071952646
2016-11-01,1.090121532236207,1.2472387077484108,0.7674520110835928
2016-11-02,1.079434061531533,1.2594665435966328,0.756544506756899
2016-11-03,1.0603236116045909,1.237168773706073,0.763961613027757
2016-11-04,1.0258014819600343,1.277448647067985,0.7504363309635996
2016-11-07,1.0298446007529418,1.282483614089154,0.7748691173544509
2016-11-08,1.0471722841987523,1.304062083377752,0.7779232052511005
2016-11-09,1.0714311071229219,1.3342720226973266,0.7910121771560716
2016-11-10,1.0604569590183799,1.3206057228377432,0.8093367877536235
2016-11-11,1.0627672654000166,1.3234827880530275,0.8010471443820469
2016-11-14,1.0587241466071091,1.3285177550741964,0.8027923018011379
2016-11-15,1.081079413869317,1.3004657175605066,0.8058463896977875
2016-11-16,1.075697925339536,1.3069392857855984,0.7888307095777944
2016-11-17,1.0946425046673478,1.2839222152930772,0.7927574177928165
2016-11-18,1.084217333500336,1.2961500511412993,0.778795825569473
2016-11-21,1.0715822257522472,1.3112549522048056,0.7862129318403309
2016-11-22,1.0586503903277766,1.2954307505393376,0.7953751955302799
2016-11-23,1.0586503903277766,1.2954307505393376,0.7857766216811447
2016-11-25,1.0839263473033567,1.2645015106178015,0.7857766216811447
2016-11-28,1.0623464476055364,1.2896764829162073,0.7670157009244066
2016-11-29,1.0599765199132243,1.2925535481314916,0.7822862236253089
2016-11-30,1.0700041268214298,1.3047813839797138,0.7840313810443998
2016-12-01,1.0682346219301795,1.3026236193663912,0.7914484873152579
2016-12-02,1.0505388979776613,1.2810451500777928,0.7901396400553531
2016-12-05,1.08477701556374,1.2392946022724018,0.8032286119603241
2016-12-06,1.1207269682831382,1.1982238737098638,0.8294066389879202
2016-12-07,1.1150207060521047,1.2043247170270792,0.8568935132754211
2016-12-08,1.105890447034505,1.2141862348877537,0.8525305781188666
2016-12-09,1.1190150243098431,1.2285960537890457,0.845549698789541
2016-12-12,1.1020690510459745,1.209990623631891,0.8355148147812196
2016-12-13,1.0765581508320672,1.2379997125632423,0.8481675597446583
2016-12-14,1.068054553470467,1.2282209086209956,0.8285340186695478
2016-12-15,1.0697285521041302,1.2301459414914488,0.8350785046220334
2016-12-16,1.083722907388513,1.2462389020121447,0.8337696573621285
2016-12-19,1.072805311552176,1.2336840943625809,0.8228621530354346
2016-12-20,1.0761841959790088,1.2375696791272965,0.8311517964070112
2016-12-21,1.0801511557579002,1.2421315275162774,0.8285340186695478
2016-12-22,1.0807220732389258,1.241474994771752,0.825479930772898
2016-12-23,1.0807220732389258,1.241474994771752,0.8259162409320844
2016-12-27,1.0658785454063908,1.2585264357431225,0.8259162409320844
2016-12-28,1.0607403969685372,1.2524596135262014,0.8145724264462042
2016-12-29,1.0494319287977292,1.2391072421870304,0.8184991346612264
2016-12-30,1.0704649073374777,1.2142727433327554,0.8272250881919891
2017-01-03,1.0831953332281272,1.1998320932338353,0.8438045413704499
2017-01-04,1.0843023543241859,1.1986058698573185,0.8538394253787714
2017-01-05,1.083195333228127,1.1998295894024256,0.8547120456971439
2017-01-06,1.1009072484796991,1.219448654728798,0.8538394253787714
2017-01-09,1.1031949003160564,1.221982632008161,0.8398778331554279
2017-01-10,1.096877767668737,1.2149852951124733,0.838132592518683
2017-01-11,1.0991486798578185,1.2175007302845162,0.8429319210520775
2017-01-12,1.0871766773552798,1.2042396291642432,0.8411867636329865
2017-01-13,1.081040705088811,1.2110362990345993,0.8503490273229355
2017-01-17,1.0749048392166456,1.217910005327268,0.845549698789541
2017-01-18,1.0732314696125567,1.2160140109014583,0.8407504534738003
2017-01-19,1.0810166407868285,1.2071931018122029,0.842059300733705
2017-01-20,1.079348367093008,1.2090560967182287,0.8481675597446583
2017-01-23,1.0682267545946527,1.196597974941763,0.8468586292670996
2017-01-24,1.098731925092332,1.162426929247792,0.8555846660155163
2017-01-25,1.0889266657430554,1.1728006129968103,0.8800174524063674
2017-01-26,1.084024036068417,1.1780808648894283,0.8721640359763232
2017-01-27,1.0992765693672115,1.1946568051107986,0.8682373277613011
2017-01-30,1.0953546009119783,1.1903945416958954,0.8560209761747025
2017-01-31,1.0853411851124806,1.1795122981726296,0.8590750640713521
2017-02-01,1.0782402536894942,1.1872293516271382,0.8669284805013964
2017-02-02,1.0908033118275298,1.1733964128951277,0.8612565316496293
2017-02-03,1.0689544924171661,1.1968995743213262,0.8712914156579508
2017-02-06,1.0727780227910562,1.2011807499086662,0.8538394253787714
2017-02-07,1.0832307611118548,1.2128845952410956,0.8507853374821217
2017-02-08,1.0708893785981939,1.1990660505023616,0.8424956108928913
2017-02-09,1.0654060533239185,1.2052056848209425,0.8520942679596804
2017-02-10,1.058277803677372,1.197142085998655,0.8477312495854721
2017-02-13,1.0647703511237296,1.1897976044585816,0.8534031152195852
2017-02-14,1.0739680664753375,1.1795198767961936,0.8586387539121659
2017-02-15,1.0728859580350212,1.1807083370996652,0.8660558601830239
2017-02-16,1.0604420205580047,1.1944028594442113,0.8651832398646515
2017-02-17,1.0669345680043625,1.2017155810118896,0.8551483558563301
2017-02-21,1.0674822882370478,1.2023324922615501,0.8499127171637493
2017-02-22,1.0691270322893078,1.2041850093827027,0.8494764070045631
2017-02-23,1.0839760436162318,1.220909829075782,0.8481675597446583
2017-02-24,1.0828451089792523,1.219636028586867,0.836387435099592
2017-02-27,1.083973686220733,1.2209071738811839,0.8372600554179644
2017-02-28,1.060224649752218,1.1941580291687621,0.836387435099592
2017-03-01,1.0515653449609161,1.2039112247259203,0.8547120456971439
2017-03-02,1.0710488323548737,1.1816050606032682,0.8477312495854721
2017-03-03,1.062389424336516,1.191158313477671,0.8634380824455604
2017-03-06,1.0558949973565672,1.1984399095772094,0.8564572031162349
2017-03-07,1.056977436262244,1.1996684767997927,0.8512216476413079
2017-03-08,1.079212458975161,1.1744317452344124,0.8503490273229355
2017-03-09,1.0976512734354704,1.1543660678355072,0.8682373277613011
2017-03-10,1.091685744216277,1.1606398313467219,0.8830715403030172
2017-03-13,1.0759585809641996,1.177360368553661,0.8782722117696226
2017-03-14,1.058604426987183,1.1583707034459136,0.8656195500238377
2017-03-15,1.0780332230866894,1.1371108752880583,0.8795811422471812
2017-03-16,1.0691064951742368,1.146526799744378,0.8957242852664559
2017-03-17,1.0633303476558427,1.1527212321596787,0.8883071789955979
2017-03-20,1.056504073442859,1.145321094244686,0.8835078504622034
2017-03-21,1.0492464713067495,1.153188820483577,0.8891797160963164
2017-03-22,1.0492464713067495,1.153188820483577,0.8830715403030172
2017-03-23,1.0466543999171296,1.1503399686359435,0.8830715403030172
2017-03-24,1.0507811750951386,1.1458043794011261,0.8852530910989482
2017-03-27,1.0554237110790774,1.1407420141932199,0.8887434891547841
2017-03-28,1.0471701607230595,1.1496627647491675,0.8926701141521524
2017-03-29,1.0476859215289895,1.1502290060500897,0.8856893180404806
2017-03-30,1.0461369172256758,1.148528391730898,0.8852530910989482
2017-03-31,1.0342958239337445,1.161528441352494,0.886561938358853
2017-04-03,1.0363551957390817,1.1638411442251797,0.8765270543505316
2017-04-04,1.0410071722628198,1.169065377868776,0.8747818137137867
2017-04-05,1.0337054507705867,1.1608654441672097,0.8708551054987645
2017-04-06,1.0275340319020096,1.1677960324703593,0.8769633645097178
2017-04-07,1.0306196922906108,1.171302896328376,0.871727725817137
2017-04-10,1.0264806613449569,1.166598873136405,0.8691099480796736
2017-04-11,1.0203217343040445,1.1735985153276602,0.8726003461355095
2017-04-12,1.0367454092227117,1.19248941988525,0.8673647074429287
2017-04-13,1.0203142993358327,1.1735899634490112,0.8534031152195852
2017-04-17,1.0285303069556646,1.1830402123463677,0.8669284805013964
2017-04-18,1.0233119696737636,1.177037955724151,0.8599476011720707
2017-04-19,1.034159851267276,1.1645604622977463,0.8643106195462791
2017-04-20,1.0377757789562336,1.1604885904145674,0.873472966453882
2017-04-21,1.0976971197274603,1.0934817921278595,0.8765270543505316
2017-04-24,1.1090614779679895,1.0821610747897996,0.9271378677689788
2017-04-25,1.1018296225900746,1.0892175207524053,0.936736441618114
2017-04-26,1.1002798970691041,1.0907495073274533,0.9306282658248147
2017-04-27,1.1013129488897777,1.0917736110736411,0.9293193353472561
2017-04-28,1.0951025930028735,1.085617047964551,0.9284467982465374
2017-05-01,1.102778526373438,1.0780076018913072,0.9336823537214644
2017-05-02,1.1053372359001519,1.075506366824734,0.9402268396739499
2017-05-03,1.1304120036332164,1.0511083175528297,0.942408390469881
2017-05-04,1.1442287422631057,1.0382608877231283,0.9637870889640825
2017-05-05,1.1232478121679947,1.0572987586498122,0.9755672136091488
2017-05-08,1.1288768755219765,1.0625973237857094,0.9576789131707831
2017-05-09,1.1200898263633499,1.0543261871166967,0.9528795846373886
2017-05-10,1.1134740666042395,1.060553516923226,0.9602966909082467
2017-05-11,1.1099116821604602,1.0571604434212947,0.9546247420564796
2017-05-12,1.1205303805202678,1.047046424398844,0.9576789131707831
2017-05-15,1.127103943125243,1.0409039535290174,0.9668411768607322
2017-05-16,1.1008098855972286,1.06518706299924,0.9725131257124991
2017-05-17,1.0982816516389726,1.0627406441036569,0.949825496740739
2017-05-18,1.0806648320967605,1.045693914679188,0.9520069643190162
2017-05-19,1.0811522879212228,1.045222233197404,0.9672774870199184
2017-05-22,1.0860267531931533,1.0405097615742187,0.9677137971791047
2017-05-23,1.0850518415442287,1.041443813230309,0.9720768155533129
2017-05-24,1.08748912066654,1.0437831385656164,0.9712041952349405
2017-05-25,1.0963025518886638,1.05224235965366,0.9690226444390094
2017-05-26,1.1032695865859734,1.0589293905440438,0.9611693112266191
2017-05-30,1.102765568829379,1.0584456291657705,0.9550610522156658
2017-05-31,1.1103187385797915,1.051196019879222,0.955497362374852
2017-06-01,1.1138436407708305,1.0478588131610653,0.9620418483273376
2017-06-02,1.1093117197118303,1.0521222602450182,0.9650960194416411
2017-06-05,1.1193826767415564,1.0616740191281735,0.9611693112266191
2017-06-06,1.108101713794936,1.0509746349765108,0.9524432744782024
2017-06-07,1.1131271377369245,1.04620829175433,0.9620418483273376
2017-06-08,1.112122033778129,1.045263612516786,0.9664048667015459
2017-06-09,1.1186550178063215,1.0391233776518904,0.9655322463831735
2017-06-12,1.1105193527083306,1.046680631373102,0.9598603807490604
2017-06-13,1.1030023183931796,1.0537655454755417,0.9668411768607322
2017-06-14,1.113526242901813,1.0638196939260531,0.9602966909082467
2017-06-15,1.1012671522290511,1.0521078351616622,0.9511343440006438
2017-06-16,1.1057640717899948,1.0478116529913466,0.9616056213858053
2017-06-19,1.0647913544017864,1.0866370153171354,0.9655322463831735
2017-06-20,1.0682890114514132,1.090206431617613,0.9297556455064423
2017-06-21,1.0733186399738355,1.0953392498952645,0.9267015576097926
2017-06-22,1.0717954471110955,1.0937848066334201,0.9223385392355843
2017-06-23,1.0804022164603513,1.085001457558941,0.9236474697131429
2017-06-26,1.0905278615413492,1.0748327078986515,0.9310645759840009
2017-06-27,1.1133104181256321,1.0972873721487961,0.9397906127324176
2017-06-28,1.1163480730238082,1.1002813083470455,0.9594240705898742
2017-06-29,1.1107790551380368,1.0947924411795074,0.9620418483273376
2017-06-30,1.0950843921712674,1.1102612225752313,0.9572426030115969
2017-07-03,1.0975452184240977,1.1127561535445198,0.9707678850757543
2017-07-05,1.10541997508256,1.1207400468568622,0.9729493526540315
2017-07-06,1.1078808952098944,1.1232350730016665,0.9799301487657033
2017-07-07,1.109357447286295,1.124732088688549,0.9821116995616344
2017-07-10,1.1098496313117618,1.1242330834595882,0.983420630039193
2017-07-11,1.1068939995707239,1.1272270196578378,0.9829843198800068
2017-07-12,1.118653818284962,1.1392028596263515,0.9856020976174702
2017-07-13,1.117673810027426,1.1382048491684298,0.9960732917849779
2017-07-14,1.1225737578563746,1.1332148920543368,0.9952006714666055
2017-07-17,1.1255395803428392,1.1302209558560872,0.9908376530923971
2017-07-18,1.1240487652953477,1.1317179715429697,0.9882198753549337
2017-07-19,1.1195882468195288,1.1362089234281019,0.9895288058324924
2017-07-20,1.1127044609826267,1.1292229453981655,0.9934555140475144
2017-07-21,1.1068040865200348,1.1352109129701802,0.9873472550365613
2017-07-24,1.1199398056415784,1.1486837686255764,0.992582893729142
2017-07-25,1.1262643595923763,1.1551706462510363,1.0043630183742083
2017-07-26,1.120912842493671,1.1496817790834981,1.0100348840083215
2017-07-27,1.1160478438210117,1.1546716410220754,1.0052356386925807
2017-07-28,1.1121894278870024,1.1586635876782465,1.0095985738491353
2017-07-31,1.122248036407938,1.1691425071353934,1.0130889719049712
2017-08-01,1.1212900562901322,1.1681444966774717,1.022251318812574
2017-08-02,1.12464289534444,1.1716374381046821,1.0213786984942015
2017-08-03,1.1227269351088285,1.1736334590205257,1.0244327863908511
2017-08-04,1.1251136480803512,1.1761283899898143,1.026178027027596
2017-08-07,1.1322738780421835,1.1686435019064327,1.0283594946058734
2017-08-08,1.1419432050587137,1.1586635876782467,1.0218150086533877
2017-08-09,1.1655492443307658,1.1347119077412195,1.0130889719049712
2017-08-10,1.1706748103038518,1.1297219506271265,0.9921465835699558
2017-08-11,1.1561964640335092,1.1436938115114836,0.9877835651957475
2017-08-14,1.155692003770236,1.1441928167404445,1.0
2017-08-15,1.1587186691339169,1.1471893666486406,0.9995636898408138
2017-08-16,1.1360185345823746,1.169663633848018,1.0021814675782772
2017-08-17,1.1284518230651939,1.1618728214448393,0.9825480097208206
2017-08-18,1.13143843561472,1.1649478875474,0.9890924956733061
2017-08-21,1.1304376780744574,1.1639174908896774,0.9864747179358427
2017-08-22,1.1344339189650534,1.159802894604904,0.9873472550365613
2017-08-23,1.1314154003243104,1.1567168738165388,0.9838568569807253
2017-08-24,1.140923023787204,1.1664371131612308,0.9864747179358427
2017-08-25,1.1404227029267577,1.1659256037886037,0.9947643613074193
2017-08-28,1.1319158166294077,1.1572284807682143,0.9943281343658869
2017-08-29,1.1364194679306312,1.1526241157821817,0.986911028095029
2017-08-30,1.129357859983624,1.1454618136168193,0.9829843198800068
2017-08-31,1.130852412747364,1.1469776777905758,0.9890924956733061
2017-09-01,1.1044492173682101,1.1201979889639329,0.9904014261508648
2017-09-05,1.0929912645696631,1.1318193251745383,0.9672774870199184
2017-09-06,1.0973827548492934,1.1272718290271113,0.9773123710282399
2017-09-07,1.1037772386537161,1.1338404774062139,0.9733856628132177
2017-09-08,1.1219767212571483,1.1525356536799976,0.9790576116649847
2017-09-11,1.1327981265204679,1.1636517982065269,0.9952006714666055
2017-09-12,1.1303386735885605,1.1611253579169325,1.0047993285333945
2017-09-13,1.1332900171068494,1.1641570862644457,1.0026177777374634
2017-09-14,1.133781907693231,1.1636517982065269,1.0052356386925807
2017-09-15,1.130335777203892,1.167188718238116,1.0047993285333945
2017-09-18,1.1362075990088998,1.1732519821854566,1.0078534164300441
2017-09-19,1.1308251112427967,1.1676940062960346,1.0130889719049712
2017-09-20,1.1215280444963802,1.1772941902749645,1.0082897265892303
2017-09-21,1.123934812202304,1.1798206305645589,1.016579369960807
2017-09-22,1.1061250984136695,1.1611253579169323,1.018760920756738
2017-09-25,1.1152705402697787,1.1515251739380024,1.0026177777374634
2017-09-26,1.0966745836087377,1.170725638269705,0.9943281343658869
2017-09-27,1.1028276597862843,1.1772941902749647,1.010907504326694
2017-09-28,1.1113473731690244,1.1863891825698185,1.016579369960807
2017-09-29,1.1023544226232238,1.1767889985908886,1.0244327863908511
2017-10-02,1.096674673886716,1.1828522625382292,1.0161431430192747
2017-10-03,1.1083862787674819,1.170220350211786,1.0213786984942015
2017-10-04,1.104557659668931,1.1742625583012942,1.0104711941675077
2017-10-05,1.0993295177614997,1.1798206305645589,1.0139615922233436
2017-10-06,1.1040375849709683,1.174767846359213,1.018760920756738
2017-10-09,1.0907416158580943,1.1889156228594127,1.0143979023825298
2017-10-10,1.0888873590810062,1.1868944706277371,1.0266143371867822
2017-10-11,1.0837882413598436,1.1813363983644725,1.0248690965500373
2017-10-12,1.0879601422766327,1.1767889985908884,1.0200697680166428
2017-10-13,1.0888944359657178,1.1757784224750505,1.0161431430192747
2017-10-16,1.0945097451011705,1.169715062153867,1.0152705227009022
2017-10-17,1.0864723047885265,1.1783047663908022,1.0100348840083215
2017-10-18,1.085074669998216,1.1767889985908884,1.0174519902791794
2017-10-19,1.0813474957859832,1.1808312066803965,1.0161431430192747
2017-10-20,1.071167874025859,1.1697150621538672,1.0196335410751105
2017-10-23,1.0646899088363833,1.1767889985908886,1.0100348840083215
2017-10-24,1.0688041303800733,1.1813363983644727,1.0161431430192747
2017-10-25,1.0646899088363833,1.1767889985908886,1.0200697680166428
2017-10-26,1.0537183607418086,1.1646622779485214,1.0161431430192747
2017-10-27,1.0505182750180626,1.1681992943539534,1.005671865634113
2017-10-30,1.049155201283821,1.1697150621538672,1.0087260367484165
2017-10-31,1.0464360326961326,1.1666834301801967,1.0100348840083215
2017-11-01,1.0514212471409035,1.1722415024434614,1.007417106270858
2017-11-02,1.0387316496636736,1.1580937259432615,1.0122164348042526
2017-11-03,1.0400912771779232,1.156577861769505,1.0
2017-11-06,1.0482702528133423,1.147482869474651,0.9986910695224414
2017-11-07,1.0459622512984235,1.1500093097642454,0.9908376530923971
2017-11-08,1.0478004521869813,1.152030365622078,0.9930192038883282
2017-11-09,1.0496387407299612,1.1540515178537534,0.9947643613074193
2017-11-10,1.0432049061383752,1.146977677790575,0.9965096019441642
2017-11-13,1.0413667052498174,1.1449566219327423,0.9904014261508648
2017-11-14,1.0404507944752142,1.1439496009657815,0.9921465835699558
2017-11-15,1.0367936774567224,1.1399286923594316,0.9930192038883282
2017-11-16,1.03407007559489,1.1369341602973897,0.9965096019441642
2017-11-17,1.0363398159645356,1.1394296830111394,0.9938918242067006
2017-11-20,1.0345160349583375,1.1374244814529615,0.9917102734107696
2017-11-21,1.0404223245341169,1.1309306639276369,0.9934555140475144
2017-11-22,1.0513263037443332,1.1190781265907577,0.9991273796816276
2017-11-24,1.0436026409716228,1.1272995341930594,1.0095985738491353
2017-11-27,1.0372419214394872,1.1204286851896177,1.0021814675782772
2017-11-28,1.0314071929350375,1.1141260116748348,1.0082897265892303
2017-11-29,1.0314071929350375,1.1141260116748348,1.0139615922233436
2017-11-30,1.0238624724868477,1.122275818424023,1.0139615922233436
2017-12-01,1.0229748383989559,1.1213028652206203,1.0065444859524855
2017-12-04,1.0296203920807177,1.1285871874782423,1.007417106270858
2017-12-05,1.039943590737545,1.1399026488147679,1.0008726203183724
2017-12-06,1.0335326062647807,1.1469298551431721,0.9908376530923971
2017-12-07,1.0181539962880581,1.1639957772108374,0.9969459121033504
2017-12-08,1.0203492063722401,1.1614861222103225,1.0117801246450664
2017-12-11,1.0212273239026717,1.1604865415580359,1.0139615922233436
2017-12-12,1.018593055053274,1.1574930517884037,1.014834212541716
2017-12-13,1.0133516279421595,1.163449223816548,1.0174519902791794
2017-12-14,1.0164092242864553,1.1669597111887735,1.0122164348042526
2017-12-15,1.0019079281931293,1.183608938583193,1.009162263689949
2017-12-18,0.9950748027929676,1.1916812854271561,1.0235601660724787
2017-12-19,0.9908041605108265,1.1865668513463243,1.016579369960807
2017-12-20,0.984398115630335,1.1788951026734995,1.0122164348042526
2017-12-21,0.9873491891444212,1.1824292481154155,1.018760920756738
2017-12-22,0.9865010125140965,1.1814134890847803,1.0157068328600884
2017-12-26,0.9881945345467108,1.1793853616444507,1.016579369960807
2017-12-27,0.9860703310940647,1.1819205451226253,1.014834212541716
2017-12-28,0.9860703310940647,1.1819205451226253,1.0170156801199932
2017-12-29,0.9941078211763783,1.19155441641958,1.0170156801199932
2018-01-02,0.9928387183153161,1.1900332483060447,1.0253054067092235
2018-01-03,0.9759176695766477,1.1697513936364454,1.023996476231665
2018-01-04,0.9767353041820004,1.1687713629956316,1.0414485497284982
2018-01-05,0.9738733881098549,1.1721959607695616,1.0423210868292168
2018-01-08,0.9693760468642751,1.1667827671176612,1.0392669989325671
2018-01-09,0.9539827297068156,1.148254707500138,1.0440663274659616
2018-01-10,0.9661479276830371,1.1336121511845112,1.0606456974267686
2018-01-11,0.9783130508103199,1.1193384245608717,1.0741710627085799
2018-01-12,0.9771357518564777,1.1206854330211387,1.0876963447727372
2018-01-16,0.9826297387921366,1.1143843319547788,1.0863874142951786
2018-01-17,0.9798827827487764,1.1112690539874623,1.0924956733061317
2018-01-18,0.9759804816452067,1.106843518064101,1.0955497612027814
2018-01-19,0.9643662304731421,1.0936719855706456,1.0999126963593358
2018-01-22,0.9620980431629849,1.096244299740055,1.1130017514819608
2018-01-23,0.9541593515252474,1.0871987086829809,1.1103839737444974
2018-01-24,0.9541593515252474,1.0871987086829809,1.1195462374344463
2018-01-25,0.9604807530654049,1.0799959080391053,1.1195462374344463
2018-01-26,0.9682895056551496,1.0887763243221995,1.1269633437053044
2018-01-29,0.9796278331454087,1.1015255098258192,1.1178010800153553
2018-01-30,0.9792409254570774,1.1010904581927146,1.1047120248927305
2018-01-31,0.9715090291766648,1.0923964616523594,1.1051483350519167
2018-02-01,0.9947217626204916,1.1184976167808978,1.1138743718003332
2018-02-02,1.033840015792085,1.1624834574342626,1.087260034613551
2018-02-05,1.0161343249287837,1.1425746007285535,1.0445026376251478
2018-02-06,1.026149602201379,1.1538361053841741,1.0623909380635135
2018-02-07,1.0491326677604422,1.1796790144469156,1.051919743896006
2018-02-08,1.0446815150940536,1.17467399310691,1.0283594946058734
2018-02-09,1.0318823346013029,1.1602821768062626,1.0327225129800817
2018-02-12,1.0305903808617842,1.161734891759272,1.0453751747258664
2018-02-13,1.0103489782216841,1.1389177336120273,1.0440663274659616
2018-02-14,1.0157320293852672,1.1328496793423664,1.0645724056417907
2018-02-15,1.0136615947150402,1.1351588427677684,1.0702443544935578
2018-02-16,1.023185357261063,1.1458241213251328,1.0680628036976267
2018-02-20,1.0236072990244094,1.146296636932208,1.0580279196893052
2018-02-21,1.0214958494839768,1.1439321095303845,1.057591609530119
2018-02-22,1.0257012024036685,1.1392227039667957,1.05977316032605
2018-02-23,1.0219163206063737,1.1350189229190555,1.0641360954826045
2018-02-26,1.0356921504323602,1.1503194198541955,1.0680628036976267
2018-02-27,1.0451269978667646,1.1607984876183242,1.053664901315097
2018-02-28,1.0542986528325926,1.1709852335688362,1.0440663274659616
2018-03-01,1.0578544628760826,1.1749345898950685,1.0349039805583589
2018-03-02,1.0591968631882387,1.1764255630067666,1.031413582502523
2018-03-05,1.049327207254961,1.1654635634564283,1.0301047352426183
2018-03-06,1.049767556070659,1.1649744781679132,1.0397033090917533
2018-03-07,1.048006160807867,1.1669291780586195,1.0401396192509396
2018-03-08,1.044923719097981,1.1634969547516896,1.0383943786141947
2018-03-09,1.0414216740679243,1.159597513430373,1.0414485497284982
2018-03-12,1.0527273051741728,1.1721860566161104,1.044938947784334
2018-03-13,1.0536160779698311,1.1731756833441813,1.033595133298454
2018-03-14,1.051390475946873,1.1706975300312905,1.0327225129800817
2018-03-15,1.0474012134677886,1.1662555840200288,1.0349039805583589
2018-03-16,1.0425623735858327,1.171643513649999,1.038830688773381
2018-03-19,1.040802818329907,1.1696661053387596,1.0340314434576403
2018-03-20,1.0447485813192379,1.174100398892774,1.0357766008767313
2018-03-21,1.074787877961442,1.2078589038581837,1.0318498926617092
2018-03-22,1.0883572043841077,1.223108268011845,1.0021814675782772
2018-03-23,1.0614842129816093,1.1929080930709286,0.9895288058324924
2018-03-26,1.0427575189351799,1.2139533659174273,1.0139615922233436
2018-03-27,1.0345360265015433,1.2043821010438165,0.9960732917849779
2018-03-28,1.0304895945451482,1.1996713417309153,1.003926708215022
2018-03-29,1.015322208675032,1.2173288496316956,1.0078534164300441
2018-04-02,1.0081846253345896,1.2087711858253365,0.9930192038883282
2018-04-03,1.0064251844558736,1.20666168982241,1.0
2018-04-04,0.9994116913387399,1.19825280500217,1.001745157419091
2018-04-05,0.9924952718517973,1.1899603074032084,1.0087260367484165
2018-04-06,0.9829852465880272,1.1785581849878806,1.001745157419091
2018-04-09,0.9944350508615174,1.164830348695454,1.0113438144858802
2018-04-10,0.9889221461887152,1.1712878832189826,1.0231239391309463
2018-04-11,0.9795926400914163,1.1602379360716786,1.0174519902791794
2018-04-12,0.9791765703460352,1.1597451394918699,1.0270506473459684
2018-04-13,0.9841660401552016,1.1538355685982595,1.0274868742875007
2018-04-16,0.9874923269263353,1.1499358323430982,1.0327225129800817
2018-04-17,0.9904028179379606,1.1465465625607214,1.0362129110359175
2018-04-18,0.9945606962281105,1.1417331664608974,1.0392669989325671
2018-04-19,0.9924817967355016,1.1441196960205835,1.0436300173067754
2018-04-20,0.9891555099643681,1.1402851972700931,1.0414485497284982
2018-04-23,0.9961766584739217,1.1483790830470295,1.044938947784334
2018-04-24,1.0007847340536524,1.1536912107342707,1.0375218415134762
2018-04-25,1.0016303678829492,1.1546660460641498,1.0327225129800817
2018-04-26,1.0029008832667898,1.1561306791481323,1.0318498926617092
2018-04-27,1.0088453125397827,1.162983337438897,1.0305410454018045
2018-04-30,1.0135715339228089,1.1684316620226423,1.0244327863908511
2018-05-01,1.014872682441853,1.169931608573786,1.0196335410751105
2018-05-02,1.0161771758922373,1.1714354111168894,1.0183246105975519
2018-05-03,1.0187927953368217,1.174450662110597,1.0170156801199932
2018-05-04,1.0192309958158123,1.1749558137420606,1.0143979023825298
2018-05-07,1.0227395329374624,1.179000408250799,1.0139615922233436
2018-05-08,1.012582813336754,1.1672918781998185,1.0104711941675077
2018-05-09,1.0186436474916634,1.160305029923352,1.020506078175829
2018-05-10,1.0208081780367075,1.1578394810682424,1.0266143371867822
2018-05-11,1.0173448796217082,1.1617676859218902,1.0287958047650596
2018-05-14,1.0130157359600722,1.1667113970610983,1.0253054067092235
2018-05-15,1.0247043990750249,1.180173474685883,1.0209423883350153
2018-05-16,1.0255903741432892,1.1811938706905674,1.009162263689949
2018-05-17,1.0335785427047581,1.1903940113907294,1.0082897265892303
2018-05-18,1.0290709872239991,1.1852025655270553,1.0004363101591862
2018-05-21,1.0210279510352016,1.1759392326336608,1.0047993285333945
2018-05-22,1.0016720305695466,1.198231850809513,1.012652661745785
2018-05-23,1.009590399808186,1.207704055222382,0.9934555140475144
2018-05-24,1.0225510965002775,1.2232080516515478,0.9856020976174702
2018-05-25,1.0766591098118408,1.2879337732004223,0.9729493526540315
2018-05-29,1.0521896088971328,1.3172049662402683,0.9214660021348657
2018-05-30,1.0585222834619779,1.3251326537177568,0.942408390469881
2018-05-31,1.0412664280891528,1.3467347472963402,0.936736441618114
2018-06-01,1.0436525194625486,1.3436486666582916,0.9520069643190162
2018-06-04,1.029813462557091,1.3258315963096259,0.9541885151149473
2018-06-05,1.0465157380905443,1.3473349126262875,0.9415357701515086
2018-06-06,1.0503333932678984,1.3522499463114976,0.9568062928524107
2018-06-07,1.046007069972159,1.3466800287197243,0.9533158947965749
2018-06-08,1.0262983045967182,1.3720540452859178,0.9493891865815528
2018-06-11,1.0216690659134426,1.3782428557258593,0.9672774870199184
2018-06-12,1.0188915580216307,1.3819897445534948,0.9629144686457101
2018-06-13,1.012410676842275,1.390780190656444,0.9602966909082467
2018-06-14,1.0262983928921021,1.4098581802681343,0.9541885151149473
2018-06-15,1.0339111693680068,1.3994002712784674,0.9410994599923224
2018-06-18,1.0754414936577221,1.3431889169579259,0.9341186638806506
2018-06-19,1.0754414936577221,1.3431889169579259,0.8965968223671744
2018-06-20,1.0874780416103444,1.3281556883687933,0.8965968223671744
2018-06-21,1.101392635309609,1.3451498216440294,0.886561938358853
2018-06-22,1.0848022013929617,1.3654120047279956,0.8979057528447331
2018-06-25,1.0831966360164753,1.367432887647126,0.8843804707805758
2018-06-26,1.102998098609334,1.3924303537328473,0.8830715403030172
2018-06-27,1.094116391512227,1.403642665495278,0.8669284805013964
2018-06-28,1.0831916776488122,1.4176579883676665,0.8739092766130682
2018-06-29,1.0756955739822505,1.4078472489908644,0.8826352301438309
2018-07-02,1.0708766210175313,1.414154191064894,0.8765270543505316
2018-07-03,1.0889191487203371,1.4379803869753842,0.8804537625655536
2018-07-05,1.092633768915184,1.4428857566637854,0.8952879751072697
2018-07-06,1.103777629499724,1.4576018657289884,0.8983420630039193
2018-07-09,1.095817714622794,1.447090340159372,0.9075043266938683
2018-07-10,1.115982839058737,1.4204611331389239,0.9009598407413828
2018-07-11,1.1110278008972907,1.4267680752129535,0.8843804707805758
2018-07-12,1.1099364971240748,1.4281695139372828,0.8883071789955979
2018-07-13,1.103945638578302,1.435878028396941,0.8891797160963164
2018-07-16,1.1012518152351198,1.4323742310941687,0.893979044629711
2018-07-17,1.0990966743503554,1.4295710863229112,0.8917975770514337
2018-07-18,1.103945638578302,1.4232641442488816,0.8900523364146888
2018-07-19,1.0968794585718973,1.4323742310941687,0.8861256281996668
2018-07-20,1.1022458167625797,1.4393819593610127,0.8917975770514337
2018-07-23,1.1161982047616776,1.457601865728988,0.8961605954256421
2018-07-24,1.12049127084327,1.4632080216102035,0.9075043266938683
2018-07-25,1.1124417847346306,1.4737195471798201,0.9109947247497042
2018-07-26,1.1156616610619017,1.469453980434561,0.9044502387972186
2018-07-27,1.1274675671975882,1.4850037087878765,0.9070680997523359
2018-07-30,1.1339071151425921,1.4934853297758905,0.9166666736014711
2018-07-31,1.1263942750884979,1.4835900603522294,0.9219022290763981
2018-08-01,1.1081487186530385,1.5076215445064938,0.9157940532830987
2018-08-02,1.1060021344348578,1.5047011453218422,0.9009598407413828
2018-08-03,1.1145550666813193,1.5163372955121732,0.9027050813781277
2018-08-06,1.1064117238054503,1.5274162048294049,0.8957242852664559
2018-08-07,1.1085517320712355,1.524461894753598,0.9022687712189414
2018-08-08,1.1032016603837345,1.5171045651984345,0.9040139286380324
2018-08-09,1.0711007200283467,1.5612492441897456,0.8996509934814779
2018-08-10,1.0791259296056743,1.5495516025461702,0.873472966453882
2018-08-13,1.082384562469063,1.5542307781984674,0.8669284805013964
2018-08-14,1.0987760087941922,1.5777677827540293,0.8643106195462791
2018-08-15,1.0897650404864163,1.590706921735621,0.8512216476413079
2018-08-16,1.0908731136729966,1.5923243526699957,0.8582024437529797
2018-08-17,1.0858868900050602,1.599602637627979,0.8590750640713521
2018-08-20,1.1023563150418099,1.6238634846567874,0.8630017722863742
2018-08-21,1.1083951530866418,1.6327592005491456,0.8760907441913454
2018-08-22,1.095219592115232,1.613350492076758,0.8808900727247398
2018-08-23,1.08588689000506,1.6270983465255373,0.8704188785572322
2018-08-24,1.1015382870209922,1.650550478087158,0.8778359848280902
2018-08-27,1.0956014969767096,1.6416547621947999,0.890488646573875
2018-08-28,1.1009985694769122,1.6497417626199704,0.8856893180404806
2018-08-29,1.1161102489487646,1.6270983465255369,0.8900523364146888
2018-08-30,1.1272048260861085,1.6109243456751954,0.8778359848280902
2018-08-31,1.1209802669301947,1.6198200615675538,0.8691099480796736
2018-09-04,1.1148241824954892,1.6287156232132083,0.8739092766130682
2018-09-05,1.1076282434429183,1.618202630633179,0.8787085219288088
2018-09-06,1.123127327159286,1.5955590602920418,0.8730366562946957
2018-09-07,1.10889611386459,1.6157764842316167,0.8608202214904431
2018-09-10,1.1044560935172634,1.6093069147408208,0.871727725817137
2018-09-11,1.1055661250687039,1.607689483806446,0.8682373277613011
2018-09-12,1.091106997417977,1.6287156232132083,0.8673647074429287
2018-09-13,1.0900235535769964,1.627098346525537,0.8787085219288088
2018-09-14,1.097066403540726,1.6376113391055662,0.8778359848280902
2018-09-17,1.1008587153160225,1.6432721931291747,0.8835078504622034
2018-09-18,1.1154862921630913,1.6651070480031245,0.886561938358853
2018-09-19,1.1404072571623232,1.7023070340135247,0.8983420630039193
2018-09-20,1.1371567189738898,1.7071591725699458,0.9184118310205621
2018-09-21,1.1317390864380037,1.7152924060310264,0.9157940532830987
2018-09-24,1.139865586908206,1.702975676220079,0.9114310349088904
2018-09-25,1.134989727959183,1.7102602800244524,0.9179756040790298
2018-09-26,1.1420326812556585,1.7208729604569775,0.9140488958640077
2018-09-27,1.171653071468202,1.7655064717667468,0.9083769470122407
2018-09-28,1.1797414809397146,1.7776944987655243,0.884816780939762
2018-10-01,1.1920426049923345,1.7962304584738802,0.8787085219288088
2018-10-02,1.186061435228055,1.7872177275002492,0.8695462582388598
2018-10-03,1.1872456343590891,1.7854333159874782,0.8739092766130682
2018-10-04,1.178363519694146,1.7987906390049442,0.8747818137137867
2018-10-05,1.1659285817516687,1.817772769386358,0.8682373277613011
2018-10-08,1.1671128938249187,1.819619203439784,0.8590750640713521
2018-10-09,1.1783865121407375,1.8371956456916436,0.8582024437529797
2018-10-10,1.1553995564839226,1.87303408613992,0.8499127171637493
2018-10-11,1.1517700614601236,1.878917910360641,0.8333333472029423
2018-10-12,1.1553768249844651,1.8848017345813624,0.8359511249404058
2018-10-15,1.1426737846377721,1.9055245948310702,0.8333333472029423
2018-10-16,1.1320222240142759,1.923287154027123,0.8424956108928913
2018-10-17,1.1598345445228886,1.876034478573266,0.8346421944628472
2018-10-18,1.1492679870379168,1.893125904462627,0.814136116287018
2018-10-19,1.159643751576963,1.876034478573266,0.821553222557876
2018-10-22,1.1677226752493095,1.8629646548981307,0.814136116287018
2018-10-23,1.2049032759534402,1.8036473645621462,0.808464250652905
2018-10-24,1.186769378059727,1.8307924124659738,0.7827225337844951
2018-10-25,1.1952415928278661,1.8177225887908381,0.7945025752119075
2018-10-26,1.18598644381324,1.83179781301953,0.7888307095777944
2018-10-29,1.195099486986249,1.84587322900877,0.7949388853710937
2018-10-30,1.2022595844349298,1.8569322515767932,0.8010471443820469
2018-10-31,1.227645768229629,1.8961421061232961,0.8058463896977875
2018-11-01,1.2374096277718007,1.881061481341048,0.8228621530354346
2018-11-02,1.227645768229629,1.8959041168610868,0.8294066389879202
2018-11-05,1.2217874276734837,1.8868568393272858,0.8228621530354346
2018-11-06,1.206958375548875,1.8639557210244575,0.8267888612504568
2018-11-07,1.1962606168073615,1.8804767121475485,0.8368237452587782
2018-11-08,1.19311414657423,1.8854228450518153,0.8294066389879202
2018-11-09,1.2214316585190128,1.930171693340154,0.8272250881919891
2018-11-12,1.2003156264746233,1.8968030091051615,0.8075916303345325
2018-11-13,1.202865357475947,1.9008322305274667,0.821553222557876
2018-11-14,1.2099071838222013,1.911960101487875,0.819808065138785
2018-11-15,1.2144410774115777,1.9191248028494245,0.8150087366053904
2018-11-16,1.218356613684327,1.9253123428768961,0.8119546487087408
2018-11-19,1.2531667239031394,1.9803211425242462,0.8093367877536235
2018-11-20,1.2329992933935636,1.9484514892157783,0.7862129318403309
2018-11-21,1.2437737174545342,1.965477810901057,0.7988655935861159
2018-11-23,1.2081393970124297,1.9091665501366533,0.7918847974744441
2018-11-26,1.201668352552004,1.9193924410055732,0.8145724264462042
2018-11-27,1.1861379199019269,1.8945860999125432,0.8102094080719959
2018-11-28,1.198749628210733,1.9147304413564044,0.8206806022395036
2018-11-29,1.2103442167024316,1.9332501647561877,0.8119546487087408
2018-11-30,1.1926126113226154,1.9049279498450313,0.8041012322786966
2018-12-03,1.1562601476065346,1.9629927594244738,0.8158813569237628
2018-12-04,1.179857226448167,2.0030537223536014,0.7910121771560716
2018-12-06,1.1951368783901755,2.028994118371553,0.7748691173544509
2018-12-07,1.2094540443909352,2.0533004937604704,0.7648342333461294
2018-12-10,1.2178335591742984,2.067526467803839,0.7556718864385266
2018-12-11,1.1852636581620082,2.0122322677964775,0.7504363309635996
2018-12-12,1.1825790958083058,2.016789872305679,0.7705060989802426
2018-12-13,1.1678135548171542,2.0419712691658307,0.7687609415611515
2018-12-14,1.181907795203527,2.0666156430994733,0.7591622844943625
2018-12-17,1.1922211002012342,2.0846488919931803,0.7500000208044134
2018-12-18,1.2034157866945403,2.104223273616306,0.743455534851928
2018-12-19,1.2098319783106783,2.1154422553480843,0.7364746555226023
2018-12-20,1.227125706102488,2.145681067992436,0.7325480305252341
2018-12-21,1.2397306289590728,2.167721307392832,0.7220767531400726
2018-12-24,1.2132406280258206,2.121402423181605,0.7146596468692146
2018-12-26,1.2168665160970669,2.1277424414457835,0.7299301695701167
2018-12-27,1.202275874240143,2.1022300885983363,0.7277487019918395
2018-12-28,1.2072617297872326,2.093512109827348,0.7364746555226023
2018-12-31,1.2015637450126602,2.083631236581013,0.7395288266369058
2019-01-02,1.208686259943544,2.0712800861284437,0.7360384285810699
2019-01-03,1.1632795033180823,1.993468238760879,0.7316754102068617
2019-01-04,1.1646166368286304,1.9911768434627952,0.7591622844943625
2019-01-07,1.171970743620574,1.9786033264054175,0.760034904812735
2019-01-08,1.1799932896517218,1.9650591007070595,0.7648342333461294
2019-01-09,1.1880159631989395,1.9516988317934838,0.7700697888210564
2019-01-10,1.1913587969753097,1.957190512863706,0.7753054275136371
2019-01-11,1.1886694378078602,1.9527723742965686,0.773123876717706
2019-01-14,1.190677371302747,1.956071051736674,0.7748691173544509
2019-01-15,1.1732167736120553,1.9273863966722937,0.7735601868768922
2019-01-16,1.1706082406537366,1.9316717521600575,0.7849040013627723
2019-01-17,1.155608834077425,1.9069205766801685,0.7831588439436813
2019-01-18,1.1378106348693,1.9362901620424349,0.7931937279520027
2019-01-22,1.1257332810766327,1.9157373032313252,0.7809772931477502
2019-01-23,1.1232440405292121,1.9199734140877522,0.7892670197369807
2019-01-24,1.1070643330515448,1.89231726183236,0.7875217791002358
2019-01-25,1.099204287261864,1.905752524700605,0.7988655935861159
2019-01-28,1.1022274705060866,1.9109939881547384,0.7931937279520027
2019-01-29,1.092500038758152,1.8941289906039576,0.7910121771560716
2019-01-30,1.0763723462591808,1.9220904815239686,0.7979930564853973
2019-01-31,1.0781643500690419,1.9252904833428182,0.7862129318403309
2019-02-01,1.079962330682177,1.9285011580080325,0.7849040013627723
2019-02-04,1.0721451667807445,1.9145419584989822,0.7835950708852136
2019-02-05,1.0739232259800686,1.9113668577315903,0.7892670197369807
2019-02-06,1.0555502867171682,1.9440669859499504,0.7905759502145393
2019-02-07,1.062069611027946,1.956073996248532,0.777050584932728
2019-02-08,1.0614696724401502,1.9549690552364287,0.7722513396169874
2019-02-11,1.0488830154370967,1.9317874933051509,0.7726875665585198
2019-02-12,1.0465417051290644,1.9274753689743758,0.7818499134661226
2019-02-13,1.037762014753584,1.9113053139607794,0.7801046728293778
2019-02-14,1.0114228319873224,1.862794943306585,0.7735601868768922
2019-02-15,1.0125355338186097,1.8607456170711296,0.7931937279520027
2019-02-19,1.018098830748873,1.8709693376554453,0.7940663482703751
2019-02-20,1.0069721307752595,1.8505217014818436,0.7984292834269296
2019-02-21,1.0025214295631968,1.842342608011409,0.7897033298961669
2019-02-22,1.0102415828025983,1.8281552132745962,0.7931937279520027
2019-02-25,1.0196160996701003,1.8111908829846968,0.7993019037453021
2019-02-26,1.0289906165376022,1.7945384983388488,0.8067190100161601
2019-02-27,1.0361594204135032,1.7820362516365098,0.814136116287018
2019-02-28,1.0400194970332042,1.775397508278218,0.819808065138785
2019-03-01,1.032299238614603,1.7885766146303086,0.8228621530354346
2019-03-04,1.036159315234304,1.7952646392983727,0.8167538940244815
2019-03-05,1.0367149093641879,1.7962272697361026,0.8136998061278318
2019-03-06,1.0650799768735018,1.8453729965969061,0.8132634959686456
2019-03-07,1.0680172735484723,1.850462199365412,0.7910121771560716
2019-03-08,1.052658604480766,1.823851546854216,0.7888307095777944
2019-03-11,1.0509366589695894,1.8268350145908494,0.8001745240636745
2019-03-12,1.0658598583055945,1.800894133335967,0.7988655935861159
2019-03-13,1.0721735490374,1.790226418898647,0.8102094080719959
2019-03-14,1.0865227665363464,1.7662672862748292,0.8150087366053904
2019-03-15,1.094558293303487,1.7532046165417037,0.8259162409320844
2019-03-18,1.0939843114664283,1.754123989783585,0.8320244167253836
2019-03-19,1.0825050031527763,1.7725302227505897,0.8315881065661974
2019-03-20,1.0922624754310937,1.7885074371381406,0.8228621530354346
2019-03-21,1.1220674030154356,1.8373110313721366,0.8154450467645766
2019-03-22,1.1195986691058162,1.8332686431577774,0.7931937279520027
2019-03-25,1.1226710665470314,1.83829949041021,0.7949388853710937
2019-03-26,1.110931490249876,1.8190767120134457,0.7927574177928165
2019-03-27,1.0958044279770196,1.843846274262096,0.8010471443820469
2019-03-28,1.092779061686579,1.8387556666495628,0.7901396400553531
2019-03-29,1.1180525910443557,1.7962293711227049,0.7923211076336303
2019-04-01,1.1258752982093458,1.7836616471319022,0.8106457182311821
2019-04-02,1.1421225916768059,1.757921963284414,0.8163175838652953
2019-04-03,1.144529649127459,1.7542170902784628,0.8280977085103616
2019-04-04,1.1433261204021326,1.7560617350722596,0.8298429491471064
2019-04-05,1.1451314134901225,1.7588345275903685,0.828970328828734
2019-04-08,1.1463386337923607,1.7606887259164046,0.8276613983511754
2019-04-09,1.14694357565265,1.7616178704831567,0.8267888612504568
2019-04-10,1.1354378893727135,1.7439460137386997,0.8263525510912706
2019-04-11,1.1550246344487098,1.7138622669154622,0.8346421944628472
2019-04-12,1.1597730460631224,1.706816422826077,0.8490400968453768
2019-04-15,1.1698630811186574,1.6919671058858894,0.8525305781188666
2019-04-16,1.181733883737961,1.6747984236046092,0.8599476011720707
2019-04-17,1.1734243898294667,1.6865749559444265,0.8686736379204874
2019-04-18,1.1740179412812684,1.6874280735567326,0.862565462127188
2019-04-22,1.1811476546718027,1.6976756840135805,0.8621291519680018
2019-04-23,1.1985881668414706,1.7227431117056884,0.8568935132754211
2019-04-24,1.1998270459905327,1.7245237654609369,0.8442408515296361
2019-04-25,1.1973441602945412,1.7209550882886986,0.8433682312112637
2019-04-26,1.183126886322653,1.7005204540416023,0.8451134718480087
2019-04-29,1.1813159364100194,1.7031233509948194,0.8551483558563301
2019-04-30,1.173468717057526,1.7144368210900633,0.8538394253787714
2019-05-01,1.173468717057526,1.7144368210900633,0.8481675597446583
2019-05-02,1.185541371071705,1.7320749585787978,0.8481675597446583
2019-05-03,1.1692432823958405,1.7558864525991567,0.8568935132754211
2019-05-06,1.1964069554130472,1.7966789259636513,0.8451134718480087
2019-05-07,1.1951422256729094,1.7947796447359183,0.825479930772898
2019-05-08,1.205869483530224,1.81088907810089,0.8263525510912706
2019-05-09,1.196875291331359,1.797382239556819,0.8189354448204126
2019-05-10,1.2285219148371533,1.8449068893204412,0.8250436206137118
2019-05-13,1.2165102732609094,1.8629451188615054,0.8032286119603241
2019-05-14,1.2138927797713852,1.8589367295966208,0.8110820283903684
2019-05-15,1.199557948564585,1.8369845895996213,0.8128271858094593
2019-05-16,1.1855577253472014,1.8584243160689125,0.8224258428762484
2019-05-17,1.193830485211843,1.871392303847784,0.8128271858094593
2019-05-20,1.1847961317376077,1.8572304778839206,0.8071553201753463
2019-05-21,1.1994153686939326,1.880146903513091,0.8132634959686456
2019-05-22,1.2137483703086274,1.9026146401348596,0.8032286119603241
2019-05-23,1.1963995608078062,1.875419465457278,0.7936300381111889
2019-05-24,1.2126109363001452,1.9008316522852649,0.804973852597069
2019-05-28,1.206614498678066,1.9102313847895582,0.7940663482703751
2019-05-29,1.199285618202863,1.8986287913229274,0.7901396400553531
2019-05-30,1.2150829993620944,1.9236381487613698,0.7949388853710937
2019-05-31,1.2150829993620944,1.9236381487613698,0.7844676912035861
2019-06-03,1.1839962697134778,1.8744237172338905,0.7844676912035861
2019-06-04,1.1782175364243492,1.8835722213379893,0.8045375424378828
2019-06-05,1.176291251172268,1.88665170138223,0.8006108342228607
2019-06-06,1.1660179747620654,1.8701744093860826,0.7993019037453021
2019-06-07,1.1716966434984453,1.861066401465085,0.8062826998569739
2019-06-10,1.177375312234825,1.8520466781015603,0.8102094080719959
2019-06-11,1.1647560216325423,1.871897200697956,0.814136116287018
2019-06-12,1.1653868778508296,1.8729110593663143,0.8054100795386013
2019-06-13,1.1767565247335747,1.8911833926081758,0.804973852597069
2019-06-14,1.2211989226633961,1.9626074494338575,0.7971204361670248
2019-06-17,1.208695158174562,1.9425124584570952,0.7670157009244066
2019-06-18,1.1937226299410957,1.9184498795418012,0.7748691173544509
2019-06-19,1.1957144263523465,1.9152488330931599,0.7844676912035861
2019-06-20,1.193722629941096,1.9184392150675953,0.7857766216811447
2019-06-21,1.1930586978040123,1.917372205516149,0.7844676912035861
2019-06-24,1.1857636902101614,1.9290960585212227,0.7849040013627723
2019-06-25,1.1784686826163104,1.9172279514840727,0.7801046728293778
2019-06-26,1.1830541439388547,1.909767952972688,0.7849040013627723
2019-06-27,1.1889497727662544,1.9192850854343548,0.787958089259422
2019-06-28,1.1928801503363706,1.9129403976912394,0.7918847974744441
2019-07-01,1.200085946668626,1.9013849544242694,0.7945025752119075
2019-07-02,1.2118772043234256,1.9200667163104175,0.7993019037453021
2019-07-03,1.2138424555807088,1.9231804092776876,0.8071553201753463
2019-07-05,1.2040163242387425,1.9076121424000734,0.808464250652905
2019-07-08,1.208601785561287,1.9148772280316342,0.8019196814827655
2019-07-09,1.2066215078712048,1.9117397275751407,0.7988655935861159
2019-07-10,1.2112269133573876,1.904443042929546,0.8001745240636745
2019-07-11,1.2105689803610917,1.903408558058304,0.8032286119603241
2019-07-12,1.2105689803610917,1.903408558058304,0.8036649221195103
2019-07-15,1.2092545431373436,1.9013418348056015,0.8036649221195103
2019-07-16,1.2184553530003142,1.8868751662238397,0.8027923018011379
2019-07-17,1.215118998275302,1.881708555185661,0.7966841260078386
2019-07-18,1.2283916589061097,1.8611547830081905,0.7988655935861159
2019-07-19,1.2297482792629943,1.863210219031088,0.7901396400553531
2019-07-22,1.2209110076814629,1.8498207351857188,0.7892670197369807
2019-07-23,1.2168904801740676,1.8437291731449377,0.7949388853710937
2019-07-24,1.2302924089457385,1.864034638143896,0.7923211076336303
2019-07-25,1.2337174470829537,1.8692239652325706,0.7835950708852136
2019-07-26,1.236472749968298,1.8733985663107489,0.7814136033069364
2019-07-29,1.2606902045761172,1.9100907980992357,0.7796684458878455
2019-07-30,1.2693251291542966,1.9231737029391343,0.7643979231869432
2019-07-31,1.2744315874084042,1.9309105750800013,0.7591622844943625
2019-08-01,1.2891394518583719,1.953194682978674,0.7561081965977128
2019-08-02,1.3184893423445303,1.9976631459994372,0.7473821598492961
2019-08-05,1.3090377396106632,2.011983412266057,0.7303664797293029
2019-08-06,1.3160254971458518,2.00124326946932,0.7356021184218837
2019-08-07,1.3066085830325604,2.0155633081230286,0.7316754102068617
2019-08-08,1.3205333877803511,1.9940830225295545,0.7369109656817885
2019-08-09,1.3402900224322258,1.964249343119265,0.7290575492517443
2019-08-12,1.3256331192438509,1.985729628712739,0.7181500449250504
2019-08-13,1.370245731385766,2.0525570068601726,0.7260034613550946
2019-08-14,1.3693935690099435,2.0538335018824987,0.7015706749642434
2019-08-15,1.3438611251291068,2.092127378686163,0.7020069851234296
2019-08-16,1.3405813400559774,2.087021398596858,0.7150959570284008
2019-08-19,1.3316060045177536,2.073048566984061,0.7168411976651456
2019-08-20,1.3234466227218467,2.085751119151965,0.7120418691317512
2019-08-21,1.3315066206823873,2.0984536713198687,0.7164048875059594
2019-08-22,1.3105506874776516,2.065427132595732,0.7207679058801677
2019-08-23,1.3008788129103424,2.0806700013723916,0.7094240913942876
2019-08-26,1.3088205652285647,2.067967691485519,0.7146596468692146
2019-08-27,1.3136443384468088,2.07558936815488,0.7102967117126601
2019-08-28,1.2998761727740027,2.0538353381993595,0.7076788507575428
2019-08-29,1.3014623911669083,2.0513290753277977,0.7150959570284008
2019-08-30,1.29273834127604,2.037578468842963,0.7159685773467732
2019-09-03,1.2673593007998878,1.9975767261986952,0.7111692488133786
2019-09-04,1.2909983312792148,2.034835913144025,0.7251309242543761
2019-09-05,1.294048458383805,2.0396434392435547,0.7386562063185333
2019-09-06,1.3184502024455302,2.0781047942717574,0.7404013637376244
2019-09-09,1.339801528512664,2.04445142383587,0.7543630391786218
2019-09-10,1.3459019281668454,2.035142604213307,0.7665793907652204
2019-09-11,1.3527648959584242,2.024765088696252,0.7700697888210564
2019-09-12,1.3291258654790974,1.9893831211509923,0.7739964970360784
2019-09-13,1.308507935529165,2.020243224697833,0.7875217791002358
2019-09-16,1.3173442915427889,2.033885930166274,0.7753054275136371
2019-09-17,1.3180906793454141,2.0350382998694356,0.7700697888210564
2019-09-18,1.3061352193189046,2.0165799195563396,0.7696334786618702
2019-09-19,1.3054015586195602,2.0177126395168634,0.7766142747735418
2019-09-20,1.2943946887150888,2.000699713202255,0.7761780478320095
2019-09-23,1.3090702819907762,1.9780161719966844,0.7696334786618702
2019-09-24,1.3105715436927758,1.975747752977624,0.7609075251311074
2019-09-25,1.3060575602050342,1.9825527937064606,0.760034904812735
2019-09-26,1.309793508396378,1.9882238412541113,0.7626526825501984
2019-09-27,1.3150236933524082,1.9961630914924784,0.7648342333461294
2019-09-30,1.2948500006547052,1.9655400837201964,0.7678883212427791
2019-10-01,1.3284728218175434,2.0165784300073333,0.7561081965977128
2019-10-02,1.3206026917488944,2.0046318291607492,0.7364746555226023
2019-10-03,1.3159361442098532,1.997548162144544,0.7408376738968107
2019-10-04,1.3174807054691178,1.9952035685118366,0.743455534851928
2019-10-07,1.3368326542064066,1.9658968188812613,0.7425829145335555
2019-10-08,1.3264696775583191,1.9811362303083482,0.7316754102068617
2019-10-09,1.2989983814853663,2.0221657245097044,0.7373472758409747
2019-10-10,1.3509583569615913,2.103052416096064,0.7526177985418769
2019-10-11,1.3396627475880118,2.1206364211558584,0.7827225337844951
2019-10-14,1.3080350987945755,2.070571026661875,0.7761780478320095
2019-10-15,1.3030068419457312,2.0626114826439617,0.7945025752119075
2019-10-16,1.3101347790939564,2.0513282226209064,0.797556746326211
2019-10-17,1.3165500312927079,2.041283616447158,0.8019196814827655
2019-10-18,1.334370146076643,2.013653896734997,0.8058463896977875
2019-10-21,1.3251037462099389,2.027637514590325,0.8167538940244815
2019-10-22,1.3336573251704833,2.0145490619812247,0.8110820283903684
2019-10-23,1.3336573251704833,2.0145490619812247,0.8163175838652953
2019-10-24,1.329380535690211,2.021009343849112,0.8163175838652953
2019-10-25,1.326529252065572,2.016674640058397,0.8136998061278318
2019-10-28,1.3314975046159547,2.0242276954532636,0.8154450467645766
2019-10-29,1.3400786437561003,2.0111820987128994,0.812390958867927
2019-10-30,1.3473223397331298,2.000310802654717,0.8071553201753463
2019-10-31,1.3341419898771507,2.0198790940889,0.8027923018011379
2019-11-01,1.3485030995079719,2.041621686205265,0.8106457182311821
2019-11-04,1.349221168685282,2.042708836546356,0.8193717549795988
2019-11-05,1.3499391009049007,2.043795779534721,0.819808065138785
2019-11-06,1.3592738632522419,2.057928526616176,0.8202442920803173
2019-11-07,1.3506571700822108,2.0448829298758118,0.8259162409320844
2019-11-08,1.3499391009049007,2.0459700802169025,0.8206806022395036
2019-11-11,1.3485044887683977,2.048144380899084,0.8211169123986898
2019-11-12,1.3671144395586476,2.0198790940889,0.8219895327170622
2019-11-13,1.367850255347635,2.0187919437478095,0.8106457182311821
2019-11-14,1.3626941378455841,2.0264017887827195,0.8102094080719959
2019-11-15,1.3634252136889642,2.0274889391238102,0.8132634959686456
2019-11-18,1.3634252136889642,2.0274889391238102,0.8136998061278318
2019-11-19,1.3524593549151818,2.0111820987128994,0.8136998061278318
2019-11-20,1.353921506601942,2.009007798030718,0.8071553201753463
2019-11-21,1.3451297468036234,2.022053394771082,0.8062826998569739
2019-11-22,1.353807925811817,2.0350987841587207,0.8115183385495546
2019-11-25,1.3494688363077203,2.0285760894649014,0.8167538940244815
2019-11-26,1.3436833376565351,2.037273084840902,0.814136116287018
2019-11-27,1.3314941021866094,2.01879194374781,0.8176265143428539
2019-11-29,1.3408152178944457,2.0046594040190806,0.8102094080719959
2019-12-02,1.3509950369889154,1.9894395065965347,0.8045375424378828
2019-12-03,1.33032402312103,2.0198790940889007,0.7984292834269296
2019-12-04,1.3288919946201858,2.017704793406719,0.8106457182311821
2019-12-05,1.3410639637458526,2.0361859344998114,0.8097730979128097
2019-12-06,1.3374840290594965,2.0307503901470834,0.8171902041836677
2019-12-09,1.3382000433099186,2.031837540488174,0.8150087366053904
2019-12-10,1.3324720658722962,2.0405345358641753,0.8154450467645766
2019-12-11,1.3608678200040285,2.084019512744179,0.8189354448204126
2019-12-12,1.3800350048185615,2.1133719498954537,0.836387435099592
2019-12-13,1.3878437525787655,2.101413710848906,0.8481675597446583
2019-12-16,1.3814546909739212,2.091739666756456,0.8529668050603989
2019-12-17,1.3842941986862762,2.087440205503907,0.8490400968453768
2019-12-18,1.3871455393190828,2.0917398717758284,0.8472949394262859
2019-12-19,1.3892927361554437,2.0885020159720518,0.845549698789541
2019-12-20,1.3921647248007216,2.084184600412743,0.8442408515296361
2019-12-23,1.3921647248007216,2.084184600412743,0.8424956108928913
2019-12-24,1.39937430571212,2.09497793344531,0.8424956108928913
2019-12-26,1.40297902741216,2.1003744970287412,0.8468586292670996
2019-12-27,1.3950486121698085,2.0885020159720518,0.8490400968453768
2019-12-30,1.384955281400642,2.1036125586982224,0.8442408515296361
2019-12-31,1.3629267846007342,2.1370717058200452,0.8503490273229355
2020-01-02,1.3367696606466482,2.096057287335137,0.8638743093870929
2020-01-03,1.3360812980042052,2.09497793344531,0.8472949394262859
2020-01-06,1.34295770754494,2.10576015625667,0.8477312495854721
2020-01-07,1.3346206122217932,2.092687575451061,0.8433682312112637
2020-01-08,1.3298173715072916,2.0851560851735322,0.8486038699038445
2020-01-09,1.3134671738993928,2.1107932251044517,0.8516579578004941
2020-01-10,1.3127858994232529,2.1096983903211783,0.8411867636329865
2020-01-13,1.3168693080839065,2.1162605880734464,0.8416230737921727
2020-01-14,1.3305652186844754,2.138270453170792,0.8390052128370554
2020-01-15,1.3200773433281503,2.121416026438414,0.8302792593062926
2020-01-16,1.3180126557240202,2.1180979925405308,0.8368237452587782
2020-01-17,1.3042905820456259,2.1401499027293096,0.838132592518683
2020-01-21,1.3015462196558036,2.1356468058102007,0.8294066389879202
2020-01-22,1.3076952675854923,2.145736493269234,0.8311517964070112
2020-01-23,1.3145922896154678,2.1570534967267183,0.8272250881919891
2020-01-24,1.3445644564989683,2.206233434789068,0.8228621530354346
2020-01-27,1.3219483818089024,2.1691237671165844,0.8041012322786966
2020-01-28,1.319126655757777,2.1644937277549774,0.8176265143428539
2020-01-29,1.3254483594830264,2.174866718098477,0.8193717549795988
2020-01-30,1.3479256027139908,2.137984852526064,0.8232984631946209
2020-01-31,1.3493787864999902,2.1356799145412464,0.8093367877536235
2020-02-03,1.3268042215961449,2.171408981373327,0.808464250652905
2020-02-04,1.3458189638621911,2.202527952403824,0.8219895327170622
2020-02-05,1.3599038536585346,2.2255788710756392,0.8337696573621285
2020-02-06,1.3577911940676928,2.2290363879688395,0.8424956108928913
2020-02-07,1.3535657405612642,2.235973161209564,0.8411867636329865
2020-02-10,1.3416677944729085,2.2556275358216538,0.8438045413704499
2020-02-11,1.3512953019118428,2.2718134135553587,0.8512216476413079
2020-02-12,1.3464815481923755,2.279906352422211,0.8573298234346073
2020-02-13,1.3471692460330067,2.281070784773703,0.8542757355379577
2020-02-14,1.360248596068968,2.3032171656673546,0.8538394253787714
2020-02-18,1.3574410010460696,2.2984632544560735,0.845549698789541
2020-02-19,1.37002286476834,2.3197672753423784,0.8472949394262859
2020-02-20,1.377143592976702,2.3318243239502197,0.8394415229962416
2020-02-21,1.4361434551491514,2.431724809582262,0.8350785046220334
2020-02-24,1.4800429956129753,2.357392679813197,0.7993019037453021
2020-02-25,1.4742095183221837,2.366684164387584,0.7748691173544509
2020-02-26,1.5337400761166005,2.271114283255929,0.7779232052511005
2020-02-27,1.5480824588982836,2.2498765318933387,0.7465096227485776
2020-02-28,1.5343826495864237,2.269786892149021,0.7395288266369058
2020-03-02,1.5684801368807608,2.219347042782395,0.7460733125893914
2020-03-03,1.528142399726538,2.2764235945095934,0.7294938594109305
2020-03-04,1.5922975894049203,2.371993475641249,0.7482547801676686
2020-03-05,1.6058654948531716,2.3517818120580634,0.7168411976651456
2020-03-06,1.7911956775357076,2.0803667064622875,0.7107330218718463
2020-03-09,1.6992120269153148,2.187200218115684,0.6287085427332223
2020-03-10,1.7844529471394974,2.0774793849568174,0.6609947455541176
2020-03-11,2.044866552441916,1.7743030543927119,0.6278359640236768
2020-03-12,1.8884651116606719,1.910010469508968,0.5362129110359175
2020-03-13,2.171092487775105,1.6241586187042103,0.5772251089964026
2020-03-16,2.0745994883184333,1.6963434462021754,0.49083769470122407
2020-03-17,2.2282081110774095,1.5707418628775123,0.5126527033546118
2020-03-18,2.1770084767106797,1.6068342766264947,0.4746945932907764
2020-03-19,2.2004802435912096,1.589509934548779,0.48560209761747025
2020-03-20,2.1884884420263573,1.5808476946691052,0.48036650053371643
2020-03-23,2.450307695662785,1.7699720032936914,0.477748681187426
2020-03-24,2.580217894498716,1.863812223968393,0.5349040221671858
2020-03-25,2.690142011530853,1.9432155617524807,0.5632635167730591
2020-03-26,2.5682262835370833,2.03128100173461,0.5872600346135509
2020-03-27,2.5982056921476038,2.007569460604395,0.5606457390355956
2020-03-30,2.6329848395905997,1.9806964711088233,0.5541012114742832
2020-03-31,2.7989910620299145,1.8558161702337208,0.5466841052034251
2020-04-01,2.80375924212212,1.8526547218683649,0.5122163931954256
2020-04-02,2.849212803660923,1.8226201332540939,0.5113438144858801
2020-04-03,2.658935681900776,1.9443389857638405,0.5030540878966496
2020-04-06,2.715140875002889,1.9854388697868726,0.5366492211951037
2020-04-07,2.7216260261579825,1.9901811177115782,0.5479930356809838
2020-04-08,2.779992798872301,2.0328616505406165,0.5493019245497155
2020-04-09,2.7518902023212446,2.0123117085291002,0.561082007585955
2020-04-13,2.777831219260096,2.03128100173461,0.5554101003430149
2020-04-14,2.6221861484231814,1.9174659962682687,0.5606457390355956
2020-04-15,2.6416418080477007,1.9032391017408081,0.5292321149242457
2020-04-16,2.542909389980041,1.9743734236247676,0.5253054067092237
2020-04-17,2.477758850054418,1.9237890437523242,0.5449389061755072
2020-04-20,2.4207521276194983,1.8795277113639361,0.5309773139521636
2020-04-21,2.3902128605703434,1.9032391017408083,0.5187609207567381
2020-04-22,2.3862425057505043,1.9000776533754522,0.5253054067092237
2020-04-23,2.4140355574672743,1.9222082441929744,0.5244328279996782
2020-04-24,2.483518565411131,1.9775350227434672,0.5305410037929774
2020-04-27,2.549031029209183,2.02970020217526,0.5458115264938797
2020-04-28,2.691967399916735,2.1435152076416015,0.5602094288764093
2020-04-29,2.596676423003045,2.0676384870795927,0.5916230529877593
2020-04-30,2.5232230602393493,2.009150260163744,0.5706806230439171
2020-05-01,2.5351345033507977,1.999665613560989,0.5545375216334694
2020-05-04,2.55717908306689,1.9822772706681724,0.551919702287179
2020-05-05,2.591845800813388,1.955404281172601,0.5471204153626114
2020-05-06,2.648418117640118,1.9980849647549825,0.5397033090917533
2020-05-07,2.6987044882725844,2.036023249659315,0.5514834337368196
2020-05-08,2.656799179412196,2.004408012239038,0.5619546279043274
2020-05-11,2.702895119068761,1.9696311757000613,0.5532286327647377
2020-05-12,2.6248019158648814,1.9127237483435624,0.5436300173067755
2020-05-13,2.6248019158648814,1.9127237483435624,0.527923226055514
2020-05-14,2.6443252683849856,1.8984968538161018,0.527923226055514
2020-05-15,2.4902014425541505,2.009150260163744,0.523996517840492
2020-05-18,2.4490572728955753,1.975954223184117,0.5545375216334694
2020-05-19,2.496079127691592,2.0138925080884493,0.5453752163346934
2020-05-20,2.462771933832353,1.9870195185928778,0.5558464105022011
2020-05-21,2.451016563557469,1.9775350227434663,0.5484293042313431
2020-05-22,2.5822860483325316,2.0834461811664027,0.5458115264938797
2020-05-26,2.6841667337239024,2.1656457984591237,0.5750436414181254
2020-05-27,2.6704520727871244,2.1545805030503624,0.5977312287810586
2020-05-28,2.635185588265991,2.126126713995441,0.5946771408844089
2020-05-29,2.707677661121911,2.1846149409112896,0.5868237244543647
2020-06-01,2.7782106301641782,2.241522519021132,0.6029668258648124
2020-06-02,2.9349501461509018,2.3679834687022407,0.6186736587249009
2020-06-03,2.938868727474691,2.3648218695835412,0.6535776392832596
2020-06-04,3.050545679327292,2.4546850525152917,0.6544502596016321
2020-06-05,3.10736380058454,2.408965169050729,0.6793193561516695
2020-06-08,3.017238485468053,2.478834279621077,0.6919720595062813
2020-06-09,3.068178734739618,2.5206846128694975,0.6719022498808115
2020-06-10,3.280965272628045,2.6955009447239875,0.6605584770037584
2020-06-11,3.201793613206578,2.760544998846204,0.6147469505098787
2020-06-12,3.230638625495577,2.7356752027145577,0.6295811630515947
2020-06-15,3.19449165485023,2.7662841264324056,0.6239092558086546
2020-06-16,3.170190618587101,2.745240536987279,0.6308900519203264
2020-06-17,3.148098614213371,2.7261098684418354,0.6260907649957588
2020-06-18,3.198909929313995,2.6821095862083224,0.6217277466215505
2020-06-19,3.244543406833953,2.7203707408556332,0.6116928626132291
2020-06-22,3.2947401233071134,2.7624579197458865,0.6204188577528188
2020-06-23,3.1897830162124188,2.674457172835284,0.630017431601954
2020-06-24,3.093952604621716,2.754805688816424,0.6099476219764842
2020-06-25,3.184192907706085,2.6744571728352837,0.6282722325740361
2020-06-26,3.2479680314373724,2.7280229717850952,0.6099476219764842
2020-06-29,3.241134842827149,2.7222836617553163,0.6221640567807367
2020-06-30,3.2297464123596877,2.7318489960280377,0.6208551263031781
2020-07-01,3.290813150882396,2.7835016916345894,0.6230366354902822
2020-07-02,3.392590832725127,2.8695893352019324,0.6348167601353485
2020-07-06,3.313430293683494,2.8026321777364567,0.6544502596016321
2020-07-07,3.347356331427815,2.831328180554622,0.6391797369007299
2020-07-08,3.4219933124921584,2.7681972297756654,0.6457242644620423
2020-07-09,3.4976696632509863,2.8294150772113618,0.6313263620795126
2020-07-10,3.4763856332167373,2.812197512009178,0.6452879543028561
2020-07-13,3.5496972671643383,2.8715024385451913,0.6413612460878341
2020-07-14,3.5875354425437527,2.9021113622630397,0.6548865697608183
2020-07-15,3.573346014009815,2.8906329246470586,0.6618673658724901
2020-07-16,3.568616354854046,2.8868069004041157,0.6592495465261997
2020-07-17,3.549697267164339,2.90211136226304,0.6583769678166542
2020-07-20,3.584796359668937,2.9308071826376283,0.6618673658724901
2020-07-21,3.5964961315553325,2.94037251691035,0.6684118518249756
2020-07-22,3.5379974952779434,2.892546027990318,0.6705933610120798
2020-07-23,3.5520370430179473,2.881067772817913,0.6596858566853859
2020-07-24,3.5520370430179473,2.881067772817913,0.6570680789479225
2020-07-27,3.5426026909420876,2.873415541888451,0.6570680789479225
2020-07-28,3.504865282638649,2.904024465606299,0.6553228799200045
2020-07-29,3.3824949948221774,2.8026321777364553,0.6623036760316763
2020-07-30,3.435598907496806,2.7586318955029423,0.6391797369007299
2020-07-31,3.3665057350387624,2.8141106153524365,0.6291448528924085
2020-08-03,3.400834394095612,2.842806435727025,0.6417975562470203
2020-08-04,3.421431676832238,2.8600240009292084,0.6483420421995059
2020-08-05,3.4168546241442606,2.8561979766862655,0.6522687504145279
2020-08-06,3.4099887177278574,2.8504586666564866,0.6513961717049824
2020-08-07,3.3871027995190968,2.86958933520193,0.6500872412274238
2020-08-10,3.436780367542312,2.9116766965357597,0.6544502596016321
2020-08-11,3.5000062261697336,2.9652423130419945,0.6640488750595942
2020-08-12,3.459360923664722,2.930807182637627,0.6762652682550199
2020-08-13,3.4367803675423123,2.91167669653576,0.6684118518249756
2020-08-14,3.4458126330605157,2.904024465606298,0.6640488750595942
2020-08-17,3.4390025709415886,2.8982851555765192,0.6623036760316763
2020-08-18,3.436732766716369,2.896372234676836,0.6609947455541176
2020-08-19,3.416303013321767,2.8791546694746524,0.6605584770037584
2020-08-20,3.4526224786983533,2.848545745756804,0.6566317687887363
2020-08-21,3.396972472953617,2.8944591313335764,0.6496509726770645
2020-08-24,3.4149339757039363,2.9097635931925008,0.6601221668445721
2020-08-25,3.4396309884561242,2.9308071826376274,0.663612564900408
2020-08-26,3.4037079829554866,2.900198258919779,0.6684118518249756
2020-08-27,3.345332991957949,2.9499378511830705,0.6614310557133039
2020-08-28,3.284587704032304,3.003503467689305,0.6727748701991839
2020-08-31,3.3084520794618695,2.981681327190836,0.6605584770037584
2020-09-01,3.2974458760055008,2.991600464763611,0.6557591484703639
2020-09-02,3.2340334633336174,2.9340696938716886,0.657940657657468
2020-09-03,3.2733929637967805,2.9697785134569554,0.6452879543028561
2020-09-04,3.1968606481259148,2.900344739639339,0.6531413707329004
2020-09-08,3.1268883882214324,2.963826917398202,0.6378708480319982
2020-09-09,3.0934009933725704,2.9320858285187703,0.6518324402553417
2020-09-10,3.0954940054507785,2.9340696938716877,0.6448516441436699
2020-09-11,3.1143307149534176,2.951924103664321,0.6452879543028561
2020-09-14,3.0996800296071947,2.938037424577523,0.6492146625178783
2020-09-15,3.0975870175289866,2.936053559224605,0.6461605746212286
2020-09-16,3.1227025636656336,2.9122477425650315,0.6457242644620423
2020-09-17,3.171627844543953,2.866619785406989,0.6404886673782886
2020-09-18,3.320880779212577,2.7317201576694052,0.6304537417611402
2020-09-21,3.354644354649611,2.7039466103039964,0.6007853582865352
2020-09-22,3.4309423112801727,2.642448108706238,0.5946771408844089
2020-09-23,3.4129116662161194,2.656334976984849,0.5811518172114247
2020-09-24,3.3899719677207707,2.674189386777483,0.5842059467169013
2020-09-25,3.244687534686734,2.788797440349331,0.5802792385018791
2020-09-28,3.2002398580355416,2.8270000609558443,0.6051483350519166
2020-09-29,3.2142758725155276,2.839399073389511,0.5968586500715131
2020-09-30,3.2119364624027207,2.8414656411547052,0.5994764278089766
2020-10-01,3.2376318739033336,2.864197295335593,0.5999127379681628
2020-10-02,3.1675532156234008,2.926192948740173,0.6047120248927303
2020-10-05,3.1697902394576505,2.9282595165053675,0.6178010384065284
2020-10-06,3.1854489796287275,2.9427250967042284,0.6182373485657147
2020-10-07,3.2212405076393797,2.975789392632338,0.6212914364623643
2020-10-08,3.2212405076393797,2.975789392632338,0.6282722325740361
2020-10-09,3.236899461144791,2.9902551699099478,0.6282722325740361
2020-10-12,3.1407095696154124,2.901394726794092,0.6313263620795126
2020-10-13,3.1563683097864894,2.8869291465952314,0.6125654413227746
2020-10-14,3.203815514710705,2.8435322089199,0.609511353426125
2020-10-15,3.1712186971856413,2.8724633693176216,0.600349048127349
2020-10-16,3.1689371926045955,2.8745299370828157,0.6064572239206483
2020-10-19,3.219057037048752,2.919993442523341,0.6068935340798345
2020-10-20,3.193997223458379,2.897261788342453,0.6164921495377966
2020-10-21,3.168937409868006,2.919993442523341,0.6116928626132291
2020-10-22,3.128568712328065,2.957190873981839,0.6164921495377966
2020-10-23,3.071725347029293,2.9034612945592864,0.6243455659678409
2020-10-26,3.1438726151007965,2.8352661349378736,0.6130017514819608
2020-10-27,3.265319744277148,2.7257404083275745,0.598603849099431
2020-10-28,3.26284408500088,2.7278069760927686,0.5754799099684846
2020-10-29,3.2504847797777345,2.73813961783999,0.5759162201276709
2020-10-30,3.1842483738536718,2.7939357650277366,0.578097729314775
2020-11-02,3.323205764837834,2.9158603069929527,0.5898778539598413
2020-11-03,3.311429878453707,2.9055278623244805,0.6156195292194242
2020-11-04,3.4009277829483757,2.9840554666143655,0.613438061641147
2020-11-05,3.4079935843116145,2.990255169909948,0.630017431601954
2020-11-06,3.7094608128800983,3.2547697344135726,0.6313263620795126
2020-11-09,3.7989587173747674,3.176242130123687,0.6871727725817137
2020-11-10,3.801313984495847,3.1742729329793606,0.7037521425425207
2020-11-11,3.721236923874861,3.2411409810065623,0.7041884527017069
2020-11-12,3.603476487759144,3.138573425313704,0.6893542817688179
2020-11-13,3.674219941958414,3.076956948525534,0.7111692488133786
2020-11-16,3.6896949276182824,3.063997499878841,0.7251309242543761
2020-11-17,3.6941160509055777,3.060326109434734,0.7281850121510257
2020-11-18,3.7029591408036366,3.053000205610875,0.7290575492517443
2020-11-19,3.716223353988991,3.0639362284084055,0.7308027898884891
2020-11-20,3.6739179428920323,3.029056440685596,0.7281850121510257
2020-11-23,3.804507532750968,2.9213884839164472,0.7364746555226023
2020-11-24,3.7718602390694493,2.9464575439646112,0.7626526825501984
2020-11-25,3.7805659903225193,2.9532582006246297,0.7561081965977128
2020-11-27,3.868028806096974,3.021581377259246,0.7543630391786218
2020-11-30,3.721460212717314,2.9070866424865907,0.7369109656817885
2020-12-01,3.75754968763495,2.878894689739417,0.7648342333461294
2020-12-02,3.7639181565003534,2.8740154059714036,0.7722513396169874
2020-12-03,3.7957617155658387,2.8497006160291436,0.7735601868768922
2020-12-04,3.7299516395087937,2.899108094246656,0.7801046728293778
2020-12-07,3.732074597434869,2.9007581651060304,0.7665793907652204
2020-12-08,3.734199973363884,2.902410115360253,0.7661430806060342
2020-12-09,3.753349750116395,2.917294295679956,0.765706770446848
2020-12-10,3.815690400858442,2.965748619658986,0.7617800622318259
2020-12-11,3.815690400858442,2.965748619658986,0.749127400486041
2020-12-14,3.913471752443539,2.8897479807112743,0.749127400486041
2020-12-15,3.906804697606977,2.8946710028946376,0.7683246314019653
2020-12-16,3.88680395696752,2.8798518428785473,0.7670157009244066
2020-12-17,3.84720996175576,2.909188244029706,0.7709424091394288
2020-12-18,3.9329966716796676,2.974058550169879,0.7630889927093846
2020-12-21,3.9421968742599938,2.981015571350278,0.7460733125893914
2020-12-22,3.8359005947240776,2.9006363121250143,0.7443280719526465
2020-12-23,3.8468476322905816,2.8923583669876267,0.7643979231869432
2020-12-24,3.8665526339924603,2.8775426186160185,0.7665793907652204
2020-12-28,3.851226614358269,2.866136780173935,0.7705060989802426
2020-12-29,3.855605596425957,2.8693956799533273,0.7674520110835928
2020-12-30,3.8402795767917657,2.8579898415112437,0.7683246314019653
2020-12-31,3.859984578493644,2.872654579732719,0.7652705435053156
2021-01-04,3.8268042811301926,2.897347821697745,0.7613438352902936
2021-01-05,3.655033171978975,3.027399063509072,0.7678883212427791
2021-01-06,3.6590082855737114,3.0241065475159736,0.8023559916419517
2021-01-07,3.6411206534850953,3.038890363538478,0.8032286119603241
2021-01-08,3.6888208793588393,3.0787011170238325,0.7993019037453021
2021-01-11,3.6541361540506574,3.049753139867369,0.7888307095777944
2021-01-12,3.618095298002275,3.079832947861173,0.7962478158486523
2021-01-13,3.5860590663819365,3.052562731478506,0.7883943994186082
2021-01-14,3.6608094487134015,3.116192534291268,0.7953751955302799
2021-01-15,3.6485043166604267,3.1057180309951664,0.778795825569473
2021-01-19,3.638318809468952,3.0970478169584323,0.7814136033069364
2021-01-20,3.624137954298494,3.0849766409982697,0.7835950708852136
2021-01-21,3.571876353536888,3.1294633077874043,0.7866492419995171
2021-01-22,3.648258840568651,3.1963850505534315,0.7753054275136371
2021-01-25,3.6104964640470336,3.229470174460992,0.7587259743351762
2021-01-26,3.5015858919447296,3.326887094208817,0.7665793907652204
2021-01-27,3.4399384130922974,3.268315290427999,0.743455534851928
2021-01-28,3.5430969790522786,3.3663271377280646,0.756544506756899
2021-01-29,3.494648067157726,3.412358868687812,0.7338568777851389
2021-02-01,3.4126618723293762,3.49241451768483,0.7438917617934603
2021-02-02,3.4146172241455273,3.494415565349492,0.7613438352902936
2021-02-03,3.467420675574509,3.5484530139023915,0.7617800622318259
2021-02-04,3.48893327571588,3.5704683555499344,0.7735601868768922
2021-02-05,3.510445875857251,3.5924836971974763,0.7783595154102867
2021-02-08,3.549559253458578,3.6325111399623595,0.7831588439436813
2021-02-09,3.5573817797722955,3.624505804102833,0.7918847974744441
2021-02-10,3.551489062638696,3.6185018976415946,0.7901396400553531
2021-02-11,3.574983091436078,3.6424392338651246,0.7914484873152579
2021-02-12,3.4712183888370998,3.7481618664398813,0.7966841260078386
2021-02-16,3.4398129943622324,3.7820728708151017,0.819808065138785
2021-02-17,3.467523905996846,3.8125410059406444,0.812390958867927
2021-02-18,3.437485827140167,3.779514151480403,0.8058463896977875
2021-02-19,3.4706983083959737,3.742997042981797,0.8128271858094593
2021-02-22,3.490994902925971,3.764886036653359,0.8206806022395036
2021-02-23,3.5408136248096813,3.711158713755611,0.825479930772898
2021-02-24,3.494685256828065,3.759506272516347,0.8372600554179644
2021-02-25,3.5352784458880584,3.8031755410418344,0.8263525510912706
2021-02-26,3.478623124388398,3.7422269803286077,0.8167538940244815
2021-03-01,3.4548472003132122,3.7166493591334264,0.8298429491471064
2021-03-02,3.4819085983524016,3.6875372966171773,0.8355148147812196
2021-03-03,3.4331982195235997,3.7391243310236963,0.842059300733705
2021-03-04,3.3953123310896043,3.6978624992889535,0.8302792593062926
2021-03-05,3.421782994317943,3.6690330829236064,0.8394415229962416
2021-03-08,3.425312505839787,3.6652485371000667,0.8459860089487272
2021-03-09,3.4076652848233127,3.646365164880966,0.8468586292670996
2021-03-10,3.4233849358742923,3.6631859448594635,0.8512216476413079
2021-03-11,3.3934170832483495,3.6311189063600557,0.8472949394262859
2021-03-12,3.4211325611093164,3.6607757959173584,0.8547120456971439
2021-03-15,3.4246541368281886,3.664544050705754,0.8477312495854721
2021-03-16,3.3999529780089186,3.6381126269823265,0.8468586292670996
2021-03-17,3.398213831753449,3.6362516571415324,0.8529668050603989
2021-03-18,3.384315219549983,3.6511238382810998,0.8534031152195852
2021-03-19,3.41384981190348,3.6829868437047217,0.8499127171637493
2021-03-22,3.4633513036938726,3.6295828121705633,0.8424956108928913
2021-03-23,3.472450878922941,3.6391191424337546,0.8302792593062926
2021-03-24,3.4997499517366886,3.6677284970110082,0.8324607268845698
2021-03-25,3.5325089779638037,3.702059868018785,0.8390052128370554
2021-03-26,3.4979299672655664,3.665821158200834,0.8468586292670996
2021-03-29,3.461530972096207,3.703967206828959,0.8385689026778692
2021-03-30,3.4347941892277567,3.675357852251705,0.8472949394262859
2021-03-31,3.4740081147697075,3.717318214712498,0.8407504534738003
2021-04-01,3.541741660678197,3.7897956343484003,0.8503490273229355
2021-04-05,3.504309892681055,3.7497422469101007,0.8669284805013964
2021-04-06,3.525699522961799,3.7726299488445125,0.8577661335937935
2021-04-07,3.5203520303974534,3.7669079324139894,0.8630017722863742
2021-04-08,3.5185695328760045,3.7650005936038147,0.8616928418088156
2021-04-09,3.527482020483247,3.774537287654686,0.8612565316496293
2021-04-12,3.518569532876004,3.7650005936038142,0.8634380824455604
2021-04-13,3.5132220403116583,3.7707226100343374,0.8612565316496293
2021-04-14,3.5096678649244715,3.766907932413989,0.862565462127188
2021-04-15,3.5505398650426576,3.8107756336849565,0.8616928418088156
2021-04-16,3.568310403033771,3.8298486579990194,0.871727725817137
2021-04-19,3.4687958648062853,3.7230402311430217,0.8760907441913454
2021-04-20,3.459910765283139,3.7325765614062125,0.8516579578004941
2021-04-21,3.5041099326213763,3.684894182514896,0.8538394253787714
2021-04-22,3.547639207729352,3.730669222596038,0.8429319210520775
2021-04-23,3.5857275396612853,3.7707226100343374,0.8534031152195852
2021-04-26,3.6147470563999358,3.8012393034217653,0.862565462127188
2021-04-27,3.656462568469255,3.845107004692733,0.8695462582388598
2021-04-28,3.687295848246562,3.877531036890335,0.8795811422471812
2021-04-29,3.6365115209839596,3.824126641568496,0.8869982485180392
2021-04-30,3.6709723268385797,3.860365351386447,0.8747818137137867
2021-05-03,3.6020510610692664,3.7878882955382256,0.8830715403030172
2021-05-04,3.545825790630621,3.8470143435029076,0.8664921703422102
2021-05-05,3.5897750441905907,3.8946967223942237,0.8800174524063674
2021-05-06,3.6354823081297027,3.9442864400957145,0.8909249567330613
2021-05-07,3.6319662873714185,3.9404717624753656,0.9022687712189414
2021-05-10,3.591533054569733,3.896604061204398,0.901396150900569
2021-05-11,3.633724297750561,3.850829021123256,0.8913612668922475
2021-05-12,3.5887301892608043,3.898511400014572,0.8808900727247398
2021-05-13,3.5062105864869837,3.9881541413666817,0.8917975770514337
2021-05-14,3.489442418207667,4.007227165680744,0.9123036552272629
2021-05-17,3.49782666226043,4.016855514999999,0.9079406368530545
2021-05-18,3.4559064014752425,3.968714870255642,0.9101221876489856
2021-05-19,3.4307543089693717,3.9975991836454616,0.8992146833222917
2021-05-20,3.448932780250304,4.018781184863849,0.9057591692747773
2021-05-21,3.4654583193735657,4.038037148934414,0.9105584978081718
2021-05-24,3.447280163297087,4.016855514999998,0.9149214329647263
2021-05-25,3.4291016920161543,3.9956735137816097,0.9101221876489856
2021-05-26,3.3811767459862243,4.05151683798137,0.9053228591155911
2021-05-27,3.3940329185121465,4.066921829608205,0.9179756040790298
2021-05-28,3.4133170240433643,4.090029133406472,0.9214660021348657
2021-06-01,3.418138203683834,4.084252123814919,0.9267015576097926
2021-06-02,3.4020679113975985,4.1034541342338215,0.9280104880873512
2021-06-03,3.4068890910380687,4.097638997663122,0.9236474697131429
2021-06-04,3.39724703827246,4.0860420098029016,0.9249564001907016
2021-06-07,3.384463430513924,4.070666513776335,0.927574177928165
2021-06-08,3.427608220993453,4.122558950333774,0.9240837798723291
2021-06-09,3.4849809705692953,4.191564077821942,0.9123036552272629
2021-06-10,3.4815908335790424,4.187486587428955,0.8970331325263606
2021-06-11,3.4832826074049787,4.18952136995904,0.8979057528447331
2021-06-14,3.5069898240430235,4.161007493273814,0.8974694426855468
2021-06-15,3.5476309052739308,4.20922771974188,0.9035776184788462
2021-06-16,3.502570579025764,4.262691335142915,0.8931064243113386
2021-06-17,3.4072508742517567,4.378697128728255,0.8817626098254585
2021-06-18,3.358724292778279,4.316335063002297,0.8577661335937935
2021-06-21,3.3705151488061715,4.331487627148581,0.869982568398046
2021-06-22,3.3552485728182435,4.351106878830051,0.8669284805013964
2021-06-23,3.401047977241656,4.291713930943139,0.8630017722863742
2021-06-24,3.4197071975692066,4.2681682366876785,0.8747818137137867
2021-06-25,3.370515148806172,4.329565288510484,0.8795811422471812
2021-06-28,3.3857817247941004,4.349175833057407,0.8669284805013964
2021-06-29,3.425151526495204,4.399747962045171,0.8630017722863742
2021-06-30,3.391863513980673,4.356988141322376,0.8529668050603989
2021-07-01,3.3781173728719573,4.374645624753756,0.8612565316496293
2021-07-02,3.350625090654526,4.410247996975279,0.8577661335937935
2021-07-06,3.342033875361775,4.421556152621258,0.8507853374821217
2021-07-07,3.4107649086392082,4.512488242000799,0.8486038699038445
2021-07-08,3.3122911722511907,4.382206152938818,0.8311517964070112
2021-07-09,3.3258107148999168,4.364319614618608,0.8551483558563301
2021-07-12,3.2801821375862197,4.424196051381877,0.8586387539121659
2021-07-13,3.293701680234946,4.405961360534191,0.8468586292670996
2021-07-14,3.261592645569975,4.4489133883109835,0.8503490273229355
2021-07-15,3.2920113747811177,4.490405477099775,0.842059300733705
2021-07-16,3.4090913246365524,4.650106154964038,0.8342059675213147
2021-07-19,3.3628726258038144,4.587062418246466,0.8045375424378828
2021-07-20,3.2639118272124215,4.452076823902186,0.8154450467645766
2021-07-21,3.2622153684956574,4.4543908461354595,0.8394415229962416
2021-07-22,3.2859654669639413,4.486820409871076,0.8390052128370554
2021-07-23,3.3385543929179704,4.5586279406184245,0.8451134718480087
2021-07-26,3.3232865880335076,4.537780521721832,0.8586387539121659
2021-07-27,3.321590129316743,4.5400969506896365,0.8547120456971439
2021-07-28,3.363957349529364,4.598006349443806,0.8551483558563301
2021-07-29,3.3351476268553326,4.558627940618425,0.8660558601830239
2021-07-30,3.3402318096458927,4.56557722752184,0.8586387539121659
2021-08-02,3.3691295029539265,4.605075878517878,0.8573298234346073
2021-08-03,3.3759291127785187,4.595781869736349,0.8647469297054653
2021-08-04,3.3997270987181083,4.563384758107607,0.8664921703422102
2021-08-05,3.432024596938438,4.606737035165149,0.8726003461355095
2021-08-06,3.4354240776274922,4.611300089172561,0.8808900727247398
2021-08-09,3.4422236874520844,4.620427067583952,0.8817626098254585
2021-08-10,3.3980271962619604,4.679751121663145,0.8835078504622034
2021-08-11,3.394713588331184,4.675187632457449,0.8948516649480834
2021-08-12,3.4162517238781844,4.704849877096187,0.893979044629711
2021-08-13,3.386429884507288,4.745920409550881,0.8996509934814779
2021-08-16,3.447730367214468,4.8318301203428575,0.8917975770514337
2021-08-17,3.447730367214468,4.8318301203428575,0.8756544340321591
2021-08-18,3.4941124694341155,4.896832430465728,0.8756544340321591
2021-08-19,3.4747006250358923,4.8696276538548116,0.8638743093870929
2021-08-20,3.4380511733466985,4.818265190522457,0.8686736379204874
2021-08-23,3.4448860953777833,4.808686372395019,0.8778359848280902
2021-08-24,3.4671003253045716,4.777677723120511,0.8795811422471812
2021-08-25,3.4329247373814638,4.730583630139387,0.8852530910989482
2021-08-26,3.467100325304572,4.6834895371582626,0.8765270543505316
2021-08-27,3.496149477262446,4.7227302243299185,0.8852530910989482
2021-08-30,3.4926741001730415,4.727424894431359,0.8778359848280902
2021-08-31,3.4579213235696,4.680386110807779,0.8769633645097178
2021-09-01,3.4579213235696,4.680386110807779,0.8856893180404806
2021-09-02,3.4579213235696,4.680386110807779,0.8856893180404806
2021-09-03,3.4732520358087418,4.659635594552886,0.8856893180404806
2021-09-07,3.509342079386379,4.611218016464814,0.8817626098254585
2021-09-08,3.5128515017882314,4.606606692905945,0.8726003461355095
2021-09-09,3.53746597012875,4.574328307513897,0.871727725817137
2021-09-10,3.585606969317885,4.636579856278577,0.8656195500238377
2021-09-13,3.549946894345264,4.682692212347233,0.877399674668904
2021-09-14,3.5749087427782915,4.649765338582073,0.8686736379204874
2021-09-15,3.576691780534891,4.647446200457284,0.8747818137137867
2021-09-16,3.5303338191023546,4.70768234741663,0.8752181238729729
2021-09-17,3.678322552103279,4.905024576696848,0.8638743093870929
2021-09-20,3.6628103995368124,4.925709953930142,0.8276613983511754
2021-09-21,3.7358745423121977,5.023965865672011,0.8311517964070112
2021-09-22,3.810861097557736,5.124807018037034,0.8477312495854721
2021-09-23,3.8031703474792207,5.114464576009534,0.8647469297054653
2021-09-24,3.747411217528922,5.189448883538366,0.8630017722863742
2021-09-27,3.663388756893255,5.073093821542946,0.8756544340321591
2021-09-28,3.6521858333687365,5.088607731173342,0.8560209761747025
2021-09-29,3.663320446993047,5.073093821542945,0.8586387539121659
2021-09-30,3.6987957693351237,5.122221284235584,0.8560209761747025
2021-10-01,3.7212011985903426,5.09119346497479,0.8643106195462791
2021-10-04,3.6493853888313676,5.189448883538364,0.8590750640713521
2021-10-05,3.6675687439166844,5.163592038702172,0.8756544340321591
2021-10-06,3.662113633345494,5.155911755800219,0.8800174524063674
2021-10-07,3.6802426314425873,5.181435680988825,0.8813263828839261
2021-10-08,3.6838685693773954,5.1865406607616125,0.8856893180404806
2021-10-11,3.6874945073122034,5.1916456405344,0.886561938358853
2021-10-12,3.6874945073122034,5.1916456405344,0.8874345586772254
2021-10-13,3.7183142881811246,5.235036994927762,0.8874345586772254
2021-10-14,3.763637475000804,5.298847781574609,0.8948516649480834
2021-10-15,3.752760006984854,5.283533329093912,0.9057591692747773
2021-10-18,3.7219402261159327,5.326924683487274,0.9031413915373139
2021-10-19,3.734423918952798,5.344791625854365,0.9105584978081718
2021-10-20,3.721940226115933,5.326924683487274,0.9136125857048215
2021-10-21,3.702323140295911,5.355001098562272,0.9105584978081718
2021-10-22,3.6987936760818685,5.349896118789484,0.9153577431239125
2021-10-25,3.7164406605638485,5.375420530815756,0.9144851228055401
2021-10-26,3.6934998163490382,5.3422391359679695,0.9188481411797483
2021-10-27,3.658206183973312,5.393287473182846,0.9131762755456353
2021-10-28,3.672056455021229,5.372868040929362,0.9219022290763981
2021-10-29,3.6232118770605415,5.444336297235389,0.9184118310205621
2021-11-01,3.607924037259319,5.421364375095511,0.9306282658248147
2021-11-02,3.646992817199772,5.480070181969569,0.9267015576097926
2021-11-03,3.572252627050473,5.592376815944898,0.936736441618114
2021-11-04,3.546773002045439,5.632265278221648,0.9175392939198436
2021-11-05,3.5434237535750595,5.637583875114366,0.9240837798723291
2021-11-08,3.519979653086233,5.674883417047227,0.9232111595539567
2021-11-09,3.546773002045439,5.718079442786309,0.9171029837606574
2021-11-10,3.5348711314562906,5.698891340951977,0.9101221876489856
2021-11-11,3.5365600717270467,5.6961684447765695,0.9131762755456353
2021-11-12,3.53993795226856,5.690727853874519,0.9136125857048215
2021-11-15,3.524708747933286,5.666245713658601,0.9127399653864491
2021-11-16,3.519632238905406,5.658084827305526,0.9088132571714269
2021-11-17,3.5297849342128003,5.641763573442682,0.9075043266938683
2021-11-18,3.614881003961274,5.505751913951268,0.9048865489564049
2021-11-19,3.614881003961274,5.505751913951268,0.8830715403030172
2021-11-22,3.609522856061717,5.513912800304343,0.8830715403030172
2021-11-23,3.5952770964870253,5.492150955539449,0.8843804707805758
2021-11-24,3.743076979441592,5.2663716215374325,0.8808900727247398
2021-11-26,3.7276097344343215,5.288133466302327,0.8446771616888223
2021-11-29,3.760207158397233,5.241889481321513,0.8481675597446583
2021-11-30,3.756304415134771,5.247330072223562,0.8407504534738003
2021-12-01,3.832248238862487,5.141241143850117,0.8416230737921727
2021-12-02,3.7757769237931527,5.217001540981374,0.8586387539121659
2021-12-03,3.843931818340375,5.31117134948825,0.8459860089487272
2021-12-06,3.8984558082610117,5.235835400045915,0.8612565316496293
2021-12-07,3.9062447374415052,5.225374450085867,0.873472966453882
2021-12-08,3.8614573732643542,5.285286402405387,0.8752181238729729
2021-12-09,3.8711936275935455,5.298612690291594,0.8651832398646515
2021-12-10,4.011397695571089,5.490513981025564,0.8673647074429287
2021-12-13,4.000929698393517,5.504841826135574,0.8359511249404058
2021-12-14,3.9759367288774943,5.470454232670391,0.838132592518683
2021-12-15,4.000619385167579,5.436493596276218,0.8433682312112637
2021-12-16,3.9471406234703235,5.509166579510222,0.8486038699038445
2021-12-17,3.924514887897539,5.477587024043351,0.8372600554179644
2021-12-20,3.8545811527793976,5.57519606133031,0.8324607268845698
2021-12-21,3.8942783293159198,5.632613335347947,0.8472949394262859
2021-12-22,3.9339751272721095,5.690030061793877,0.8560209761747025
2021-12-23,3.981611511967736,5.7589304620720165,0.8647469297054653
2021-12-27,3.9776420971783506,5.753189172727619,0.8752181238729729
2021-12-28,3.9915359953920335,5.77328505436228,0.8743455867722544
2021-12-29,4.013369480345154,5.741705498895409,0.877399674668904
2021-12-30,4.003336209742187,5.756059543613964,0.8726003461355095
2021-12-31,4.0432698918727885,5.813476817631601,0.8747818137137867
2022-01-03,4.137113549793139,5.678546935533373,0.8835078504622034
2022-01-04,4.105166756422985,5.722396678454081,0.9040139286380324
2022-01-05,4.147097160743699,5.7808455602286575,0.8970331325263606
2022-01-06,4.199010795179154,5.70848055610425,0.9061954794339635
2022-01-07,4.197014072989043,5.71119506443828,0.9175392939198436
2022-01-10,4.2349506520937155,5.762818242148993,0.9171029837606574
2022-01-11,4.286864286529171,5.692175426183005,0.9253926271322339
2022-01-12,4.3048344054043595,5.668314379452796,0.936736441618114
2022-01-13,4.3048344054043595,5.668314379452796,0.9406631498331361
2022-01-14,4.238944096473939,5.755074275514768,0.9406631498331361
2022-01-18,4.274884334224316,5.8038691482532725,0.9262652474506063
2022-01-19,4.321593192923645,5.867284221682235,0.9184118310205621
2022-01-20,4.365182560228143,5.808104378600852,0.9083769470122407
2022-01-21,4.443548458474656,5.703834440182795,0.8992146833222917
2022-01-24,4.410617105647118,5.746105833456629,0.8830715403030172
2022-01-25,4.384659392549611,5.779923270581653,0.8896160262555026
2022-01-26,4.38893512117029,5.7855595996874785,0.8948516649480834
2022-01-27,4.38893512117029,5.7855595996874785,0.8957242852664559
2022-01-28,4.442380505661013,5.856012100980513,0.8957242852664559
2022-01-31,4.525755174984645,5.965917830994468,0.9066317895931497
2022-02-01,4.553546595507213,5.92928276682646,0.9236474697131429
2022-02-02,4.532168767915663,5.957119351359455,0.9293193353472561
2022-02-03,4.525755174984644,5.965549429875416,0.9249564001907016
2022-02-04,4.485136568600036,6.019090174964628,0.9236474697131429
2022-02-07,4.556529221883132,5.923280646900454,0.9319371963023734
2022-02-08,4.585926055410823,5.885066100995981,0.9467714088440893
2022-02-09,4.537631143043382,5.947042405932006,0.9528795846373886
2022-02-10,4.674117356997536,6.125921930649405,0.9428447006290672
2022-02-11,4.718717460200271,6.184375052266009,0.9144851228055401
2022-02-14,4.611887308863252,6.044362913728174,0.9057591692747773
2022-02-15,4.609714914625838,6.04721006464129,0.9262652474506063
2022-02-16,4.724848908815966,6.198247484816636,0.9258289372914201
2022-02-17,4.7476853844598725,6.228205295204565,0.9027050813781277
2022-02-18,4.83991813475672,6.349199939388525,0.8983420630039193
2022-02-22,4.897450537621834,6.273726611407861,0.8808900727247398
2022-02-23,5.098749642074624,6.531594565102662,0.8704188785572322
2022-02-24,4.976144833120269,6.6886536403734915,0.8346421944628472
2022-02-25,5.20221761667225,6.992527944157803,0.8547120456971439
2022-02-28,5.485975056987876,6.611117173410589,0.8158813569237628
2022-03-01,5.352549100654554,6.771908030483549,0.771378719298615
2022-03-02,5.470772608961879,6.6223346757616985,0.7901396400553531
2022-03-03,5.112438576229709,6.188573658793005,0.7726875665585198
2022-03-04,5.325585442389954,5.930560763047595,0.7220767531400726
2022-03-07,5.0737446954082905,6.211010089932451,0.6919720595062813
2022-03-08,5.394480870210029,6.6036383630307744,0.7246946140951899
2022-03-09,5.296732724846638,6.723296476233363,0.7705060989802426
2022-03-10,5.339497392786895,6.669014042853011,0.756544506756899
2022-03-11,5.528862877659751,6.905530887969325,0.7504363309635996
2022-03-14,5.575428141411783,6.963690743668659,0.777050584932728
2022-03-15,5.299139804545414,7.308773934631059,0.7835950708852136
2022-03-16,5.293517246471155,7.316528779269021,0.8224258428762484
2022-03-17,5.27946138748216,7.297101224389722,0.821553222557876
2022-03-18,5.315813377957804,7.34734577297905,0.8237346901361532
2022-03-21,5.440557949971247,7.174927849564823,0.8180628245020402
2022-03-22,5.310143047240715,7.34691710621901,0.8372600554179644
2022-03-23,5.301637551165083,7.358684995343468,0.8171902041836677
2022-03-24,5.287507602897721,7.378297395719115,0.8184991346612264
2022-03-25,5.290318676143053,7.374374766010963,0.8206806022395036
2022-03-28,5.107408285109637,7.119409072136844,0.8202442920803173
2022-03-29,5.060141703417322,7.185295743365034,0.8486038699038445
2022-03-30,4.965608540032695,7.319530864886567,0.8407504534738003
2022-03-31,4.905212574916459,7.230504489323748,0.8250436206137118
2022-04-01,4.933403120287442,7.272058624185039,0.8350785046220334
2022-04-04,5.013768947250367,7.3905214764608225,0.8302792593062926
2022-04-05,5.083404690928829,7.493167702204279,0.8167538940244815
2022-04-06,5.064128066307687,7.464753088416711,0.8054100795386013
2022-04-07,5.034066139783526,7.420440453363507,0.808464250652905
2022-04-08,5.063773262333899,7.464230091362838,0.8132634959686456
2022-04-11,5.1184283340171435,7.544794131174454,0.808464250652905
2022-04-12,5.062580566634973,7.462472004129355,0.7997382139044883
2022-04-13,5.062580566634973,7.462472004129355,0.808464250652905
2022-04-14,5.048919756456058,7.482608654237352,0.808464250652905
2022-04-18,5.029795143312203,7.454265562502498,0.8062826998569739
2022-04-19,4.970142252911832,7.365858684300616,0.8093367877536235
2022-04-20,4.927775604926299,7.428646976085648,0.8189354448204126
2022-04-21,4.83774635169447,7.5643665366742585,0.8119546487087408
2022-04-22,4.906592280933532,7.672014975733036,0.7971204361670248
2022-04-25,5.094574027253438,7.965945812117178,0.7857766216811447
2022-04-26,5.1122225102918355,7.993541222213855,0.7556718864385266
2022-04-27,5.026327988975855,7.859235370792216,0.7530541087010632
2022-04-28,5.112247910768478,7.993580938747456,0.765706770446848
2022-04-29,5.118175290386841,7.98431280669262,0.7526177985418769
2022-05-02,5.204120033788959,7.850239689520898,0.7534904188602494
2022-05-03,5.254501630012971,7.774240749501985,0.7661430806060342
2022-05-04,5.0589026247352855,8.06363713082694,0.7735601868768922
2022-05-05,5.144847368137404,8.20062874254688,0.7447643821118327
2022-05-06,5.288952519770698,8.430325128828771,0.7321117203660479
2022-05-09,5.204640508077686,8.564714248069441,0.7116055589725648
2022-05-10,5.198358359944067,8.554376396003581,0.722949373458445
2022-05-11,5.210922057112684,8.533701677743698,0.7220767531400726
2022-05-12,5.06889244295365,8.766297433994527,0.7203315957209815
2022-05-13,5.083836454552492,8.792142064159176,0.7399650535784382
2022-05-16,5.233273150206396,9.050582450574653,0.7421466043743693
2022-05-17,5.110735105374656,8.83866141258371,0.763961613027757
2022-05-18,5.059926606050098,8.926531183399845,0.7460733125893914
2022-05-19,5.0540666844699516,8.916193331333986,0.7534904188602494
2022-05-20,4.904988292942409,9.179191792448131,0.7543630391786218
2022-05-23,4.9601007335516805,9.076054408159099,0.7766142747735418
2022-05-24,4.957345058962098,9.081096776016075,0.7853403115219585
2022-05-25,4.882943421816939,8.944804373697265,0.7849040013627723
2022-05-26,4.834809177837418,8.856629811987428,0.7966841260078386
2022-05-27,4.792858597126104,8.93347684981079,0.8045375424378828
2022-05-31,4.871516311027594,9.080088073980713,0.797556746326211
2022-06-01,4.787524276273609,8.923534133813742,0.7844676912035861
2022-06-02,4.863433863683747,9.065023086192555,0.7979930564853973
2022-06-03,4.801290110220196,8.94919246618222,0.7853403115219585
2022-06-06,4.801290110220196,8.94919246618222,0.7953751955302799
2022-06-07,4.904005428899861,9.140644999769574,0.7953751955302799
2022-06-08,5.198135712950222,9.688878591507025,0.7783595154102867
2022-06-09,5.412012655116861,9.290230337477654,0.7316754102068617
2022-06-10,5.563468169675208,9.03024265714621,0.7015706749642434
2022-06-13,5.5848252024493945,8.995577375975241,0.6819371754979598
2022-06-14,5.369610217376191,9.342227983741136,0.6793193561516695
2022-06-15,5.233460597128859,9.105350307195021,0.7054973831792656
2022-06-16,5.233460597128859,9.105350307195021,0.6876090827408999
2022-06-17,5.100631776567777,9.336450345048315,0.6876090827408999
2022-06-21,5.069068340416194,9.278675060092015,0.7050610730200794
2022-06-22,5.166914450665877,9.0995726685022,0.700698054645871
2022-06-23,5.022568728905687,9.353783261126775,0.6871727725817137
2022-06-24,5.034978076702347,9.330672706355493,0.706370003497638
2022-06-27,5.069271641480515,9.267120884678278,0.7046247628608932
2022-06-28,5.113517561937459,9.348006724405858,0.6998255175451524
2022-06-29,5.123165622634444,9.36564431637273,0.6937172585341993
2022-06-30,5.165132360003377,9.442363588062788,0.6924083696654675
2022-07-01,5.371868956269124,9.820298164147582,0.6867364624225275
2022-07-05,5.40742050054606,9.75530648846868,0.6592495465261997
2022-07-06,5.2957417902373365,9.956781488829478,0.6548865697608183
2022-07-07,5.319939268499862,10.00227634359842,0.6684118518249756
2022-07-08,5.205866525578353,9.78780263621436,0.6714659813304522
2022-07-11,5.205866525578353,9.78780263621436,0.6570680789479225
2022-07-12,5.226607174137458,9.748807134957048,0.6570680789479225
2022-07-13,5.390374291970743,9.44334433784757,0.6544502596016321
2022-07-14,5.31988743628823,9.566829575318675,0.6339441398169761
2022-07-15,5.2512205638531,9.690314192977311,0.6422338664062065
2022-07-18,5.455493371201727,10.067268019277321,0.65052355138661
2022-07-19,5.3322254831141835,9.83979622468247,0.6758289580958337
2022-07-20,5.233611105468372,10.021773784320844,0.6605584770037584
2022-07-21,5.301491858884889,9.891789813150577,0.6727748701991839
2022-07-22,5.200477902914645,10.08026672630058,0.6640488750595942
2022-07-25,5.0764175418227175,9.83979622468247,0.6767015784142061
2022-07-26,4.949004120217791,10.086766079812211,0.6605584770037584
2022-07-27,4.971325561447243,10.041271844855734,0.6771378885733923
2022-07-28,4.875661764010287,10.234497209781551,0.6801919764700419
2022-07-29,4.887935287003042,10.260260550821892,0.6932809899838399
2022-08-01,4.798952172149592,10.073476174717786,0.6950261890117579
2022-08-02,4.694627373023099,10.292464266437443,0.6823734856571461
2022-08-03,4.7269435113959934,10.36331391498326,0.6972076565900351
2022-08-04,4.72400562969449,10.35687292616155,0.7020069851234296
2022-08-05,4.700503136426106,10.408399608242233,0.7015706749642434
2022-08-08,4.715046550587069,10.440603323857784,0.7050610730200794
2022-08-09,4.813943320309543,10.659592029823942,0.7072425405983566
2022-08-10,4.822669701683534,10.678914996289075,0.7220767531400726
2022-08-11,4.866300498962111,10.775527371628733,0.7233856836176312
2022-08-12,4.939018679358301,10.936548406692497,0.7299301695701167
2022-08-15,4.927030495227916,10.910002777983246,0.7190226652434228
2022-08-16,4.995627028344494,11.061897183261788,0.7207679058801677
2022-08-17,5.029360729469265,10.987200106931658,0.7107330218718463
2022-08-18,5.1412626391192875,10.742737890000496,0.7059336933384518
2022-08-19,5.261507052823396,10.491485559623282,0.6902268604783633
2022-08-22,5.258101468652445,10.498276320671952,0.6740837590679156
2022-08-23,5.268304679493698,10.47790468512856,0.674520069227102
2022-08-24,5.220504327904352,10.572972749399463,0.6732111803583701
2022-08-25,5.371385894883812,10.8785498729608,0.6793193561516695
2022-08-26,5.403358484421309,10.943303256288306,0.6596858566853859
2022-08-29,5.399805899185326,10.95049822913589,0.663612564900408
2022-08-30,5.392710065550379,10.93610828344072,0.6640488750595942
2022-08-31,5.311110008836312,10.770628024848541,0.6631762547412218
2022-09-01,5.314657925653786,10.763433052000957,0.6531413707329004
2022-09-02,5.346631189226085,10.828186435328462,0.6527050605737141
2022-09-06,5.399919735979705,10.936108283440719,0.6566317687887363
2022-09-07,5.350183510556093,11.036835844855771,0.6631762547412218
2022-09-08,5.503643645901737,11.35340710249534,0.6692844721433481
2022-09-09,5.653615967744566,11.662783387287323,0.6884816614504454
2022-09-12,5.4896927245066784,11.324627897255379,0.7072425405983566
2022-09-13,5.465278362603175,11.374992021038091,0.6867364624225275
2022-09-14,5.430710070731099,11.446939691062806,0.6897905919280041
2022-09-15,5.393162852062127,11.367797048190507,0.6941535686933855
2022-09-16,5.3760958161120005,11.403771226278051,0.6893542817688179
2022-09-19,5.488027119989288,11.16634261151078,0.691535790955922
2022-09-20,5.579965796872068,10.979277434375847,0.6771378885733923
2022-09-21,5.616531897783334,10.907329078200757,0.6657940740875122
2022-09-22,5.372012753137364,10.432471848666216,0.6614310557133039
2022-09-23,5.486862836424181,10.209432493443737,0.6326352509482444
2022-09-26,5.5603301843712885,10.072731440091518,0.6191099272752602
2022-09-27,5.512670256814484,10.1590690558114,0.6108202422948567
2022-09-28,5.602465699154671,9.993588797219221,0.6160558393786104
2022-09-29,5.594398994122904,10.007978056764014,0.606020955370289
2022-09-30,5.7070108015759535,10.209432493443739,0.6068935340798345
2022-10-03,6.024737260269621,10.777822311545744,0.6191099272752602
2022-10-04,5.90408194406116,10.993666007770262,0.6535776392832596
2022-10-05,5.739185987259292,11.300709692510262,0.6404886673782886
2022-10-06,5.815601429982141,11.150244324049893,0.6226003669399229
2022-10-07,5.848644588591826,11.086890723193264,0.6143106403506925
2022-10-10,5.9739727666002524,10.849314342363652,0.6108202422948567
2022-10-11,6.004496582393842,10.793880130422723,0.5977312287810586
2022-10-12,5.735770183052195,11.276951525763154,0.5946771408844089
2022-10-13,5.6471560312184295,11.45117355050164,0.6212914364623643
2022-10-14,5.844524438666183,11.851392682853593,0.6116928626132291
2022-10-17,5.941194632012038,12.047418284952121,0.6330715611074306
2022-10-18,5.864664158313204,11.892231544691578,0.6435427552749382
2022-10-19,5.868691794936047,11.900398693909974,0.6352530702945347
2022-10-20,6.005641427575942,12.178102019684474,0.635689338844894
2022-10-21,5.969390009037946,12.251611815205548,0.65052355138661
2022-10-24,6.072859526946933,12.46397327361387,0.6544502596016321
2022-10-25,6.088777885123425,12.49664420729696,0.6657940740875122
2022-10-26,6.076839211371955,12.47214120176877,0.6675392731154302
2022-10-27,6.128573590802853,12.578321152036429,0.6662303842466984
2022-10-28,6.196226707933839,12.439469489149179,0.6719022498808115
2022-10-31,6.1433370030524035,12.545650218353341,0.6644851436099535
2022-11-01,6.031349193231136,12.316953682571723,0.6701570508528936
2022-11-02,6.027349533237519,12.308785754416826,0.657940657657468
2022-11-03,5.73938049798283,12.896863339648913,0.6575043474982818
2022-11-04,5.761189569486998,12.945870129641795,0.6889179716096316
2022-11-07,5.826616437356072,13.092889720683942,0.691535790955922
2022-11-08,5.732111038577061,12.880528262275618,0.6993892073859662
2022-11-09,6.011992331889492,13.509444709345688,0.6880453929000862
2022-11-10,6.161019889463776,13.174567444359912,0.7216405261985401
2022-11-11,6.110131940406239,13.283384933832748,0.7395288266369058
2022-11-14,6.113766843430839,13.27548267958622,0.7334205676259526
2022-11-15,6.139210471316176,13.220234180592419,0.7338568777851389
2022-11-16,6.153750083414576,13.188924441704348,0.7369109656817885
2022-11-17,6.190098420373713,13.266827421714492,0.7386562063185333
2022-11-18,6.153750083414576,13.344730401724634,0.7430192246927417
2022-11-21,6.084688312520902,13.494494480725121,0.7386562063185333
2022-11-22,6.145108722955867,13.628493603319452,0.7469459329077638
2022-11-23,6.198420690304731,13.746727769507627,0.7543630391786218
2022-11-25,6.066917204805651,13.455082089709732,0.7609075251311074
2022-11-28,6.155770709686573,13.652139534499689,0.7447643821118327
2022-11-29,6.223299563207639,13.801903613500174,0.7556718864385266
2022-11-30,6.251732657653596,13.864961935695801,0.763961613027757
2022-12-01,6.262395322282746,13.888609370305032,0.7674520110835928
2022-12-02,6.319262189073106,13.762491222484785,0.7687609415611515
2022-12-05,6.322880861383069,13.7546102477107,0.7617800622318259
2022-12-06,6.359115272298903,13.675786969108918,0.7613438352902936
2022-12-07,6.344454851653742,13.707315378492234,0.7569808169160852
2022-12-08,6.311619778348581,13.778256178890938,0.7587259743351762
2022-12-09,6.326063175156709,13.809786091703247,0.7626526825501984
2022-12-12,6.398278093100157,13.967431145477818,0.7643979231869432
2022-12-13,6.358560129275934,14.054135398853685,0.773123876717706
2022-12-14,6.206907906285908,14.38932777450268,0.7683246314019653
2022-12-15,6.228573001498101,14.339102096760895,0.7500000208044134
2022-12-16,6.23220845267224,14.347471446456439,0.7473821598492961
2022-12-19,6.294093724897582,14.205002338923848,0.7469459329077638
2022-12-20,6.406943093896592,13.950315068501434,0.7543630391786218
2022-12-21,6.374180261875308,13.878978110683173,0.7678883212427791
2022-12-22,6.3996623102621415,13.934462075247454,0.763961613027757
2022-12-23,6.388741134810466,13.958241565128422,0.7670157009244066
2022-12-27,6.356089933388049,13.88690460731016,0.7683246314019653
2022-12-28,6.421392336232884,14.029578522946682,0.7643979231869432
2022-12-29,6.35971792154254,13.894831103937152,0.7722513396169874
2022-12-30,6.457670833841804,14.108840465567285,0.7648342333461294
2023-01-03,6.657206030530795,14.54478870910384,0.7766142747735418
2023-01-04,6.61367086464491,14.639905156803067,0.8006108342228607
2023-01-05,6.75878693098455,14.961131521316856,0.7953751955302799
2023-01-06,6.7914381324069675,14.888855397835236,0.8128271858094593
2023-01-09,6.834973298292853,14.793413346099134,0.8167538940244815
2023-01-10,6.860368523406292,14.848378017609141,0.8219895327170622
2023-01-11,6.75153164664356,15.083941323416303,0.8250436206137118
2023-01-12,6.786677704548113,15.00541972225559,0.838132592518683
2023-01-13,6.77964902925144,15.020960201339685,0.8424956108928913
2023-01-17,6.765590337947501,15.0521085751933,0.8416230737921727
2023-01-18,6.740988298520903,15.106843276841328,0.8398778331554279
2023-01-19,6.66015283458914,14.925687542585589,0.8368237452587782
2023-01-20,6.67730907173772,14.887239680885429,0.8468586292670996
2023-01-23,6.69789734167821,14.841337580813986,0.8490400968453768
2023-01-24,6.749366707592445,14.95538445188953,0.8516579578004941
2023-01-25,6.821423688978674,14.7957191224207,0.8582024437529797
2023-01-26,6.79397331685985,14.85525918534514,0.8673647074429287
2023-01-27,6.749366707592445,14.757725281230107,0.8638743093870929
2023-01-30,6.81456158680034,14.900276154338066,0.8582024437529797
2023-01-31,6.701328720001626,15.147863759726548,0.8664921703422102
2023-02-01,6.651541858928958,15.260403320172559,0.8808900727247398
2023-02-02,6.558605920672169,15.047183598968605,0.8743455867722544
2023-02-03,6.631626608040461,14.879654751734407,0.8621291519680018
2023-02-06,6.550173752692533,15.062413890291857,0.8525305781188666
2023-02-07,6.550173752692533,15.062413890291857,0.8630017722863742
2023-02-08,6.58328838149735,15.138562442027068,0.8630017722863742
2023-02-09,6.510435313857272,14.97103359479287,0.8673647074429287
2023-02-10,6.434270657012501,14.795889601897045,0.8577661335937935
2023-02-13,6.473090058842054,14.88515653120406,0.8678010176021149
2023-02-14,6.431035655442249,14.788450572883983,0.8730366562946957
2023-02-15,6.411625646020743,14.833084746962346,0.8673647074429287
2023-02-16,6.4180560981416095,14.847961386138762,0.869982568398046
2023-02-17,6.463072329488446,14.74381781765533,0.8708551054987645
2023-02-21,6.547855392597457,14.550407319864881,0.8647469297054653
2023-02-22,6.49764190395237,14.661989917361373,0.8534031152195852
2023-02-23,6.5701673643121845,14.498335535623166,0.8599476011720707
2023-02-24,6.438696800327523,14.788450572883985,0.8503490273229355
2023-02-27,6.464607025404854,14.84796138613876,0.8673647074429287
2023-02-28,6.4808013021709945,14.88515653120406,0.8708551054987645
2023-03-01,6.422503141309876,14.751256846668388,0.8730366562946957
2023-03-02,6.325339951707007,14.974422041661368,0.8651832398646515
2023-03-03,6.350477891828618,15.033932854916145,0.8782722117696226
2023-03-06,6.1965079336667825,14.669428946374431,0.8817626098254585
2023-03-07,6.2279305086527375,14.743817817655327,0.8603839113312569
2023-03-08,6.347335574396446,14.461141809407568,0.8647469297054653
2023-03-09,6.197141100145808,14.118953569055329,0.8481675597446583
2023-03-10,6.383251143405036,14.542968290851817,0.8280977085103616
2023-03-13,6.265363778888322,14.274385375102064,0.8032286119603241
2023-03-14,5.907820454548417,15.088976734844064,0.8180628245020402
2023-03-15,5.814258096684972,15.327941383807246,0.771378719298615
2023-03-16,6.0020236548358135,15.822941678148306,0.7835950708852136
2023-03-17,5.870793763591681,16.168898814440606,0.75828966417599
2023-03-20,6.1154100915957095,16.842602714650077,0.7748691173544509
2023-03-21,6.029463711945916,17.079309771989262,0.8071553201753463
2023-03-22,5.917072340903751,16.7609452982261,0.7958115056894661
2023-03-23,5.893933052247716,16.69539998644706,0.7809772931477502
2023-03-24,5.82782025851762,16.882673836652142,0.7779232052511005
2023-03-27,5.8310526231459,16.892037707759975,0.7866492419995171
2023-03-28,5.960344125724525,17.26658362219434,0.7870855521587033
2023-03-29,6.0282219333868605,17.46321955753146,0.8045375424378828
2023-03-30,6.04438375652826,17.51003891307063,0.8136998061278318
2023-03-31,6.086403263674871,17.631765665520877,0.8158813569237628
2023-04-03,6.105796834934036,17.68794710619208,0.821553222557876
2023-04-04,6.083170899046592,17.62240179441304,0.8241710002953394
2023-04-05,5.963575873842291,17.968857881499705,0.8211169123986898
2023-04-06,5.951144999004788,17.93140239706837,0.8372600554179644
2023-04-10,5.982221593361808,18.02503932217091,0.8355148147812196
2023-04-11,6.031943907238344,18.17485768794466,0.8398778331554279
2023-04-12,6.103419659343772,18.390221365497442,0.8468586292670996
2023-04-13,6.150034847247669,18.530677646139154,0.8568935132754211
2023-04-14,6.050589626757861,18.231039128615862,0.8634380824455604
2023-04-17,5.972898437233682,18.465130548384316,0.8494764070045631
2023-04-18,6.0092449306455,18.577495215702523,0.8603839113312569
2023-04-19,5.985014127606926,18.50258603281565,0.8656195500238377
2023-04-20,5.994100895386859,18.53067764613915,0.8621291519680018
2023-04-21,6.0334757336840745,18.652404398589397,0.8634380824455604
2023-04-24,5.857802267227434,18.109312376165615,0.8691099480796736
2023-04-25,5.791167703298334,18.31531218261057,0.8438045413704499
2023-04-26,5.874068060030256,18.577495215702523,0.8534031152195852
2023-04-27,5.853343112025395,18.64304052748156,0.8656195500238377
2023-04-28,5.856303899556444,18.652470707957605,0.862565462127188
2023-05-01,5.957070306256173,18.973414170173626,0.8621291519680018
2023-05-02,5.960137868887158,18.963643908400908,0.8472949394262859
2023-05-03,6.006197550172529,18.817093708783915,0.8468586292670996
2023-05-04,5.87522125737238,19.227435385803634,0.8403141433146141
2023-05-05,5.869250367494934,19.24697590934907,0.8586387539121659
2023-05-08,5.836411042584381,19.13928622909056,0.8577661335937935
2023-05-09,5.860294032678766,19.06096697088757,0.8529668050603989
2023-05-10,5.890392670677529,18.96306929859264,0.8494764070045631
2023-05-11,5.911680069051796,18.89453831379642,0.8451134718480087
2023-05-12,5.972941238523448,19.090337392943095,0.842059300733705
2023-05-15,5.896365068798788,18.845589477648954,0.8507853374821217
2023-05-16,5.942310653787622,18.69874110192815,0.8398778331554279
2023-05-17,5.951500004477314,18.669824860510875,0.8464223191079134
2023-05-18,6.003571823259275,18.506475833190684,0.8477312495854721
2023-05-19,6.02501305730541,18.44038156607935,0.8551483558563301
2023-05-22,5.9668150047303214,18.262258417518513,0.8582024437529797
2023-05-23,6.089336759443816,17.887263726955492,0.8499127171637493
2023-05-24,6.092528308792689,17.896638817734033,0.8324607268845698
2023-05-25,6.031826491752496,17.718328855090004,0.8320244167253836
2023-05-26,5.987981631042458,17.84712195975379,0.8403141433146141
2023-05-30,5.884632604124921,18.155152745662875,0.8342059675213147
2023-05-31,5.781283577207383,17.836302360935665,0.819808065138785
2023-06-01,5.878041364822251,17.537787138039853,0.8342059675213147
2023-06-02,5.823614965108412,17.70017432683774,0.8481675597446583
2023-06-05,5.871993858915846,17.553132522174884,0.8403141433146141
2023-06-06,6.101793892862108,18.24007303103362,0.8472949394262859
2023-06-07,6.03639392266645,18.044573108626924,0.814136116287018
2023-06-08,6.084403905163966,18.188089196247933,0.8228621530354346
2023-06-09,6.084403905163966,18.188089196247933,0.8163175838652953
2023-06-12,6.116923559963801,18.090878295829473,0.8163175838652953
2023-06-13,6.168954759539208,17.936995369244354,0.8206806022395036
2023-06-14,6.227490014126746,17.766796910769575,0.8276613983511754
2023-06-15,6.217734551869373,17.738964940536906,0.8355148147812196
2023-06-16,6.17545881455134,17.859576043481866,0.8342059675213147
2023-06-20,6.178710842057406,17.86898098557349,0.8285340186695478
2023-06-21,6.250328975642906,18.07610235764848,0.8280977085103616
2023-06-22,6.3336222712104115,18.31698858015795,0.8184991346612264
2023-06-23,6.3062484574765145,18.237822849697782,0.8075916303345325
2023-06-26,6.207872675712892,17.953317712831762,0.8110820283903684
2023-06-27,6.191432585069262,18.000862852039845,0.8237346901361532
2023-06-28,6.217737106388625,17.924385546642018,0.821553222557876
2023-06-29,6.306515101022446,17.668457871243955,0.8250436206137118
2023-06-30,6.339395909458963,17.576338345748987,0.8368237452587782
2023-07-03,6.198008872186417,17.184334684785433,0.8411867636329865
2023-07-05,6.293363153937392,17.448709893828664,0.8224258428762484
2023-07-06,6.2255464799901645,17.636735507594366,0.8097730979128097
2023-07-07,6.212272722978866,17.599131460728312,0.8184991346612264
2023-07-10,6.294882735945417,17.833162473692866,0.8202442920803173
2023-07-11,6.44358101139096,18.25441901123503,0.8311517964070112
2023-07-12,6.562539631747395,18.59142424126876,0.8507853374821217
2023-07-13,6.509669273869953,18.74120394672488,0.8664921703422102
2023-07-14,6.5526262032962315,18.864876062992675,0.8595113742305384
2023-07-17,6.605496561173673,19.017088735869127,0.8651832398646515
2023-07-18,6.608801037324061,19.026602254738677,0.8721640359763232
2023-07-19,6.6187144657752235,19.05514281134733,0.8726003461355095
2023-07-20,6.625322787811617,19.074168034568245,0.8739092766130682
2023-07-21,6.62201894192561,19.06465633021688,0.8747818137137867
2023-07-24,6.60880166758844,19.1027085911769,0.8743455867722544
2023-07-25,6.645005463399659,19.207355484223783,0.8760907441913454
2023-07-26,6.556141943364901,18.950495918300447,0.8808900727247398
2023-07-27,6.631840218467059,19.169301408745575,0.8691099480796736
2023-07-28,6.60880166758844,19.102708591176903,0.879144832087995
2023-07-31,6.536394703719432,18.893416619601325,0.8760907441913454
2023-08-01,6.681209259210879,18.47483086193198,0.8664921703422102
2023-08-02,6.657126735659687,18.541423679500657,0.8472949394262859
2023-08-03,6.622969977277124,18.446290305323327,0.8503490273229355
2023-08-04,6.710870625391316,18.201469495519948,0.8547120456971439
2023-08-07,6.6060662793006335,18.48572368768838,0.8660558601830239
2023-08-08,6.589162581324142,18.43842215045242,0.8525305781188666
2023-08-09,6.518528681439421,18.240767646085107,0.8547120456971439
2023-08-10,6.475730535445859,18.360529493413427,0.8638743093870929
2023-08-11,6.485607320491162,18.388532975357556,0.8582024437529797
2023-08-14,6.587976712962934,18.678779186099764,0.8568935132754211
2023-08-15,6.625466700664334,18.785073915494625,0.8433682312112637
2023-08-16,6.701304274903291,19.000094909790434,0.8385689026778692
2023-08-17,6.715412606809788,19.04009602513244,0.828970328828734
2023-08-18,6.694160813662057,18.979841174696485,0.8272250881919891
2023-08-21,6.651926066224137,19.09958864129292,0.8298429491471064
2023-08-22,6.697680431890095,18.968214727322295,0.8246073104545256
2023-08-23,6.627289409926408,19.167566134583467,0.8302792593062926
2023-08-24,6.655445684452175,19.086132048836767,0.821553222557876
2023-08-25,6.73991450802948,18.84389686320937,0.8250436206137118
2023-08-28,6.838461804518936,18.568371841492386,0.8355148147812196
2023-08-29,6.834942186290898,18.57792860759951,0.8477312495854721
2023-08-30,6.768070782555248,18.7596905202288,0.8472949394262859
2023-08-31,6.778628965940825,18.788955617940218,0.8390052128370554
2023-09-01,6.866892360427574,19.03360346782738,0.8376963655771507
2023-09-05,6.92487134119957,19.19430919489578,0.8267888612504568
2023-09-06,6.965410991919253,19.306676710799962,0.819808065138785
2023-09-07,6.950496135030483,19.265335816418656,0.8150087366053904
2023-09-08,7.054456806062515,18.977178366903935,0.8167538940244815
2023-09-11,7.069308633998861,19.01713123578824,0.828970328828734
2023-09-12,7.080446796776987,19.04709398239383,0.8307155694654789
2023-09-13,7.188120424793104,19.336746566632137,0.8320244167253836
2023-09-14,7.176981553840844,19.306781914968905,0.8446771616888223
2023-09-15,7.110149744475549,19.126997815104804,0.8433682312112637
2023-09-18,7.054456806062513,19.276817263305677,0.8355148147812196
2023-09-19,7.054456806062513,19.276817263305677,0.842059300733705
2023-09-20,7.006940044367965,19.406660277064397,0.842059300733705
2023-09-21,7.043491774914841,19.507895197410573,0.836387435099592
2023-09-22,7.080426849673208,19.61019184096752,0.8320244167253836
2023-09-25,7.128948177118848,19.744578165378357,0.8276613983511754
2023-09-26,7.178139836888356,19.88082106507023,0.8219895327170622
2023-09-27,7.0822266863253835,19.615176729983524,0.8163175838652953
2023-09-28,7.063550212269216,19.666903729913084,0.8272250881919891
2023-09-29,6.925342594345216,20.051712478314222,0.8250436206137118
2023-10-02,6.988843603582729,20.235573993028755,0.8089005608120912
2023-10-03,6.966016882591283,20.169481256112476,0.8014834545412332
2023-10-04,7.0264922824734946,19.994380123723833,0.8041012322786966
2023-10-05,7.158782490062194,20.37082125406884,0.8110820283903684
2023-10-06,7.102086892788075,20.53215258094838,0.8263525510912706
2023-10-09,6.984915895631745,20.870894253359996,0.819808065138785
2023-10-10,7.047085330786113,21.056656219042274,0.8333333472029423
2023-10-11,6.96297394720137,21.30798061843824,0.8407504534738003
2023-10-12,7.072685084397178,21.6437168717578,0.8307155694654789
2023-10-13,6.967009699965703,21.32033076398457,0.8176265143428539
2023-10-16,6.967009699965703,21.32033076398457,0.8298429491471064
2023-10-17,6.8571195405127146,20.98404666963972,0.8298429491471064
2023-10-18,6.923052797792323,20.782278778667056,0.8167538940244815
2023-10-19,7.0201399187794395,20.490833418779605,0.8089005608120912
2023-10-20,7.0162994919012505,20.479623735165255,0.797556746326211
2023-10-23,7.039316855699069,20.546808288860383,0.7979930564853973
2023-10-24,7.093376103537039,20.704599879200217,0.7953751955302799
2023-10-25,7.073770609320963,20.761825649729342,0.7892670197369807
2023-10-26,7.132588587772518,20.934458985064193,0.7870855521587033
2023-10-27,7.244222448603828,21.26210924165179,0.780540982988564
2023-10-30,7.2482094536810315,21.273811275665786,0.7927574177928165
2023-10-31,7.308013008952159,21.449337322006194,0.7931937279520027
2023-11-01,7.4116728596290615,21.753583510565793,0.7997382139044883
2023-11-02,7.49938468999715,22.011021563069406,0.8110820283903684
2023-11-03,7.471476414900189,22.092933569232606,0.8206806022395036
2023-11-06,7.439581134726024,21.998620174271657,0.8176265143428539
2023-11-07,7.391737834243045,22.14009139101743,0.814136116287018
2023-11-08,7.4114180971488715,22.081144113786397,0.8193717549795988
2023-11-09,7.4628592232794535,22.234404785978377,0.8171902041836677
2023-11-10,7.514299594676532,22.38766320956165,0.8228621530354346
2023-11-13,7.704234318696751,22.953543579327338,0.8285340186695478
2023-11-14,7.7319337930081815,22.871017391203893,0.8494764070045631
2023-11-15,7.72401965749063,22.894427360288464,0.8525305781188666
2023-11-16,7.862514010113771,22.483922333561125,0.8516579578004941
2023-11-17,7.886255661932923,22.416029868773702,0.8669284805013964
2023-11-20,7.8466857390786675,22.528504103775695,0.8695462582388598
2023-11-21,7.842728671319891,22.53986518286142,0.8651832398646515
2023-11-22,7.731933038274679,22.858289896548293,0.8647469297054653
2023-11-24,7.705006026194645,22.937895532697286,0.8769633645097178
2023-11-27,7.728086217448094,23.00660553941843,0.8739092766130682
2023-11-28,7.7665536920078795,23.121123673454832,0.8765270543505316
2023-11-29,7.770400512834462,23.132575705283642,0.8808900727247398
2023-11-30,7.855028369901148,23.384513852762336,0.8813263828839261
2023-12-01,7.816560895341363,23.499031986798734,0.8909249567330613
2023-12-04,7.831947444941646,23.452775196112306,0.886561938358853
2023-12-05,7.8667046659100475,23.556855732344708,0.884816780939762
2023-12-06,7.916909131419804,23.707193059263542,0.8887434891547841
2023-12-07,7.963252338244436,23.56841827570355,0.8944153547888972
2023-12-08,7.978699582785791,23.522699880116704,0.8996509934814779
2023-12-11,8.005732813183375,23.443000856631176,0.901396150900569
2023-12-12,8.090695236261817,23.19420737282549,0.9044502387972186
2023-12-13,8.12159046194481,23.1056376948935,0.9140488958640077
2023-12-14,8.013456803754195,23.413274128974113,0.9175392939198436
2023-12-15,7.986423573356612,23.334289934089103,0.9053228591155911
2023-12-18,8.074649980316362,23.592064962039004,0.9083769470122407
2023-12-19,7.867509688687071,24.197275990168606,0.9184118310205621
2023-12-20,7.767775203218457,24.504018907065383,0.8948516649480834
2023-12-21,7.726636773813514,24.374244702022988,0.9061954794339635
2023-12-22,7.774743626012129,24.52600130993124,0.9109947247497042
2023-12-26,7.819149191011451,24.66608193480198,0.9166666736014711
2023-12-27,7.7488402621269055,24.887876628604214,0.9219022290763981
2023-12-28,7.741439805169504,24.86410769628394,0.9136125857048215
2023-12-29,7.796841192019312,25.04204695355715,0.9144851228055401
2024-01-02,7.89425496167356,25.354922403181753,0.9079406368530545
2024-01-03,7.817424933751908,25.10815821762588,0.8965968223671744
2024-01-04,7.851331894565501,24.99925517806987,0.9053228591155911
2024-01-05,7.941750217208097,24.711356162862028,0.9092495673306131
2024-01-08,7.821192453684634,25.086480757711563,0.9197207614981209
2024-01-09,7.806123092534677,25.038145770334886,0.9057591692747773
2024-01-10,7.881181541687228,25.278895803212812,0.9075043266938683
2024-01-11,7.885007445464739,25.266624213929752,0.8987783731631055
2024-01-12,7.728149039169488,25.769259428172653,0.8992146833222917
2024-01-16,7.774059154783077,25.922345202480017,0.8813263828839261
2024-01-17,7.708242887131276,25.70288301727667,0.8760907441913454
2024-01-18,7.750115056134858,25.563261643464557,0.8835078504622034
2024-01-19,7.788179872276483,25.688816018772634,0.8883071789955979
2024-01-22,7.757727583739285,25.588371081648454,0.8926701141521524
2024-01-23,7.689209753020634,25.814372788876916,0.8891797160963164
2024-01-24,7.685469779312073,25.80181687238687,0.8970331325263606
2024-01-25,7.734088724196318,25.965041391961293,0.8965968223671744
2024-01-26,7.715388855653513,26.027820974411533,0.9022687712189414
2024-01-29,7.666769910769268,26.191836711931312,0.9000872204230103
2024-01-30,7.603988048756298,26.406317164253867,0.9057591692747773
2024-01-31,7.59660178160343,26.380666924952077,0.8983420630039193
2024-02-01,7.626146145821697,26.27806841388637,0.8974694426855468
2024-02-02,7.674530362996639,26.111346750707643,0.893979044629711
2024-02-05,7.659453074511629,26.162644783169767,0.8883071789955979
2024-02-06,7.693244837175177,26.047221152453165,0.8900523364146888
2024-02-07,7.704608104531941,26.008748239641935,0.8861256281996668
2024-02-08,7.7122057864052,26.03439603280227,0.884816780939762
2024-02-09,7.757795500764386,26.188295022471557,0.8856893180404806
2024-02-12,7.6438223018023095,25.80355121751052,0.8909249567330613
2024-02-13,7.552643597707864,26.11134675070764,0.8778359848280902
2024-02-14,7.630543803666626,26.38066692495207,0.8883071789955979
2024-02-15,7.656510538986214,26.470440316366883,0.8974694426855468
2024-02-16,7.745539649027859,26.778235849564002,0.9005235305821966
2024-02-20,7.693606178388683,26.59868906673438,0.9109947247497042
2024-02-21,7.600867433652744,26.278068413886363,0.9048865489564049
2024-02-22,7.622594350836685,26.353183711076603,0.9157940532830987
2024-02-23,7.618973773544565,26.340666484771766,0.9184118310205621
2024-02-26,7.637079422750142,26.403262167784927,0.9179756040790298
2024-02-27,7.640700690728508,26.390742553607847,0.9201570716573071
2024-02-28,7.68419644492856,26.540975535860568,0.9197207614981209
2024-02-29,7.724066803991917,26.678686516063962,0.9249564001907016
2024-03-01,7.720442100196784,26.666166901886882,0.9297556455064423
2024-03-04,7.738565619172454,26.728764972772282,0.9293193353472561
2024-03-05,7.829181140026132,27.041748163582557,0.9315008861431872
2024-03-06,7.916171957084677,27.342211740215756,0.942408390469881
2024-03-07,7.927046068470079,27.379770582746996,0.9528795846373886
2024-03-08,7.956043007489593,27.479925108291393,0.9541885151149473
2024-03-11,8.061156652182248,27.84298436793775,0.9576789131707831
2024-03-12,8.082904183611495,27.767869070747512,0.9703315749165681
2024-03-13,7.992288662757817,27.456570079483424,0.9729493526540315
2024-03-14,8.075655467362786,27.74296695646373,0.9620418483273376
2024-03-15,8.0285350093676,27.581090150993624,0.9720768155533129
2024-03-18,8.07928017115792,27.755419201117032,0.9664048667015459
2024-03-19,8.166270988216464,28.054265947727817,0.9725131257124991
2024-03-20,8.180769112055442,28.00445934413743,0.9829843198800068
2024-03-21,8.16264628442133,27.942421168664122,0.9847294772990978
2024-03-22,8.18076911205544,28.004459344137427,0.9825480097208206
2024-03-25,8.21339075487009,28.116129953273134,0.9847294772990978
2024-03-26,8.256886509070142,28.265024887655642,0.9886561855141199
2024-03-27,8.242387693889606,28.215392453993243,0.9938918242067006
2024-03-28,8.22064016246036,28.140946170104336,0.9921465835699558
2024-04-01,8.206141347279821,28.091313736441933,0.9895288058324924
2024-04-02,8.119150530221278,28.389101238602255,0.9877835651957475
2024-04-03,8.062373305850619,28.587626240042468,0.9982547593632551
2024-04-04,8.076567950362236,28.53729475866416,0.9912739632515833
2024-04-05,8.019790725991577,28.33668128058754,0.9930192038883282
2024-04-08,7.935813940116942,28.633400172339357,1.0
2024-04-09,7.862333835359031,28.89852549661172,0.9895288058324924
2024-04-10,7.935813272728773,29.168604004949344,0.9803664589248895
2024-04-11,8.067720619571451,29.65343814017523,0.9712041952349405
2024-04-12,8.05666364538233,29.612797503792848,0.9550610522156658
2024-04-15,7.935372660936721,30.058610500278323,0.9563699826932245
2024-04-16,7.854512238320706,30.364903859412863,0.9419720803106948
2024-04-17,7.876120745077722,30.44844058458608,0.95157065415983
2024-04-18,7.904931400520201,30.559820229316838,0.9541885151149473
2024-04-19,8.02017402229012,31.005338808239877,0.9576789131707831
2024-04-22,8.16422729950252,31.562237031893673,0.9716405053941267
2024-04-23,8.074193915382244,31.91029875361482,0.9890924956733061
2024-04-24,8.103004570824723,31.79643517390744,0.9781849913466123
2024-04-25,8.059479419217071,31.625641161707307,0.9746945932907763
2024-04-26,8.070244776582959,31.583397573589284,0.9799301487657033
2024-04-29,7.984123970937829,31.24635852219144,0.9812390792432619
2024-04-30,7.991300875848422,31.21827126493788,0.9707678850757543
2024-05-01,7.861886874406703,31.723831181308782,0.9698952647573819
2024-05-02,7.879287863469186,31.653615716723166,0.9856020976174702
2024-05-03,8.001096778322113,31.1642704042487,0.9877835651957475
2024-05-06,8.091583381818426,30.811825101129585,1.0030540878966496
2024-05-07,8.115945032027975,30.71905872030996,1.0143979023825298
2024-05-08,8.129866354322107,30.666366160746016,1.0174519902791794
2024-05-09,8.192510977035338,30.430066711972863,1.0191972309159243
2024-05-10,8.195990643803688,30.41714192100302,1.0270506473459684
2024-05-13,8.276036919384582,30.714211431011858,1.0274868742875007
2024-05-14,8.349121870013228,30.44297694427636,1.0375218415134762
2024-05-15,8.335201211524279,30.493735130828924,1.046684105203425
2024-05-16,8.397845170432324,30.26455670525626,1.044938947784334
2024-05-17,8.363043192307359,30.389977741134196,1.0527922809967245
2024-05-20,8.39088517309044,30.288804381531648,1.0484293458401701
2024-05-21,8.321279889230144,30.540060450858718,1.051919743896006
2024-05-22,8.387404842516908,30.297374217782764,1.0431937071475892
2024-05-23,8.489949326228547,30.66779017543774,1.0349039805583589
2024-05-24,8.48287715332991,30.642243743273564,1.0475567255217977
2024-05-28,8.362652911811209,31.076523345097122,1.046684105203425
2024-05-29,8.267180600998206,30.721737904749574,1.0318498926617092
2024-05-30,8.363953855075076,30.36211801842698,1.0436300173067754
2024-05-31,8.38123448723951,30.299387328815246,1.055846452111028
2024-06-03,8.25681182617123,30.74919342908955,1.0580279196893052
2024-06-04,8.249899309619911,30.723450525776123,1.0423210868292168
2024-06-05,8.177440629214129,30.45360714962555,1.0431937071475892
2024-06-06,8.119805244368106,30.668247089871365,1.0523560540551922
2024-06-07,8.197782986207768,30.96276654967093,1.044938947784334
2024-06-10,8.626334812549977,32.58139321688003,1.0349039805583589
2024-06-11,8.476678147348338,33.146641698699646,0.9808027690840757
2024-06-12,8.26540923839389,33.97277366991044,0.9978185324217228
2024-06-13,8.143096031605241,33.47003765633597,0.9729493526540315
2024-06-14,8.005956638805138,34.033712777367505,0.9585514502715018
2024-06-17,8.063295574877097,34.277463395722606,0.9746945932907763
2024-06-18,8.120634510949056,34.0337127773675,0.9816753894024481
2024-06-20,8.002372869858887,34.529349259962075,0.9886561855141199
2024-06-21,7.873359921929962,35.086025787104916,0.9742582831315901
2024-06-24,7.810900373435067,35.364364050676336,0.9899651159916786
2024-06-25,7.758850970304011,35.12870696212771,0.9821116995616344
2024-06-26,7.758850970304011,35.12870696212771,0.9755672136091488
2024-06-27,7.758850970304011,35.12870696212771,0.9755672136091488
2024-06-28,7.6686316960162815,35.53718064733181,0.9755672136091488
2024-07-01,7.6245587395849395,35.332942306458534,0.986911028095029
2024-07-02,7.533023196192998,35.75712686377153,0.9812390792432619
2024-07-03,7.595908891094215,35.45862628678729,0.9930192038883282
2024-07-05,7.566120963577187,35.59767995433754,1.0013089304775586
2024-07-08,7.5164739968572025,35.3640970073414,0.9973822222625366
2024-07-09,7.437039102620188,35.737828534483015,0.9908376530923971
2024-07-10,7.50509014187155,36.064839908068734,1.0013089304775586
2024-07-11,7.556938729325136,35.81568753672802,1.0104711941675077
2024-07-12,7.505090141871551,36.06142101082014,1.0174519902791794
2024-07-15,7.550457501372459,35.843434095248796,1.0104711941675077
2024-07-16,7.573141181122914,35.951117766076074,1.016579369960807
2024-07-17,7.605741999976114,35.79635558089677,1.0135252820641574
2024-07-18,7.582724289719853,35.68802293682421,1.009162263689949
2024-07-19,7.467635111252987,36.22968910903018,1.0061081757932993
2024-07-22,7.422976231948969,36.01302382088506,1.0213786984942015
2024-07-23,7.3464178923856815,35.641596347560636,1.0152705227009022
2024-07-24,7.355987912992942,35.595166806453896,1.0047993285333945
2024-07-25,7.256842159753533,36.07492692385088,1.0034903980558358
2024-07-26,7.197692006334973,35.78088201903769,1.0170156801199932
2024-07-29,7.1260888140113,36.13683297865987,1.0087260367484165
2024-07-30,7.123036886045211,36.12135646495762,1.018760920756738
2024-07-31,6.8544730459867536,34.75945277759156,1.0183246105975519
2024-08-01,6.9826505279880635,34.10945691315619,0.9799301487657033
2024-08-02,7.141059108703429,33.33564893910284,0.9616056213858053
2024-08-05,7.127798418380626,33.39755204206866,0.9397906127324176
2024-08-06,7.071647988389128,33.66064687132053,0.9415357701515086
2024-08-07,7.162685519077141,34.09398039945394,0.9489528764223666
2024-08-08,7.214706788001022,34.341598715003556,0.9611693112266191
2024-08-09,7.214706788001022,34.341598715003556,0.9681501073382909
2024-08-12,7.322000732674332,34.852311859805035,0.9681501073382909
2024-08-13,7.380524815249309,35.130883202759144,0.9825480097208206
2024-08-14,7.481315946271523,35.61064332015613,0.9904014261508648
2024-08-15,7.562599256482892,35.997547307182806,1.003926708215022
2024-08-16,7.656887573854011,36.4463543971753,1.014834212541716
2024-08-19,7.621123339057869,36.27611865013691,1.0274868742875007
2024-08-20,7.689401021967047,36.6011165823546,1.0226876289717601
2024-08-21,7.682898208315951,36.570163554950106,1.0318498926617092
2024-08-22,7.835711228404488,37.29754493973987,1.0309772723433368
2024-08-23,7.812952000768095,37.18921229566731,1.0514834337368197
2024-08-26,7.864973269691977,37.436830611216934,1.0484293458401701
2024-08-27,7.829208414753393,37.266591912335386,1.0554101419518418
2024-08-28,7.842214042055584,37.32849796714437,1.0506108134184473
2024-08-29,7.851967642389785,37.37492455640795,1.0523560540551922
2024-08-30,7.689401021967047,36.60111658235461,1.053664901315097
2024-09-03,7.673143987839308,36.67849915086584,1.0318498926617092
2024-09-04,7.601916715507969,37.01897359678578,1.0340314434576403
2024-09-05,7.455725694700151,36.30706872569826,1.0436300173067754
2024-09-06,7.357205434920264,36.786831794938415,1.0235601660724787
2024-09-09,7.289111444786685,36.44635439717532,1.03708553135429
2024-09-10,7.338634024689804,36.693972712724936,1.0274868742875007
2024-09-11,7.400537544746563,37.00349708308354,1.0344676703991726
2024-09-12,7.453155359688093,37.26659191233541,1.0431937071475892
2024-09-13,7.533629699619591,37.668972413064324,1.0506108134184473
2024-09-16,7.508868409668032,37.545163255289516,1.0619546279043273
2024-09-17,7.508868409668032,37.545163255289516,1.0584642298484914
2024-09-18,7.657436149377389,38.288018201938364,1.0584642298484914
2024-09-19,7.604818334435859,38.0249233726865,1.0794066181835067
2024-09-20,7.58315227952271,37.91659072861394,1.0719895119126488
2024-09-23,7.651245679300568,38.25706517453387,1.0689354240159992
2024-09-24,7.567676694686379,37.839211111945865,1.0785339978651343
2024-09-25,7.741005724347297,38.70587521636953,1.066753956437722
2024-09-26,7.713149199357328,38.56658954489247,1.091186742828573
2024-09-27,7.654340914338978,38.27254168823612,1.087260034613551
2024-09-30,7.809099124125155,37.49873371418277,1.0789703080243205
2024-10-01,7.8316593620891695,37.39040107011021,1.0571552993709328
2024-10-02,7.896491227047461,37.080876699751606,1.0541012114742832
2024-10-03,7.794324147827848,37.560639768991756,1.0453751747258664
2024-10-04,7.771843706895905,37.452307124919194,1.0589005400076776
2024-10-07,7.742940107827385,37.31302145344214,1.055846452111028
2024-10-08,7.7268828250320185,37.39040107011021,1.051919743896006
2024-10-09,7.710892003486164,37.467780686778276,1.0541012114742832
2024-10-10,7.765037079011083,37.73087551603014,1.0562826790525603
2024-10-11,7.78733261039638,37.839211111945865,1.0636997853234182
2024-10-14,7.749112306941272,37.65349589936207,1.066753956437722
2024-10-15,7.771407230835455,37.76182854343464,1.061518317745141
2024-10-16,7.796887230641822,37.88563770120945,1.0645724056417907
2024-10-17,7.8637726098154825,38.210638585270296,1.0680628036976267
2024-10-18,7.765037079011083,37.730875516030146,1.0772251506052295
2024-10-21,7.787332002905265,37.622542871957585,1.0636997853234182
2024-10-22,7.857805377283689,37.28206842603765,1.0606456974267686
2024-10-23,7.808877697681701,37.514210227885016,1.0510471235776335
2024-10-24,7.728340591953405,37.127306240858346,1.057591609530119
2024-10-25,7.622031636970028,37.638019385659824,1.046684105203425
2024-10-28,7.584423262516678,37.452307124919194,1.0610820075859548
2024-10-29,7.549948421122496,37.28206842603765,1.055846452111028
2024-10-30,7.578155000849674,37.14278275456059,1.0510471235776335
2024-10-31,7.5307916525458936,36.91064095271322,1.0471204153626115
2024-11-01,7.561975174281677,36.75780127429223,1.053664901315097
2024-11-04,7.658643556364023,36.28790854174596,1.0580279196893052
2024-11-05,7.533910064197093,36.87891627340687,1.0715532017534626
2024-11-06,7.493371307507711,36.680476764435234,1.0541012114742832
2024-11-07,7.3452927173754725,37.40532984614678,1.05977316032605
2024-11-08,7.305187890819565,37.60956054510825,1.038830688773381
2024-11-11,7.4638637873330875,38.42647734809347,1.0445026376251478
2024-11-12,7.505294018984183,38.639774094045464,1.0218150086533877
2024-11-13,7.463401280237057,38.85545198185044,1.0161431430192747
2024-11-14,7.530323032192484,39.20385545394177,1.0218150086533877
2024-11-15,7.597245391974905,39.55226209046064,1.0309772723433368
2024-11-18,7.53669670604357,39.237037641120246,1.0401396192509396
2024-11-19,7.552630282844293,39.15408533760161,1.0318498926617092
2024-11-20,7.536629191918926,39.237037641120246,1.029668425083432
2024-11-21,7.4697080394520645,38.88863416902892,1.0318498926617092
2024-11-22,7.4219071294298,39.137494244012366,1.0226876289717601
2024-11-25,7.358982708965612,38.80567870108274,1.0292321149242458
2024-11-26,7.412468286332649,39.087720963244664,1.020506078175829
2024-11-27,7.311789693663344,39.618623300390034,1.0279231844466872
2024-11-29,7.3056663603320295,39.585444277639105,1.0418847766700305
2024-12-02,7.320975569673669,39.668396581157744,1.041012239569312
2024-12-03,7.360780448376173,39.88407763339027,1.0431937071475892
2024-12-04,7.519998211159482,40.746792349037726,1.0488656559993563
2024-12-05,7.495503125807519,40.614066764751385,1.0715532017534626
2024-12-06,7.449574913773701,40.36520668976794,1.0680628036976267
2024-12-09,7.431203745761954,40.265663292660065,1.061518317745141
2024-12-10,7.397523368408569,40.44815899328657,1.0589005400076776
2024-12-11,7.324701220074931,40.04998224042754,1.0636997853234182
2024-12-12,7.267050135617013,40.36520668976793,1.0532285911559107
2024-12-13,7.270037072110225,40.38179778335717,1.061518317745141
2024-12-16,7.063943011677716,39.23703764112025,1.0619546279043273
2024-12-17,7.246141580164535,38.225006247597214,1.0318498926617092
2024-12-18,7.239851982857801,38.25818527034815,1.0052356386925807
2024-12-19,7.23043305242728,38.30795855111585,1.0061081757932993
2024-12-20,7.211644740655477,38.407501948223725,1.007417106270858
2024-12-23,7.2770638582863985,38.755908584742585,1.0100348840083215
2024-12-24,7.28952427477524,38.82226979467198,1.0191972309159243
2024-12-26,7.3082151965953495,38.72272639756411,1.0209423883350153
2024-12-27,7.314477735087712,38.68954421038564,1.0183246105975519
2024-12-30,7.32075101574459,38.65636202320717,1.0174519902791794
2024-12-31,7.235918731327321,38.20841515400797,1.016579369960807
2025-01-02,7.157369898114268,38.62318300045624,1.0047993285333945
2025-01-03,7.258827434654146,39.17067643119084,1.0157068328600884
2025-01-06,7.261901976538251,39.187267524780076,1.0301047352426183
2025-01-07,7.274199557665771,39.25362873470948,1.0305410454018045
2025-01-08,7.357210429309918,38.80567870108275,1.0322862028208954
2025-01-10,7.363500875976184,38.77249967833182,1.020506078175829
2025-01-13,7.2689760764229465,39.27021982829872,1.0196335410751105
2025-01-14,7.404098735711882,40.000212124087376,1.0327225129800817
2025-01-15,7.437878961228933,39.81771642346087,1.051919743896006
2025-01-16,7.468588736395542,39.653315641277366,1.0567189892117466
2025-01-17,7.628279098669717,38.80546438535404,1.0610820075859548
2025-01-21,7.597569323503108,38.96168665660234,1.083769636557715
2025-01-22,7.738834054973413,38.237255990843394,1.0794066181835067
2025-01-23,7.744975541414542,38.20691116272774,1.0994764694178034
2025-01-24,7.809466127838445,37.88877121597715,1.100349006518522
2025-01-27,7.784898424853206,38.00796503313088,1.109511353426125
2025-01-28,7.769543830140022,37.93299977769563,1.106020955370289
2025-01-29,7.806250593686478,37.75378749910005,1.1082024229485663
2025-01-30,7.729778704446057,38.123632589439914,1.113438061641147
2025-01-31,7.864369392870779,37.45982497583869,1.102530557314453
2025-02-03,7.74717957070628,38.018027421315296,1.0833333263985288
2025-02-04,7.676471328605527,37.67103818961296,1.0994764694178034
2025-02-05,7.806274119575281,37.034052042407716,1.109511353426125
2025-02-06,7.751938013981885,37.29183009779031,1.128272274182863
2025-02-07,7.78514353979232,37.13209006573677,1.1204188577528187
2025-02-10,7.869665858924165,36.728951658522206,1.1252181862862134
2025-02-11,7.960226226834865,36.30629236970396,1.137434537872812
2025-02-12,7.972300597097222,36.251221621155715,1.150523592995437
2025-02-13,8.002487386400789,36.1139578569829,1.152268750414528
2025-02-14,8.150402020646636,35.4464425445985,1.1566317687887362
2025-02-18,8.017580493170014,36.02408897608242,1.1780104672829377
2025-02-19,7.969281860590353,35.807076594484876,1.1588132363670134
2025-02-20,7.993141963779825,35.91428331115062,1.1657940324786853
2025-02-21,7.978139476738879,35.84687507889328,1.1623036344228495
2025-02-24,8.148523027732194,35.08131841173255,1.1644851852187805
2025-02-25,8.223252695370814,34.759589522176604,1.1893542817688179
2025-02-26,8.16645798832567,34.99966006081308,1.2002617860955118
2025-02-27,8.1305874969966,34.84592694854745,1.1919720595062813
2025-02-28,7.988361615046382,34.23637779918269,1.197207698198862
2025-03-03,7.9683335751584625,34.322213615489304,1.2181500865338775
2025-03-04,7.690801151797133,33.12679087998434,1.2150959986372276
2025-03-05,7.608075812623921,33.48311591780259,1.2574170854664446
2025-03-06,7.744172633902016,32.884154267691585,1.2438918034022872
2025-03-07,7.984343285397641,33.90399320048855,1.2661431222148611
2025-03-10,7.98718273269288,33.9160503726754,1.226876123282294
2025-03-11,7.921830604183827,33.63854500480618,1.2264398131231078
2025-03-12,7.849153195603685,33.9471557794502,1.2364746971314293
2025-03-13,8.05600403548971,33.05253727606132,1.2251308826455491
2025-03-14,8.145452989693633,32.68554206601608,1.2574170854664446
2025-03-17,8.237697290361156,32.31539015750547,1.271378677689788
2025-03-18,8.218130398273775,32.39214847110767,1.2857765800723178
2025-03-19,8.086752313431493,32.909981387333346,1.2827224921756681
2025-03-20,8.111909898446074,33.01236311271462,1.262216413999839
2025-03-21,8.055655107877365,32.783427683656214,1.258289705784817
2025-03-24,7.941921731124325,32.32057644659726,1.2670157425332336
2025-03-25,7.828658313583421,32.7815151298491,1.2849040429715992
2025-03-26,7.7989944403357905,32.65730141777664,1.2665794323740474
2025-03-27,7.876609426604187,32.98230434225551,1.271378677689788
2025-03-28,7.974896572655653,33.393869317541935,1.2587260159440032
2025-03-31,7.938506783926881,33.24149168627983,1.2430191830839148
2025-04-01,7.877484212637164,32.98596739797039,1.2486911319356817
2025-04-02,8.123314058297394,34.015348740479205,1.258289705784817
2025-04-03,8.800741430319155,36.851990059563725,1.21902270685225
2025-04-04,9.04472952072801,35.83032083389793,1.117364769856169
2025-04-07,9.091950696031986,35.64325610659816,1.0863874142951786
2025-04-08,8.299112110921982,38.7514283443339,1.0807155486610653
2025-04-09,8.231313567495897,39.06800322153896,1.174956379386288
2025-04-10,8.440871633005104,38.07338491289593,1.165357722319499
2025-04-11,8.56105969280849,37.53126480234529,1.195026147402931
2025-04-14,8.715146436530638,36.85575609329786,1.212041910740578
2025-04-15,8.708982825711125,36.88182158039809,1.2338569193939657
2025-04-16,8.79527161380147,36.51639570341262,1.2329842990755933
2025-04-17,8.736718486604655,36.75949782194594,1.2452007338798459
2025-04-21,8.99250245767165,35.68329394268144,1.2369110072906155
2025-04-22,9.04797377945871,35.46317729661613,1.2731239183265328
2025-04-23,9.11885354050027,35.185366861503546,1.2809773347565772
2025-04-24,9.066464024122968,34.98322035862957,1.2910122187648985
2025-04-25,9.008579850959363,34.759872559567924,1.2984293250357566
2025-04-28,9.077760792166012,34.4929358459373,1.306719051624987
2025-04-29,8.990532199917956,34.824379943796785,1.3167539356333084
2025-04-30,9.023618412748043,34.95253774590184,1.3041011906698696
2025-05-01,9.181182831349,34.342219796199906,1.299301945354129
2025-05-02,9.256935166848395,34.05886814058175,1.3219894911082353
2025-05-05,9.259965329621705,34.04771931945678,1.3328969954349292
2025-05-06,9.232694442606366,34.14799091590873,1.3333333055941154
2025-05-07,9.238754768152987,34.12557623046669,1.3294065973790932
2025-05-08,9.323597591972314,33.812188731338026,1.3302792176974658
2025-05-09,9.314507103652383,33.84515554524237,1.3424956525017182
2025-05-12,9.293296542183665,33.76808493440681,1.3411867220241596
2025-05-13,9.232969816092226,33.54888198513863,1.3442408099208092
2025-05-14,9.29251781297367,33.33250862319554,1.352966846669226
2025-05-15,9.307405238116932,33.27910703312571,1.3616928001999886
2025-05-16,9.161511879096173,32.75745781016178,1.3638743509959197
2025-05-19,9.204794502309557,32.60269856053829,1.3852530494901212
2025-05-20,9.1441989398845,32.81732354269892,1.3917975354426069
2025-05-21,9.161511879096173,32.755189688074836,1.3826352717526578
2025-05-22,9.207680083906238,32.92025505349363,1.3852530494901212
2025-05-23,9.14064107807757,32.68057023057391,1.3782722533784495
2025-05-27,9.054463033578292,32.98868293421641,1.388307137386771
2025-05-28,8.991265837472596,32.75843269663403,1.3752181654817999
2025-05-29,8.979934430168178,32.717148282375824,1.384816739330935
2025-05-30,8.866908304652595,32.3053532367625,1.3865619799676798
2025-06-02,8.77873528027053,32.62659944804018,1.4040139702468593
2025-06-03,8.77873528027053,32.62659944804018,1.3900523780235159
2025-06-04,8.723626877255397,32.42178637030258,1.3900523780235159
2025-06-05,8.78076828645792,32.209417525540026,1.3987784147719324
2025-06-06,8.767163337313189,32.25932289522074,1.4079406784618815
2025-06-09,8.650158906284545,32.68984797790745,1.4057592108836041
2025-06-10,8.647438331652033,32.679566644106195,1.386998290126866
2025-06-11,8.584894089340263,32.44320546332144,1.3874345170683986
2025-06-12,8.737669212584574,33.02055850478224,1.39746940107672
2025-06-13,8.832099990913049,33.37742221346516,1.3726003045266826
2025-06-16,9.03076569031118,34.12820050344909,1.3577661752026204
2025-06-17,8.989204162318716,33.97113517707501,1.327225129800816
2025-06-18,9.030384892624431,34.12676142948236,1.3333333055941154
2025-06-20,9.066007961756506,33.99213815526852,1.327225129800816
2025-06-23,8.878988405889173,33.29092604431559,1.332460768493397
2025-06-24,8.844805343404657,33.419092199413335,1.3599476427808976
2025-06-25,8.904625566922222,33.193068280569975,1.354712004088317
2025-06-26,8.998628309602958,32.84266169323932,1.3638743509959197
2025-06-27,9.010022301550233,32.80107657493185,1.3782722533784495
2025-06-30,8.972991148569909,32.93588885884336,1.3800174107975405
2025-07-01,8.955899888988323,32.873154390847546,1.3743455451634274
2025-07-02,8.896307116771414,32.65441563472615,1.3769633229008909
2025-07-03,8.871105071242878,32.746921216956174,1.3861256698084936
2025-07-07,8.96911243263156,32.385135473657876,1.3821989615934716
2025-07-08,9.103522986050377,31.899813875310986,1.39746940107672
2025-07-09,9.027917917664894,32.16474291577398,1.4184117894117352
2025-07-10,8.901907690022215,32.61369322899673,1.4066318312019765
2025-07-11,8.865505032092143,32.74706072277362,1.386998290126866
2025-07-14,9.009930679459789,33.280534611418865,1.3926701557609793
2025-07-15,8.903762464385432,33.67269467148123,1.3699825267892192
2025-07-16,8.88974983222386,33.61970099760373,1.3861256698084936
2025-07-17,8.89533748363034,33.59856933775839,1.388307137386771
2025-07-18,8.954080023644638,33.820445720456455,1.3874345170683986
2025-07-21,8.996039590555487,33.97893115407051,1.3965967807583475
2025-07-22,9.22821401119692,33.1019854075229,1.4031413499284868
2025-07-23,9.15268743100306,33.372902375034045,1.4393543441820582
2025-07-24,9.175065084166361,33.2913080629775,1.427574219536992
2025-07-25,9.02121511728677,33.849545698992344,1.431064534375174
2025-07-28,8.954080023644634,33.59764034137694,1.407068058143509
2025-07-29,8.868645214149774,33.91821018154618,1.4175393355286705
2025-07-30,8.898960825625732,33.8022678637519,1.4040139702468593
2025-07-31,8.996080866576524,34.17117359370002,1.3992146417134648
2025-08-01,8.823078593662354,33.514032913493516,1.3839441190125625
2025-08-04,8.855827122805888,33.38963922574225,1.4105585394169988
2025-08-05,9.005925675858808,32.82371393550747,1.4157940948919256
2025-08-06,9.13419222316836,32.356223462243875,1.4397905711235905
2025-08-07,9.199689281455429,32.12421198248974,1.4602967325170735
2025-08-08,9.202418932833957,32.114680367144985,1.4707678434669273
2025-08-11,9.270645642499554,31.876582211713814,1.4712042368437674
2025-08-12,9.338872352165152,31.64198859185631,1.4821117411704614
2025-08-13,9.401640800130666,31.42931639337693,1.4930192454971551
2025-08-14,9.396182538430581,31.44756314812717,1.5030541295054767
2025-08-15,9.336142700786626,31.64850715682317,1.5021815091871042
2025-08-18,9.347059224186795,31.68551298246557,1.492582852120315
2025-08-19,9.426387754410891,31.41659790297284,1.4908376114835702
2025-08-20,9.393562551505688,31.525998898096734,1.503490356447009
2025-08-21,9.502981285848882,31.158775613062904,1.498254800972082
2025-08-22,9.352530265253396,31.652080761255913,1.5157068744689153
2025-08-25,9.281408818376391,31.8927794509754,1.4917102318019426
2025-08-26,9.396298593786183,32.287563727804354,1.4803665005337163
2025-08-27,9.376669411123581,32.220113925116884,1.4620418067185108
2025-08-28,9.418554897801247,32.364040845582096,1.4650960610504682
2025-08-29,9.548154855638318,32.80937225518123,1.4585514918803286
2025-09-02,9.542362697287068,32.78946923911369,1.4384817238636858
2025-09-03,9.432448437462886,32.41178183026373,1.4393543441820582
2025-09-04,9.415489375553284,32.47005656330937,1.4559336309252113
2025-09-05,9.48332777973568,32.23611048434227,1.4533159364054018
2025-09-08,9.477674399675147,32.21689328670087,1.4637870473552557
2025-09-09,9.517199828430087,32.08253685424603,1.464659667673628
2025-09-10,9.627306687672323,31.711365981171376,1.4707678434669273
2025-09-11,9.627306687672323,31.711365981171376,1.4877835235869206
2025-09-12,9.534138682475255,31.404480077731414,1.4877835235869206
2025-09-15,9.42614250954377,31.76020845281076,1.5021815091871042
2025-09-16,9.445526383847271,31.825519993335316,1.485165829067111
2025-09-17,9.434404992690604,31.788047856555785,1.4821117411704614
2025-09-18,9.423309759924141,31.82543185591062,1.4838568153718985
2025-09-19,9.403891779832144,31.7598513308147,1.4821117411704614
2025-09-22,9.412180297442212,31.787844218569237,1.485165829067111
2025-09-23,9.362366727759735,31.95608005160653,1.4838568153718985
2025-09-24,9.43708866584506,32.21112456166465,1.476003565377162
2025-09-25,9.273992942293173,31.654438399986603,1.4642234407320958
2025-09-26,9.279425985862565,31.635894074574466,1.4895287642236654
2025-09-29,9.328322341739975,31.469194115166726,1.4904013845420379
2025-09-30,9.355486523339824,31.377555461137774,1.498254800972082
2025-10-01,9.320173294509443,31.495993213506168,1.5026177361286366
2025-10-02,9.25769484783211,31.284857575749413,1.4969459537121772
2025-10-03,9.193367625964136,31.50224084528486,1.5069808377204987
2025-10-06,9.110279533174197,31.786952739439048,1.496509560335337
2025-10-07,9.029871272674109,31.506397838014827,1.4829843614888338
2025-10-08,8.885035396963275,32.01174908650626,1.4960733333938048
2025-10-09,8.795500327596509,32.33433352730562,1.4720768571621399
2025-10-10,8.734932634283103,32.111672402454026,1.4572426446204239
2025-10-13,8.662206782449617,31.844315019513207,1.4672775286287454
2025-10-14,8.608563152192684,32.04152165560427,1.479493880215344
2025-10-15,8.59068194210704,32.108076453432716,1.470331616525395
2025-10-16,8.692861120698893,32.48997592314717,1.4672775286287454
2025-10-17,8.658853258940367,32.36286994568006,1.449825455131912
2025-10-20,8.731529167161478,32.63449955939542,1.455497403983679
2025-10-21,8.77112134726107,32.48652193035937,1.4432810523970803
2025-10-22,8.731528160264906,32.33987649168404,1.449825455131912
2025-10-23,8.775996217539994,32.17517548474623,1.4563700243020514
2025-10-24,8.87801211161539,31.80115762822654,1.4637870473552557
2025-10-27,8.904170672818747,31.70745731359561,1.4808027274752489
2025-10-28,8.909402385059419,31.688827359314242,1.485165829067111
2025-10-29,8.885860178899938,31.77256192134236,1.4860384493854835
2025-10-30,8.917250452343966,31.884801973137968,1.4821117411704614
2025-10-31,8.927787060366036,31.92247700111298,1.4768760192602266
2025-11-03,8.99380145475925,32.15852015184124,1.4751309450587895
2025-11-04,8.875885479578844,31.73689607184151,1.4642234407320958
2025-11-05,8.886327936793522,31.699557692462985,1.4834205884303662
2025-11-06,8.90982296760278,31.615745561071737,1.485165829067111
2025-11-07,9.058624497445566,31.087736045763325,1.489092537282133
2025-11-10,9.142162163467917,30.80104826972025,1.5139616338321704
2025-11-11,9.236142286704945,30.484417886178694,1.527923226055514
2025-11-12,9.168267310657077,30.708443141488587,1.5436300589156025
2025-11-13,9.045571923850984,31.119402397124407,1.5322861612120684
2025-11-14,9.217868484503025,31.712152755831273,1.5117801662538932
2025-11-17,9.35075376859391,32.16931684264557,1.4829843614888338
2025-11-18,9.375875239220337,32.25574201949591,1.4616055797769782
2025-11-19,9.499352409178218,32.6805394531049,1.4576788715619562
2025-11-20,9.67510644475601,33.28518453272031,1.4384817238636858
2025-11-21,9.66358133771278,33.32483425821776,1.4650960610504682
2025-11-24,9.453253080100001,32.59951782740222,1.4633508204137233
2025-11-25,9.585659181368793,32.142915743210146,1.4952007130754323
2025-11-26,9.654620758213174,31.911671745057557,1.5161431014104476
2025-11-28,9.60772739104867,32.06666962404738,1.5270506057371416
2025-12-01,9.502906551879724,31.71682047840263,1.5196335826839373
2025-12-02,9.478616206468303,31.797891729663124,1.5362128694270905
2025-12-03,9.50020808219281,31.725457514417684,1.5322861612120684
2025-12-04,9.475917736781389,31.806573876785052,1.5357766424855581
2025-12-05,9.486713674643642,31.77033656397554,1.531849934270536
2025-12-08,9.519100458673101,31.661875503156253,1.533595174907281
2025-12-09,9.68643337730883,31.10530253069676,1.538830730382208
2025-12-10,9.826777480846227,30.65462624677615,1.5658812945105225
2025-12-11,9.748508475680838,30.898786359766245,1.5885689234822826
2025-12-12,9.859164264875687,30.548052747713434,1.575916178518844
2025-12-15,9.740412037062798,30.915999687400856,1.5938044789572097
2025-12-16,9.718821190895593,30.84747049265877,1.574607331258939
2025-12-17,9.807492159959734,30.56602945695745,1.5780976460971212
2025-12-18,9.88272738825432,30.331551349124563,1.5924956316973047
2025-12-19,9.93378074317117,30.174861055507247,1.6047119832839034
2025-12-22,9.990207164392109,30.003460109158414,1.6130017930907876
2025-12-23,10.022450687232201,29.906623553580307,1.6221640567807367
2025-12-24,10.046633585613048,29.83446267587883,1.6273996122556635
