feature_1,feature_2,correlation
TOS_STDEVALL_L_1,TOS_STDEVALL_L_2,1.0
HWMA_0.2_0.1_0.1,HWM_1,1.0
TOS_STDEVALL_LR,TOS_STDEVALL_L_3,1.0
MEDIAN_30,QTL_30_0.5,1.0
TOS_STDEVALL_LR,TOS_STDEVALL_L_1,1.0
STOCHk_14_3_3,STOCHFd_14_3,1.0
TOS_STDEVALL_L_2,TOS_STDEVALL_U_2,1.0
TOS_STDEVALL_LR,TOS_STDEVALL_U_1,1.0
TOS_STDEVALL_L_1,TOS_STDEVALL_U_1,1.0
PIVOTS_TRAD_D_S3,PIVOTS_TRAD_D_S4,1.0
TOS_STDEVALL_LR,TOS_STDEVALL_L_2,1.0
TOS_STDEVALL_U_1,TOS_STDEVALL_L_3,1.0
CMO_14,RSI_14,1.0
MACD_12_26_9,STCmacd_10_12_26_0.5,1.0
TOS_STDEVALL_U_1,TOS_STDEVALL_L_2,1.0
TOS_STDEVALL_LR,TOS_STDEVALL_U_2,1.0
SQZPRO_ON_WIDE,SQZPRO_OFF,1.0
TOS_STDEVALL_L_1,TOS_STDEVALL_U_2,1.0
TOS_STDEVALL_U_1,TOS_STDEVALL_U_2,1.0
SQZ_20_2.0_20_1.5,SQZPRO_20_2.0_20_2.0_1.5_1.0,1.0
TOS_STDEVALL_L_1,TOS_STDEVALL_L_3,1.0
AOBV_LR_2,AOBV_SR_2,1.0
TOS_STDEVALL_L_2,TOS_STDEVALL_L_3,1.0
STOCHFk_14_3,WILLR_14,1.0
AMATe_LR_8_21_2,AMATe_SR_8_21_2,1.0
TOS_STDEVALL_L_3,TOS_STDEVALL_U_3,1.0
TOS_STDEVALL_U_2,TOS_STDEVALL_U_3,1.0
TOS_STDEVALL_L_2,TOS_STDEVALL_U_3,1.0
TOS_STDEVALL_U_1,TOS_STDEVALL_U_3,1.0
PIVOTS_TRAD_D_R3,PIVOTS_TRAD_D_R4,1.0
TOS_STDEVALL_L_1,TOS_STDEVALL_U_3,1.0
TOS_STDEVALL_LR,TOS_STDEVALL_U_3,1.0
TOS_STDEVALL_U_2,TOS_STDEVALL_L_3,1.0
HLC3,VWAP_D,1.0
SQZ_ON,SQZPRO_ON_NORMAL,1.0
SQZ_ON,SQZ_OFF,0.9999999999999998
SQZ_OFF,SQZPRO_ON_NORMAL,0.9999999999999997
WCP,VWAP_D,0.9999950496944913
HLC3,WCP,0.9999950496944912
HL2,OHLC4,0.9999909616087841
RMA_10,KCBe_20_2,0.9999902357105072
ABER_ZG_5_15,BBM_5_2.0_2.0,0.9999856292869762
HLC3,OHLC4,0.9999813961817269
OHLC4,VWAP_D,0.9999813961817269
HL2,VWAP_D,0.9999801648994763
HL2,HLC3,0.9999801648994763
AGl_13_8_5,EMA_10,0.9999775000501387
ALMA_9_6.0_0.85,BBM_5_2.0_2.0,0.9999745142057165
ALMA_9_6.0_0.85,ABER_ZG_5_15,0.9999701011547599
OHLC4,WCP,0.9999617583936559
Close,WCP,0.9999555560831663
HL2,WCP,0.9999553966609183
AGl_13_8_5,FAMA_0.5_0.05,0.9999451254516932
EMA_10,FAMA_0.5_0.05,0.9999448698071634
AGt_13_8_5,SMMA_7,0.9999424338071298
SWMA_10,TRIMA_10,0.9999405467483491
Close,HLC3,0.999920940830709
Close,VWAP_D,0.999920940830709
FWMA_10,MAMA_0.5_0.05,0.9999194910227853
Close,LDECAY_1,0.9999170284077612
PWMA_10,SWMA_10,0.9999069212237663
High,HL2,0.9998948102024579
SMA_10,SWMA_10,0.9998944640692831
Low,HL2,0.9998930790543802
SMA_10,TRIMA_10,0.9998895962999862
MIDPOINT_2,MIDPRICE_2,0.9998893496031832
WCP,LDECAY_1,0.9998871043015521
Low,OHLC4,0.9998855174687407
High,OHLC4,0.9998843089185228
SSF3_20,TRIMA_10,0.9998835885486302
PIVOTS_TRAD_D_P,PIVOTS_TRAD_D_R1,0.9998774915786641
High,VWAP_D,0.9998770376471501
High,HLC3,0.9998770376471501
PIVOTS_TRAD_D_R1,PIVOTS_TRAD_D_R2,0.9998750596635246
PIVOTS_TRAD_D_S1,PIVOTS_TRAD_D_S2,0.999873980584087
PIVOTS_TRAD_D_P,PIVOTS_TRAD_D_S1,0.9998713479984823
Low,VWAP_D,0.9998711687310964
Low,HLC3,0.9998711687310964
TEMA_10,ZL_EMA_10,0.9998691703790569
AGl_13_8_5,WMA_10,0.9998621212149147
SSF_20,TRIMA_10,0.9998621010921245
HLC3,LDECAY_1,0.9998573363103218
LDECAY_1,VWAP_D,0.9998573363103217
High,WCP,0.9998533013363615
FAMA_0.5_0.05,WMA_10,0.9998505172736729
HMA_10,ZL_EMA_10,0.9998493033127962
Low,WCP,0.9998453653834217
Close,OHLC4,0.9998436433405231
MAMA_0.5_0.05,ZL_EMA_10,0.9998434663637369
EMA_10,SMMA_7,0.9998373909674171
Open,OHLC4,0.9998320166034659
SSF_20,SSF3_20,0.9998283975865206
MAMA_0.5_0.05,MIDPOINT_2,0.9998283427683391
SMA_10,SSF_20,0.9998258019368327
Close,HL2,0.9998219095955774
JMA_7_0.0,ZL_EMA_10,0.9998214512170074
AGt_13_8_5,RMA_10,0.9998163573077594
PWMA_10,TRIMA_10,0.9997998631208129
Open,HL2,0.9997995214161601
MAMA_0.5_0.05,MIDPRICE_2,0.9997936732468912
AGj_13_8_5,KCBe_20_2,0.9997936155660226
SINWMA_14,SSF_20,0.9997934737012031
FAMA_0.5_0.05,SMA_10,0.9997898216863748
OHLC4,LDECAY_1,0.9997844071749098
DEMA_10,FWMA_10,0.9997803140321825
FWMA_10,BBM_5_2.0_2.0,0.9997789952724052
ABER_ZG_5_15,ABER_SG_5_15,0.9997738282356783
HL2,LDECAY_1,0.9997680097431778
ABER_ZG_5_15,ABER_XG_5_15,0.9997666930676372
HMA_10,TEMA_10,0.9997638543080887
ABER_SG_5_15,BBM_5_2.0_2.0,0.9997638176560452
SMA_10,SSF3_20,0.9997599533729452
FWMA_10,ZL_EMA_10,0.9997593327407033
EMA_10,WMA_10,0.9997510336782035
ABER_XG_5_15,BBM_5_2.0_2.0,0.9997479006412668
ALMA_9_6.0_0.85,ABER_SG_5_15,0.9997466146680951
SSF3_20,T3_10_0.7,0.9997389650434015
ALMA_9_6.0_0.85,ABER_XG_5_15,0.9997340807652252
JMA_7_0.0,MAMA_0.5_0.05,0.999731138812564
SSF3_20,SWMA_10,0.99972655370668
SSF_20,SWMA_10,0.9997256922617642
FWMA_10,ABER_ZG_5_15,0.9997249523205408
WMA_10,ABER_ZG_5_15,0.999724401285337
High,Close,0.9997229122921686
AGt_13_8_5,KCBe_20_2,0.9997226046376242
MIDPRICE_2,ZL_EMA_10,0.999716633391922
FWMA_10,JMA_7_0.0,0.9997164620542093
High,LDECAY_1,0.9997089701975228
Low,Close,0.9997087833387684
MIDPOINT_2,OHLC4,0.9997053217344446
Open,Low,0.9997047740266211
ALMA_9_6.0_0.85,WMA_10,0.9997037724651072
DEMA_10,BBM_5_2.0_2.0,0.9997026050138069
FAMA_0.5_0.05,SMMA_7,0.9997017314034975
Open,HLC3,0.999701615355238
Open,VWAP_D,0.999701615355238
MIDPOINT_2,ZL_EMA_10,0.9997014636097442
AGl_13_8_5,SMMA_7,0.999695660067153
AGj_13_8_5,RMA_10,0.9996947888240213
EMA_10,SMA_10,0.9996941530529806
WMA_10,BBM_5_2.0_2.0,0.999692340365858
SINWMA_14,T3_10_0.7,0.9996908231451008
DEMA_10,ZL_EMA_10,0.9996902822925536
JMA_7_0.0,TEMA_10,0.9996883104625561
SSF_20,T3_10_0.7,0.9996826488007435
HL2,MIDPOINT_2,0.999682512470314
Open,High,0.9996822993594313
ALMA_9_6.0_0.85,FWMA_10,0.9996816706617477
MAMA_0.5_0.05,TEMA_10,0.9996809909344075
HLC3,MIDPOINT_2,0.999680124808892
MIDPOINT_2,VWAP_D,0.999680124808892
SINWMA_14,SSF3_20,0.9996799824823875
ITS_9,SMA_10,0.9996699552735563
DEMA_10,MAMA_0.5_0.05,0.9996666180422431
FAMA_0.5_0.05,SWMA_10,0.9996642833842362
MIDPOINT_2,WCP,0.9996640773274711
HMA_10,JMA_7_0.0,0.9996636995543259
DEMA_10,JMA_7_0.0,0.999660118360377
SMA_10,VWMA_10,0.9996597629918467
DEMA_10,ABER_ZG_5_15,0.9996560759979826
SMMA_7,SSF_20,0.9996533176066247
MIDPOINT_2,TEMA_10,0.9996426854630172
Open,WCP,0.9996378489811134
MIDPRICE_2,OHLC4,0.9996363305783924
High,MIDPOINT_2,0.9996318260941399
HL2,MIDPRICE_2,0.9996309473304507
MCGD_10,RMA_10,0.9996280414607585
ALMA_9_6.0_0.85,DEMA_10,0.999626897217985
AGl_13_8_5,SMA_10,0.9996223466749979
ABER_ATR_5_15,ATRr_14,0.9996216948434922
MIDPRICE_2,TEMA_10,0.999620537183154
MIDPRICE_2,PIVOTS_TRAD_D_P,0.9996183020514894
Low,LDECAY_1,0.9996146097671048
PWMA_10,SMA_10,0.99960937271089
DEMA_10,LINREG_14,0.9996056243078588
SMA_10,SMMA_7,0.9996031790586799
FWMA_10,MIDPRICE_2,0.9995988220926108
PIVOTS_TRAD_D_R2,PIVOTS_TRAD_D_R4,0.9995981294651056
PIVOTS_TRAD_D_R2,PIVOTS_TRAD_D_R3,0.9995981294651056
MCGD_10,KCBe_20_2,0.99959134782648
DEMA_10,TEMA_10,0.9995904457859976
Open,MIDPRICE_2,0.9995902530838925
AGt_13_8_5,EMA_10,0.9995895702650304
High,MIDPRICE_2,0.9995847472395707
PIVOTS_TRAD_D_P,PIVOTS_TRAD_D_R2,0.9995841058350986
ITS_9,VWMA_10,0.9995840851609451
MIDPOINT_2,LDECAY_1,0.9995835024072072
WMA_10,ABER_SG_5_15,0.9995815553043427
FWMA_10,MIDPOINT_2,0.9995782479640754
PIVOTS_TRAD_D_S1,PIVOTS_TRAD_D_R1,0.999577386499151
HLC3,MIDPRICE_2,0.9995771835008432
MIDPRICE_2,VWAP_D,0.9995771835008432
High,Low,0.9995758080725643
PIVOTS_TRAD_D_P,PIVOTS_TRAD_D_S2,0.9995709066639432
AGt_13_8_5,SSF_20,0.9995683763491191
FAMA_0.5_0.05,VWMA_10,0.9995680261924965
PIVOTS_TRAD_D_P,ZL_EMA_10,0.9995678062179882
ITS_9,FAMA_0.5_0.05,0.9995663077420119
DEMA_10,ABER_XG_5_15,0.9995631847128534
AGt_13_8_5,MCGD_10,0.9995617999706662
PIVOTS_TRAD_D_S2,PIVOTS_TRAD_D_S3,0.9995587080598632
PIVOTS_TRAD_D_S2,PIVOTS_TRAD_D_S4,0.9995587080598632
Open,MIDPOINT_2,0.9995572152962011
Close,MIDPOINT_2,0.9995567375700186
RMA_10,SMMA_7,0.9995562308283423
JMA_7_0.0,MIDPRICE_2,0.9995515496727851
MIDPRICE_2,WCP,0.9995354713165557
LOGRET_1,PCTRET_1,0.9995304468818622
SINWMA_14,TRIMA_10,0.9995274658040371
MAMA_0.5_0.05,OHLC4,0.9995212411626416
Low,MIDPOINT_2,0.9995207090818634
T3_10_0.7,TRIMA_10,0.9995170518166203
High,MAMA_0.5_0.05,0.999516706997852
JMA_7_0.0,BBM_5_2.0_2.0,0.9995162198013805
ITS_9,EMA_10,0.9995136866493817
FWMA_10,ABER_SG_5_15,0.999512706103401
SWMA_10,VWMA_10,0.9995110784451012
PWMA_10,SSF3_20,0.9995099515116547
JMA_7_0.0,MIDPOINT_2,0.9995070153100308
ITS_9,AGl_13_8_5,0.999503983633904
FAMA_0.5_0.05,SSF_20,0.9995033554779295
FWMA_10,TEMA_10,0.9995017730361206
MIDPOINT_2,PIVOTS_TRAD_D_P,0.9995011914743985
HL2,MAMA_0.5_0.05,0.9994982816082227
HLC3,MAMA_0.5_0.05,0.9994972239576895
MAMA_0.5_0.05,VWAP_D,0.9994972239576895
MIDPRICE_2,PIVOTS_TRAD_D_R1,0.9994951239637662
FAMA_0.5_0.05,TRIMA_10,0.9994934986657014
OBV_max_2,OBVe_4,0.9994922362401653
SMA_10,WMA_10,0.9994913422632058
MAMA_0.5_0.05,BBM_5_2.0_2.0,0.9994910693633737
MIDPRICE_2,PIVOTS_TRAD_D_S1,0.9994889946236156
MAMA_0.5_0.05,WCP,0.9994818436338261
FWMA_10,ABER_XG_5_15,0.9994776292653814
EMA_10,VWMA_10,0.9994724152079594
ZL_EMA_10,BBM_5_2.0_2.0,0.9994723393263554
PIVOTS_TRAD_D_R1,ZL_EMA_10,0.9994711488040828
AGl_13_8_5,VWMA_10,0.9994705859613341
Low,MIDPRICE_2,0.9994646318750369
EMA_10,SWMA_10,0.9994635539036386
EMA_10,SSF_20,0.9994606966127749
HMA_10,MAMA_0.5_0.05,0.9994579299468367
ITS_9,SWMA_10,0.9994577195540547
MIDPOINT_2,PIVOTS_TRAD_D_R1,0.9994570223995499
JMA_7_0.0,PIVOTS_TRAD_D_P,0.9994536415114496
PWMA_10,SSF_20,0.9994526055734727
JMA_7_0.0,ABER_ZG_5_15,0.9994435180134132
MAMA_0.5_0.05,PIVOTS_TRAD_D_P,0.9994429545081343
WMA_10,VWMA_10,0.9994423046450155
MCGD_10,KCLe_20_2,0.9994385566090515
MAMA_0.5_0.05,LDECAY_1,0.9994381622561933
FWMA_10,WMA_10,0.9994337840178472
ALMA_9_6.0_0.85,JMA_7_0.0,0.9994295360832675
ITS_9,WMA_10,0.9994277561464636
MIDPOINT_2,PIVOTS_TRAD_D_S1,0.9994251555689009
TRIMA_10,VWMA_10,0.9994216364215947
PIVOTS_TRAD_D_S1,ZL_EMA_10,0.9994187743481566
SMMA_7,KCBe_20_2,0.9994171846150574
FWMA_10,PIVOTS_TRAD_D_P,0.9994171322251918
MAMA_0.5_0.05,PIVOTS_TRAD_D_R1,0.9994156613115002
FWMA_10,PIVOTS_TRAD_D_R1,0.9994135095102264
HMA_10,PIVOTS_TRAD_D_P,0.9994109848894956
DEMA_10,HMA_10,0.999409412374856
OBV,OBV_min_2,0.9994087219334739
WMA_10,ABER_XG_5_15,0.9994065921710023
AGl_13_8_5,ABER_ZG_5_15,0.9994060751259162
MAMA_0.5_0.05,ABER_ZG_5_15,0.9994046350997624
OBV,OBV_max_2,0.9993998339100939
AGt_13_8_5,FAMA_0.5_0.05,0.9993974877660198
AGl_13_8_5,SWMA_10,0.9993970866390077
SWMA_10,WMA_10,0.9993959993963928
ACCBU_20,KCUe_20_2,0.9993921654810208
ITS_9,TRIMA_10,0.9993920722713407
OBV_min_2,OBVe_4,0.9993909287736286
MIDPRICE_2,LDECAY_1,0.999388296268039
Open,Close,0.9993875304693293
AGl_13_8_5,ALMA_9_6.0_0.85,0.9993809398881842
ALMA_9_6.0_0.85,ZL_EMA_10,0.9993806060890436
AGt_13_8_5,AGl_13_8_5,0.9993802502565762
ZL_EMA_10,ABER_ZG_5_15,0.9993778908317288
Close,MAMA_0.5_0.05,0.9993765136854136
ACCBM_20,KCBe_20_2,0.9993761718472306
FWMA_10,HMA_10,0.9993758817674425
LINREG_14,TEMA_10,0.9993740916384889
SMA_10,T3_10_0.7,0.9993737055478087
AGl_13_8_5,BBM_5_2.0_2.0,0.9993727653887313
Open,MAMA_0.5_0.05,0.9993696311098539
AGl_13_8_5,ABER_SG_5_15,0.9993679963302989
MCGD_10,SMMA_7,0.9993668663975693
HMA_10,MIDPRICE_2,0.9993661822096841
JMA_7_0.0,PIVOTS_TRAD_D_R1,0.9993631804807386
FAMA_0.5_0.05,PWMA_10,0.9993631014460115
AGt_13_8_5,SMA_10,0.9993630397547779
SMMA_7,TRIMA_10,0.9993629249768806
SINWMA_14,SMA_10,0.9993521787545516
Close,MIDPRICE_2,0.9993512399305816
SMMA_7,SWMA_10,0.9993443293161279
ALMA_9_6.0_0.85,MAMA_0.5_0.05,0.9993436541115748
Open,LDECAY_1,0.9993414336086025
PIVOTS_TRAD_D_P,TEMA_10,0.9993350963380236
EMA_10,TRIMA_10,0.9993265653080962
SSF_20,VWMA_10,0.9993264991635469
DEMA_10,MIDPRICE_2,0.9993262729876721
AGl_13_8_5,ALPHAT_14_1_50,0.999319799697848
ITS_9,SSF_20,0.9993197376555286
RMA_10,ACCBM_20,0.9993188982355358
AGj_13_8_5,ACCBM_20,0.9993182557462658
HMA_10,MIDPOINT_2,0.9993040997247031
FAMA_0.5_0.05,ABER_ZG_5_15,0.999300014087727
HMA_10,PIVOTS_TRAD_D_S1,0.9992977541599254
DEMA_10,ABER_SG_5_15,0.9992918089499884
OHLC4,TEMA_10,0.9992915560466068
ALMA_9_6.0_0.85,FAMA_0.5_0.05,0.9992907835436875
SSF3_20,VWMA_10,0.9992897937247137
SSF_20,ALPHATl_14_1_50_2,0.9992884997655614
JMA_7_0.0,ABER_XG_5_15,0.9992878471057938
HMA_10,BBM_5_2.0_2.0,0.9992875315156327
JMA_7_0.0,PIVOTS_TRAD_D_S1,0.9992843024685869
AGt_13_8_5,SINWMA_14,0.9992836854184306
AGl_13_8_5,SSF_20,0.9992793412426264
ITS_9,SMMA_7,0.9992700375235953
DEMA_10,MIDPOINT_2,0.999269612087505
WMA_10,ALPHAT_14_1_50,0.9992688537605625
Low,MAMA_0.5_0.05,0.9992668393418757
HL2,TEMA_10,0.9992652905777578
LINREG_14,BBM_5_2.0_2.0,0.999261553593921
HMA_10,PIVOTS_TRAD_D_R1,0.9992599358875291
ITS_9,SSF3_20,0.9992560413346113
SWMA_10,T3_10_0.7,0.999255781029883
PIVOTS_TRAD_D_S1,TEMA_10,0.9992548536672363
FWMA_10,PIVOTS_TRAD_D_R2,0.999254587006562
FAMA_0.5_0.05,ABER_SG_5_15,0.9992519800703897
HLC3,TEMA_10,0.999251147097063
TEMA_10,VWAP_D,0.9992511470970629
OHLC4,ZL_EMA_10,0.9992494553549752
MAMA_0.5_0.05,PIVOTS_TRAD_D_S1,0.9992448538506472
FAMA_0.5_0.05,BBM_5_2.0_2.0,0.9992445272029489
DEMA_10,WMA_10,0.9992426845524077
DEMA_10,PIVOTS_TRAD_D_P,0.9992389270011629
EMA_10,ALPHAT_14_1_50,0.9992354912910065
LINREG_14,ABER_ZG_5_15,0.9992333270973943
SMA_10,ALPHATl_14_1_50_2,0.9992301192164282
TEMA_10,WCP,0.999229233080411
HL2,ZL_EMA_10,0.9992247409186013
ALMA_9_6.0_0.85,HMA_10,0.9992223816069287
ZL_EMA_10,ABER_XG_5_15,0.999218755943855
SMMA_7,WMA_10,0.9992167900810375
EMA_10,KAMA_10_2_30,0.9992162044249998
ALMA_9_6.0_0.85,LINREG_14,0.9992126751552447
JMA_7_0.0,LINREG_14,0.999211677929583
SINWMA_14,SMMA_7,0.9992116118950951
FAMA_0.5_0.05,SSF3_20,0.9992091665527678
High,ZL_EMA_10,0.9992072231712315
High,FWMA_10,0.9992068595908717
MIDPRICE_2,PIVOTS_TRAD_D_R2,0.9992025493291032
LINREG_14,ZL_EMA_10,0.9992018244656807
PIVOTS_TRAD_D_R1,TEMA_10,0.9992001359837547
FAMA_0.5_0.05,ALPHAT_14_1_50,0.9991994603614578
SMMA_7,VWMA_10,0.9991984986112448
AGl_13_8_5,TRIMA_10,0.9991982017525957
KAMA_10_2_30,FAMA_0.5_0.05,0.999198040086805
PIVOTS_TRAD_D_R2,ZL_EMA_10,0.9991979748541567
HLC3,ZL_EMA_10,0.9991959284467253
ZL_EMA_10,VWAP_D,0.9991959284467253
LINREG_14,ABER_XG_5_15,0.9991941135497001
HMA_10,ABER_ZG_5_15,0.9991922441361206
MAMA_0.5_0.05,PIVOTS_TRAD_D_R2,0.9991907363268807
MIDPRICE_2,PIVOTS_TRAD_D_S2,0.9991893900752852
Open,TEMA_10,0.9991892513699385
High,TEMA_10,0.9991879032127072
PWMA_10,VWMA_10,0.9991878112277279
AGl_13_8_5,FWMA_10,0.9991877157254017
Open,ZL_EMA_10,0.9991865769776046
KAMA_10_2_30,SMMA_7,0.9991853738439406
AGt_13_8_5,TRIMA_10,0.9991832226787363
TRIMA_10,ALPHATl_14_1_50_2,0.9991822632943222
EMA_10,ABER_SG_5_15,0.9991809010509078
HILO_13_21,ACCBM_20,0.9991807465893746
EMA_10,ABER_ZG_5_15,0.9991780402363092
MAMA_0.5_0.05,ABER_SG_5_15,0.9991769939770807
AGj_13_8_5,MCGD_10,0.9991736321864412
MAMA_0.5_0.05,ABER_XG_5_15,0.9991730961852293
SINWMA_14,SWMA_10,0.9991729211777438
ITS_9,ALPHAT_14_1_50,0.9991704190653488
WCP,ZL_EMA_10,0.9991666869940933
SWMA_10,ALPHATl_14_1_50_2,0.9991656422795929
DEMA_10,PIVOTS_TRAD_D_R1,0.9991640354252971
AGj_13_8_5,KCUe_20_2,0.99915994933879
TEMA_10,LDECAY_1,0.9991570232502219
ALMA_9_6.0_0.85,EMA_10,0.9991536106068446
FWMA_10,OHLC4,0.9991526409187602
FWMA_10,PIVOTS_TRAD_D_S1,0.999152145412182
OBV,OBVe_4,0.9991454036337462
AGl_13_8_5,KAMA_10_2_30,0.9991446655497295
JMA_7_0.0,ABER_SG_5_15,0.9991411601589297
EMA_10,BBM_5_2.0_2.0,0.999133737414567
HMA_10,LINREG_14,0.9991319157028761
FWMA_10,LINREG_14,0.999130923021009
Low,TEMA_10,0.9991304958409165
FWMA_10,HL2,0.9991304025822837
TEMA_10,BBM_5_2.0_2.0,0.9991214104681296
PWMA_10,WMA_10,0.9991193048308801
KAMA_10_2_30,SMA_10,0.9991185603814166
SMMA_7,SSF3_20,0.9991147763207712
ZL_EMA_10,LDECAY_1,0.9991122703089825
MIDPOINT_2,PIVOTS_TRAD_D_R2,0.9991115312516965
JMA_7_0.0,PIVOTS_TRAD_D_R2,0.999110094293172
PIVOTS_TRAD_D_P,BBM_5_2.0_2.0,0.9991095878819753
FWMA_10,VWAP_D,0.9991084572667706
FWMA_10,HLC3,0.9991084572667706
Close,TEMA_10,0.9991043411760447
PIVOTS_TRAD_D_R1,BBM_5_2.0_2.0,0.99910046788718
FAMA_0.5_0.05,ALPHATl_14_1_50_2,0.999097740254647
ACCBM_20,ACCBU_20,0.9990960198591853
PIVOTS_TRAD_D_S2,ZL_EMA_10,0.9990922930281394
ACCBL_20,ACCBM_20,0.9990901174915883
ACCBM_20,DCM_20_20,0.9990843215644364
ALMA_9_6.0_0.85,PIVOTS_TRAD_D_P,0.9990833416974707
FWMA_10,WCP,0.999082647771315
AGt_13_8_5,SWMA_10,0.9990820836300852
ABER_SG_5_15,ABER_XG_5_15,0.9990812035516319
ZL_EMA_10,ABER_SG_5_15,0.9990789735016337
AGt_13_8_5,KCLe_20_2,0.9990779952616389
HMA_10,ABER_XG_5_15,0.9990761933101715
EMA_10,PWMA_10,0.9990744450663774
OBV_min_2,OBV_max_2,0.9990739840966576
RMA_10,SSF_20,0.9990730184019818
SSF3_20,ALPHATl_14_1_50_2,0.9990729021248433
ITS_9,PWMA_10,0.9990727826280775
ALMA_9_6.0_0.85,PIVOTS_TRAD_D_R1,0.9990708120692682
TRIMA_10,WMA_10,0.9990683044352959
SMMA_7,ALPHATl_14_1_50_2,0.9990678837828282
PIVOTS_TRAD_D_R1,PIVOTS_TRAD_D_R4,0.9990620761890595
PIVOTS_TRAD_D_R1,PIVOTS_TRAD_D_R3,0.9990620761890595
Open,FWMA_10,0.9990617095779096
PIVOTS_TRAD_D_P,ABER_ZG_5_15,0.999053647626991
FWMA_10,LDECAY_1,0.9990519902104313
AGj_13_8_5,AGt_13_8_5,0.9990502414811476
MIDPOINT_2,PIVOTS_TRAD_D_S2,0.99904587599677
EMA_10,SSF3_20,0.999040478334712
PIVOTS_TRAD_D_R1,ABER_ZG_5_15,0.9990391409256589
PIVOTS_TRAD_D_R2,ABER_SG_5_15,0.9990348794425828
RMA_10,SINWMA_14,0.999034412839918
PIVOTS_TRAD_D_S1,PIVOTS_TRAD_D_R2,0.9990305263024576
Low,ZL_EMA_10,0.9990295945881771
ALPHAT_14_1_50,VWMA_10,0.9990288996702256
PIVOTS_TRAD_D_S2,PIVOTS_TRAD_D_R1,0.9990285319504536
HMA_10,PIVOTS_TRAD_D_S2,0.9990264881458886
DEMA_10,PIVOTS_TRAD_D_S1,0.9990213697227454
Close,ZL_EMA_10,0.999019843571504
EMA_10,ALPHATl_14_1_50_2,0.9990190227411311
AGt_13_8_5,KAMA_10_2_30,0.9990184752009669
JMA_7_0.0,OHLC4,0.9990165774885885
PIVOTS_TRAD_D_R2,BBM_5_2.0_2.0,0.9990152414375769
TEMA_10,ABER_ZG_5_15,0.9990148226783926
KAMA_10_2_30,ALPHATl_14_1_50_2,0.9990126474758906
AGl_13_8_5,PWMA_10,0.9990113287672882
ALMA_9_6.0_0.85,PIVOTS_TRAD_D_R2,0.999000994220739
PIVOTS_TRAD_D_S1,PIVOTS_TRAD_D_S3,0.9990003202610472
PIVOTS_TRAD_D_S1,PIVOTS_TRAD_D_S4,0.9990003202610472
CHDLREXTl_22_22_14_2.0,DCU_20_20,0.998998239863145
HL2,JMA_7_0.0,0.9989906425491075
ALPHATl_14_1_50_2,VWMA_10,0.9989859185262916
MIDPRICE_2,BBM_5_2.0_2.0,0.9989849522578637
Open,JMA_7_0.0,0.9989836413050506
AGl_13_8_5,ABER_XG_5_15,0.9989820066641739
High,JMA_7_0.0,0.9989796176620173
LINREG_14,MAMA_0.5_0.05,0.9989769690700355
PIVOTS_TRAD_D_R2,ABER_ZG_5_15,0.9989768606856605
SMMA_7,KCLe_20_2,0.9989751898188284
ITS_9,KAMA_10_2_30,0.9989747525097373
ALMA_9_6.0_0.85,TEMA_10,0.9989739142400492
PWMA_10,T3_10_0.7,0.9989688926911151
PIVOTS_TRAD_D_S2,TEMA_10,0.9989674662694328
KAMA_10_2_30,ALPHAT_14_1_50,0.998963951116503
RMA_10,KCLe_20_2,0.9989616253778849
DEMA_10,PIVOTS_TRAD_D_R2,0.998958619205287
KCBe_20_2,KCUe_20_2,0.9989561081803243
MAMA_0.5_0.05,WMA_10,0.9989545544836841
HLC3,JMA_7_0.0,0.9989531031520805
JMA_7_0.0,VWAP_D,0.9989531031520804
HMA_10,PIVOTS_TRAD_D_R2,0.9989516790474233
JMA_7_0.0,PIVOTS_TRAD_D_S2,0.9989515276490751
ITS_9,AGt_13_8_5,0.9989496296117835
Close,FWMA_10,0.9989460925172974
ALPHAT_14_1_50,ABER_ZG_5_15,0.9989441850782645
ACCBL_20,KCLe_20_2,0.9989425581504507
AGt_13_8_5,SSF3_20,0.9989415016601335
PWMA_10,SMMA_7,0.9989343300389056
KAMA_10_2_30,VWMA_10,0.9989290752455287
PIVOTS_TRAD_D_R1,ABER_SG_5_15,0.9989223559880002
JMA_7_0.0,WCP,0.9989195055568952
KAMA_10_2_30,SSF_20,0.998916107110925
PWMA_10,ALPHATl_14_1_50_2,0.998914697117335
SINWMA_14,KCBe_20_2,0.9989129766778332
SSF_20,WMA_10,0.9989121743014523
EMA_10,FWMA_10,0.9989108234010438
AGt_13_8_5,ALPHATl_14_1_50_2,0.998909021186774
MIDPRICE_2,ABER_ZG_5_15,0.9989066063403854
TEMA_10,ABER_XG_5_15,0.9989039710520039
SSF_20,KCBe_20_2,0.9989009711810526
HILO_13_21,ACCBL_20,0.9989004760169603
KAMA_10_2_30,SWMA_10,0.9989000002204629
ALPHAT_14_1_50,BBM_5_2.0_2.0,0.9988996353799893
AGl_13_8_5,ALPHATl_14_1_50_2,0.9988958466485376
AGl_13_8_5,SSF3_20,0.998888722605072
FWMA_10,FAMA_0.5_0.05,0.9988883882755598
FAMA_0.5_0.05,ABER_XG_5_15,0.9988861057500191
MCGD_10,SSF_20,0.9988859645108833
PIVOTS_TRAD_D_P,ABER_XG_5_15,0.9988854582682078
KAMA_10_2_30,WMA_10,0.9988827123309183
KCLe_20_2,KCBe_20_2,0.998880388999089
ITS_9,ALPHATl_14_1_50_2,0.9988802898134568
EMA_10,RMA_10,0.9988790097931554
FWMA_10,ALPHAT_14_1_50,0.9988760372503473
SINWMA_14,ALPHATl_14_1_50_2,0.9988627296696121
T3_10_0.7,VWMA_10,0.9988623257783488
MIDPOINT_2,BBM_5_2.0_2.0,0.9988611407323678
PIVOTS_TRAD_D_R2,TEMA_10,0.9988592488271636
ALPHAT_14_1_50,ABER_SG_5_15,0.9988591876075864
ALMA_9_6.0_0.85,ALPHAT_14_1_50,0.9988591547118251
RMA_10,KCUe_20_2,0.9988584933552697
AGt_13_8_5,VWMA_10,0.9988556124102566
HMA_10,ABER_SG_5_15,0.9988509912319539
MAMA_0.5_0.05,PIVOTS_TRAD_D_S2,0.9988480830869537
KAMA_10_2_30,TRIMA_10,0.9988425327004565
Low,FWMA_10,0.9988405314951081
DCM_20_20,KCBe_20_2,0.9988397079955976
SMA_10,ALPHAT_14_1_50,0.9988375726227344
PWMA_10,SINWMA_14,0.9988339218090988
MCGD_10,ACCBM_20,0.998829933907232
T3_10_0.7,ALPHATl_14_1_50_2,0.998829625270283
ALMA_9_6.0_0.85,MIDPRICE_2,0.9988222831046564
SMMA_7,T3_10_0.7,0.9988211870078311
ITS_9,T3_10_0.7,0.9988192952906879
ALPHAT_14_1_50,ALPHATl_14_1_50_2,0.9988170401770884
LINREG_14,ABER_SG_5_15,0.9988164021219953
AGj_13_8_5,ACCBU_20,0.9988050114865877
RMA_10,DCM_20_20,0.9987973000733724
EMA_10,MCGD_10,0.998796546446445
JMA_7_0.0,WMA_10,0.9987941432849234
Low,JMA_7_0.0,0.9987890000081173
Open,PIVOTS_TRAD_D_P,0.9987865518966642
SMMA_7,ALPHAT_14_1_50,0.99878600389079
High,DEMA_10,0.9987844358456417
JMA_7_0.0,LDECAY_1,0.9987842279418152
DEMA_10,OHLC4,0.9987743167543591
AGt_13_8_5,ACCBM_20,0.9987738781058986
PIVOTS_TRAD_D_S1,BBM_5_2.0_2.0,0.9987701713925106
PIVOTS_TRAD_D_P,ABER_SG_5_15,0.9987637930705295
Close,JMA_7_0.0,0.9987596244590145
FAMA_0.5_0.05,T3_10_0.7,0.9987538758756144
MCGD_10,SINWMA_14,0.998751235055417
DEMA_10,HL2,0.9987503055371795
AGt_13_8_5,WMA_10,0.9987497579118038
Open,HMA_10,0.9987407165104368
MIDPOINT_2,ABER_ZG_5_15,0.9987398145059762
AGj_13_8_5,DCM_20_20,0.9987378563436035
FWMA_10,PIVOTS_TRAD_D_S2,0.9987311982762981
Open,PIVOTS_TRAD_D_R1,0.9987285773791259
ALMA_9_6.0_0.85,PIVOTS_TRAD_D_S1,0.9987283565114435
MIDPRICE_2,ABER_XG_5_15,0.9987279630280516
EMA_10,SINWMA_14,0.9987247624913592
Open,DEMA_10,0.9987227989434753
Open,PIVOTS_TRAD_D_S1,0.9987219180196444
ITS_9,SINWMA_14,0.9987216454726978
DEMA_10,VWAP_D,0.9987170444449066
DEMA_10,HLC3,0.9987170444449066
HMA_10,OHLC4,0.9987153845299518
FAMA_0.5_0.05,SINWMA_14,0.9987140205377604
EMA_10,ABER_XG_5_15,0.998712497064708
PIVOTS_TRAD_D_S1,ABER_XG_5_15,0.9987033255383893
SSF3_20,WMA_10,0.9986975962509498
PIVOTS_TRAD_D_R1,ABER_XG_5_15,0.9986951802139966
PIVOTS_TRAD_D_S1,ABER_ZG_5_15,0.9986910549987046
SINWMA_14,VWMA_10,0.9986892656857665
HL2,HMA_10,0.9986885104974648
AGl_13_8_5,MAMA_0.5_0.05,0.9986884582035902
AGl_13_8_5,DEMA_10,0.9986864000772011
DEMA_10,WCP,0.9986855876901253
AGt_13_8_5,T3_10_0.7,0.9986838148575433
ABER_ZG_5_15,VWMA_10,0.9986784576051247
High,PIVOTS_TRAD_D_R1,0.9986770584237394
DEMA_10,PIVOTS_TRAD_D_S2,0.9986727610932378
EMA_10,KCBe_20_2,0.9986690928778991
TEMA_10,ABER_SG_5_15,0.9986685315693519
ALMA_9_6.0_0.85,MIDPOINT_2,0.9986661386628084
IKS_26,DCM_20_20,0.9986612286240393
AGt_13_8_5,PWMA_10,0.9986550622191253
HWM_1,HWU_1,0.9986511932594699
HWMA_0.2_0.1_0.1,HWU_1,0.9986511932594699
ALMA_9_6.0_0.85,VWMA_10,0.9986498126618877
LINREG_14,PIVOTS_TRAD_D_P,0.9986496452975393
High,HMA_10,0.9986489582393381
WMA_10,ALPHATl_14_1_50_2,0.9986420754775115
DEMA_10,LDECAY_1,0.998641875326113
LINREG_14,WMA_10,0.9986407227206165
OHLC4,PIVOTS_TRAD_D_P,0.9986395106047402
EMA_10,T3_10_0.7,0.9986390292391765
High,PIVOTS_TRAD_D_P,0.9986373085315222
HLC3,HMA_10,0.9986325409557325
HMA_10,VWAP_D,0.9986325409557325
MIDPRICE_2,ABER_SG_5_15,0.9986271116929858
SSF_20,KCLe_20_2,0.9986264471743749
ITS_9,ABER_ZG_5_15,0.9986260607781559
WMA_10,ZL_EMA_10,0.9986228119496046
RMA_10,SMA_10,0.9986215752414185
HL2,PIVOTS_TRAD_D_P,0.9986172816185819
HWM_1,HWL_1,0.9986111990203203
HWMA_0.2_0.1_0.1,HWL_1,0.9986111990203203
BBM_5_2.0_2.0,VWMA_10,0.9986077070013967
LINREG_14,MIDPRICE_2,0.9985967004160796
AGj_13_8_5,HT_TL,0.9985950606708467
HMA_10,WCP,0.99858974089037
OHLC4,PIVOTS_TRAD_D_R1,0.9985886075898392
KAMA_10_2_30,SSF3_20,0.9985855100015419
HILO_13_21,DCM_20_20,0.9985817598938564
FAMA_0.5_0.05,RMA_10,0.9985796671900251
MCGD_10,DCM_20_20,0.9985789226033547
ITS_9,ALMA_9_6.0_0.85,0.9985693937261171
ALPHAT_14_1_50,ABER_XG_5_15,0.9985679834083179
MCGD_10,ACCBL_20,0.9985677101790292
SINWMA_14,ACCBM_20,0.9985654765535961
HL2,PIVOTS_TRAD_D_R1,0.9985649474018166
ABER_SG_5_15,VWMA_10,0.9985602144033451
AGl_13_8_5,RMA_10,0.9985577588996025
ACCBL_20,DCM_20_20,0.9985553667069639
OHLC4,PIVOTS_TRAD_D_S1,0.9985532676555964
ITS_9,BBM_5_2.0_2.0,0.9985466913227564
AGj_13_8_5,SMMA_7,0.9985458453004189
SMA_10,ABER_ZG_5_15,0.9985391739157518
MIDPOINT_2,ABER_XG_5_15,0.9985387053652884
EMA_10,KCLe_20_2,0.9985386524070775
HILO_13_21,KCBe_20_2,0.9985379485220417
SWMA_10,ALPHAT_14_1_50,0.9985359728691988
PIVOTS_TRAD_D_R2,WMA_10,0.998535496883198
Close,DEMA_10,0.9985321350667438
HMA_10,LDECAY_1,0.9985321051568735
HL2,PIVOTS_TRAD_D_S1,0.9985308380102862
FAMA_0.5_0.05,MCGD_10,0.9985304910696134
AGj_13_8_5,ATRTSe_14_20_3.0,0.9985296069870938
RMA_10,TRIMA_10,0.9985269616397325
LINREG_14,PIVOTS_TRAD_D_R1,0.9985253878716446
KAMA_10_2_30,PWMA_10,0.9985204212484429
ALMA_9_6.0_0.85,SMA_10,0.9985170729556588
HLC3,PIVOTS_TRAD_D_P,0.9985161677534137
PIVOTS_TRAD_D_P,VWAP_D,0.9985161677534136
Low,HMA_10,0.9985156934458479
MCGD_10,SMA_10,0.9985138677304923
AGl_13_8_5,MCGD_10,0.9985134227452265
SMA_10,ABER_SG_5_15,0.9985133681240185
Low,DEMA_10,0.998503188953859
QTL_30_0.5,HT_TL,0.9985027160843594
MEDIAN_30,HT_TL,0.9985027160843594
ACCBU_20,KCBe_20_2,0.9985025812270709
HILO_13_21,MCGD_10,0.9985000694156502
LINREG_14,MIDPOINT_2,0.9984990307773718
PIVOTS_TRAD_D_R1,WMA_10,0.9984987535650196
AGj_13_8_5,VIDYA_14,0.9984956886799383
PIVOTS_TRAD_D_R3,ABER_SG_5_15,0.9984914453718141
PIVOTS_TRAD_D_R4,ABER_SG_5_15,0.9984914453718141
ITS_9,ABER_SG_5_15,0.9984895567517674
SMMA_7,ABER_SG_5_15,0.9984874229151502
ACCBM_20,KCUe_20_2,0.998486514965609
MAMA_0.5_0.05,ALPHAT_14_1_50,0.998484109105351
MIDPOINT_2,ABER_SG_5_15,0.9984825155631631
DEMA_10,FAMA_0.5_0.05,0.9984819835683973
DEMA_10,ALPHAT_14_1_50,0.9984813647728663
HILO_13_21,RMA_10,0.998480574847508
SWMA_10,ABER_ZG_5_15,0.9984744754847356
PIVOTS_TRAD_D_S2,ABER_XG_5_15,0.9984717117016486
HLC3,PIVOTS_TRAD_D_R1,0.9984676219314729
PIVOTS_TRAD_D_R1,VWAP_D,0.9984676219314728
KAMA_10_2_30,RMA_10,0.9984629767625814
AGj_13_8_5,HILO_13_21,0.9984616876598464
LINREG_14,PIVOTS_TRAD_D_S1,0.9984603657530091
High,PIVOTS_TRAD_D_R2,0.9984555204225314
PIVOTS_TRAD_D_R2,ABER_XG_5_15,0.9984553895279631
ALMA_9_6.0_0.85,SWMA_10,0.9984537889288067
PIVOTS_TRAD_D_P,WCP,0.9984508164565916
SMA_10,BBM_5_2.0_2.0,0.9984456355172155
VIDYA_14,ATRTSe_14_20_3.0,0.9984407694702039
AGl_13_8_5,T3_10_0.7,0.9984358785233334
High,PIVOTS_TRAD_D_S1,0.9984358413449047
AGl_13_8_5,SINWMA_14,0.9984264449249711
PIVOTS_TRAD_D_S1,VWAP_D,0.9984227397182288
HLC3,PIVOTS_TRAD_D_S1,0.9984227397182288
IKS_26,AGj_13_8_5,0.9984198432574226
Low,PIVOTS_TRAD_D_S1,0.9984139532945907
SWMA_10,ABER_SG_5_15,0.9984137818693661
PIVOTS_TRAD_D_P,WMA_10,0.9984108336353575
SINWMA_14,KCLe_20_2,0.9984065588840317
PIVOTS_TRAD_D_R1,WCP,0.9984041639421215
Close,HMA_10,0.9984023059415945
SMA_10,KCBe_20_2,0.9983988354456169
Low,PIVOTS_TRAD_D_P,0.9983844123339457
MCGD_10,TRIMA_10,0.998383101210171
RMA_10,ACCBL_20,0.9983800423977606
CHDLREXTs_22_22_14_2.0,DCL_20_20,0.9983787680708798
HT_TL,ACCBM_20,0.9983775836465555
ACCBL_20,KCBe_20_2,0.9983755397796998
ABER_SG_5_15,BBU_5_2.0_2.0,0.998375172726585
AGt_13_8_5,ALPHAT_14_1_50,0.9983726411980899
Open,PIVOTS_TRAD_D_R2,0.9983721781799457
RMA_10,ACCBU_20,0.998369754152988
PIVOTS_TRAD_D_P,PIVOTS_TRAD_D_R4,0.9983649251488134
PIVOTS_TRAD_D_P,PIVOTS_TRAD_D_R3,0.9983649251488134
AGl_13_8_5,JMA_7_0.0,0.998363598882333
SMMA_7,ABER_ZG_5_15,0.9983594804654989
EMA_10,MAMA_0.5_0.05,0.9983585229286259
Open,PIVOTS_TRAD_D_S2,0.9983569474713446
SWMA_10,BBM_5_2.0_2.0,0.998355219143059
PIVOTS_TRAD_D_S2,BBM_5_2.0_2.0,0.9983546435176772
PIVOTS_TRAD_D_S1,WCP,0.9983539005668959
AGt_13_8_5,DCM_20_20,0.9983459756977595
KAMA_10_2_30,SINWMA_14,0.9983450371483591
FAMA_0.5_0.05,KCBe_20_2,0.9983448533220081
PIVOTS_TRAD_D_P,LDECAY_1,0.9983375063017665
High,BBM_5_2.0_2.0,0.9983370168706547
ABER_XG_5_15,VWMA_10,0.9983361449815991
ALMA_9_6.0_0.85,SMMA_7,0.9983357222403346
FAMA_0.5_0.05,KCLe_20_2,0.998335343285578
SSF_20,ALPHAT_14_1_50,0.9983328146824811
OBVe_4,OBVe_12,0.9983316653867427
SMA_10,KCLe_20_2,0.998330773498204
AGl_13_8_5,PIVOTS_TRAD_D_R2,0.9983294980718711
AGl_13_8_5,KCBe_20_2,0.9983239035997264
DEMA_10,EMA_10,0.9983207097404712
TRIMA_10,KCBe_20_2,0.9983203236361119
PIVOTS_TRAD_D_R1,LDECAY_1,0.9983192026982547
ALMA_9_6.0_0.85,PIVOTS_TRAD_D_S2,0.998316231837731
PIVOTS_TRAD_D_S2,PIVOTS_TRAD_D_R2,0.9983104850301492
ITS_9,FWMA_10,0.9983089144892472
RMA_10,ALPHATl_14_1_50_2,0.9983055475342721
JMA_7_0.0,ALPHAT_14_1_50,0.9983048466967986
ATRTSe_14_20_3.0,KCBe_20_2,0.9983037346191771
ITS_9,ABER_XG_5_15,0.9983023190124813
RMA_10,SWMA_10,0.9982979076775831
AGl_13_8_5,KCLe_20_2,0.9982972464245734
LINREG_14,PIVOTS_TRAD_D_R2,0.9982924837983009
KAMA_10_2_30,KCBe_20_2,0.9982909976333091
SMMA_7,BBM_5_2.0_2.0,0.998290079713468
TRIMA_10,ALPHAT_14_1_50,0.9982890661735154
MAMA_0.5_0.05,FAMA_0.5_0.05,0.9982886014801636
KAMA_10_2_30,MCGD_10,0.9982854372940845
FWMA_10,PIVOTS_TRAD_D_R4,0.9982847152865039
FWMA_10,PIVOTS_TRAD_D_R3,0.9982847152865039
PIVOTS_TRAD_D_S2,ABER_ZG_5_15,0.9982809149882605
RMA_10,SSF3_20,0.9982745053642765
MCGD_10,ALPHATl_14_1_50_2,0.9982724533158678
FWMA_10,VWMA_10,0.9982632985925483
SMMA_7,ACCBM_20,0.9982621518065286
PIVOTS_TRAD_D_P,PIVOTS_TRAD_D_S4,0.9982596936640764
PIVOTS_TRAD_D_P,PIVOTS_TRAD_D_S3,0.9982596936640764
MIDPRICE_2,WMA_10,0.9982549687605271
ABER_XG_5_15,BBL_5_2.0_2.0,0.9982537119658402
OHLC4,PIVOTS_TRAD_D_R2,0.9982535927594666
KAMA_10_2_30,ABER_SG_5_15,0.9982505748449585
AGj_13_8_5,KCLe_20_2,0.9982496236846903
Open,BBM_5_2.0_2.0,0.9982469578235268
Low,PIVOTS_TRAD_D_R1,0.9982392505549015
AGl_13_8_5,PIVOTS_TRAD_D_R1,0.9982361785664944
High,ABER_ZG_5_15,0.9982347499736055
HL2,PIVOTS_TRAD_D_R2,0.9982301461496048
PWMA_10,ABER_ZG_5_15,0.9982250392557875
PIVOTS_TRAD_D_S1,ABER_SG_5_15,0.9982236864341097
OHLC4,BBM_5_2.0_2.0,0.9982224194789101
AGt_13_8_5,KCUe_20_2,0.9982206352889864
RMA_10,ATRTSe_14_20_3.0,0.9982083949611367
TRIMA_10,KCLe_20_2,0.9982064357633654
MCGD_10,SWMA_10,0.998203174381982
PIVOTS_TRAD_D_S1,LDECAY_1,0.9982025626317833
HL2,BBM_5_2.0_2.0,0.9982000392626005
Close,PIVOTS_TRAD_D_P,0.9981958193977608
ALMA_9_6.0_0.85,PWMA_10,0.9981909543975113
AGl_13_8_5,ZL_EMA_10,0.9981867481174104
OHLC4,PIVOTS_TRAD_D_S2,0.9981811275911203
IKS_26,HT_TL,0.9981762913524185
LINREG_14,PIVOTS_TRAD_D_S2,0.9981620446505064
Open,ABER_ZG_5_15,0.9981605700079037
HL2,PIVOTS_TRAD_D_S2,0.9981601543241788
Close,PIVOTS_TRAD_D_R1,0.998154842573448
High,ABER_SG_5_15,0.9981542617406831
HLC3,BBM_5_2.0_2.0,0.9981398767574079
BBM_5_2.0_2.0,VWAP_D,0.9981398767574079
PIVOTS_TRAD_D_R2,VWAP_D,0.9981397487931565
HLC3,PIVOTS_TRAD_D_R2,0.9981397487931563
CKSPl_10_3_20,CHDLREXTl_22_22_14_2.0,0.998139148879542
Low,PIVOTS_TRAD_D_S2,0.9981376885904445
PWMA_10,ABER_SG_5_15,0.9981366349815569
MAMA_0.5_0.05,PIVOTS_TRAD_D_R4,0.9981327679141145
MAMA_0.5_0.05,PIVOTS_TRAD_D_R3,0.9981327679141145
HMA_10,WMA_10,0.9981257008890851
SINWMA_14,ACCBL_20,0.9981245222450632
MCGD_10,SSF3_20,0.9981186369136961
MIDPOINT_2,WMA_10,0.9981162499559473
TEMA_10,WMA_10,0.9981131668568384
ALPHATl_14_1_50_2,KCBe_20_2,0.9981130895388518
PIVOTS_TRAD_D_R3,BBM_5_2.0_2.0,0.9981126030983236
PIVOTS_TRAD_D_R4,BBM_5_2.0_2.0,0.9981126030983236
KAMA_10_2_30,ABER_ZG_5_15,0.9981116373331672
ALMA_9_6.0_0.85,PIVOTS_TRAD_D_R4,0.9981101624079843
ALMA_9_6.0_0.85,PIVOTS_TRAD_D_R3,0.9981101624079843
OHLC4,ABER_ZG_5_15,0.998103897935374
SMA_10,ABER_XG_5_15,0.9981030417749072
ACCBM_20,KCLe_20_2,0.9980982059437563
WCP,BBM_5_2.0_2.0,0.9980949893143892
PIVOTS_TRAD_D_R4,ABER_ZG_5_15,0.9980915144400203
PIVOTS_TRAD_D_R3,ABER_ZG_5_15,0.9980915144400203
Close,PIVOTS_TRAD_D_S1,0.9980884585804939
HT_TL,ACCBU_20,0.9980884373086191
PWMA_10,ALPHAT_14_1_50,0.998086992966598
HL2,ABER_ZG_5_15,0.9980852256396195
AGl_13_8_5,PIVOTS_TRAD_D_P,0.9980849957051493
ITS_9,RMA_10,0.998084248116744
PWMA_10,BBM_5_2.0_2.0,0.9980827631362486
LDECAY_1,BBM_5_2.0_2.0,0.9980826989979503
AGt_13_8_5,ACCBL_20,0.9980826754003519
PIVOTS_TRAD_D_R2,WCP,0.9980797567860585
ALMA_9_6.0_0.85,KAMA_10_2_30,0.9980766308540557
AGj_13_8_5,SINWMA_14,0.9980749040802349
SWMA_10,ABER_XG_5_15,0.9980738071006628
T3_10_0.7,WMA_10,0.9980719803871605
SWMA_10,KCLe_20_2,0.998069148804133
SSF_20,ACCBM_20,0.9980673749688698
SWMA_10,KCBe_20_2,0.9980652652472732
DCM_20_20,KCLe_20_2,0.9980632879372061
SSF3_20,KCBe_20_2,0.9980625221929554
ITS_9,KCLe_20_2,0.9980593358199846
High,ALMA_9_6.0_0.85,0.9980577167624037
ITS_9,MCGD_10,0.9980562115815548
PIVOTS_TRAD_D_S2,VWAP_D,0.9980482413622597
HLC3,PIVOTS_TRAD_D_S2,0.9980482413622597
KAMA_10_2_30,BBM_5_2.0_2.0,0.9980457958781408
EMA_10,PIVOTS_TRAD_D_R2,0.998045474384369
KAMA_10_2_30,T3_10_0.7,0.9980408654316306
PIVOTS_TRAD_D_R2,LDECAY_1,0.9980323005434286
JMA_7_0.0,FAMA_0.5_0.05,0.9980264442653197
DEMA_10,VWMA_10,0.9980260907723078
PIVOTS_TRAD_D_R3,ZL_EMA_10,0.9980243869014762
PIVOTS_TRAD_D_R4,ZL_EMA_10,0.9980243869014762
RMA_10,T3_10_0.7,0.9980241137196867
AGj_13_8_5,ACCBL_20,0.9980178836713396
SSF3_20,ALPHAT_14_1_50,0.9980174253899385
HLC3,ABER_ZG_5_15,0.9980106699212306
ABER_ZG_5_15,VWAP_D,0.9980106699212306
PIVOTS_TRAD_D_R2,ALPHAT_14_1_50,0.9980018588627881
Open,ALMA_9_6.0_0.85,0.9980018000504258
ZL_EMA_10,ALPHAT_14_1_50,0.9979956055008521
FAMA_0.5_0.05,PIVOTS_TRAD_D_R2,0.9979939189306728
EMA_10,JMA_7_0.0,0.9979934891286051
Open,ABER_XG_5_15,0.9979931110925095
FWMA_10,SMMA_7,0.997992184226653
FWMA_10,SMA_10,0.9979911210374344
ITS_9,DEMA_10,0.9979902667217904
MIDPRICE_2,PIVOTS_TRAD_D_R4,0.9979838170063522
MIDPRICE_2,PIVOTS_TRAD_D_R3,0.9979838170063522
PIVOTS_TRAD_D_S2,WCP,0.9979775020633015
QTL_30_0.5,ACCBU_20,0.9979769505005666
MEDIAN_30,ACCBU_20,0.9979769505005666
High,PIVOTS_TRAD_D_S2,0.9979715844243049
AGl_13_8_5,MIDPRICE_2,0.9979673192903177
JMA_7_0.0,PIVOTS_TRAD_D_R4,0.9979624148804344
JMA_7_0.0,PIVOTS_TRAD_D_R3,0.9979624148804344
ALPHATl_14_1_50_2,KCLe_20_2,0.9979586609059365
WCP,ABER_ZG_5_15,0.9979585939133508
AGt_13_8_5,ABER_SG_5_15,0.9979578366084887
SSF3_20,KCLe_20_2,0.997952594520799
PIVOTS_TRAD_D_S1,WMA_10,0.997947867583504
DCU_20_20,KCUe_20_2,0.9979474294501143
RMA_10,VWMA_10,0.9979453291282079
HILO_13_21,HT_TL,0.997937785668495
Open,LINREG_14,0.9979320923414556
PIVOTS_TRAD_D_R1,ALPHAT_14_1_50,0.9979307128365834
LDECAY_1,ABER_ZG_5_15,0.9979302661575732
ALMA_9_6.0_0.85,OHLC4,0.9979268713006398
DEMA_10,BBL_5_2.0_2.0,0.9979268264307148
TRIMA_10,ABER_ZG_5_15,0.9979200185417214
AGt_13_8_5,HILO_13_21,0.9979199671009426
MIDPOINT_2,PIVOTS_TRAD_D_R3,0.9979185216247061
MIDPOINT_2,PIVOTS_TRAD_D_R4,0.9979185216247061
JMA_7_0.0,BBL_5_2.0_2.0,0.9979170521190694
HILO_13_21,KCLe_20_2,0.9979167631900424
IKS_26,KCBe_20_2,0.9979134861034628
MIDPRICE_2,ALPHAT_14_1_50,0.9979129452773312
EMA_10,PIVOTS_TRAD_D_R1,0.9979124143656365
SMMA_7,DCM_20_20,0.9979117442285325
LINREG_14,OHLC4,0.9979098752209762
TRIMA_10,ABER_SG_5_15,0.9979064369737042
ALMA_9_6.0_0.85,HL2,0.9979036128681742
Close,BBM_5_2.0_2.0,0.9979013292747644
OHLC4,ABER_XG_5_15,0.9978985513388232
ALMA_9_6.0_0.85,TRIMA_10,0.9978978022839426
KAMA_10_2_30,KCLe_20_2,0.9978946222357244
High,LINREG_14,0.997889819543557
HL2,LINREG_14,0.9978814945087552
MIDPRICE_2,PIVOTS_TRAD_D_S4,0.9978786953711606
MIDPRICE_2,PIVOTS_TRAD_D_S3,0.9978786953711606
HL2,ABER_XG_5_15,0.9978768192468503
MCGD_10,VWMA_10,0.9978764110853918
MCGD_10,ATRTSe_14_20_3.0,0.9978748062577575
DEMA_10,PIVOTS_TRAD_D_R4,0.9978732268980742
DEMA_10,PIVOTS_TRAD_D_R3,0.9978732268980742
HT_TL,KCBe_20_2,0.9978728270785562
Open,ABER_SG_5_15,0.9978704034026226
MCGD_10,T3_10_0.7,0.9978686112683549
FAMA_0.5_0.05,PIVOTS_TRAD_D_R1,0.9978651434253613
KCLe_20_2,VWMA_10,0.9978636418439385
AGj_13_8_5,SSF_20,0.997855953801045
High,ABER_XG_5_15,0.997854296979985
CHDLREXTl_22_22_14_2.0,KCUe_20_2,0.9978529165593915
PWMA_10,ABER_XG_5_15,0.9978526306817066
OHLC4,ABER_SG_5_15,0.9978510610602807
Low,BBM_5_2.0_2.0,0.997849349771525
PIVOTS_TRAD_D_R4,WMA_10,0.997848533835921
PIVOTS_TRAD_D_R3,WMA_10,0.997848533835921
AGl_13_8_5,MIDPOINT_2,0.9978435724345388
Close,PIVOTS_TRAD_D_R2,0.9978408397835976
PWMA_10,RMA_10,0.99783754311313
ITS_9,KCBe_20_2,0.9978364997401313
HL2,ABER_SG_5_15,0.997835409926713
SINWMA_14,WMA_10,0.9978291426889556
HLC3,LINREG_14,0.9978281282915236
LINREG_14,VWAP_D,0.9978281282915235
ALMA_9_6.0_0.85,HLC3,0.9978275806436181
ALMA_9_6.0_0.85,VWAP_D,0.9978275806436181
PIVOTS_TRAD_D_P,ALPHAT_14_1_50,0.997822092995816
HILO_13_21,SINWMA_14,0.9978177765537596
WMA_10,BBU_5_2.0_2.0,0.9978167200655614
ACCBU_20,DCM_20_20,0.9978146878124482
T3_10_0.7,KCBe_20_2,0.997804120276385
PIVOTS_TRAD_D_S2,LDECAY_1,0.9977973978688379
FAMA_0.5_0.05,ZL_EMA_10,0.9977950197236102
ALMA_9_6.0_0.85,BBU_5_2.0_2.0,0.9977941447452563
HLC3,ABER_XG_5_15,0.9977927295822476
ABER_XG_5_15,VWAP_D,0.9977927295822476
ABER_ZG_5_15,BBU_5_2.0_2.0,0.9977909411047274
Low,PIVOTS_TRAD_D_R2,0.9977903292000475
EMA_10,ZL_EMA_10,0.9977882348904117
TRIMA_10,BBM_5_2.0_2.0,0.9977873289518205
LINREG_14,WCP,0.9977866407342543
ALPHATl_14_1_50_2,ABER_SG_5_15,0.9977856799591681
SSF_20,ABER_SG_5_15,0.9977823068413375
ALMA_9_6.0_0.85,WCP,0.9977747697312477
AGl_13_8_5,BBU_5_2.0_2.0,0.9977726510640003
ABER_SG_5_15,VWAP_D,0.9977702752408554
HLC3,ABER_SG_5_15,0.9977702752408553
BBM_5_2.0_2.0,BBU_5_2.0_2.0,0.9977698444996442
ALPHATl_14_1_50_2,ABER_ZG_5_15,0.9977693516565183
ALMA_9_6.0_0.85,ALPHATl_14_1_50_2,0.9977676908675087
SMMA_7,ABER_XG_5_15,0.9977672772033308
FWMA_10,KAMA_10_2_30,0.9977638217588798
ALMA_9_6.0_0.85,LDECAY_1,0.9977617164865866
T3_10_0.7,KCLe_20_2,0.9977614067601352
HMA_10,PIVOTS_TRAD_D_S3,0.997760978222103
HMA_10,PIVOTS_TRAD_D_S4,0.997760978222103
AGl_13_8_5,PIVOTS_TRAD_D_R4,0.9977605037920589
AGl_13_8_5,PIVOTS_TRAD_D_R3,0.9977605037920589
MIDPOINT_2,ALPHAT_14_1_50,0.9977593953732798
MCGD_10,PWMA_10,0.9977524595847526
AGl_13_8_5,LINREG_14,0.997751378383024
LDECAY_1,ABER_SG_5_15,0.997748557639474
AGt_13_8_5,ABER_ZG_5_15,0.9977467825229155
Close,ABER_ZG_5_15,0.9977434028331261
IKS_26,RMA_10,0.997741573687086
IKS_26,ACCBM_20,0.9977408286301225
WCP,ABER_XG_5_15,0.997735893894759
PIVOTS_TRAD_D_S3,ZL_EMA_10,0.9977344245883799
PIVOTS_TRAD_D_S4,ZL_EMA_10,0.9977344245883799
EMA_10,PIVOTS_TRAD_D_P,0.9977318393855843
SSF_20,ABER_ZG_5_15,0.9977310299674641
ZL_EMA_10,BBL_5_2.0_2.0,0.9977293913985059
LINREG_14,LDECAY_1,0.9977259646108033
HILO_13_21,ACCBU_20,0.9977232739395002
WCP,ABER_SG_5_15,0.9977229093143613
AGt_13_8_5,ALMA_9_6.0_0.85,0.9977228303282718
Low,ABER_ZG_5_15,0.9977219110584822
SMMA_7,KCUe_20_2,0.9977202173318428
ALMA_9_6.0_0.85,SSF_20,0.9977196914493838
PIVOTS_TRAD_D_S3,TEMA_10,0.9977191127670815
PIVOTS_TRAD_D_S4,TEMA_10,0.9977191127670815
SSF_20,ACCBL_20,0.9977187496743333
BBL_5_2.0_2.0,BBM_5_2.0_2.0,0.9977125126051363
FAMA_0.5_0.05,BBU_5_2.0_2.0,0.9977104567713356
FAMA_0.5_0.05,PIVOTS_TRAD_D_P,0.9977101142472046
MIDPOINT_2,PIVOTS_TRAD_D_S3,0.9977085309748042
MIDPOINT_2,PIVOTS_TRAD_D_S4,0.9977085309748042
VIDYA_14,KCBe_20_2,0.9977064707678461
Close,PIVOTS_TRAD_D_S2,0.9977063889685659
AGj_13_8_5,MEDIAN_30,0.9977039818557683
AGj_13_8_5,QTL_30_0.5,0.9977039818557683
MCGD_10,WMA_10,0.9977016743982069
ATRTSe_14_20_3.0,KCUe_20_2,0.9976929151778762
SMMA_7,ACCBL_20,0.9976908944418424
HMA_10,PIVOTS_TRAD_D_R3,0.9976903374192378
HMA_10,PIVOTS_TRAD_D_R4,0.9976903374192378
Low,ABER_XG_5_15,0.9976870055168858
KCBe_20_2,VWMA_10,0.9976867621257982
EMA_10,BBU_5_2.0_2.0,0.9976811978210356
FWMA_10,BBL_5_2.0_2.0,0.9976758540043001
VIDYA_14,KCUe_20_2,0.9976754422050429
FWMA_10,SWMA_10,0.9976741436237249
ITS_9,MAMA_0.5_0.05,0.9976730930173484
High,WMA_10,0.997672870589824
RMA_10,WMA_10,0.9976667535980595
AGt_13_8_5,BBM_5_2.0_2.0,0.9976652145811937
ABER_ZG_5_15,BBL_5_2.0_2.0,0.9976622874235227
Low,LINREG_14,0.9976605796979104
PWMA_10,KCLe_20_2,0.9976576427754738
LDECAY_1,ABER_XG_5_15,0.9976527584763171
QTL_30_0.5,ACCBM_20,0.997651719816383
MEDIAN_30,ACCBM_20,0.997651719816383
DEMA_10,SMA_10,0.9976467778521757
RMA_10,HT_TL,0.9976461137844981
LINREG_14,FAMA_0.5_0.05,0.9976435379549023
PIVOTS_TRAD_D_S2,ABER_SG_5_15,0.9976379580208639
ALPHATl_14_1_50_2,BBM_5_2.0_2.0,0.9976368699975581
ALMA_9_6.0_0.85,BBL_5_2.0_2.0,0.997636721476856
HT_TL,KCUe_20_2,0.9976364410597797
ACCBU_20,DCU_20_20,0.9976348941502786
ACCBU_20,CHDLREXTl_22_22_14_2.0,0.9976298706578781
HT_TL,DCM_20_20,0.9976294371587395
TEMA_10,BBL_5_2.0_2.0,0.997623614303994
AGt_13_8_5,ATRTSe_14_20_3.0,0.997615068835913
MCGD_10,KCUe_20_2,0.9976147521673602
SSF_20,BBM_5_2.0_2.0,0.9976109638375915
HMA_10,BBL_5_2.0_2.0,0.997610492693613
WMA_10,KCLe_20_2,0.9976079638410763
Close,LINREG_14,0.9976031860637312
LINREG_14,BBL_5_2.0_2.0,0.9975999844575755
PWMA_10,KCBe_20_2,0.9975971272230487
AGj_13_8_5,CHDLREXTl_22_22_14_2.0,0.9975963500978999
MAMA_0.5_0.05,VWMA_10,0.9975932199418559
EMA_10,MIDPRICE_2,0.9975851942336991
High,ALPHAT_14_1_50,0.9975824062542307
PIVOTS_TRAD_D_R3,TEMA_10,0.9975817216834117
PIVOTS_TRAD_D_R4,TEMA_10,0.9975817216834117
MAMA_0.5_0.05,BBL_5_2.0_2.0,0.997577446737665
CKSPl_10_3_20,DCU_20_20,0.9975747427471935
JMA_7_0.0,PIVOTS_TRAD_D_S4,0.9975668065288815
JMA_7_0.0,PIVOTS_TRAD_D_S3,0.9975668065288815
AGl_13_8_5,HMA_10,0.9975658262845076
AGl_13_8_5,PIVOTS_TRAD_D_S1,0.9975646446319641
T3_10_0.7,ALPHAT_14_1_50,0.9975613468138553
Close,ALMA_9_6.0_0.85,0.9975573875502227
EMA_10,PIVOTS_TRAD_D_R3,0.997544667687211
EMA_10,PIVOTS_TRAD_D_R4,0.997544667687211
Low,ALMA_9_6.0_0.85,0.9975357198773726
Close,ABER_SG_5_15,0.9975218450403999
AGt_13_8_5,ACCBU_20,0.9975156615397371
T3_10_0.7,ACCBM_20,0.9975132070969613
LINREG_14,ALPHAT_14_1_50,0.9975117867900276
KAMA_10_2_30,ABER_XG_5_15,0.9975083816976342
Close,ABER_XG_5_15,0.9975064545683591
RMA_10,VIDYA_14,0.997497240348593
AGj_13_8_5,EMA_10,0.9974929541924575
IKS_26,HILO_13_21,0.9974904117601182
MCGD_10,ALPHAT_14_1_50,0.9974878100266431
AGl_13_8_5,TEMA_10,0.9974801779409754
High,AGl_13_8_5,0.9974793877691799
DEMA_10,SWMA_10,0.9974780151562325
TRIMA_10,ABER_XG_5_15,0.9974717575545073
Open,WMA_10,0.9974696223257182
IKS_26,MCGD_10,0.9974689473445877
High,PIVOTS_TRAD_D_R3,0.9974673807540905
High,PIVOTS_TRAD_D_R4,0.9974673807540905
DCM_20_20,KCUe_20_2,0.9974668927036352
FAMA_0.5_0.05,PIVOTS_TRAD_D_R3,0.9974638308512775
FAMA_0.5_0.05,PIVOTS_TRAD_D_R4,0.9974638308512775
FAMA_0.5_0.05,MIDPRICE_2,0.997459364725092
PIVOTS_TRAD_D_S2,BBL_5_2.0_2.0,0.9974584084985854
OHLC4,WMA_10,0.9974533419133739
EMA_10,MIDPOINT_2,0.9974517769488178
T3_10_0.7,ACCBL_20,0.997444812033949
PIVOTS_TRAD_D_S2,WMA_10,0.9974340271321588
HL2,WMA_10,0.9974329253412814
SINWMA_14,DCM_20_20,0.9974213616520082
ATRTSe_14_20_3.0,DCM_20_20,0.9974042680318768
TEMA_10,ALPHAT_14_1_50,0.9974034288684062
ACCBM_20,ATRTSe_14_20_3.0,0.997401144826436
SSF3_20,ABER_ZG_5_15,0.9974007218639768
ITS_9,JMA_7_0.0,0.9973973166178945
PIVOTS_TRAD_D_S1,PIVOTS_TRAD_D_R3,0.9973940909503642
PIVOTS_TRAD_D_S1,PIVOTS_TRAD_D_R4,0.9973940909503642
HILO_13_21,SMMA_7,0.9973903505359705
SSF3_20,ABER_SG_5_15,0.9973894372153469
PIVOTS_TRAD_D_S1,BBL_5_2.0_2.0,0.9973876396824892
RMA_10,ALPHAT_14_1_50,0.997385319218134
SINWMA_14,ALPHAT_14_1_50,0.9973834146756606
ALMA_9_6.0_0.85,SSF3_20,0.9973828895652599
JMA_7_0.0,VWMA_10,0.9973812724589168
PIVOTS_TRAD_D_R3,BBU_5_2.0_2.0,0.9973792388397783
PIVOTS_TRAD_D_R4,BBU_5_2.0_2.0,0.9973792388397783
IKS_26,ATRTSe_14_20_3.0,0.9973775692238496
WMA_10,KCBe_20_2,0.9973760010432104
HLC3,WMA_10,0.9973736047396233
WMA_10,VWAP_D,0.9973736047396233
PIVOTS_TRAD_D_R3,ALPHAT_14_1_50,0.9973694942666962
PIVOTS_TRAD_D_R4,ALPHAT_14_1_50,0.9973694942666962
MAMA_0.5_0.05,PIVOTS_TRAD_D_S3,0.9973693861052472
MAMA_0.5_0.05,PIVOTS_TRAD_D_S4,0.9973693861052472
FWMA_10,BBU_5_2.0_2.0,0.9973678079023923
PIVOTS_TRAD_D_R2,BBU_5_2.0_2.0,0.9973416850520254
OHLC4,ALPHAT_14_1_50,0.9973407089817018
HL2,ALPHAT_14_1_50,0.997337231739596
AGt_13_8_5,FWMA_10,0.9973371040990405
WMA_10,LDECAY_1,0.997334349251817
WCP,WMA_10,0.9973291492766487
HMA_10,ALPHAT_14_1_50,0.9973268511694429
PIVOTS_TRAD_D_S1,ALPHAT_14_1_50,0.9973244735797882
Open,ALPHAT_14_1_50,0.997322451451867
MAMA_0.5_0.05,SMMA_7,0.9973194238488969
EMA_10,LINREG_14,0.9973153267067899
CHDLREXTl_22_22_14_2.0,KCBe_20_2,0.9973130425895175
MIDPRICE_2,BBL_5_2.0_2.0,0.9973040206861628
Low,ABER_SG_5_15,0.997301433486393
AGj_13_8_5,KAMA_10_2_30,0.9973004374613007
HILO_13_21,SSF_20,0.9972996647069903
FAMA_0.5_0.05,MIDPOINT_2,0.9972948239835777
PIVOTS_TRAD_D_S4,PIVOTS_TRAD_D_R1,0.9972920029955696
PIVOTS_TRAD_D_S3,PIVOTS_TRAD_D_R1,0.9972920029955696
ALPHATl_14_1_50_2,ABER_XG_5_15,0.9972907824859802
SINWMA_14,KCUe_20_2,0.9972792884192585
ALPHAT_14_1_50,VWAP_D,0.9972724744475503
HLC3,ALPHAT_14_1_50,0.9972724744475502
SSF3_20,BBM_5_2.0_2.0,0.9972645022677292
ALPHAT_14_1_50,KCLe_20_2,0.9972577354806336
SSF_20,DCM_20_20,0.9972515256052009
SMMA_7,BBU_5_2.0_2.0,0.9972422989343602
PIVOTS_TRAD_D_P,BBL_5_2.0_2.0,0.9972297051868999
WCP,ALPHAT_14_1_50,0.9972253044544802
DEMA_10,PIVOTS_TRAD_D_S4,0.9972233283673226
DEMA_10,PIVOTS_TRAD_D_S3,0.9972233283673226
PIVOTS_TRAD_D_R4,ABER_XG_5_15,0.9972231902883275
PIVOTS_TRAD_D_R3,ABER_XG_5_15,0.9972231902883275
ACCBM_20,CHDLREXTl_22_22_14_2.0,0.9972196002038821
SSF_20,ABER_XG_5_15,0.9972169830420894
MAMA_0.5_0.05,SMA_10,0.9972149222968986
AGl_13_8_5,OHLC4,0.9972071513247042
MCGD_10,ACCBU_20,0.9972066876693476
FWMA_10,PWMA_10,0.9972041270766315
Open,AGl_13_8_5,0.9971987235255659
ITS_9,PIVOTS_TRAD_D_R2,0.9971980483342142
HMA_10,FAMA_0.5_0.05,0.9971948840487136
RMA_10,CHDLREXTl_22_22_14_2.0,0.9971926751772421
AGl_13_8_5,HL2,0.9971888992295922
CHDLREXTl_22_22_14_2.0,DCM_20_20,0.9971853256972725
LINREG_14,VWMA_10,0.9971787009480094
PIVOTS_TRAD_D_R2,VWMA_10,0.9971774738834115
PIVOTS_TRAD_D_S3,ABER_XG_5_15,0.9971770254190934
PIVOTS_TRAD_D_S4,ABER_XG_5_15,0.9971770254190934
EMA_10,PIVOTS_TRAD_D_S1,0.997171295896775
SMMA_7,ATRTSe_14_20_3.0,0.9971665473307577
FWMA_10,PIVOTS_TRAD_D_S3,0.9971602561634977
FWMA_10,PIVOTS_TRAD_D_S4,0.9971602561634977
MIDPOINT_2,BBL_5_2.0_2.0,0.9971600369829043
Open,PIVOTS_TRAD_D_R3,0.9971554745958147
Open,PIVOTS_TRAD_D_R4,0.9971554745958147
FAMA_0.5_0.05,PIVOTS_TRAD_D_S1,0.9971540236020013
AGj_13_8_5,SMA_10,0.9971481156856593
IKS_26,CKSPs_10_3_20,0.997143150679822
KAMA_10_2_30,MAMA_0.5_0.05,0.9971385049946876
Close,WMA_10,0.9971368289768963
AGl_13_8_5,HLC3,0.9971356554016199
AGl_13_8_5,VWAP_D,0.9971356554016199
TRIMA_10,ACCBM_20,0.9971350557618586
LINREG_14,PIVOTS_TRAD_D_R4,0.9971320843895036
LINREG_14,PIVOTS_TRAD_D_R3,0.9971320843895036
DEMA_10,PWMA_10,0.9971315782974866
AGj_13_8_5,TRIMA_10,0.9971302580929294
PIVOTS_TRAD_D_R2,SMMA_7,0.9971289809068615
EMA_10,HMA_10,0.9971219894428719
DEMA_10,SMMA_7,0.9971215277409033
ALPHAT_14_1_50,LDECAY_1,0.997117487282645
DEMA_10,KAMA_10_2_30,0.99711707731857
ALPHAT_14_1_50,KCBe_20_2,0.9971163270123591
AGl_13_8_5,LDECAY_1,0.9971149203241497
FWMA_10,TRIMA_10,0.9971092319904536
ITS_9,LINREG_14,0.9971025859071424
High,EMA_10,0.997102400709363
EMA_10,ACCBM_20,0.9970942493157124
AGl_13_8_5,WCP,0.9970942392766707
SMA_10,BBU_5_2.0_2.0,0.997093404518985
ITS_9,PIVOTS_TRAD_D_R1,0.9970819777720824
AGt_13_8_5,ABER_XG_5_15,0.9970704506605442
SSF3_20,ACCBM_20,0.9970674779214654
OHLC4,PIVOTS_TRAD_D_R3,0.9970649574124785
OHLC4,PIVOTS_TRAD_D_R4,0.9970649574124785
IKS_26,ACCBU_20,0.9970633708838744
IKS_26,KCUe_20_2,0.9970612407189482
FAMA_0.5_0.05,TEMA_10,0.9970582987008924
AGj_13_8_5,FAMA_0.5_0.05,0.997057181096105
SINWMA_14,ACCBU_20,0.9970495376440103
WMA_10,BBL_5_2.0_2.0,0.9970471933700517
AGj_13_8_5,AGl_13_8_5,0.9970467806993667
Open,PIVOTS_TRAD_D_S4,0.9970462801328969
Open,PIVOTS_TRAD_D_S3,0.9970462801328969
PIVOTS_TRAD_D_R1,VWMA_10,0.9970454541717596
SSF_20,KCUe_20_2,0.997043389144688
HL2,PIVOTS_TRAD_D_R4,0.9970403328874446
HL2,PIVOTS_TRAD_D_R3,0.9970403328874446
SWMA_10,BBU_5_2.0_2.0,0.9970374003240535
ITS_9,ZL_EMA_10,0.997029463480904
Close,ALPHAT_14_1_50,0.9970248567529069
SMA_10,ACCBM_20,0.9970242179584342
HILOl_13_21,QTL_30_0.5,0.9970224607707597
HILOl_13_21,MEDIAN_30,0.9970224607707597
HT_TL,ACCBL_20,0.9970182717253483
ZL_EMA_10,VWMA_10,0.9970174127039899
HILO_13_21,KCUe_20_2,0.9970158780444013
FWMA_10,SSF_20,0.9970146229847606
MEDIAN_30,KCUe_20_2,0.9970135576825186
QTL_30_0.5,KCUe_20_2,0.9970135576825186
Low,PIVOTS_TRAD_D_S4,0.9970126748562663
Low,PIVOTS_TRAD_D_S3,0.9970126748562663
EMA_10,TEMA_10,0.997001881534609
VIDYA_14,ACCBU_20,0.9969980278119415
AGj_13_8_5,ALPHATl_14_1_50_2,0.9969954381106263
ALPHATl_14_1_50_2,ACCBM_20,0.9969935563325106
AGl_13_8_5,PIVOTS_TRAD_D_S2,0.9969867411422001
CHDLREXTs_22_22_14_2.0,DCM_20_20,0.9969838816839061
Low,WMA_10,0.9969785877980455
FWMA_10,ALPHATl_14_1_50_2,0.9969740958157755
DEMA_10,BBU_5_2.0_2.0,0.9969685216436313
PIVOTS_TRAD_D_R3,VWAP_D,0.9969605431357718
HLC3,PIVOTS_TRAD_D_R3,0.9969605431357718
PIVOTS_TRAD_D_R4,VWAP_D,0.9969605431357718
HLC3,PIVOTS_TRAD_D_R4,0.9969605431357718
ITS_9,PIVOTS_TRAD_D_P,0.9969570186413028
SSF3_20,ABER_XG_5_15,0.996950368455559
PIVOTS_TRAD_D_R1,BBU_5_2.0_2.0,0.9969440325516152
VIDYA_14,ACCBM_20,0.99693972653985
PIVOTS_TRAD_D_R2,SMA_10,0.9969371250918454
MCGD_10,HT_TL,0.9969322103897641
EMA_10,DCM_20_20,0.9969245615689551
PIVOTS_TRAD_D_R4,LDECAY_1,0.9969231845186498
PIVOTS_TRAD_D_R3,LDECAY_1,0.9969231845186498
ACCBU_20,ATRTSe_14_20_3.0,0.9969205211805768
IKS_26,QTL_30_0.5,0.9969188831804597
IKS_26,MEDIAN_30,0.9969188831804597
Close,AGl_13_8_5,0.9969110396822572
PIVOTS_TRAD_D_P,VWMA_10,0.9969060300989929
PIVOTS_TRAD_D_R4,WCP,0.9969058679416898
PIVOTS_TRAD_D_R3,WCP,0.9969058679416898
PIVOTS_TRAD_D_R1,SMMA_7,0.9968949888141206
MAMA_0.5_0.05,BBU_5_2.0_2.0,0.9968940431637969
ALPHATl_14_1_50_2,DCM_20_20,0.9968928712637363
OBV_max_2,OBVe_12,0.9968885842878846
ITS_9,MIDPRICE_2,0.9968876679917895
LINREG_14,SWMA_10,0.9968811323046982
JMA_7_0.0,SMA_10,0.9968780864577619
Low,ALPHAT_14_1_50,0.9968776424582766
TRIMA_10,ACCBL_20,0.9968672463641209
High,FAMA_0.5_0.05,0.9968642396748936
HILOl_13_21,HT_TL,0.996864052157952
AGt_13_8_5,BBU_5_2.0_2.0,0.9968571677565644
SMMA_7,ACCBU_20,0.9968493557425196
KAMA_10_2_30,ATRTSe_14_20_3.0,0.9968419870656676
OHLC4,PIVOTS_TRAD_D_S3,0.9968414296455824
OHLC4,PIVOTS_TRAD_D_S4,0.9968414296455824
AGj_13_8_5,SSF3_20,0.9968403572779844
MCGD_10,VIDYA_14,0.9968397529992072
JMA_7_0.0,SMMA_7,0.9968378951174944
SSF3_20,ACCBL_20,0.9968349788783065
HL2,PIVOTS_TRAD_D_S3,0.9968217481999948
HL2,PIVOTS_TRAD_D_S4,0.9968217481999948
RMA_10,ABER_SG_5_15,0.996817363196297
PIVOTS_TRAD_D_S3,BBL_5_2.0_2.0,0.9968161262463583
PIVOTS_TRAD_D_S4,BBL_5_2.0_2.0,0.9968161262463583
ALPHAT_14_1_50,BBU_5_2.0_2.0,0.9968151923149602
DEMA_10,TRIMA_10,0.9968145160649298
HT_TL,CHDLREXTl_22_22_14_2.0,0.99681017282822
IKS_26,VIDYA_14,0.996809297267762
PIVOTS_TRAD_D_R4,SMMA_7,0.996806404127103
PIVOTS_TRAD_D_R3,SMMA_7,0.996806404127103
IKS_26,CHDLREXTl_22_22_14_2.0,0.9968042513223778
MAMA_0.5_0.05,SWMA_10,0.9968028946018
PWMA_10,BBU_5_2.0_2.0,0.9967982836582285
HILO_13_21,ATRTSe_14_20_3.0,0.9967955339553375
EMA_10,OHLC4,0.9967954134853187
Open,EMA_10,0.9967932462571389
LINREG_14,PIVOTS_TRAD_D_S4,0.9967927334864923
LINREG_14,PIVOTS_TRAD_D_S3,0.9967927334864923
PIVOTS_TRAD_D_S2,ALPHAT_14_1_50,0.9967898178288263
LINREG_14,SMA_10,0.996787096620022
KAMA_10_2_30,PIVOTS_TRAD_D_R2,0.9967797286007598
Low,BBL_5_2.0_2.0,0.9967791499066053
EMA_10,HL2,0.9967779251090688
AGj_13_8_5,SWMA_10,0.9967702899580824
JMA_7_0.0,KAMA_10_2_30,0.996770194277013
IKS_26,AGt_13_8_5,0.9967604740004368
LINREG_14,PWMA_10,0.9967569693517124
BBU_5_2.0_2.0,VWMA_10,0.9967525270455977
PIVOTS_TRAD_D_R1,BBL_5_2.0_2.0,0.9967424091864358
ATRTSe_14_20_3.0,KCLe_20_2,0.9967393610532423
ABER_XG_5_15,BBU_5_2.0_2.0,0.9967355712224313
SMA_10,ACCBL_20,0.9967311673167766
MIDPRICE_2,VWMA_10,0.996722371203628
EMA_10,VWAP_D,0.9967218647186313
EMA_10,HLC3,0.9967218647186313
HILO_13_21,T3_10_0.7,0.9967211310514827
PIVOTS_TRAD_D_R1,SMA_10,0.9967156160856832
PIVOTS_TRAD_D_S4,BBM_5_2.0_2.0,0.9967140471638769
PIVOTS_TRAD_D_S3,BBM_5_2.0_2.0,0.9967140471638769
IKS_26,ACCBL_20,0.9967090364699696
EMA_10,LDECAY_1,0.9967082734367279
ZL_EMA_10,BBU_5_2.0_2.0,0.9967068724910805
HLC3,PIVOTS_TRAD_D_S3,0.9966989818328947
PIVOTS_TRAD_D_S3,VWAP_D,0.9966989818328947
PIVOTS_TRAD_D_S4,VWAP_D,0.9966989818328947
HLC3,PIVOTS_TRAD_D_S4,0.9966989818328947
EMA_10,ACCBL_20,0.9966873549899828
ABER_XG_5_15,KCLe_20_2,0.9966862158415419
KAMA_10_2_30,ACCBM_20,0.9966844039585284
Low,AGl_13_8_5,0.9966836561805321
Close,PIVOTS_TRAD_D_R4,0.9966829513113998
Close,PIVOTS_TRAD_D_R3,0.9966829513113998
Open,BBL_5_2.0_2.0,0.9966822301667547
EMA_10,WCP,0.9966790476590931
ITS_9,MIDPOINT_2,0.9966766333673891
EMA_10,KCUe_20_2,0.9966728748752526
FAMA_0.5_0.05,ACCBM_20,0.9966685517692332
OHLC4,BBL_5_2.0_2.0,0.9966651193078665
ALPHATl_14_1_50_2,ACCBL_20,0.996663616481577
ALMA_9_6.0_0.85,PIVOTS_TRAD_D_S4,0.9966633319783703
ALMA_9_6.0_0.85,PIVOTS_TRAD_D_S3,0.9966633319783703
CKSPs_10_3_20,CHDLREXTs_22_22_14_2.0,0.9966425240301405
ITS_9,BBU_5_2.0_2.0,0.9966373967205773
HL2,BBL_5_2.0_2.0,0.9966363619192634
TRIMA_10,BBU_5_2.0_2.0,0.9966360374394889
PIVOTS_TRAD_D_R3,VWMA_10,0.9966358969366281
PIVOTS_TRAD_D_R4,VWMA_10,0.9966358969366281
PIVOTS_TRAD_D_P,SMMA_7,0.9966347893926126
ITS_9,PIVOTS_TRAD_D_R3,0.9966265576783364
ITS_9,PIVOTS_TRAD_D_R4,0.9966265576783364
ABER_SG_5_15,BBL_5_2.0_2.0,0.9966251576654044
T3_10_0.7,ABER_ZG_5_15,0.9966243616190398
KAMA_10_2_30,DCM_20_20,0.9966242458994622
PIVOTS_TRAD_D_S4,WCP,0.9966228404967838
PIVOTS_TRAD_D_S3,WCP,0.9966228404967838
PIVOTS_TRAD_D_S3,ABER_ZG_5_15,0.9966223439561254
PIVOTS_TRAD_D_S4,ABER_ZG_5_15,0.9966223439561254
KAMA_10_2_30,BBU_5_2.0_2.0,0.9966206426635338
MEDIAN_30,KCBe_20_2,0.9966142979248955
QTL_30_0.5,KCBe_20_2,0.9966142979248955
JMA_7_0.0,SWMA_10,0.9966136870543139
SSF_20,BBU_5_2.0_2.0,0.9966094355338775
ALMA_9_6.0_0.85,T3_10_0.7,0.9966087574975793
JMA_7_0.0,BBU_5_2.0_2.0,0.996608586945985
AGt_13_8_5,MAMA_0.5_0.05,0.9966068001281185
IKS_26,KCLe_20_2,0.9965999952593326
Open,FAMA_0.5_0.05,0.9965990959483121
SWMA_10,ACCBM_20,0.9965987305153788
FWMA_10,SSF3_20,0.9965986940456699
KAMA_10_2_30,PIVOTS_TRAD_D_R1,0.9965910928657309
HLC3,BBL_5_2.0_2.0,0.9965851644905299
BBL_5_2.0_2.0,VWAP_D,0.9965851644905298
MCGD_10,ABER_ZG_5_15,0.9965800709191717
AGl_13_8_5,ACCBM_20,0.9965765311090665
VIDYA_14,HT_TL,0.9965736933436727
MCGD_10,ABER_SG_5_15,0.9965725362648487
FAMA_0.5_0.05,PIVOTS_TRAD_D_S2,0.9965722579290426
T3_10_0.7,ABER_SG_5_15,0.9965686218974213
SMMA_7,ZL_EMA_10,0.9965672592478361
EMA_10,PIVOTS_TRAD_D_S2,0.9965636646895764
FAMA_0.5_0.05,OHLC4,0.9965623361149732
PIVOTS_TRAD_D_R2,SWMA_10,0.9965546503670686
ABER_ZG_5_15,KCLe_20_2,0.996553569800503
PIVOTS_TRAD_D_R3,SMA_10,0.9965533739873461
PIVOTS_TRAD_D_R4,SMA_10,0.9965533739873461
KAMA_10_2_30,KCUe_20_2,0.996552372886158
HT_TL,ATRTSe_14_20_3.0,0.9965505788261607
SMA_10,ZL_EMA_10,0.9965483712929575
ALMA_9_6.0_0.85,MCGD_10,0.9965470338685567
WCP,BBL_5_2.0_2.0,0.9965447788747928
HL2,FAMA_0.5_0.05,0.9965440834485813
MIDPOINT_2,VWMA_10,0.9965393534675386
HILO_13_21,MEDIAN_30,0.9965384633736825
HILO_13_21,QTL_30_0.5,0.9965384633736825
DEMA_10,ALPHATl_14_1_50_2,0.9965260558125366
ABER_SG_5_15,KCBe_20_2,0.9965221516797576
ALMA_9_6.0_0.85,KCLe_20_2,0.9965189651173303
AGj_13_8_5,T3_10_0.7,0.9965066400591093
PIVOTS_TRAD_D_P,SMA_10,0.996505324124064
ATRTSe_14_20_3.0,CHDLREXTl_22_22_14_2.0,0.9964960212811047
Close,EMA_10,0.9964916750498876
AGl_13_8_5,DCM_20_20,0.9964913486710345
AGt_13_8_5,PIVOTS_TRAD_D_R2,0.9964878349114039
ITS_9,AGj_13_8_5,0.9964866996936275
T3_10_0.7,BBM_5_2.0_2.0,0.9964857512072082
PIVOTS_TRAD_D_P,BBU_5_2.0_2.0,0.9964809591776412
MCGD_10,BBM_5_2.0_2.0,0.9964784350293882
FAMA_0.5_0.05,VWAP_D,0.9964758497656447
HLC3,FAMA_0.5_0.05,0.9964758497656447
DEMA_10,SSF_20,0.9964737241934603
IKS_26,CHDLREXTs_22_22_14_2.0,0.996473507744168
ALPHAT_14_1_50,BBL_5_2.0_2.0,0.9964695789571038
HILO_13_21,TRIMA_10,0.9964623442110774
KAMA_10_2_30,ZL_EMA_10,0.9964582447321212
HMA_10,BBU_5_2.0_2.0,0.9964578154007853
FAMA_0.5_0.05,LDECAY_1,0.9964527180807079
AGl_13_8_5,BBL_5_2.0_2.0,0.9964500504152125
RMA_10,ABER_ZG_5_15,0.9964448627317926
BBM_5_2.0_2.0,KCLe_20_2,0.996443372433761
OBV_min_2,OBVe_12,0.9964430680506647
VIDYA_14,DCM_20_20,0.996441725402876
AGt_13_8_5,VIDYA_14,0.9964408374170189
AGt_13_8_5,CHDLREXTl_22_22_14_2.0,0.9964357082978402
SMA_10,DCM_20_20,0.9964343149912446
FAMA_0.5_0.05,WCP,0.9964269548931031
MIDPRICE_2,SMMA_7,0.9964265411109208
High,PIVOTS_TRAD_D_S4,0.9964218031045058
High,PIVOTS_TRAD_D_S3,0.9964218031045058
SSF_20,ACCBU_20,0.9964207939118442
ALMA_9_6.0_0.85,RMA_10,0.9964197786664181
FAMA_0.5_0.05,DCM_20_20,0.9964193289325144
LINREG_14,BBU_5_2.0_2.0,0.9964166792751732
ITS_9,PIVOTS_TRAD_D_S1,0.9964142333662772
ACCBL_20,ACCBU_20,0.9964040268498836
Low,PIVOTS_TRAD_D_R3,0.9963974430930345
Low,PIVOTS_TRAD_D_R4,0.9963974430930345
KAMA_10_2_30,PIVOTS_TRAD_D_P,0.9963947328087929
AGt_13_8_5,HT_TL,0.9963910959202941
ALPHATl_14_1_50_2,BBU_5_2.0_2.0,0.9963842686954666
PIVOTS_TRAD_D_S3,LDECAY_1,0.9963751575366615
PIVOTS_TRAD_D_S4,LDECAY_1,0.9963751575366615
SINWMA_14,ABER_SG_5_15,0.9963732701307854
SWMA_10,ACCBL_20,0.9963729461096739
MEDIAN_30,DCM_20_20,0.9963651040932744
QTL_30_0.5,DCM_20_20,0.9963651040932744
Close,BBL_5_2.0_2.0,0.9963646995693538
T3_10_0.7,DCM_20_20,0.9963622219433506
High,ITS_9,0.9963596190808908
FAMA_0.5_0.05,ACCBL_20,0.9963520531495185
HILO_13_21,HILOs_13_21,0.9963507553965681
KAMA_10_2_30,PIVOTS_TRAD_D_R4,0.9963500956433893
KAMA_10_2_30,PIVOTS_TRAD_D_R3,0.9963500956433893
SUPERT_7_3.0,ATRTSe_14_20_3.0,0.9963496730387192
DEMA_10,SSF3_20,0.9963484187288583
PIVOTS_TRAD_D_S1,VWMA_10,0.9963470644194201
RMA_10,BBM_5_2.0_2.0,0.9963456503486638
SMA_10,KCUe_20_2,0.9963429583256029
Close,PIVOTS_TRAD_D_S4,0.996335621556177
Close,PIVOTS_TRAD_D_S3,0.996335621556177
ITS_9,TEMA_10,0.996334296624826
TRIMA_10,DCM_20_20,0.9963330259763321
HILO_13_21,SSF3_20,0.9963205253462614
TEMA_10,VWMA_10,0.9963157274173732
PIVOTS_TRAD_D_R1,SWMA_10,0.9963139614203896
TRIMA_10,KCUe_20_2,0.9963088633906844
RMA_10,MEDIAN_30,0.9963033861612928
RMA_10,QTL_30_0.5,0.9963033861612928
AGj_13_8_5,VWMA_10,0.9962864807688034
High,BBL_5_2.0_2.0,0.9962842033797822
AGt_13_8_5,DEMA_10,0.9962811824905999
MIDPOINT_2,SMMA_7,0.9962742116017611
AGj_13_8_5,PWMA_10,0.9962673200056834
VIDYA_14,MEDIAN_30,0.9962670659186224
VIDYA_14,QTL_30_0.5,0.9962670659186224
AGt_13_8_5,PIVOTS_TRAD_D_R4,0.9962655431022366
AGt_13_8_5,PIVOTS_TRAD_D_R3,0.9962655431022366
PIVOTS_TRAD_D_S2,PIVOTS_TRAD_D_R3,0.9962621669821579
PIVOTS_TRAD_D_S2,PIVOTS_TRAD_D_R4,0.9962621669821579
FAMA_0.5_0.05,BBL_5_2.0_2.0,0.9962555087516234
HILO_13_21,CHDLREXTs_22_22_14_2.0,0.9962537502498803
MAMA_0.5_0.05,PWMA_10,0.9962531719464721
EMA_10,ATRTSe_14_20_3.0,0.9962530903326449
KAMA_10_2_30,MIDPRICE_2,0.9962495854532694
VIDYA_14,CHDLREXTl_22_22_14_2.0,0.9962431623027291
HILO_13_21,ALPHATl_14_1_50_2,0.9962416747957931
AGj_13_8_5,DCU_20_20,0.9962398599625808
HMA_10,VWMA_10,0.9962389373827054
Low,EMA_10,0.996238504012776
LDECAY_1,BBL_5_2.0_2.0,0.9962376440548111
FAMA_0.5_0.05,KCUe_20_2,0.9962325525200477
ITS_9,ACCBM_20,0.9962318178974331
SINWMA_14,ABER_ZG_5_15,0.9962282538476672
AGl_13_8_5,KCUe_20_2,0.9962282047889452
HILO_13_21,SMA_10,0.9962243791279914
MIDPRICE_2,SMA_10,0.9962236315871266
Close,FAMA_0.5_0.05,0.9962213862516769
T3_10_0.7,ABER_XG_5_15,0.9962195184516486
AGl_13_8_5,ACCBL_20,0.9962174194931452
KAMA_10_2_30,LINREG_14,0.996215486042812
SWMA_10,ZL_EMA_10,0.9962138552186132
ALMA_9_6.0_0.85,SINWMA_14,0.9962085564315393
AGt_13_8_5,PIVOTS_TRAD_D_R1,0.9961985901134643
ITS_9,DCM_20_20,0.996188177684325
EMA_10,HILO_13_21,0.9961806222557698
JMA_7_0.0,PWMA_10,0.9961786927626078
SINWMA_14,ATRTSe_14_20_3.0,0.9961763752328611
PIVOTS_TRAD_D_R4,SWMA_10,0.9961759756027162
PIVOTS_TRAD_D_R3,SWMA_10,0.9961759756027162
MAMA_0.5_0.05,TRIMA_10,0.99616976272436
PIVOTS_TRAD_D_R2,BBL_5_2.0_2.0,0.9961685308137033
ITS_9,HMA_10,0.9961683491163615
MIDPRICE_2,BBU_5_2.0_2.0,0.9961604380818765
SSF_20,ATRTSe_14_20_3.0,0.9961598149174906
CKSPl_10_3_20,KCUe_20_2,0.9961587761896773
High,VWMA_10,0.9961526218010786
PIVOTS_TRAD_D_S4,PIVOTS_TRAD_D_R2,0.9961439315379873
PIVOTS_TRAD_D_S3,PIVOTS_TRAD_D_R2,0.9961439315379873
ALPHATl_14_1_50_2,KCUe_20_2,0.996141216287152
FWMA_10,MCGD_10,0.9961358350499845
MCGD_10,ABER_XG_5_15,0.9961262888072535
ITS_9,ACCBL_20,0.9961184711750114
PIVOTS_TRAD_D_P,SWMA_10,0.9961180006976696
Open,ITS_9,0.9961168398490277
TEMA_10,BBU_5_2.0_2.0,0.9961154553008222
SSF3_20,BBU_5_2.0_2.0,0.9961117004323046
MAMA_0.5_0.05,ALPHATl_14_1_50_2,0.9961108484095995
ABER_ZG_5_15,KCBe_20_2,0.9961106316521418
MAMA_0.5_0.05,SSF_20,0.9961007257322557
KAMA_10_2_30,MIDPOINT_2,0.996095922251294
DEMA_10,HWM_1,0.9960926758122451
DEMA_10,HWMA_0.2_0.1_0.1,0.9960926758122451
ITS_9,OHLC4,0.9960919690007897
ALMA_9_6.0_0.85,KCBe_20_2,0.996085165004877
SINWMA_14,BBM_5_2.0_2.0,0.9960808560837036
ITS_9,HL2,0.9960777428957786
ACCBM_20,VWMA_10,0.9960762094908137
FWMA_10,KCLe_20_2,0.9960694378278186
SUPERT_7_3.0,DCM_20_20,0.9960676278025662
IKS_26,SMMA_7,0.9960667583015402
EMA_10,BBL_5_2.0_2.0,0.9960626516407379
KAMA_10_2_30,ACCBL_20,0.9960578180106915
PWMA_10,ACCBM_20,0.9960575842461522
MIDPOINT_2,BBU_5_2.0_2.0,0.9960571003941395
AGt_13_8_5,JMA_7_0.0,0.9960553221425665
LINREG_14,TRIMA_10,0.9960536089875242
SSF3_20,KCUe_20_2,0.9960477857609278
ACCBL_20,ATRTSe_14_20_3.0,0.9960436662459036
CKSPl_10_3_20,HT_TL,0.9960382355769939
MIDPOINT_2,SMA_10,0.9960290054046625
SSF3_20,DCM_20_20,0.9960271445245916
ITS_9,HLC3,0.9960094743591766
ITS_9,VWAP_D,0.9960094743591766
Low,FAMA_0.5_0.05,0.9960090669240244
QTL_30_0.5,CHDLREXTl_22_22_14_2.0,0.996008337631342
MEDIAN_30,CHDLREXTl_22_22_14_2.0,0.996008337631342
BBM_5_2.0_2.0,KCBe_20_2,0.9960079864634419
FWMA_10,RMA_10,0.9959818778576849
PIVOTS_TRAD_D_R2,PWMA_10,0.995981822972893
OBV,OBVe_12,0.9959724896612185
High,SMMA_7,0.9959723343858701
PIVOTS_TRAD_D_S1,SMMA_7,0.9959722304358745
ABER_SG_5_15,KCLe_20_2,0.9959686549679612
SWMA_10,DCM_20_20,0.9959656568343389
PIVOTS_TRAD_D_R2,SSF_20,0.9959623092109453
ITS_9,WCP,0.9959605690046949
PIVOTS_TRAD_D_R2,TRIMA_10,0.9959587715080633
RMA_10,BBU_5_2.0_2.0,0.9959534357472305
JMA_7_0.0,ALPHATl_14_1_50_2,0.9959528423685172
BBL_5_2.0_2.0,VWMA_10,0.9959467897352982
PIVOTS_TRAD_D_R2,ALPHATl_14_1_50_2,0.9959424851450593
ITS_9,BBL_5_2.0_2.0,0.9959408564640359
SWMA_10,KCUe_20_2,0.9959406255635891
LINREG_14,SMMA_7,0.9959336230871465
HILO_13_21,SWMA_10,0.9959218053433886
HT_TL,KCLe_20_2,0.9959216335815898
ITS_9,LDECAY_1,0.9959175496085403
CKSPl_10_3_20,ACCBU_20,0.9959153797474891
HILO_13_21,VIDYA_14,0.9959152401344219
ACCBM_20,DCU_20_20,0.9959063619970291
AGt_13_8_5,PIVOTS_TRAD_D_P,0.9958921527845876
ACCBL_20,VWMA_10,0.9958884446791408
PWMA_10,ACCBL_20,0.9958863830567438
High,BBU_5_2.0_2.0,0.9958826084938022
DCM_20_20,VWMA_10,0.9958814498115272
JMA_7_0.0,TRIMA_10,0.9958811564801651
Open,VWMA_10,0.9958795421806537
AGl_13_8_5,ATRTSe_14_20_3.0,0.995872491840434
ITS_9,PIVOTS_TRAD_D_S2,0.9958632519269535
OHLC4,VWMA_10,0.9958594110595157
SMMA_7,CHDLREXTl_22_22_14_2.0,0.9958584974503218
PIVOTS_TRAD_D_S1,SMA_10,0.9958556637341891
AGj_13_8_5,WMA_10,0.995855515541647
MEDIAN_30,CKSPl_10_3_20,0.9958543554792537
QTL_30_0.5,CKSPl_10_3_20,0.9958543554792537
ALPHAT_14_1_50,DCM_20_20,0.995850962417179
ALPHATl_14_1_50_2,ATRTSe_14_20_3.0,0.9958483807491136
ACCBL_20,CHDLREXTs_22_22_14_2.0,0.9958481664532459
HL2,VWMA_10,0.9958420257735465
IKS_26,SUPERT_7_3.0,0.995839926968583
FWMA_10,T3_10_0.7,0.9958387614458456
SUPERT_7_3.0,ACCBM_20,0.9958317799714557
MCGD_10,CHDLREXTs_22_22_14_2.0,0.9958278922772863
HILO_13_21,SUPERT_7_3.0,0.9958236342761795
AGj_13_8_5,SUPERT_7_3.0,0.995821172875449
HILO_13_21,FAMA_0.5_0.05,0.9958140393446594
DCU_20_20,KCBe_20_2,0.9958134877857217
High,KAMA_10_2_30,0.99579451642053
HMA_10,SMMA_7,0.9957898889908346
PIVOTS_TRAD_D_S2,VWMA_10,0.9957814139594935
VWAP_D,VWMA_10,0.9957785111294762
HLC3,VWMA_10,0.9957785111294762
KAMA_10_2_30,PIVOTS_TRAD_D_S1,0.9957784474282871
FAMA_0.5_0.05,ATRTSe_14_20_3.0,0.9957752437203443
Close,ITS_9,0.9957549966019266
AGt_13_8_5,ZL_EMA_10,0.9957526820839926
SMMA_7,VIDYA_14,0.9957519654975906
SMA_10,TEMA_10,0.9957397455567041
SUPERT_7_3.0,KCBe_20_2,0.9957328335721124
PIVOTS_TRAD_D_R3,SSF_20,0.9957325334738564
PIVOTS_TRAD_D_R4,SSF_20,0.9957325334738564
WCP,VWMA_10,0.9957319841312914
HMA_10,SMA_10,0.9957254803304688
T3_10_0.7,KCUe_20_2,0.9957250301920361
PIVOTS_TRAD_D_R1,PWMA_10,0.9957218734167007
MIDPRICE_2,SWMA_10,0.9957094092718121
PWMA_10,ZL_EMA_10,0.9957090734015358
BBU_5_2.0_2.0,KCBe_20_2,0.9957080394927936
ACCBL_20,KCUe_20_2,0.9957064713540419
MEDIAN_30,ACCBL_20,0.9957058724382145
QTL_30_0.5,ACCBL_20,0.9957058724382145
JMA_7_0.0,SSF_20,0.9957041809772268
LDECAY_1,VWMA_10,0.9957007089534463
HILOs_13_21,HT_TL,0.9956956658564933
AGj_13_8_5,ALPHAT_14_1_50,0.9956955322034899
HILOl_13_21,ACCBU_20,0.9956939135918161
HMA_10,KAMA_10_2_30,0.995687960322708
HILO_13_21,KAMA_10_2_30,0.9956861112978064
AGj_13_8_5,CKSPl_10_3_20,0.9956848243555454
PIVOTS_TRAD_D_R3,TRIMA_10,0.995676661447258
PIVOTS_TRAD_D_R4,TRIMA_10,0.995676661447258
KCLe_20_2,KCUe_20_2,0.9956766580130719
KAMA_10_2_30,TEMA_10,0.9956710499964148
PIVOTS_TRAD_D_R1,TRIMA_10,0.9956648268742035
RMA_10,DCU_20_20,0.9956635520115745
AGt_13_8_5,MIDPRICE_2,0.9956561203216444
High,SMA_10,0.9956524354109408
PIVOTS_TRAD_D_S1,BBU_5_2.0_2.0,0.9956519804070557
RMA_10,SUPERT_7_3.0,0.995648457858212
SMA_10,ATRTSe_14_20_3.0,0.9956472293181052
PIVOTS_TRAD_D_R1,SSF_20,0.9956463279980727
AGl_13_8_5,HILO_13_21,0.9956437892367928
PIVOTS_TRAD_D_R4,ALPHATl_14_1_50_2,0.9956425988674021
PIVOTS_TRAD_D_R3,ALPHATl_14_1_50_2,0.9956425988674021
FWMA_10,KCBe_20_2,0.9956385415296478
PIVOTS_TRAD_D_R1,ALPHATl_14_1_50_2,0.9956356065385916
PIVOTS_TRAD_D_S4,ABER_SG_5_15,0.9956218652203368
PIVOTS_TRAD_D_S3,ABER_SG_5_15,0.9956218652203368
SINWMA_14,ABER_XG_5_15,0.995619696351921
MAMA_0.5_0.05,SSF3_20,0.9956161821838843
PIVOTS_TRAD_D_R3,PWMA_10,0.9956137915038599
PIVOTS_TRAD_D_R4,PWMA_10,0.9956137915038599
RMA_10,ABER_XG_5_15,0.9956051607498155
HILOl_13_21,ACCBM_20,0.9955945569366657
Open,SMMA_7,0.9955868151728845
Low,ITS_9,0.9955814194226228
OHLC4,SMMA_7,0.9955765090111978
SMMA_7,TEMA_10,0.9955748581527942
PIVOTS_TRAD_D_S4,WMA_10,0.9955692446557146
PIVOTS_TRAD_D_S3,WMA_10,0.9955692446557146
T3_10_0.7,ACCBU_20,0.9955620576851515
HL2,SMMA_7,0.9955610047314846
VIDYA_14,KCLe_20_2,0.9955429724616895
ZL_EMA_10,ALPHATl_14_1_50_2,0.9955377576527141
PIVOTS_TRAD_D_P,PWMA_10,0.9955348183542383
Close,VWMA_10,0.9955335515567247
HMA_10,SWMA_10,0.9955301300184689
DEMA_10,T3_10_0.7,0.9955241039619539
SMMA_7,HT_TL,0.9955175442609542
LINREG_14,ALPHATl_14_1_50_2,0.9955050068665233
SMMA_7,LDECAY_1,0.9955039558511677
ITS_9,KCUe_20_2,0.9955009231263501
SMMA_7,VWAP_D,0.9954988999121285
HLC3,SMMA_7,0.9954988999121284
AGt_13_8_5,MIDPOINT_2,0.9954964063692652
IKS_26,CKSPl_10_3_20,0.9954940380383489
CHDLREXTs_22_22_14_2.0,KCLe_20_2,0.9954843481156014
HILO_13_21,PWMA_10,0.9954814749946455
MIDPOINT_2,SWMA_10,0.9954720716958385
TRIMA_10,ATRTSe_14_20_3.0,0.9954692896371578
MCGD_10,CHDLREXTl_22_22_14_2.0,0.9954688799522428
SWMA_10,TEMA_10,0.9954652385193311
EMA_10,ACCBU_20,0.9954606645864945
FWMA_10,SINWMA_14,0.9954592894632595
HILOs_13_21,CKSPs_10_3_20,0.995456877758977
SMMA_7,WCP,0.9954530813815283
PIVOTS_TRAD_D_S1,SWMA_10,0.9954491546325898
KAMA_10_2_30,OHLC4,0.9954467238342336
TRIMA_10,ZL_EMA_10,0.9954462512002137
HT_TL,DCU_20_20,0.9954429581260732
HL2,KAMA_10_2_30,0.9954376010146839
LINREG_14,HWM_1,0.9954268024053123
HWMA_0.2_0.1_0.1,LINREG_14,0.9954268024053121
PIVOTS_TRAD_D_P,ALPHATl_14_1_50_2,0.9954261892226768
PIVOTS_TRAD_D_P,TRIMA_10,0.9954243785017882
LDECAY_1,BBU_5_2.0_2.0,0.995424290793295
DCM_20_20,DCU_20_20,0.9954230629638239
PWMA_10,KCUe_20_2,0.9954187978313745
Open,KAMA_10_2_30,0.9954131277018654
PIVOTS_TRAD_D_R2,SSF3_20,0.9954057575011723
SINWMA_14,BBU_5_2.0_2.0,0.9954037790893074
T3_10_0.7,BBU_5_2.0_2.0,0.9954030945136065
KCUe_20_2,VWMA_10,0.9953958796923644
PWMA_10,DCM_20_20,0.9953888251851113
TRIMA_10,ACCBU_20,0.9953856127613465
ACCBU_20,KCLe_20_2,0.9953839320895572
KAMA_10_2_30,VWAP_D,0.995383735114565
HLC3,KAMA_10_2_30,0.9953837351145649
SINWMA_14,HT_TL,0.9953781551602504
MEDIAN_30,ATRTSe_14_20_3.0,0.9953755031538543
QTL_30_0.5,ATRTSe_14_20_3.0,0.9953755031538543
PIVOTS_TRAD_D_P,SSF_20,0.9953746738537058
KAMA_10_2_30,VIDYA_14,0.9953686560907433
MAMA_0.5_0.05,MCGD_10,0.9953619802210191
KAMA_10_2_30,LDECAY_1,0.9953515881833239
KAMA_10_2_30,WCP,0.9953420342506448
ALPHATl_14_1_50_2,ACCBU_20,0.9953397901150389
ITS_9,HILO_13_21,0.9953239762213457
MCGD_10,MEDIAN_30,0.9953193172927305
MCGD_10,QTL_30_0.5,0.9953193172927305
Low,VWMA_10,0.9953167973096078
LINREG_14,SSF_20,0.9953126710893072
Open,BBU_5_2.0_2.0,0.9953110162810197
Open,SMA_10,0.995308898294547
LINREG_14,SSF3_20,0.9953087482096372
SSF_20,ZL_EMA_10,0.9953082478232541
ACCBL_20,DCL_20_20,0.9953041277902345
KAMA_10_2_30,ACCBU_20,0.9952942580197063
MAMA_0.5_0.05,KCLe_20_2,0.9952929519975936
SINWMA_14,VIDYA_14,0.9952894504244443
PIVOTS_TRAD_D_S2,SMMA_7,0.995284150193316
DCL_20_20,KCLe_20_2,0.9952819821771661
HILO_13_21,CHDLREXTl_22_22_14_2.0,0.9952801197741106
VIDYA_14,CKSPl_10_3_20,0.9952800313367379
OHLC4,BBU_5_2.0_2.0,0.9952792541629862
SMA_10,ACCBU_20,0.9952765030795012
SMA_10,BBL_5_2.0_2.0,0.9952760896182619
OHLC4,SMA_10,0.9952752852038099
MCGD_10,SUPERT_7_3.0,0.9952708224028732
SSF3_20,ACCBU_20,0.9952699036401507
JMA_7_0.0,SSF3_20,0.9952698111565551
HL2,BBU_5_2.0_2.0,0.9952632712467653
SINWMA_14,CHDLREXTl_22_22_14_2.0,0.9952602543904517
HL2,SMA_10,0.9952591395760942
Close,SMMA_7,0.9952567881236074
MCGD_10,BBU_5_2.0_2.0,0.9952335312185845
ABER_XG_5_15,KCBe_20_2,0.9952314542259324
WMA_10,ACCBM_20,0.9952296269758899
High,AGt_13_8_5,0.995225672114018
CKSPs_10_3_20,HT_TL,0.9952219373506429
PIVOTS_TRAD_D_S2,SMA_10,0.9952181678129525
WMA_10,DCM_20_20,0.9952174870033398
SWMA_10,ATRTSe_14_20_3.0,0.9952169559836261
ITS_9,ATRTSe_14_20_3.0,0.9952076140920605
SUPERT_7_3.0,ACCBU_20,0.9952049568460876
HLC3,BBU_5_2.0_2.0,0.9951945266571331
BBU_5_2.0_2.0,VWAP_D,0.9951945266571329
ALPHAT_14_1_50,ACCBM_20,0.9951916119640142
HLC3,SMA_10,0.9951899419888761
SMA_10,VWAP_D,0.995189941988876
SMA_10,LDECAY_1,0.9951773923006533
PIVOTS_TRAD_D_R2,RMA_10,0.9951741548459802
HILO_13_21,VWMA_10,0.9951739448496781
AGt_13_8_5,PIVOTS_TRAD_D_S1,0.9951737974411431
IKS_26,SINWMA_14,0.9951714595482998
MAMA_0.5_0.05,RMA_10,0.9951702394354539
PIVOTS_TRAD_D_R4,SSF3_20,0.9951616058313714
PIVOTS_TRAD_D_R3,SSF3_20,0.9951616058313714
Close,KAMA_10_2_30,0.995158085356354
KAMA_10_2_30,PIVOTS_TRAD_D_S2,0.9951552126120795
QTL_30_0.5,DCU_20_20,0.9951531651666284
MEDIAN_30,DCU_20_20,0.9951531651666284
IKS_26,HILOl_13_21,0.9951530284289171
SWMA_10,BBL_5_2.0_2.0,0.9951512330863015
VIDYA_14,DCU_20_20,0.9951509092914596
HMA_10,PWMA_10,0.9951477400943061
ABER_XG_5_15,HWM_1,0.9951458485618461
HWMA_0.2_0.1_0.1,ABER_XG_5_15,0.9951458485618461
WCP,BBU_5_2.0_2.0,0.9951453955882642
SMA_10,WCP,0.9951405846820133
VIDYA_14,ACCBL_20,0.9951404713167051
HILOs_13_21,ACCBM_20,0.9951205141764852
PIVOTS_TRAD_D_R3,RMA_10,0.9951186962040514
PIVOTS_TRAD_D_R4,RMA_10,0.9951186962040514
ALPHAT_14_1_50,ATRTSe_14_20_3.0,0.9951004118575507
MCGD_10,PIVOTS_TRAD_D_R2,0.9950928998148063
BBU_5_2.0_2.0,KCUe_20_2,0.995089373434656
PIVOTS_TRAD_D_R1,SSF3_20,0.9950866902809563
AGj_13_8_5,HILOl_13_21,0.9950843776460843
SSF3_20,ATRTSe_14_20_3.0,0.9950784608622192
MIDPRICE_2,PWMA_10,0.9950564533337211
HILOl_13_21,CHDLREXTl_22_22_14_2.0,0.9950548319681939
DCL_20_20,DCM_20_20,0.995040952617227
CKSPs_10_3_20,DCM_20_20,0.9950338233901173
WMA_10,KCUe_20_2,0.9950325901264605
ATRTSe_14_20_3.0,DCU_20_20,0.9950304146305571
PWMA_10,TEMA_10,0.9950256549230718
High,SWMA_10,0.9950234687477264
MIDPRICE_2,ALPHATl_14_1_50_2,0.9950225032047747
ACCBM_20,CHDLREXTs_22_22_14_2.0,0.9950197188996137
SUPERT_7_3.0,KCUe_20_2,0.9950189126919986
HILOl_13_21,CKSPl_10_3_20,0.9950176685747789
AGj_13_8_5,ABER_SG_5_15,0.995015711736782
WMA_10,ACCBL_20,0.9950147532070756
AGt_13_8_5,SUPERT_7_3.0,0.9950125192447331
ACCBL_20,CHDLREXTl_22_22_14_2.0,0.9950119103538844
MIDPRICE_2,TRIMA_10,0.9950109392748127
HWMA_0.2_0.1_0.1,BBM_5_2.0_2.0,0.9950032876212456
BBM_5_2.0_2.0,HWM_1,0.9950032876212455
ABER_ZG_5_15,HWM_1,0.9950031392782178
HWMA_0.2_0.1_0.1,ABER_ZG_5_15,0.9950031392782178
AGl_13_8_5,PIVOTS_TRAD_D_S4,0.9949991887884575
AGl_13_8_5,PIVOTS_TRAD_D_S3,0.9949991887884575
AGt_13_8_5,LINREG_14,0.9949988380570247
HWMA_0.2_0.1_0.1,WMA_10,0.9949936889871009
WMA_10,HWM_1,0.9949936889871008
IKS_26,HILOs_13_21,0.9949917372737066
SSF_20,CHDLREXTl_22_22_14_2.0,0.994985159258271
ALMA_9_6.0_0.85,HWM_1,0.9949841762267037
ALMA_9_6.0_0.85,HWMA_0.2_0.1_0.1,0.9949841762267037
MIDPRICE_2,SSF_20,0.9949799316532881
DEMA_10,HWL_1,0.9949767720411208
PSARs_0.02_0.2,ACCBM_20,0.994973010480103
HILOs_13_21,MEDIAN_30,0.9949728068583925
HILOs_13_21,QTL_30_0.5,0.9949728068583925
AGj_13_8_5,CKSPs_10_3_20,0.9949718673643702
KAMA_10_2_30,CHDLREXTl_22_22_14_2.0,0.9949692761954694
DEMA_10,KCLe_20_2,0.9949557787861819
KAMA_10_2_30,BBL_5_2.0_2.0,0.9949519202234894
Close,BBU_5_2.0_2.0,0.9949391951972321
ABER_SG_5_15,KCUe_20_2,0.9949390038676098
Low,SMMA_7,0.9949342770114917
Close,SMA_10,0.9949337066983418
FAMA_0.5_0.05,ACCBU_20,0.9949286734738527
AGt_13_8_5,HMA_10,0.9949191602334836
ATRTSe_14_20_3.0,VWMA_10,0.9948985738130578
ALPHAT_14_1_50,ACCBL_20,0.9948836358200746
SSF_20,VIDYA_14,0.9948832218407372
AGl_13_8_5,ACCBU_20,0.994875425552796
MCGD_10,PIVOTS_TRAD_D_R1,0.994873121940515
PIVOTS_TRAD_D_S4,ALPHAT_14_1_50,0.9948693485432504
PIVOTS_TRAD_D_S3,ALPHAT_14_1_50,0.9948693485432504
IKS_26,SSF_20,0.9948671017974005
Low,KAMA_10_2_30,0.9948657597317733
ALPHAT_14_1_50,KCUe_20_2,0.9948609081981272
HMA_10,ALPHATl_14_1_50_2,0.9948510754900781
PIVOTS_TRAD_D_S1,PWMA_10,0.9948467656032572
PWMA_10,BBL_5_2.0_2.0,0.9948462510162438
PIVOTS_TRAD_D_R2,KCBe_20_2,0.9948425222283624
DEMA_10,MCGD_10,0.9948333076505897
PIVOTS_TRAD_D_P,SSF3_20,0.994833205701495
SSF3_20,ZL_EMA_10,0.9948282426249625
PIVOTS_TRAD_D_S2,SWMA_10,0.9948262491800262
PIVOTS_TRAD_D_R3,KCBe_20_2,0.9948231302410748
PIVOTS_TRAD_D_R4,KCBe_20_2,0.9948231302410748
MAMA_0.5_0.05,T3_10_0.7,0.994818634056329
SMMA_7,BBL_5_2.0_2.0,0.9948129066848517
HILO_13_21,PSARs_0.02_0.2,0.9948127310540843
MAMA_0.5_0.05,KCBe_20_2,0.9948115172103301
SUPERT_7_3.0,HT_TL,0.9948071771644629
Open,AGt_13_8_5,0.9947964842451306
SINWMA_14,PSARl_0.02_0.2,0.9947958619088744
PIVOTS_TRAD_D_R1,RMA_10,0.9947947962680935
MIDPOINT_2,PWMA_10,0.9947886727078312
SWMA_10,ACCBU_20,0.9947878280126521
AGt_13_8_5,DCU_20_20,0.994783143226988
AGt_13_8_5,OHLC4,0.9947808861449707
JMA_7_0.0,KCLe_20_2,0.994776713798035
HILO_13_21,HILOl_13_21,0.9947726152416732
IKS_26,DCU_20_20,0.9947712949236194
MIDPOINT_2,TRIMA_10,0.9947697811026784
JMA_7_0.0,MCGD_10,0.9947692964965333
MCGD_10,CKSPs_10_3_20,0.9947672260814742
AGt_13_8_5,HL2,0.9947665063860573
PIVOTS_TRAD_D_S2,BBU_5_2.0_2.0,0.994758146945346
FWMA_10,HWM_1,0.9947578736510051
FWMA_10,HWMA_0.2_0.1_0.1,0.9947578736510051
MIDPOINT_2,ALPHATl_14_1_50_2,0.9947546705319571
MIDPOINT_2,SSF_20,0.9947510213746622
WMA_10,ATRTSe_14_20_3.0,0.9947467785221408
DEMA_10,SINWMA_14,0.9947440908523524
CKSPl_10_3_20,ATRTSe_14_20_3.0,0.9947390074112542
HILO_13_21,CKSPs_10_3_20,0.9947329693032579
AGj_13_8_5,HILOs_13_21,0.9947324683882776
ABER_XG_5_15,HWL_1,0.9947322978247556
IKS_26,EMA_10,0.994729524888445
MCGD_10,PIVOTS_TRAD_D_R4,0.9947261588484569
MCGD_10,PIVOTS_TRAD_D_R3,0.9947261588484569
IKS_26,KAMA_10_2_30,0.994725545835323
Open,SWMA_10,0.9947235623885932
KAMA_10_2_30,SUPERT_7_3.0,0.9947210354395083
AGt_13_8_5,LDECAY_1,0.9947167788336269
SUPERT_7_3.0,VIDYA_14,0.9947134761319597
SUPERT_7_3.0,ACCBL_20,0.9947085839192836
SINWMA_14,SUPERT_7_3.0,0.9947049857775687
PIVOTS_TRAD_D_S1,TRIMA_10,0.9947017436034319
AGt_13_8_5,VWAP_D,0.9947015751665624
AGt_13_8_5,HLC3,0.9947015751665624
PIVOTS_TRAD_D_S1,ALPHATl_14_1_50_2,0.9946905943031268
SSF_20,HT_TL,0.994689667430155
EMA_10,CHDLREXTl_22_22_14_2.0,0.9946818606615481
HWMA_0.2_0.1_0.1,VWMA_10,0.9946732041537476
HWM_1,VWMA_10,0.9946732041537476
SUPERT_7_3.0,ALPHATl_14_1_50_2,0.9946714125821406
HILOl_13_21,DCM_20_20,0.9946710409024498
PWMA_10,ATRTSe_14_20_3.0,0.9946701278946763
AGt_13_8_5,MEDIAN_30,0.9946691738260777
AGt_13_8_5,QTL_30_0.5,0.9946691738260777
HILOs_13_21,CHDLREXTs_22_22_14_2.0,0.9946543593766685
AGt_13_8_5,WCP,0.994654356485814
PIVOTS_TRAD_D_P,KCLe_20_2,0.9946524830962995
Low,SMA_10,0.9946506577459229
AGt_13_8_5,TEMA_10,0.9946492846712413
MCGD_10,PIVOTS_TRAD_D_P,0.9946453154827519
PIVOTS_TRAD_D_R1,KCLe_20_2,0.9946434842538932
OHLC4,SWMA_10,0.9946344770867279
PIVOTS_TRAD_D_R2,KCLe_20_2,0.9946309270911503
PIVOTS_TRAD_D_S1,SSF_20,0.9946296268203421
CHDLREXTs_22_22_14_2.0,KCBe_20_2,0.9946256393215079
HMA_10,TRIMA_10,0.9946229725379904
HILOs_13_21,ACCBL_20,0.994619984066684
PIVOTS_TRAD_D_R2,T3_10_0.7,0.9946194853820728
CKSPl_10_3_20,KCBe_20_2,0.9946186317090271
HL2,SWMA_10,0.9946162964674824
CKSPl_10_3_20,ACCBM_20,0.9946151987366311
IKS_26,ALPHATl_14_1_50_2,0.9945973266037724
TEMA_10,TRIMA_10,0.9945846457889993
DEMA_10,RMA_10,0.9945820053465116
AGj_13_8_5,CHDLREXTs_22_22_14_2.0,0.9945685169093756
RMA_10,CHDLREXTs_22_22_14_2.0,0.9945680383761224
CHDLREXTl_22_22_14_2.0,KCLe_20_2,0.9945591758550624
SUPERT_7_3.0,CHDLREXTl_22_22_14_2.0,0.9945517696373078
HWMA_0.2_0.1_0.1,JMA_7_0.0,0.9945511838462415
JMA_7_0.0,HWM_1,0.9945511838462413
FAMA_0.5_0.05,PIVOTS_TRAD_D_S4,0.9945449082423617
FAMA_0.5_0.05,PIVOTS_TRAD_D_S3,0.9945449082423617
T3_10_0.7,ATRTSe_14_20_3.0,0.9945372812709397
HLC3,SWMA_10,0.9945307204331653
SWMA_10,VWAP_D,0.9945307204331649
HWL_1,HWU_1,0.9945288233652594
TEMA_10,ALPHATl_14_1_50_2,0.9945201193446643
SWMA_10,LDECAY_1,0.9945168812418603
EMA_10,PIVOTS_TRAD_D_S4,0.9945055763130284
EMA_10,PIVOTS_TRAD_D_S3,0.9945055763130284
JMA_7_0.0,RMA_10,0.9944999252817508
HILOs_13_21,DCM_20_20,0.9944945880096104
DEMA_10,HWU_1,0.9944855453474443
SWMA_10,WCP,0.9944731906645685
SMMA_7,SUPERT_7_3.0,0.9944718855362641
Close,AGt_13_8_5,0.9944539152980516
EMA_10,VIDYA_14,0.9944530357146176
PIVOTS_TRAD_D_R1,KCBe_20_2,0.9944439017951555
AGt_13_8_5,PIVOTS_TRAD_D_S2,0.994439057776353
HMA_10,SSF_20,0.9944361584676737
HWMA_0.2_0.1_0.1,ZL_EMA_10,0.9944360903962643
ZL_EMA_10,HWM_1,0.9944360903962643
ALPHATl_14_1_50_2,CHDLREXTl_22_22_14_2.0,0.9944346729097792
PIVOTS_TRAD_D_R4,T3_10_0.7,0.9944334223023649
PIVOTS_TRAD_D_R3,T3_10_0.7,0.9944334223023649
Low,BBU_5_2.0_2.0,0.994426894789268
MIDPRICE_2,SSF3_20,0.9944248835399256
AGj_13_8_5,ABER_ZG_5_15,0.994418441805635
TRIMA_10,BBL_5_2.0_2.0,0.9944172727668978
PIVOTS_TRAD_D_P,RMA_10,0.9944098376236571
ZL_EMA_10,KCLe_20_2,0.9944092990033322
HWMA_0.2_0.1_0.1,ABER_SG_5_15,0.9944090230772954
ABER_SG_5_15,HWM_1,0.9944090230772954
MAMA_0.5_0.05,SINWMA_14,0.994406674766591
AGj_13_8_5,BBU_5_2.0_2.0,0.9944063302343515
ITS_9,HWMA_0.2_0.1_0.1,0.9944012175061434
ITS_9,HWM_1,0.9944012175061434
MCGD_10,ZL_EMA_10,0.9944009888109144
TEMA_10,HWM_1,0.9943912506094275
HWMA_0.2_0.1_0.1,TEMA_10,0.9943912506094275
AGj_13_8_5,ALMA_9_6.0_0.85,0.9943907007616261
MCGD_10,MIDPRICE_2,0.9943828287663508
High,SSF_20,0.9943792361689161
High,ALPHATl_14_1_50_2,0.9943775246734728
MIDPRICE_2,KCLe_20_2,0.9943751367893966
ALPHATl_14_1_50_2,BBL_5_2.0_2.0,0.9943701000820574
JMA_7_0.0,T3_10_0.7,0.9943684645418781
HWMA_0.2_0.1_0.1,MAMA_0.5_0.05,0.9943666104961946
MAMA_0.5_0.05,HWM_1,0.9943666104961946
High,TRIMA_10,0.9943623583189584
HILOs_13_21,MCGD_10,0.9943590368476872
HILOl_13_21,KCUe_20_2,0.9943536298668986
HILO_13_21,WMA_10,0.994340192474822
T3_10_0.7,PSARl_0.02_0.2,0.9943376346218902
RMA_10,CKSPl_10_3_20,0.9943277900287988
PIVOTS_TRAD_D_R2,SINWMA_14,0.9943243627392678
PIVOTS_TRAD_D_R4,BBL_5_2.0_2.0,0.9943178091456801
PIVOTS_TRAD_D_R3,BBL_5_2.0_2.0,0.9943178091456801
MCGD_10,DCL_20_20,0.9943166750944601
LINREG_14,HWL_1,0.9943106803355078
High,PWMA_10,0.9943072265018965
AGj_13_8_5,BBM_5_2.0_2.0,0.994302379398482
ITS_9,ACCBU_20,0.9942994622099002
VIDYA_14,ALPHATl_14_1_50_2,0.9942859885733918
PIVOTS_TRAD_D_R4,SINWMA_14,0.9942816766148747
PIVOTS_TRAD_D_R3,SINWMA_14,0.9942816766148747
SUPERT_7_3.0,KCLe_20_2,0.9942808909526601
HILO_13_21,DCL_20_20,0.9942762702101929
PIVOTS_TRAD_D_R1,T3_10_0.7,0.9942679906749238
ALPHAT_14_1_50,HWM_1,0.9942622419090212
HWMA_0.2_0.1_0.1,ALPHAT_14_1_50,0.9942622419090212
SSF_20,TEMA_10,0.9942472037334987
Close,SWMA_10,0.9942418650619279
PIVOTS_TRAD_D_S1,KCLe_20_2,0.9942414205078283
PIVOTS_TRAD_D_S2,PWMA_10,0.9942330454884294
PSARs_0.02_0.2,DCM_20_20,0.9942306702348297
BBL_5_2.0_2.0,KCLe_20_2,0.994228477222582
SSF_20,SUPERT_7_3.0,0.9942207553001384
MCGD_10,MIDPOINT_2,0.9942072325662544
IKS_26,AGl_13_8_5,0.9941979893049575
PWMA_10,ACCBU_20,0.9941960149709342
AGl_13_8_5,CHDLREXTl_22_22_14_2.0,0.994194484516858
ACCBU_20,VWMA_10,0.9941858252232062
MCGD_10,PSARs_0.02_0.2,0.9941849159697451
MIDPOINT_2,SSF3_20,0.9941773501128939
SMA_10,CHDLREXTl_22_22_14_2.0,0.9941654506198382
PSARs_0.02_0.2,ACCBU_20,0.9941649165050008
DEMA_10,KCBe_20_2,0.9941595112639077
PSARl_0.02_0.2,ACCBM_20,0.9941582387835314
BBU_5_2.0_2.0,KCLe_20_2,0.9941575042796894
MIDPOINT_2,KCLe_20_2,0.9941531400703552
HILO_13_21,ALPHAT_14_1_50,0.994151881866203
RMA_10,ZL_EMA_10,0.9941502682016768
ABER_SG_5_15,ATRTSe_14_20_3.0,0.994143072899867
SINWMA_14,PSARs_0.02_0.2,0.9941422332489859
SMMA_7,DCU_20_20,0.9941395765575216
MIDPRICE_2,RMA_10,0.9941364785010004
CKSPl_10_3_20,DCM_20_20,0.994132102747466
FAMA_0.5_0.05,CHDLREXTl_22_22_14_2.0,0.9941293403265609
JMA_7_0.0,KCBe_20_2,0.9941155476195271
CKSPs_10_3_20,KCBe_20_2,0.9941120980809205
HILOs_13_21,PSARs_0.02_0.2,0.9941036452996235
HWMA_0.2_0.1_0.1,FAMA_0.5_0.05,0.994100617839606
FAMA_0.5_0.05,HWM_1,0.994100617839606
TRIMA_10,CHDLREXTl_22_22_14_2.0,0.9940940415758187
Low,AGt_13_8_5,0.9940917197980531
SSF_20,BBL_5_2.0_2.0,0.9940900355837397
TRIMA_10,VIDYA_14,0.9940858280395104
PIVOTS_TRAD_D_S1,SSF3_20,0.9940853426286621
SMA_10,VIDYA_14,0.9940764657349541
ABER_SG_5_15,DCM_20_20,0.9940744966345214
IKS_26,FAMA_0.5_0.05,0.9940742957315086
PIVOTS_TRAD_D_S2,ALPHATl_14_1_50_2,0.9940541268312272
LINREG_14,T3_10_0.7,0.994053299008322
HILOs_13_21,ACCBU_20,0.9940484976891134
PIVOTS_TRAD_D_P,KCBe_20_2,0.9940417880895788
HWMA_0.2_0.1_0.1,SMA_10,0.9940382856914995
SMA_10,HWM_1,0.9940382856914994
PIVOTS_TRAD_D_S2,TRIMA_10,0.9940339356998081
AGt_13_8_5,CHDLREXTs_22_22_14_2.0,0.9940337016113449
SWMA_10,HWM_1,0.9940322606675942
HWMA_0.2_0.1_0.1,SWMA_10,0.9940322606675941
Open,PWMA_10,0.994030263209914
MEDIAN_30,CKSPs_10_3_20,0.994013882102054
QTL_30_0.5,CKSPs_10_3_20,0.994013882102054
MEDIAN_30,KCLe_20_2,0.9940075908471706
QTL_30_0.5,KCLe_20_2,0.9940075908471706
Open,TRIMA_10,0.9940064834300485
MCGD_10,PIVOTS_TRAD_D_S1,0.99399812592976
PSARs_0.02_0.2,ACCBL_20,0.9939959749721369
Low,SWMA_10,0.9939939613870518
IKS_26,SMA_10,0.9939930279453553
HILOs_13_21,KCBe_20_2,0.9939921106679218
Open,ALPHATl_14_1_50_2,0.9939899960415184
PIVOTS_TRAD_D_P,T3_10_0.7,0.9939884888143549
Open,SSF_20,0.9939820999783099
PSARs_0.02_0.2,KCBe_20_2,0.9939811763217298
MIDPOINT_2,RMA_10,0.9939684555979083
CKSPs_10_3_20,ACCBM_20,0.9939677821302657
AGl_13_8_5,HWMA_0.2_0.1_0.1,0.9939671957681666
AGl_13_8_5,HWM_1,0.9939671957681666
HILOl_13_21,KCBe_20_2,0.9939603811199614
AGt_13_8_5,BBL_5_2.0_2.0,0.9939480898422555
PSARl_0.02_0.2,ACCBL_20,0.9939407899518926
FAMA_0.5_0.05,VIDYA_14,0.9939393533985956
AGl_13_8_5,VIDYA_14,0.9939331733021793
PIVOTS_TRAD_D_S2,SSF_20,0.9939301929312634
OHLC4,ALPHATl_14_1_50_2,0.9939301156539921
AGj_13_8_5,PSARs_0.02_0.2,0.9939298033565236
OHLC4,TRIMA_10,0.9939266574892722
T3_10_0.7,ZL_EMA_10,0.9939232907881678
RMA_10,PSARs_0.02_0.2,0.9939199868329915
HL2,ALPHATl_14_1_50_2,0.9939191406367777
OHLC4,SSF_20,0.9939182504943688
ABER_SG_5_15,ACCBM_20,0.9939176497924002
AGj_13_8_5,FWMA_10,0.9939153879815098
IKS_26,TRIMA_10,0.9939113579384744
HL2,TRIMA_10,0.9939099572938965
HT_TL,CHDLREXTs_22_22_14_2.0,0.9939084653908141
OHLC4,PWMA_10,0.993908457664376
HILOl_13_21,ACCBL_20,0.9939045680175334
HL2,SSF_20,0.9939037660801884
PIVOTS_TRAD_D_R1,SINWMA_14,0.993903617247075
HMA_10,HWM_1,0.9939026874836356
HMA_10,HWMA_0.2_0.1_0.1,0.9939026874836356
SSF3_20,BBL_5_2.0_2.0,0.993898352493664
HL2,PWMA_10,0.9938883217674085
BBL_5_2.0_2.0,HWM_1,0.9938867989694504
HWMA_0.2_0.1_0.1,BBL_5_2.0_2.0,0.9938867989694504
HILOl_13_21,DCU_20_20,0.9938853395961827
ITS_9,PIVOTS_TRAD_D_S4,0.9938812354243888
ITS_9,PIVOTS_TRAD_D_S3,0.9938812354243888
SSF3_20,TEMA_10,0.9938782876538258
HMA_10,SSF3_20,0.9938771827770487
ABER_ZG_5_15,HWL_1,0.9938702783973059
RMA_10,CKSPs_10_3_20,0.9938633647086773
SSF_20,PSARl_0.02_0.2,0.9938593961489343
ALMA_9_6.0_0.85,HWL_1,0.9938558480820238
High,MCGD_10,0.9938538534288125
BBM_5_2.0_2.0,HWL_1,0.9938527291158397
JMA_7_0.0,SINWMA_14,0.9938378122486049
ABER_ZG_5_15,DCM_20_20,0.9938369869050411
HLC3,ALPHATl_14_1_50_2,0.9938361308942066
ALPHATl_14_1_50_2,VWAP_D,0.9938361308942066
SSF3_20,VIDYA_14,0.9938349408110538
WMA_10,HWL_1,0.9938340976602145
EMA_10,HT_TL,0.9938340812928933
SSF_20,LDECAY_1,0.9938317367358086
PIVOTS_TRAD_D_S2,KCLe_20_2,0.9938273978659865
HLC3,TRIMA_10,0.9938260350953054
TRIMA_10,VWAP_D,0.9938260350953054
PWMA_10,HWM_1,0.9938255319651831
HWMA_0.2_0.1_0.1,PWMA_10,0.9938255319651831
HLC3,SSF_20,0.9938229457010194
SSF_20,VWAP_D,0.9938229457010191
LINREG_14,HWU_1,0.9938216965716152
TRIMA_10,LDECAY_1,0.9938214569809175
ALPHATl_14_1_50_2,LDECAY_1,0.9938187691331382
PIVOTS_TRAD_D_R4,KCLe_20_2,0.9938033960381395
PIVOTS_TRAD_D_R3,KCLe_20_2,0.9938033960381395
HLC3,PWMA_10,0.9937938657893182
PWMA_10,VWAP_D,0.993793865789318
High,SSF3_20,0.9937915765704338
PWMA_10,LDECAY_1,0.9937848175768523
WCP,ALPHATl_14_1_50_2,0.9937798935011705
ALMA_9_6.0_0.85,DCM_20_20,0.9937793066070307
SSF3_20,PSARl_0.02_0.2,0.9937747774350951
TRIMA_10,WCP,0.9937693420123677
PIVOTS_TRAD_D_S3,VWMA_10,0.9937681844204311
PIVOTS_TRAD_D_S4,VWMA_10,0.9937681844204311
SSF_20,WCP,0.9937678022544179
MIDPRICE_2,KCBe_20_2,0.9937617440634336
ZL_EMA_10,KCBe_20_2,0.9937566001933099
High,RMA_10,0.9937556874482582
HILOs_13_21,RMA_10,0.9937525854568042
HWMA_0.2_0.1_0.1,PIVOTS_TRAD_D_P,0.9937516457781852
PIVOTS_TRAD_D_P,HWM_1,0.9937516457781851
MIDPRICE_2,HWM_1,0.9937398849479633
HWMA_0.2_0.1_0.1,MIDPRICE_2,0.9937398849479633
PWMA_10,WCP,0.9937319107749294
BBM_5_2.0_2.0,DCM_20_20,0.9937185560389757
SSF3_20,HWM_1,0.9937134759522148
HWMA_0.2_0.1_0.1,SSF3_20,0.9937134759522148
SSF3_20,CHDLREXTl_22_22_14_2.0,0.993709867235764
PIVOTS_TRAD_D_R4,KCUe_20_2,0.9936937970978719
PIVOTS_TRAD_D_R3,KCUe_20_2,0.9936937970978719
SWMA_10,CHDLREXTl_22_22_14_2.0,0.9936924398299244
ITS_9,CHDLREXTl_22_22_14_2.0,0.9936608190196952
T3_10_0.7,CHDLREXTl_22_22_14_2.0,0.9936606977548138
SINWMA_14,DCU_20_20,0.9936557948031757
LINREG_14,KCLe_20_2,0.9936461997734272
SWMA_10,VIDYA_14,0.9936428025114515
ITS_9,IKS_26,0.9936404030992054
HILOl_13_21,RMA_10,0.993633095360452
HILOl_13_21,VIDYA_14,0.9936303045986487
SINWMA_14,QTL_30_0.5,0.9936208592901628
SINWMA_14,MEDIAN_30,0.9936208592901628
TRIMA_10,HT_TL,0.9936064215764646
PIVOTS_TRAD_D_S1,RMA_10,0.993600584227102
PIVOTS_TRAD_D_R1,HWM_1,0.9935993219160868
HWMA_0.2_0.1_0.1,PIVOTS_TRAD_D_R1,0.9935993219160867
MIDPOINT_2,KCBe_20_2,0.9935924590649181
MIDPRICE_2,T3_10_0.7,0.9935913674629999
MIDPOINT_2,HWM_1,0.99358735868803
HWMA_0.2_0.1_0.1,MIDPOINT_2,0.99358735868803
SMMA_7,QTL_30_0.5,0.9935783922315918
SMMA_7,MEDIAN_30,0.9935783922315918
HMA_10,KCLe_20_2,0.9935729651319476
CKSPs_10_3_20,ATRTSe_14_20_3.0,0.9935684920317134
ADX_14,ADXR_14_2,0.9935669628283389
ABER_ZG_5_15,KCUe_20_2,0.9935661894384513
FWMA_10,HWL_1,0.9935581341094836
High,KCLe_20_2,0.9935576181083455
Close,ALPHATl_14_1_50_2,0.993552481344848
ALMA_9_6.0_0.85,KCUe_20_2,0.9935496006996818
PIVOTS_TRAD_D_P,SINWMA_14,0.9935477529380199
SMMA_7,CHDLREXTs_22_22_14_2.0,0.9935464117228847
Close,SSF_20,0.9935436686108986
Close,TRIMA_10,0.9935405650960262
HWL_1,VWMA_10,0.9935330239709589
ABER_ZG_5_15,ATRTSe_14_20_3.0,0.9935321002073505
HMA_10,MCGD_10,0.9935250834939767
ALPHATl_14_1_50_2,HT_TL,0.9935227490307742
ABER_SG_5_15,HWU_1,0.9935206318707979
EMA_10,HWMA_0.2_0.1_0.1,0.9935195595034618
EMA_10,HWM_1,0.9935195595034618
Open,KCLe_20_2,0.9935189137020987
Open,MCGD_10,0.9935189128693701
IKS_26,SWMA_10,0.9935018289411435
TRIMA_10,HWM_1,0.9934998011375228
HWMA_0.2_0.1_0.1,TRIMA_10,0.9934998011375228
SUPERT_7_3.0,TRIMA_10,0.9934990169411524
HWMA_0.2_0.1_0.1,PIVOTS_TRAD_D_S1,0.9934896962190384
PIVOTS_TRAD_D_S1,HWM_1,0.9934896962190384
CKSPs_10_3_20,KCLe_20_2,0.9934886459616523
ALMA_9_6.0_0.85,ATRTSe_14_20_3.0,0.9934885066822986
Close,PWMA_10,0.9934873697311322
KAMA_10_2_30,HT_TL,0.9934859568161976
CKSPs_10_3_20,ACCBL_20,0.9934838932899802
MCGD_10,OHLC4,0.9934828297438845
ACCBM_20,BBU_5_2.0_2.0,0.9934720718313242
BBM_5_2.0_2.0,KCUe_20_2,0.9934710548402549
HL2,MCGD_10,0.9934704035605887
T3_10_0.7,HWM_1,0.9934677704557897
HWMA_0.2_0.1_0.1,T3_10_0.7,0.9934677704557897
ABER_ZG_5_15,ACCBM_20,0.9934672296223714
ATRTSe_14_20_3.0,BBU_5_2.0_2.0,0.9934609327683697
LINREG_14,MCGD_10,0.9934599293869083
FWMA_10,DCM_20_20,0.9934552517793447
BBL_5_2.0_2.0,HWL_1,0.9934519071032792
ATRTSe_14_20_3.0,BBM_5_2.0_2.0,0.9934481089149437
ALMA_9_6.0_0.85,ACCBM_20,0.9934433884469559
CHDLREXTl_22_22_14_2.0,VWMA_10,0.9934428248297551
HWMA_0.2_0.1_0.1,PIVOTS_TRAD_D_R2,0.993440401641786
PIVOTS_TRAD_D_R2,HWM_1,0.9934404016417857
BBM_5_2.0_2.0,HWU_1,0.9934332699881244
WMA_10,HWU_1,0.9934325993363776
ALPHAT_14_1_50,ACCBU_20,0.9934286888087642
ITS_9,VIDYA_14,0.9934243995804122
SMA_10,HT_TL,0.9934224006525364
OHLC4,KCLe_20_2,0.993421653340833
ABER_ZG_5_15,HWU_1,0.9934156809359342
PIVOTS_TRAD_D_S2,SSF3_20,0.9934045068474545
HL2,KCLe_20_2,0.9934043904128397
Open,SSF3_20,0.993399037372885
HLC3,MCGD_10,0.9933967980536241
MCGD_10,VWAP_D,0.993396798053624
High,KCBe_20_2,0.9933932468095303
ALMA_9_6.0_0.85,HWU_1,0.9933923023780731
HILO_13_21,DCU_20_20,0.9933901376260063
IKS_26,SSF3_20,0.9933783283176273
JMA_7_0.0,HWL_1,0.9933690184871297
SINWMA_14,ZL_EMA_10,0.9933649718171246
VIDYA_14,CKSPs_10_3_20,0.9933587864489722
AGj_13_8_5,ABER_XG_5_15,0.9933513910996302
TRIMA_10,PSARl_0.02_0.2,0.9933500635396781
MCGD_10,LDECAY_1,0.9933481963855205
MCGD_10,DCU_20_20,0.9933457800522065
MCGD_10,WCP,0.9933452653067626
WMA_10,ACCBU_20,0.9933448038905746
MIDPOINT_2,T3_10_0.7,0.9933438842801194
MCGD_10,PIVOTS_TRAD_D_S2,0.9933437112202704
SSF3_20,SUPERT_7_3.0,0.9933433509573888
IKS_26,ALPHAT_14_1_50,0.9933432082210606
OHLC4,SSF3_20,0.9933344732656405
AGt_13_8_5,PSARs_0.02_0.2,0.9933317020102548
ACCBM_20,BBM_5_2.0_2.0,0.9933293408602331
ABER_ZG_5_15,ACCBL_20,0.9933267657649721
SMA_10,SUPERT_7_3.0,0.9933222153029522
HL2,SSF3_20,0.9933199302707636
HLC3,KCLe_20_2,0.9933152663887285
KCLe_20_2,VWAP_D,0.9933152663887285
AGj_13_8_5,PIVOTS_TRAD_D_R3,0.9933149727996393
AGj_13_8_5,PIVOTS_TRAD_D_R4,0.9933149727996393
SUPERT_7_3.0,T3_10_0.7,0.9933083305785468
LINREG_14,SINWMA_14,0.9932969158317215
ALMA_9_6.0_0.85,ACCBL_20,0.9932928853579761
EMA_10,SUPERT_7_3.0,0.9932905235516752
SSF_20,PSARs_0.02_0.2,0.9932825354733666
SSF_20,DCU_20_20,0.9932676703581823
ALPHAT_14_1_50,CHDLREXTl_22_22_14_2.0,0.9932676204447476
ABER_XG_5_15,ACCBL_20,0.9932656763314608
T3_10_0.7,HT_TL,0.9932585282699612
PIVOTS_TRAD_D_S3,PIVOTS_TRAD_D_R3,0.9932565708295984
PIVOTS_TRAD_D_S4,PIVOTS_TRAD_D_R3,0.9932565708295984
PIVOTS_TRAD_D_S3,PIVOTS_TRAD_D_R4,0.9932565708295984
PIVOTS_TRAD_D_S4,PIVOTS_TRAD_D_R4,0.9932565708295984
WCP,KCLe_20_2,0.9932559821952254
Low,PWMA_10,0.993254313127891
ITS_9,HWL_1,0.9932537664782107
ZL_EMA_10,HWL_1,0.9932537116954095
Open,RMA_10,0.9932524531909096
FWMA_10,ATRTSe_14_20_3.0,0.9932478937697763
Low,ALPHATl_14_1_50_2,0.9932453226115452
Low,TRIMA_10,0.9932421732649199
HLC3,SSF3_20,0.993238974141772
SSF3_20,VWAP_D,0.9932389741417719
TEMA_10,KCLe_20_2,0.9932371804129811
FWMA_10,HWU_1,0.993236991123293
SSF3_20,LDECAY_1,0.9932360441280058
HMA_10,RMA_10,0.9932349037683635
SSF3_20,HT_TL,0.9932305960571136
OHLC4,RMA_10,0.9932305555093173
IKS_26,VWMA_10,0.9932276020365985
KAMA_10_2_30,DCU_20_20,0.9932264141975538
PSARs_0.02_0.2,KCUe_20_2,0.9932261719180462
BBU_5_2.0_2.0,DCM_20_20,0.9932234560559897
HWMA_0.2_0.1_0.1,PIVOTS_TRAD_D_S2,0.9932215757910242
PIVOTS_TRAD_D_S2,HWM_1,0.993221575791024
RMA_10,PSARl_0.02_0.2,0.9932197402215123
HL2,RMA_10,0.9932181881549141
PIVOTS_TRAD_D_S1,KCBe_20_2,0.9932131254553879
Low,SSF_20,0.9932127252626956
MCGD_10,BBL_5_2.0_2.0,0.9932091357752547
PIVOTS_TRAD_D_S1,T3_10_0.7,0.9932080580936639
T3_10_0.7,PSARs_0.02_0.2,0.9932025127494716
LDECAY_1,KCLe_20_2,0.9932013538898955
FAMA_0.5_0.05,HT_TL,0.993194396348422
PSARl_0.02_0.2,KCBe_20_2,0.9931893657062113
SSF3_20,WCP,0.9931837715554764
ATRTSe_14_20_3.0,CHDLREXTs_22_22_14_2.0,0.9931828720618993
MCGD_10,TEMA_10,0.9931816844458292
RMA_10,LDECAY_1,0.993180338523197
AGj_13_8_5,PIVOTS_TRAD_D_R2,0.9931791297561057
IKS_26,T3_10_0.7,0.9931755433185253
TEMA_10,HWL_1,0.9931662405017808
LINREG_14,RMA_10,0.993165993921573
ACCBL_20,BBM_5_2.0_2.0,0.9931648967737097
AGl_13_8_5,HT_TL,0.9931613263798246
RMA_10,VWAP_D,0.9931492635397686
HLC3,RMA_10,0.9931492635397686
T3_10_0.7,VIDYA_14,0.9931461737312366
MIDPRICE_2,SINWMA_14,0.9931443345853656
MAMA_0.5_0.05,HWL_1,0.9931388728167267
ABER_XG_5_15,DCM_20_20,0.9931355956878887
Close,MCGD_10,0.9931319754638459
PWMA_10,CHDLREXTl_22_22_14_2.0,0.9931155065513482
FWMA_10,KCUe_20_2,0.993106730256018
RMA_10,WCP,0.9931000729261371
PWMA_10,VIDYA_14,0.9930952318460643
HWU_1,VWMA_10,0.9930938556177153
VIDYA_14,VWMA_10,0.9930893115444909
HILOl_13_21,ATRTSe_14_20_3.0,0.9930875852535833
CKSPs_10_3_20,DCL_20_20,0.9930871688130013
HILOs_13_21,KCLe_20_2,0.9930772125313903
SUPERT_7_3.0,MEDIAN_30,0.9930748640534447
SUPERT_7_3.0,QTL_30_0.5,0.9930748640534447
ALPHAT_14_1_50,HWL_1,0.9930531179132472
T3_10_0.7,BBL_5_2.0_2.0,0.9930521016771885
High,HWMA_0.2_0.1_0.1,0.9930434210661836
High,HWM_1,0.9930434210661836
PIVOTS_TRAD_D_S3,SMMA_7,0.9930421438497044
PIVOTS_TRAD_D_S4,SMMA_7,0.9930421438497044
PIVOTS_TRAD_D_S4,SMA_10,0.9930405980378602
PIVOTS_TRAD_D_S3,SMA_10,0.9930405980378602
Low,KCLe_20_2,0.9930383390126523
AGj_13_8_5,MAMA_0.5_0.05,0.9930303673016102
KAMA_10_2_30,PIVOTS_TRAD_D_S4,0.9930260063538446
KAMA_10_2_30,PIVOTS_TRAD_D_S3,0.9930260063538446
Close,KCLe_20_2,0.9930194719541257
SUPERT_7_3.0,DCU_20_20,0.9930188251506873
IKS_26,PSARs_0.02_0.2,0.9930185270326497
JMA_7_0.0,HWU_1,0.9930135435341781
AGt_13_8_5,PSARl_0.02_0.2,0.993001622085341
IKS_26,DCL_20_20,0.9930001601204238
OHLC4,HWM_1,0.9929977137254835
HWMA_0.2_0.1_0.1,OHLC4,0.9929977137254835
SUPERT_7_3.0,SWMA_10,0.9929932508799847
High,T3_10_0.7,0.9929916508602928
SWMA_10,HT_TL,0.9929898315480434
HL2,HWMA_0.2_0.1_0.1,0.9929850996676969
HL2,HWM_1,0.9929850996676969
Close,SSF3_20,0.9929594953307702
HWM_1,VWAP_D,0.9929570397605002
HLC3,HWM_1,0.9929570397605002
HWMA_0.2_0.1_0.1,VWAP_D,0.9929570397605002
HLC3,HWMA_0.2_0.1_0.1,0.9929570397605002
ABER_SG_5_15,ACCBL_20,0.9929340723097186
PIVOTS_TRAD_D_R2,KCUe_20_2,0.9929327995649285
FAMA_0.5_0.05,HWL_1,0.9929298097081316
WCP,HWM_1,0.9929282669763858
HWMA_0.2_0.1_0.1,WCP,0.9929282669763857
LDECAY_1,HWM_1,0.9929133623291064
HWMA_0.2_0.1_0.1,LDECAY_1,0.9929133623291063
FAMA_0.5_0.05,SUPERT_7_3.0,0.9929118464639718
IKS_26,PWMA_10,0.9929060639566655
MIDPOINT_2,SINWMA_14,0.9929056312642183
SWMA_10,HWL_1,0.9929015338436796
ZL_EMA_10,HWU_1,0.9928989730976816
Open,HWM_1,0.9928976144596571
Open,HWMA_0.2_0.1_0.1,0.9928976144596571
TEMA_10,HWU_1,0.9928962686623266
Close,RMA_10,0.9928938153605349
SUPERT_7_3.0,ALPHAT_14_1_50,0.9928860552110252
RMA_10,TEMA_10,0.9928766359527902
MAMA_0.5_0.05,HWU_1,0.9928743835460212
Open,KCBe_20_2,0.99287362760644
HMA_10,T3_10_0.7,0.9928726679392462
SINWMA_14,CHDLREXTs_22_22_14_2.0,0.9928725529075285
Low,MCGD_10,0.9928722293335177
FWMA_10,ACCBM_20,0.9928710133439786
HWMA_0.2_0.1_0.1,ALPHATl_14_1_50_2,0.99286483825633
ALPHATl_14_1_50_2,HWM_1,0.99286483825633
EMA_10,DCU_20_20,0.992854414611754
HWMA_0.2_0.1_0.1,SSF_20,0.9928515074750303
SSF_20,HWM_1,0.99285150747503
OHLC4,KCBe_20_2,0.9928508550892247
SMA_10,HWL_1,0.9928502016259022
ABER_XG_5_15,HWU_1,0.9928491180629925
AGt_13_8_5,CKSPl_10_3_20,0.9928487421093194
CKSPs_10_3_20,ACCBU_20,0.9928413080627282
HL2,KCBe_20_2,0.9928389709095656
PSARs_0.02_0.2,CHDLREXTs_22_22_14_2.0,0.9928354845614732
ITS_9,HWU_1,0.9928297735482519
WMA_10,CHDLREXTl_22_22_14_2.0,0.9928266518535654
HMA_10,KCBe_20_2,0.9928254448230758
HILO_13_21,PSARl_0.02_0.2,0.9928058915610651
LDECAY_1,KCBe_20_2,0.9928036038541669
PIVOTS_TRAD_D_S2,RMA_10,0.9927867152551427
Close,HWMA_0.2_0.1_0.1,0.9927831976190855
Close,HWM_1,0.9927831976190855
ABER_SG_5_15,ACCBU_20,0.9927788476842175
PSARl_0.02_0.2,DCM_20_20,0.9927774542653733
AGl_13_8_5,SUPERT_7_3.0,0.9927764526978115
AGl_13_8_5,HWL_1,0.9927739290452625
HMA_10,HWL_1,0.9927728901682299
VIDYA_14,ALPHAT_14_1_50,0.9927718751241621
KCBe_20_2,VWAP_D,0.9927693002648883
HLC3,KCBe_20_2,0.9927693002648882
ACCBU_20,BBU_5_2.0_2.0,0.9927677071404183
SMMA_7,PSARs_0.02_0.2,0.992767043742607
HILOs_13_21,KCUe_20_2,0.9927633125390017
ALPHAT_14_1_50,HWU_1,0.9927519546842362
ITS_9,SUPERT_7_3.0,0.9927420723251413
PWMA_10,HWL_1,0.9927406081462866
T3_10_0.7,TEMA_10,0.9927388166401006
WCP,KCBe_20_2,0.9927197425998285
LINREG_14,KCBe_20_2,0.9927191554367214
SSF_20,CHDLREXTs_22_22_14_2.0,0.9927170615649747
Low,HWMA_0.2_0.1_0.1,0.992714821587991
Low,HWM_1,0.992714821587991
SMA_10,PSARl_0.02_0.2,0.992709315902702
AGj_13_8_5,PSARl_0.02_0.2,0.992702230106882
PIVOTS_TRAD_D_R4,ATRTSe_14_20_3.0,0.9927019048468964
PIVOTS_TRAD_D_R3,ATRTSe_14_20_3.0,0.9927019048468964
AGj_13_8_5,PIVOTS_TRAD_D_R1,0.9926980918365083
PIVOTS_TRAD_D_S1,SINWMA_14,0.9926971037650811
HT_TL,PSARs_0.02_0.2,0.992693268988882
IKS_26,WMA_10,0.9926898452986923
PIVOTS_TRAD_D_P,HWL_1,0.9926804544414195
ACCBM_20,DCL_20_20,0.9926781119937933
HILO_13_21,ABER_SG_5_15,0.9926741110548276
ALPHATl_14_1_50_2,PSARl_0.02_0.2,0.992653610581771
FWMA_10,ACCBL_20,0.9926512593811911
PIVOTS_TRAD_D_S3,SWMA_10,0.992644362845649
PIVOTS_TRAD_D_S4,SWMA_10,0.992644362845649
MAMA_0.5_0.05,DCM_20_20,0.9926339396800661
ALPHATl_14_1_50_2,CHDLREXTs_22_22_14_2.0,0.9926330461735201
Low,SSF3_20,0.9926328689181373
SSF3_20,PSARs_0.02_0.2,0.9926274996192536
PIVOTS_TRAD_D_S1,HWL_1,0.992625623542581
PIVOTS_TRAD_D_R2,ATRTSe_14_20_3.0,0.9926224965074423
ALPHATl_14_1_50_2,DCU_20_20,0.9926208133735996
High,SINWMA_14,0.9926161958622027
SSF_20,QTL_30_0.5,0.9926137651530494
SSF_20,MEDIAN_30,0.9926137651530494
SMMA_7,PSARl_0.02_0.2,0.9926134317381501
SWMA_10,PSARl_0.02_0.2,0.992606444176366
CKSPs_10_3_20,KCUe_20_2,0.9926016213755274
PIVOTS_TRAD_D_R2,DCM_20_20,0.9925765298851685
PSARs_0.02_0.2,KCLe_20_2,0.992575635180089
VIDYA_14,WMA_10,0.992573555994786
ABER_SG_5_15,HWL_1,0.9925684518917344
AGt_13_8_5,CKSPs_10_3_20,0.9925584088816701
FAMA_0.5_0.05,HWU_1,0.992553009316688
MIDPRICE_2,HWL_1,0.9925529627763053
ABER_XG_5_15,ACCBM_20,0.9925497672296031
Open,T3_10_0.7,0.9925460766298397
HILO_13_21,ABER_ZG_5_15,0.9925427270471083
PIVOTS_TRAD_D_S2,HWL_1,0.9925418945046571
BBU_5_2.0_2.0,CHDLREXTl_22_22_14_2.0,0.9925417259097558
SSF3_20,HWL_1,0.992539173209366
SUPERT_7_3.0,VWMA_10,0.9925310469393173
PWMA_10,SUPERT_7_3.0,0.9925270280848575
PSARl_0.02_0.2,ACCBU_20,0.992525875797649
HILO_13_21,CKSPl_10_3_20,0.9925238401296409
ALMA_9_6.0_0.85,HILO_13_21,0.9925198024760574
MAMA_0.5_0.05,ATRTSe_14_20_3.0,0.9925155669874487
Close,KCBe_20_2,0.9925124077812322
SMA_10,HWU_1,0.9925078720888063
PIVOTS_TRAD_D_R3,DCM_20_20,0.9925057151175105
PIVOTS_TRAD_D_R4,DCM_20_20,0.9925057151175105
OHLC4,T3_10_0.7,0.9925026038126654
PIVOTS_TRAD_D_S2,T3_10_0.7,0.9925011445109302
HL2,T3_10_0.7,0.9924903337182917
ACCBU_20,CHDLREXTs_22_22_14_2.0,0.9924792323442678
EMA_10,CHDLREXTs_22_22_14_2.0,0.9924751523864532
PSARl_0.02_0.2,KCLe_20_2,0.9924743749163761
ITS_9,HT_TL,0.9924679487512396
KAMA_10_2_30,HWM_1,0.9924677892731066
HWMA_0.2_0.1_0.1,KAMA_10_2_30,0.9924677892731066
Low,RMA_10,0.9924647558332358
MAD_30,STDEV_30,0.9924570939485442
T3_10_0.7,HWL_1,0.9924526903159715
ABER_SG_5_15,CHDLREXTl_22_22_14_2.0,0.9924517219142013
ABER_XG_5_15,ATRTSe_14_20_3.0,0.9924515426910379
TRIMA_10,PSARs_0.02_0.2,0.9924502152710867
TEMA_10,KCBe_20_2,0.9924491965684265
PWMA_10,HT_TL,0.9924461137693285
SWMA_10,HWU_1,0.9924453375411502
AGl_13_8_5,HWU_1,0.9924420828898305
ALPHATl_14_1_50_2,PSARs_0.02_0.2,0.992440422137871
T3_10_0.7,LDECAY_1,0.9924392732569478
SUPERT_7_3.0,CHDLREXTs_22_22_14_2.0,0.9924279124129486
HILO_13_21,BBU_5_2.0_2.0,0.9924193258384436
T3_10_0.7,VWAP_D,0.9924141858641174
HLC3,T3_10_0.7,0.9924141858641174
AGt_13_8_5,HILOs_13_21,0.9923969543162294
PIVOTS_TRAD_D_S2,KCBe_20_2,0.9923819889679836
MIDPOINT_2,HWL_1,0.9923814840089613
T3_10_0.7,WCP,0.9923613976260253
HILO_13_21,BBM_5_2.0_2.0,0.9923612568646311
TRIMA_10,HWL_1,0.9923551095450869
ACCBL_20,DCU_20_20,0.9923510740115522
SUPERT_7_3.0,CKSPl_10_3_20,0.9923490081426527
RMA_10,DCL_20_20,0.9923478655114221
PWMA_10,PSARl_0.02_0.2,0.9923477293430981
AGt_13_8_5,DCL_20_20,0.9923475231737543
PIVOTS_TRAD_D_R1,HWL_1,0.9923470354296828
HWMA_0.2_0.1_0.1,PIVOTS_TRAD_D_R4,0.9923290725215973
PIVOTS_TRAD_D_R4,HWM_1,0.9923290725215973
PIVOTS_TRAD_D_R3,HWM_1,0.9923290725215973
HWMA_0.2_0.1_0.1,PIVOTS_TRAD_D_R3,0.9923290725215973
AGl_13_8_5,DCU_20_20,0.9923281412023554
SMA_10,DCU_20_20,0.9923278840731652
HILOs_13_21,VIDYA_14,0.9923230397018967
EMA_10,HWL_1,0.99231828557462
HMA_10,HWU_1,0.9923152004334299
HILOl_13_21,SUPERT_7_3.0,0.992302977470694
HILOl_13_21,MCGD_10,0.9922960719286898
PSARl_0.02_0.2,CHDLREXTl_22_22_14_2.0,0.9922819110301001
DCL_20_20,KCBe_20_2,0.9922779454045597
SUPERT_7_3.0,CKSPs_10_3_20,0.992275243011048
TRIMA_10,DCU_20_20,0.9922625118330277
FAMA_0.5_0.05,DCU_20_20,0.9922522392737809
HMA_10,SINWMA_14,0.9922468887491627
SINWMA_14,BBL_5_2.0_2.0,0.9922382932853598
MAMA_0.5_0.05,KCUe_20_2,0.9922326628218916
AGj_13_8_5,JMA_7_0.0,0.9922261894244258
PIVOTS_TRAD_D_R4,ACCBM_20,0.9922250552578523
PIVOTS_TRAD_D_R3,ACCBM_20,0.9922250552578523
AGj_13_8_5,PIVOTS_TRAD_D_P,0.9922218476582902
RMA_10,BBL_5_2.0_2.0,0.9922133871911061
MIDPRICE_2,HWU_1,0.992209137189521
HILOs_13_21,ATRTSe_14_20_3.0,0.9922089638979857
PIVOTS_TRAD_D_R1,DCM_20_20,0.992206112132293
PIVOTS_TRAD_D_R1,ATRTSe_14_20_3.0,0.9921996676828707
PWMA_10,HWU_1,0.992194031490571
HT_TL,VWMA_10,0.9921821760405489
PIVOTS_TRAD_D_R2,HWU_1,0.992175385382508
SSF3_20,HWU_1,0.992170363438866
MEDIAN_30,CHDLREXTs_22_22_14_2.0,0.9921572789028392
QTL_30_0.5,CHDLREXTs_22_22_14_2.0,0.9921572789028392
Close,T3_10_0.7,0.9921444042699752
PIVOTS_TRAD_D_S3,BBU_5_2.0_2.0,0.9921391765896405
PIVOTS_TRAD_D_S4,BBU_5_2.0_2.0,0.9921391765896405
PIVOTS_TRAD_D_R1,KCUe_20_2,0.992137988417512
SMMA_7,DCL_20_20,0.9921353911064804
PIVOTS_TRAD_D_R1,HWU_1,0.9921333730485092
PIVOTS_TRAD_D_S4,KCLe_20_2,0.9921196387016462
PIVOTS_TRAD_D_S3,KCLe_20_2,0.9921196387016462
Open,SINWMA_14,0.9921126685348343
PIVOTS_TRAD_D_P,HWU_1,0.9921068126463426
SINWMA_14,TEMA_10,0.9921058759960847
HILOs_13_21,SINWMA_14,0.9920989581284341
AGt_13_8_5,PIVOTS_TRAD_D_S3,0.9920938904726471
AGt_13_8_5,PIVOTS_TRAD_D_S4,0.9920938904726471
ACCBL_20,BBU_5_2.0_2.0,0.9920907699201346
AGj_13_8_5,DEMA_10,0.9920824232591969
MCGD_10,PSARl_0.02_0.2,0.992081306156844
MIDPOINT_2,HWU_1,0.9920757032231104
ITS_9,PSARl_0.02_0.2,0.9920728232002809
Low,KCBe_20_2,0.992068705265416
OHLC4,SINWMA_14,0.9920653823886513
HL2,SINWMA_14,0.9920536771035967
PIVOTS_TRAD_D_S3,PWMA_10,0.9920415162954916
PIVOTS_TRAD_D_S4,PWMA_10,0.9920415162954916
MCGD_10,CKSPl_10_3_20,0.9920328168655815
SMA_10,PSARs_0.02_0.2,0.9920246812153662
AGl_13_8_5,CHDLREXTs_22_22_14_2.0,0.9920163994760668
EMA_10,HWU_1,0.9920035542151311
SINWMA_14,LDECAY_1,0.9920029991620217
PIVOTS_TRAD_D_R2,ACCBM_20,0.9920021404128192
QTL_30_0.5,PSARs_0.02_0.2,0.9919916936051549
MEDIAN_30,PSARs_0.02_0.2,0.9919916936051549
PIVOTS_TRAD_D_R2,HWL_1,0.991984665578656
HLC3,SINWMA_14,0.9919757279388081
SINWMA_14,VWAP_D,0.9919757279388078
T3_10_0.7,DCU_20_20,0.9919754303316181
SSF3_20,DCU_20_20,0.9919606145839371
HILO_13_21,ABER_XG_5_15,0.9919497216307683
VIDYA_14,ABER_SG_5_15,0.9919378393315299
BBU_5_2.0_2.0,DCU_20_20,0.991931746167848
TRIMA_10,HWU_1,0.991928087319179
PSARl_0.02_0.2,VWMA_10,0.991924011321234
SINWMA_14,WCP,0.9919220463267788
AGj_13_8_5,MIDPRICE_2,0.9919186988474233
JMA_7_0.0,DCM_20_20,0.9919179950289131
PIVOTS_TRAD_D_S2,SINWMA_14,0.9919128785860611
FAMA_0.5_0.05,CHDLREXTs_22_22_14_2.0,0.9919103757991015
SMMA_7,HWM_1,0.9919100788002636
HWMA_0.2_0.1_0.1,SMMA_7,0.9919100788002633
SMMA_7,CKSPl_10_3_20,0.9918933950483637
AGt_13_8_5,HILOl_13_21,0.9918834046512073
MAMA_0.5_0.05,ACCBM_20,0.9918514299135754
SMA_10,CHDLREXTs_22_22_14_2.0,0.9918333634613915
AGj_13_8_5,ZL_EMA_10,0.9918300299405104
PIVOTS_TRAD_D_P,DCM_20_20,0.9918299766692596
PIVOTS_TRAD_D_S4,HWM_1,0.991813525999848
HWMA_0.2_0.1_0.1,PIVOTS_TRAD_D_S4,0.991813525999848
PIVOTS_TRAD_D_S3,HWM_1,0.991813525999848
HWMA_0.2_0.1_0.1,PIVOTS_TRAD_D_S3,0.991813525999848
SWMA_10,DCU_20_20,0.9917982954206195
PIVOTS_TRAD_D_S4,ALPHATl_14_1_50_2,0.9917914730203637
PIVOTS_TRAD_D_S3,ALPHATl_14_1_50_2,0.9917914730203637
KAMA_10_2_30,CHDLREXTs_22_22_14_2.0,0.9917884862725047
High,HWU_1,0.9917880230358934
BBL_5_2.0_2.0,KCBe_20_2,0.991783813605088
Low,T3_10_0.7,0.9917735350619671
ALPHATl_14_1_50_2,HWL_1,0.9917720547391734
PSARl_0.02_0.2,KCUe_20_2,0.9917692405938611
T3_10_0.7,HWU_1,0.9917684108366953
VIDYA_14,PSARs_0.02_0.2,0.9917678557158104
FWMA_10,HILO_13_21,0.991756010688217
ITS_9,CHDLREXTs_22_22_14_2.0,0.9917531892804627
PIVOTS_TRAD_D_S4,TRIMA_10,0.9917526597961241
PIVOTS_TRAD_D_S3,TRIMA_10,0.9917526597961241
Open,HWL_1,0.9917458879938778
AGj_13_8_5,MIDPOINT_2,0.9917455806844458
VIDYA_14,CHDLREXTs_22_22_14_2.0,0.991741312095295
TRIMA_10,CHDLREXTs_22_22_14_2.0,0.9917394651564014
JMA_7_0.0,ATRTSe_14_20_3.0,0.9917393160147238
SWMA_10,PSARs_0.02_0.2,0.9917363275354187
OHLC4,HWL_1,0.991730429746026
T3_10_0.7,CHDLREXTs_22_22_14_2.0,0.991727650398206
PIVOTS_TRAD_D_P,ATRTSe_14_20_3.0,0.9917230842022265
HILOl_13_21,HILOs_13_21,0.991715283599149
ABER_XG_5_15,KCUe_20_2,0.9917118519683585
IKS_26,ABER_SG_5_15,0.9917090689195532
HL2,HWL_1,0.9917082883816277
Close,SINWMA_14,0.9917024021940563
SSF_20,DCL_20_20,0.9917019174710567
SMMA_7,CKSPs_10_3_20,0.9916965015983072
SSF_20,HWL_1,0.9916945314094207
CHDLREXTs_22_22_14_2.0,KCUe_20_2,0.9916828798336312
KAMA_10_2_30,PSARl_0.02_0.2,0.9916709784396998
MIDPRICE_2,DCM_20_20,0.9916625372236813
HWL_1,VWAP_D,0.9916513925963713
HLC3,HWL_1,0.9916513925963713
ALPHATl_14_1_50_2,DCL_20_20,0.9916467134756363
DEMA_10,DCM_20_20,0.991645397568499
SINWMA_14,DCL_20_20,0.9916429062192796
PIVOTS_TRAD_D_S1,HWU_1,0.9916414582802012
BBU_5_2.0_2.0,HWM_1,0.9916393138087253
HWMA_0.2_0.1_0.1,BBU_5_2.0_2.0,0.9916393138087252
Low,HWL_1,0.9916274092772703
AGj_13_8_5,DCL_20_20,0.9916273051379642
ITS_9,DCU_20_20,0.9916149322667299
MAMA_0.5_0.05,ACCBL_20,0.9916147165990472
BBL_5_2.0_2.0,HWU_1,0.9916145217177728
CKSPl_10_3_20,ACCBL_20,0.9916138416399116
High,AGj_13_8_5,0.9916092616799916
WCP,HWL_1,0.9916082335390103
PIVOTS_TRAD_D_S3,SSF_20,0.9915942072623989
PIVOTS_TRAD_D_S4,SSF_20,0.9915942072623989
HILOs_13_21,DCL_20_20,0.9915898014968926
PSARs_0.02_0.2,ATRTSe_14_20_3.0,0.9915876895068192
High,HWL_1,0.9915790199677212
HILOs_13_21,SUPERT_7_3.0,0.9915765518849969
LDECAY_1,HWU_1,0.9915696951921311
CKSPs_10_3_20,PSARs_0.02_0.2,0.9915567226016145
OHLC4,HWU_1,0.991548179832041
HLC3,HWU_1,0.9915454235401902
HWU_1,VWAP_D,0.9915454235401899
HL2,HWU_1,0.9915449892689836
MIDPRICE_2,ATRTSe_14_20_3.0,0.9915449104604426
LDECAY_1,HWL_1,0.9915388871701113
EMA_10,MEDIAN_30,0.9915359427479125
EMA_10,QTL_30_0.5,0.9915359427479125
SUPERT_7_3.0,WMA_10,0.9915343953659752
PIVOTS_TRAD_D_S3,HWL_1,0.9915314753316983
PIVOTS_TRAD_D_S4,HWL_1,0.9915314753316983
WCP,HWU_1,0.9915309067017818
ALPHAT_14_1_50,CHDLREXTs_22_22_14_2.0,0.9915305515593719
EMA_10,PSARl_0.02_0.2,0.9915060753834393
ABER_ZG_5_15,ACCBU_20,0.9914906744817217
PIVOTS_TRAD_D_R4,ACCBU_20,0.9914900194345299
PIVOTS_TRAD_D_R3,ACCBU_20,0.9914900194345299
EMA_10,DCL_20_20,0.9914679454146882
PIVOTS_TRAD_D_R1,ACCBM_20,0.9914640721351018
ALMA_9_6.0_0.85,ACCBU_20,0.9914635981537816
FAMA_0.5_0.05,PSARl_0.02_0.2,0.9914599469860247
MIDPOINT_2,DCM_20_20,0.9914553363311129
DCU_20_20,VWMA_10,0.9914553269792041
HILOl_13_21,SINWMA_14,0.9914451305639481
EMA_10,PSARs_0.02_0.2,0.9914408115155655
WMA_10,HT_TL,0.9914391652299824
MIDPOINT_2,ATRTSe_14_20_3.0,0.9914385768127125
PIVOTS_TRAD_D_R3,HWU_1,0.9914384415091004
PIVOTS_TRAD_D_R4,HWU_1,0.9914384415091004
HILOs_13_21,SMMA_7,0.9914317159430623
KAMA_10_2_30,MEDIAN_30,0.9914300732131492
KAMA_10_2_30,QTL_30_0.5,0.9914300732131492
Close,HWU_1,0.9914286353222955
Close,HWL_1,0.9914201367806619
DCU_20_20,KCLe_20_2,0.9914120834360203
ZL_EMA_10,DCM_20_20,0.9914033225500061
ALPHAT_14_1_50,HT_TL,0.9913802179320907
DEMA_10,ATRTSe_14_20_3.0,0.991379994985398
ZL_EMA_10,ATRTSe_14_20_3.0,0.9913793873674209
SWMA_10,CHDLREXTs_22_22_14_2.0,0.9913762821120492
KAMA_10_2_30,PSARs_0.02_0.2,0.991372116291128
HILOl_13_21,KCLe_20_2,0.9913657395442197
JMA_7_0.0,KCUe_20_2,0.9913646214829214
ACCBU_20,BBM_5_2.0_2.0,0.9913567435755841
ABER_ZG_5_15,CHDLREXTl_22_22_14_2.0,0.9913546546234436
SINWMA_14,HWM_1,0.9913506154154612
HWMA_0.2_0.1_0.1,SINWMA_14,0.9913506154154612
High,ATRTSe_14_20_3.0,0.9913462793265624
PIVOTS_TRAD_D_P,KCUe_20_2,0.9913397542319978
ALPHAT_14_1_50,DCU_20_20,0.9913394166891271
KAMA_10_2_30,HWU_1,0.9913383502813886
Open,HWU_1,0.9913344699792527
High,DCM_20_20,0.9913191225962857
CHDLREXTs_22_22_14_2.0,VWMA_10,0.9913155613499097
PWMA_10,PSARs_0.02_0.2,0.991313222324165
AGj_13_8_5,PIVOTS_TRAD_D_S1,0.9913102383069401
ALMA_9_6.0_0.85,CHDLREXTl_22_22_14_2.0,0.9913059588720043
SSF_20,HWU_1,0.9912936618006396
DEMA_10,KCUe_20_2,0.9912780363038803
Low,SINWMA_14,0.9912752682994576
SINWMA_14,CKSPl_10_3_20,0.9912749642848796
VIDYA_14,BBU_5_2.0_2.0,0.9912733160110905
SSF3_20,CHDLREXTs_22_22_14_2.0,0.9912731485526888
ITS_9,DCL_20_20,0.9912623494511248
IKS_26,ABER_ZG_5_15,0.9912521770838708
BBM_5_2.0_2.0,CHDLREXTl_22_22_14_2.0,0.9912470452242529
ALPHATl_14_1_50_2,HWU_1,0.9912436942244747
PIVOTS_TRAD_D_R2,ACCBL_20,0.9912435565856038
T3_10_0.7,DCL_20_20,0.9912406391527169
TRIMA_10,MEDIAN_30,0.99121237779282
TRIMA_10,QTL_30_0.5,0.99121237779282
IKS_26,BBU_5_2.0_2.0,0.9911926122585384
PIVOTS_TRAD_D_S2,HWU_1,0.991192347671907
IKS_26,ALMA_9_6.0_0.85,0.991187532952492
PWMA_10,DCU_20_20,0.9911764329309136
SUPERT_7_3.0,PSARs_0.02_0.2,0.9911751091439702
T3_10_0.7,QTL_30_0.5,0.9911714011770686
T3_10_0.7,MEDIAN_30,0.9911714011770686
PIVOTS_TRAD_D_R4,CHDLREXTl_22_22_14_2.0,0.9911678998009489
PIVOTS_TRAD_D_R3,CHDLREXTl_22_22_14_2.0,0.9911678998009489
DEMA_10,ACCBL_20,0.9911647556447846
FAMA_0.5_0.05,PSARs_0.02_0.2,0.9911642175077979
MEDIAN_30,ALPHATl_14_1_50_2,0.9911562356892877
QTL_30_0.5,ALPHATl_14_1_50_2,0.9911562356892877
MCGD_10,PIVOTS_TRAD_D_S3,0.9911531324585138
MCGD_10,PIVOTS_TRAD_D_S4,0.9911531324585138
AGl_13_8_5,DCL_20_20,0.9911358025418459
DEMA_10,ACCBM_20,0.9911265769654215
High,KCUe_20_2,0.9911235663729664
IKS_26,BBM_5_2.0_2.0,0.9911219112049626
ABER_SG_5_15,DCU_20_20,0.9911102402537242
ITS_9,PSARs_0.02_0.2,0.991092138957073
Low,HWU_1,0.9910887918678573
PIVOTS_TRAD_D_S3,SSF3_20,0.9910849866911947
PIVOTS_TRAD_D_S4,SSF3_20,0.9910849866911947
SUPERTl_7_3.0,CKSPl_10_3_20,0.9910692928574396
FAMA_0.5_0.05,DCL_20_20,0.9910685236428975
HILOs_13_21,SSF_20,0.9910583611365645
MIDPRICE_2,KCUe_20_2,0.9910577003511685
PIVOTS_TRAD_D_S1,DCM_20_20,0.9910309081656642
SMA_10,MEDIAN_30,0.9910216433607573
SMA_10,QTL_30_0.5,0.9910216433607573
SMA_10,DCL_20_20,0.9910202299729818
PIVOTS_TRAD_D_R1,ACCBL_20,0.9910192083548826
Open,AGj_13_8_5,0.991016473641595
VIDYA_14,ABER_ZG_5_15,0.9910152810346233
ZL_EMA_10,KCUe_20_2,0.9910146130080574
HT_TL,PSARl_0.02_0.2,0.9910009076022387
AGj_13_8_5,OHLC4,0.9909926088685687
AGj_13_8_5,HL2,0.9909831654962767
BBL_5_2.0_2.0,BBU_5_2.0_2.0,0.9909752813306599
ALMA_9_6.0_0.85,VIDYA_14,0.9909665939672276
FWMA_10,CHDLREXTl_22_22_14_2.0,0.9909612481286953
AGj_13_8_5,LDECAY_1,0.9909580485473712
PIVOTS_TRAD_D_P,ACCBM_20,0.9909572513081635
AGl_13_8_5,PSARl_0.02_0.2,0.9909527972142034
MIDPOINT_2,KCUe_20_2,0.9909396741228471
JMA_7_0.0,ACCBM_20,0.9909377564531681
FWMA_10,ACCBU_20,0.9909316512541656
SSF3_20,MEDIAN_30,0.9909253936891527
SSF3_20,QTL_30_0.5,0.9909253936891527
HILOl_13_21,CKSPs_10_3_20,0.990914862142753
AGj_13_8_5,VWAP_D,0.9909108289965345
AGj_13_8_5,HLC3,0.9909108289965345
TRIMA_10,DCL_20_20,0.9908825433468993
HILO_13_21,PIVOTS_TRAD_D_R4,0.9908804717040907
HILO_13_21,PIVOTS_TRAD_D_R3,0.9908804717040907
VIDYA_14,BBM_5_2.0_2.0,0.9908788711712548
KAMA_10_2_30,HWL_1,0.9908771638878676
IKS_26,FWMA_10,0.9908764132683381
PIVOTS_TRAD_D_S1,ATRTSe_14_20_3.0,0.990870596257761
ALPHAT_14_1_50,DCL_20_20,0.9908641953956352
AGj_13_8_5,WCP,0.9908599671536039
PSARs_0.02_0.2,VWMA_10,0.9908578507818134
Open,DCM_20_20,0.9908502314756538
WMA_10,DCU_20_20,0.990844258523615
PIVOTS_TRAD_D_R3,ACCBL_20,0.9908387324038351
PIVOTS_TRAD_D_R4,ACCBL_20,0.9908387324038351
AGj_13_8_5,HMA_10,0.9908381508714943
AGl_13_8_5,PSARs_0.02_0.2,0.990838018890074
PIVOTS_TRAD_D_P,ACCBL_20,0.9908378887200329
CKSPl_10_3_20,KCLe_20_2,0.9908348010961828
PSARl_0.02_0.2,DCU_20_20,0.9908304775213627
OHLC4,DCM_20_20,0.9908116051847151
HILO_13_21,PIVOTS_TRAD_D_R2,0.9908112883852239
PWMA_10,CHDLREXTs_22_22_14_2.0,0.9908058914670352
DCL_20_20,VWMA_10,0.99080547764747
HL2,DCM_20_20,0.9908044951491733
JMA_7_0.0,ACCBL_20,0.9908008391696584
SINWMA_14,CKSPs_10_3_20,0.9907779902091784
OHLC4,ATRTSe_14_20_3.0,0.9907737011957822
BBU_5_2.0_2.0,HWU_1,0.990769756979984
HL2,ATRTSe_14_20_3.0,0.9907691961246635
Open,ATRTSe_14_20_3.0,0.9907434660140236
AGl_13_8_5,QTL_30_0.5,0.9907372725552301
AGl_13_8_5,MEDIAN_30,0.9907372725552301
HILOl_13_21,PSARl_0.02_0.2,0.990730339439716
AGt_13_8_5,HWM_1,0.9907253214251035
AGt_13_8_5,HWMA_0.2_0.1_0.1,0.9907253214251035
HLC3,DCM_20_20,0.9907249261572092
DCM_20_20,VWAP_D,0.9907249261572092
KAMA_10_2_30,CKSPl_10_3_20,0.9907172289285636
FAMA_0.5_0.05,QTL_30_0.5,0.9907154875485752
FAMA_0.5_0.05,MEDIAN_30,0.9907154875485752
HLC3,ATRTSe_14_20_3.0,0.9907099421310442
ATRTSe_14_20_3.0,VWAP_D,0.9907099421310441
LDECAY_1,ATRTSe_14_20_3.0,0.9907080878397755
HILOl_13_21,SMMA_7,0.9906939345710167
WCP,DCM_20_20,0.9906704539067352
SMMA_7,HWL_1,0.9906682664676065
LDECAY_1,DCM_20_20,0.9906676853213192
WCP,ATRTSe_14_20_3.0,0.9906656189619161
WMA_10,CHDLREXTs_22_22_14_2.0,0.9906581126175018
Close,AGj_13_8_5,0.9906488348626775
HILO_13_21,MAMA_0.5_0.05,0.9906413299680972
SSF_20,CKSPl_10_3_20,0.990627411622619
PIVOTS_TRAD_D_R2,ACCBU_20,0.9906228717847163
SWMA_10,DCL_20_20,0.990619545331362
MIDPRICE_2,ACCBM_20,0.9906106414464115
PIVOTS_TRAD_D_R2,CHDLREXTl_22_22_14_2.0,0.990596958854035
SSF3_20,DCL_20_20,0.9905754891205215
AGj_13_8_5,LINREG_14,0.9905573057618539
FWMA_10,VIDYA_14,0.9905040704279183
PIVOTS_TRAD_D_R3,HWL_1,0.9904965094330022
PIVOTS_TRAD_D_R4,HWL_1,0.9904965094330022
ZL_EMA_10,ACCBM_20,0.9904928738729353
Close,ATRTSe_14_20_3.0,0.9904740900457449
KAMA_10_2_30,DCL_20_20,0.9904707994272796
HT_TL,BBU_5_2.0_2.0,0.9904583284520609
Close,DCM_20_20,0.9904485149709412
HMA_10,ATRTSe_14_20_3.0,0.9904432336164225
MIDPRICE_2,ACCBL_20,0.9904424823982865
SMMA_7,HWU_1,0.9904383980743696
SWMA_10,QTL_30_0.5,0.9904200700306187
SWMA_10,MEDIAN_30,0.9904200700306187
MIDPOINT_2,ACCBM_20,0.9904166901106817
PSARl_0.02_0.2,ATRTSe_14_20_3.0,0.990416424515976
AGj_13_8_5,PIVOTS_TRAD_D_S2,0.9904045860775039
AGj_13_8_5,TEMA_10,0.9903922544027861
HMA_10,DCM_20_20,0.9903787167424013
HILO_13_21,PIVOTS_TRAD_D_R1,0.9903521278485815
ZL_EMA_10,ACCBL_20,0.9903468712416212
SUPERT_7_3.0,ABER_SG_5_15,0.9903373704191485
IKS_26,ABER_XG_5_15,0.9903291673567625
SSF_20,CKSPs_10_3_20,0.9903282774686498
SUPERT_7_3.0,PSARl_0.02_0.2,0.9903149572545566
LDECAY_1,KCUe_20_2,0.9903098232355076
High,ACCBM_20,0.9902888283141053
HT_TL,ABER_SG_5_15,0.9902754489560932
PIVOTS_TRAD_D_S3,RMA_10,0.9902705693980434
PIVOTS_TRAD_D_S4,RMA_10,0.9902705693980434
IKS_26,PIVOTS_TRAD_D_R4,0.9902498374559082
IKS_26,PIVOTS_TRAD_D_R3,0.9902498374559082
VIDYA_14,PSARl_0.02_0.2,0.9902418492803773
PIVOTS_TRAD_D_S2,DCM_20_20,0.9902270947723659
PIVOTS_TRAD_D_R3,DCU_20_20,0.9902142323799055
PIVOTS_TRAD_D_R4,DCU_20_20,0.9902142323799055
HT_TL,DCL_20_20,0.9902054335010219
OHLC4,KCUe_20_2,0.9901898767278747
PSARs_0.02_0.2,DCL_20_20,0.9901888991206373
PIVOTS_TRAD_D_S1,ACCBL_20,0.9901878915986401
MIDPOINT_2,ACCBL_20,0.9901872902316573
HL2,KCUe_20_2,0.9901832115829353
ATRTSe_14_20_3.0,DCL_20_20,0.9901774741340145
IKS_26,PIVOTS_TRAD_D_R2,0.9901679630216378
SINWMA_14,HWL_1,0.9901554070164185
EMA_10,CKSPl_10_3_20,0.9901488178856835
ALPHATl_14_1_50_2,CKSPs_10_3_20,0.990142128088979
Low,AGj_13_8_5,0.9901408862606778
Open,KCUe_20_2,0.9901406745404701
HLC3,KCUe_20_2,0.9901324733938192
KCUe_20_2,VWAP_D,0.9901324733938192
PIVOTS_TRAD_D_S4,T3_10_0.7,0.9901229430623547
PIVOTS_TRAD_D_S3,T3_10_0.7,0.9901229430623547
HILOl_13_21,SSF_20,0.9901212931025554
MAMA_0.5_0.05,CHDLREXTl_22_22_14_2.0,0.9901197756677138
PIVOTS_TRAD_D_R3,VIDYA_14,0.9901106712723392
PIVOTS_TRAD_D_R4,VIDYA_14,0.9901106712723392
PIVOTS_TRAD_D_S1,KCUe_20_2,0.9901096131328421
TEMA_10,ATRTSe_14_20_3.0,0.9901094833244325
EMA_10,CKSPs_10_3_20,0.9901088706558733
PWMA_10,DCL_20_20,0.9900951904742656
WMA_10,DCL_20_20,0.9900929175904976
WCP,KCUe_20_2,0.9900924130858068
Low,DCM_20_20,0.9900746361518119
QTL_30_0.5,PSARl_0.02_0.2,0.9900729148269052
MEDIAN_30,PSARl_0.02_0.2,0.9900729148269052
DEMA_10,HILO_13_21,0.9900583311929118
IKS_26,MAMA_0.5_0.05,0.9900531447709103
IKS_26,PSARl_0.02_0.2,0.990052059876623
KAMA_10_2_30,CKSPs_10_3_20,0.9900464426654626
HILOs_13_21,T3_10_0.7,0.9900453360369028
HILOs_13_21,ALPHATl_14_1_50_2,0.9899987063492609
HMA_10,KCUe_20_2,0.9899938756215934
PIVOTS_TRAD_D_S1,ACCBM_20,0.9899883347827112
ITS_9,QTL_30_0.5,0.9899848483800934
ITS_9,MEDIAN_30,0.9899848483800934
Low,ATRTSe_14_20_3.0,0.9899763770858295
LINREG_14,ATRTSe_14_20_3.0,0.9899661250254073
PIVOTS_TRAD_D_S2,ATRTSe_14_20_3.0,0.9899650280640087
HILOl_13_21,CHDLREXTs_22_22_14_2.0,0.9899483575830282
WMA_10,PSARl_0.02_0.2,0.9899449907879571
ABER_XG_5_15,DCL_20_20,0.9899272205369414
HILO_13_21,PIVOTS_TRAD_D_P,0.9899237716703142
Close,KCUe_20_2,0.9899136909751075
MAMA_0.5_0.05,ACCBU_20,0.9899074430159525
HILOs_13_21,TRIMA_10,0.9899013744818725
CKSPs_10_3_20,CHDLREXTl_22_22_14_2.0,0.9898978995005095
ALPHAT_14_1_50,PSARl_0.02_0.2,0.989894169671309
PIVOTS_TRAD_D_R1,CHDLREXTl_22_22_14_2.0,0.9898896771459527
PSARs_0.02_0.2,CHDLREXTl_22_22_14_2.0,0.9898861887586757
HILOs_13_21,CHDLREXTl_22_22_14_2.0,0.9898730257556895
HILO_13_21,JMA_7_0.0,0.9898624338814377
SUPERT_7_3.0,BBU_5_2.0_2.0,0.9898357587795857
SINWMA_14,HWU_1,0.9898345265704087
PIVOTS_TRAD_D_S4,KCBe_20_2,0.9898290035054271
PIVOTS_TRAD_D_S3,KCBe_20_2,0.9898290035054271
PIVOTS_TRAD_D_R2,VIDYA_14,0.9898233186202351
ALPHAT_14_1_50,PSARs_0.02_0.2,0.9898164419373886
TEMA_10,DCM_20_20,0.9897984375775536
SUPERT_7_3.0,ABER_ZG_5_15,0.989798354082127
BBU_5_2.0_2.0,HWL_1,0.9897872685631406
ABER_XG_5_15,CHDLREXTl_22_22_14_2.0,0.9897814035741176
PIVOTS_TRAD_D_R1,ACCBU_20,0.9897540021987018
LINREG_14,DCM_20_20,0.9897407500451664
ALPHATl_14_1_50_2,CKSPl_10_3_20,0.9897385157428111
ALMA_9_6.0_0.85,SUPERT_7_3.0,0.9897385155776599
ACCBL_20,BBL_5_2.0_2.0,0.9897377055007719
PWMA_10,QTL_30_0.5,0.9897370140812656
PWMA_10,MEDIAN_30,0.9897370140812656
High,ACCBL_20,0.9897262834340079
IKS_26,PIVOTS_TRAD_D_R1,0.9897244978468901
ABER_XG_5_15,ACCBU_20,0.9897232638312982
HILOs_13_21,SSF3_20,0.9897230108230283
LINREG_14,KCUe_20_2,0.9897144616485304
BBL_5_2.0_2.0,DCM_20_20,0.9897024338619879
AGj_13_8_5,BBL_5_2.0_2.0,0.9896769097809985
Open,ACCBM_20,0.9896399786048447
MEDIAN_30,VWMA_10,0.9896252851233066
QTL_30_0.5,VWMA_10,0.9896252851233066
LDECAY_1,ACCBM_20,0.9896246455347405
OHLC4,ACCBM_20,0.9896227866586006
VIDYA_14,ABER_XG_5_15,0.989619427091711
HL2,ACCBM_20,0.989614606074222
SUPERT_7_3.0,BBM_5_2.0_2.0,0.9896040018861815
MAMA_0.5_0.05,VIDYA_14,0.989589501949676
PIVOTS_TRAD_D_S2,ACCBL_20,0.9895821028904168
TEMA_10,KCUe_20_2,0.9895793548426385
HT_TL,ABER_ZG_5_15,0.9895646672828756
SUPERT_7_3.0,DCL_20_20,0.9895563214221063
HLC3,ACCBM_20,0.9895433295710389
ACCBM_20,VWAP_D,0.9895433295710389
ALMA_9_6.0_0.85,HT_TL,0.989539249750666
EMA_10,HILOs_13_21,0.9895326697451684
WMA_10,PSARs_0.02_0.2,0.9895168955720989
TRIMA_10,CKSPl_10_3_20,0.9895063568749946
HILOs_13_21,SMA_10,0.9895000596776912
AGl_13_8_5,CKSPs_10_3_20,0.9894967930141488
WCP,ACCBM_20,0.9894930175957906
CHDLREXTl_22_22_14_2.0,CHDLREXTs_22_22_14_2.0,0.989482935364175
AGl_13_8_5,CKSPl_10_3_20,0.9894776346152294
Open,ACCBL_20,0.9894718073085383
SMA_10,CKSPl_10_3_20,0.9894679039347641
AGt_13_8_5,HWL_1,0.9894427074438976
HT_TL,BBM_5_2.0_2.0,0.9894056213785948
PIVOTS_TRAD_D_S3,HWU_1,0.989396256929126
PIVOTS_TRAD_D_S4,HWU_1,0.989396256929126
FAMA_0.5_0.05,CKSPl_10_3_20,0.9893934636748235
PIVOTS_TRAD_D_S4,SINWMA_14,0.9893855807710509
PIVOTS_TRAD_D_S3,SINWMA_14,0.9893855807710509
HILO_13_21,MIDPRICE_2,0.989381472146431
FAMA_0.5_0.05,CKSPs_10_3_20,0.9893786690824727
OHLC4,ACCBL_20,0.9893699940383264
ABER_XG_5_15,CHDLREXTs_22_22_14_2.0,0.9893587769978303
HL2,ACCBL_20,0.9893580818184781
ABER_ZG_5_15,CHDLREXTs_22_22_14_2.0,0.9893220445564572
HMA_10,ACCBM_20,0.9893201100002154
HILO_13_21,ZL_EMA_10,0.989319095687862
SMA_10,CKSPs_10_3_20,0.9892985080117345
AGt_13_8_5,HWU_1,0.9892970705144746
Close,ACCBM_20,0.9892836139036415
TRIMA_10,CKSPs_10_3_20,0.9892776959532825
ABER_ZG_5_15,DCU_20_20,0.989268927110733
IKS_26,PIVOTS_TRAD_D_P,0.9892680662615592
ACCBL_20,VWAP_D,0.9892623937596887
HLC3,ACCBL_20,0.9892623937596886
LDECAY_1,ACCBL_20,0.9892585832478482
ALMA_9_6.0_0.85,CHDLREXTs_22_22_14_2.0,0.9892568861809236
IKS_26,JMA_7_0.0,0.9892566301022528
PIVOTS_TRAD_D_R1,VIDYA_14,0.9892508825716659
HILOs_13_21,KAMA_10_2_30,0.989238715596635
ALMA_9_6.0_0.85,DCU_20_20,0.9892296162816531
JMA_7_0.0,CHDLREXTl_22_22_14_2.0,0.9892256345476158
HMA_10,ACCBL_20,0.989220529158139
RWIh_14,RWIl_14,0.9892057475064633
HWL_1,KCLe_20_2,0.9892043876646559
HWMA_0.2_0.1_0.1,KCLe_20_2,0.9892021848982703
HWM_1,KCLe_20_2,0.9892021848982703
WCP,ACCBL_20,0.9891998905640312
PIVOTS_TRAD_D_P,CHDLREXTl_22_22_14_2.0,0.9891991834932597
BBM_5_2.0_2.0,CHDLREXTs_22_22_14_2.0,0.9891825127996303
BBM_5_2.0_2.0,DCU_20_20,0.9891737560668009
HILO_13_21,MIDPOINT_2,0.9891427972822546
LINREG_14,ACCBL_20,0.9891156411266686
HILOs_13_21,SWMA_10,0.9890980009867879
FWMA_10,SUPERT_7_3.0,0.9890848205892007
IKS_26,MIDPRICE_2,0.9890757741393051
High,CHDLREXTl_22_22_14_2.0,0.989064787195514
SSF3_20,CKSPl_10_3_20,0.9890601151440647
LINREG_14,ACCBM_20,0.9890575231280748
MIDPRICE_2,CHDLREXTl_22_22_14_2.0,0.9890572836705593
PIVOTS_TRAD_D_S2,ACCBM_20,0.9890520805343371
PIVOTS_TRAD_D_R2,DCU_20_20,0.9890455943054288
HILO_13_21,PIVOTS_TRAD_D_S1,0.9890354838743631
HILOl_13_21,T3_10_0.7,0.9890268285561786
Low,KCUe_20_2,0.989024268863231
Close,ACCBL_20,0.9889539756449626
SWMA_10,CKSPl_10_3_20,0.988928626012147
ABER_ZG_5_15,DCL_20_20,0.9889286214901324
HILOs_13_21,FAMA_0.5_0.05,0.988925613198242
PIVOTS_TRAD_D_P,ACCBU_20,0.9889237455259287
FWMA_10,CHDLREXTs_22_22_14_2.0,0.9889224029284822
ATRTSe_14_20_3.0,BBL_5_2.0_2.0,0.9889188124441952
FWMA_10,HT_TL,0.9889133853375779
ISA_9,ISB_26,0.9889107878790644
FWMA_10,DCU_20_20,0.9889079615985378
DEMA_10,CHDLREXTl_22_22_14_2.0,0.9889026416003327
JMA_7_0.0,ACCBU_20,0.9888863243143589
SUPERTl_7_3.0,VIDYA_14,0.988881420806386
PIVOTS_TRAD_D_S2,KCUe_20_2,0.9888774729178462
DEMA_10,ACCBU_20,0.988877444484363
IKS_26,MIDPOINT_2,0.9888718557498535
MIDPOINT_2,CHDLREXTl_22_22_14_2.0,0.9888654820435132
ITS_9,CKSPs_10_3_20,0.98886482648486
HILOl_13_21,ALPHATl_14_1_50_2,0.988860788284528
ALMA_9_6.0_0.85,DCL_20_20,0.988852382937377
ABER_SG_5_15,CHDLREXTs_22_22_14_2.0,0.9888348621881218
PSARs_0.02_0.2,DCU_20_20,0.9888263149036088
High,HILO_13_21,0.9888157124049866
ZL_EMA_10,CHDLREXTl_22_22_14_2.0,0.9888131848886897
SWMA_10,CKSPs_10_3_20,0.9888008863273644
SUPERT_7_3.0,ABER_XG_5_15,0.9887926077937361
High,IKS_26,0.9887918053366982
BBM_5_2.0_2.0,DCL_20_20,0.988787133119839
Low,ACCBL_20,0.9887761566109506
MEDIAN_30,ALPHAT_14_1_50,0.9887613691577045
QTL_30_0.5,ALPHAT_14_1_50,0.9887613691577045
AGl_13_8_5,HILOs_13_21,0.9887611158832027
TEMA_10,ACCBM_20,0.988731671453614
Low,ACCBM_20,0.9887240978710651
PIVOTS_TRAD_D_P,VIDYA_14,0.9887146741789044
SSF3_20,CKSPs_10_3_20,0.988711103665918
IKS_26,ZL_EMA_10,0.9887084682567766
HILOl_13_21,KAMA_10_2_30,0.9886958233721425
HILOl_13_21,TRIMA_10,0.9886886782348245
JMA_7_0.0,VIDYA_14,0.9886857690789128
T3_10_0.7,CKSPl_10_3_20,0.9886751541938089
ITS_9,CKSPl_10_3_20,0.9886710188478292
ACCBM_20,BBL_5_2.0_2.0,0.9886690198877123
HWMA_0.2_0.1_0.1,MCGD_10,0.9886684922645423
MCGD_10,HWM_1,0.9886684922645423
High,ACCBU_20,0.988668240378503
PIVOTS_TRAD_D_R3,HT_TL,0.9886599344849846
PIVOTS_TRAD_D_R4,HT_TL,0.9886599344849846
PIVOTS_TRAD_D_R4,SUPERT_7_3.0,0.9886579755439311
PIVOTS_TRAD_D_R3,SUPERT_7_3.0,0.9886579755439311
WMA_10,QTL_30_0.5,0.9886409253814687
WMA_10,MEDIAN_30,0.9886409253814687
TEMA_10,ACCBL_20,0.9886127551522097
MIDPRICE_2,ACCBU_20,0.9886108453951765
CKSPl_10_3_20,PSARl_0.02_0.2,0.9886068517088741
ALPHAT_14_1_50,CKSPs_10_3_20,0.9885938335461065
HILOs_13_21,PWMA_10,0.9885788817677043
IKS_26,DEMA_10,0.9885293078529915
FWMA_10,DCL_20_20,0.9885289807285622
HILOl_13_21,SSF3_20,0.9884993376483387
MIDPOINT_2,ACCBU_20,0.988446664089092
MIDPRICE_2,VIDYA_14,0.988441901163296
ZL_EMA_10,ACCBU_20,0.9884409849204082
EMA_10,HILOl_13_21,0.9884291698912493
SUPERTl_7_3.0,CHDLREXTl_22_22_14_2.0,0.988425189063794
IKS_26,PIVOTS_TRAD_D_S1,0.9883958241908225
HT_TL,ABER_XG_5_15,0.988384575819931
HILOl_13_21,PSARs_0.02_0.2,0.9883836479687722
Open,HILO_13_21,0.9883833715305315
PIVOTS_TRAD_D_R2,SUPERT_7_3.0,0.9883753471835379
DEMA_10,VIDYA_14,0.9883738816339095
CKSPl_10_3_20,VWMA_10,0.9883515669451984
CKSPs_10_3_20,VWMA_10,0.9883433056120705
T3_10_0.7,CKSPs_10_3_20,0.9883365192192606
HWMA_0.2_0.1_0.1,RMA_10,0.9883177744671368
RMA_10,HWM_1,0.9883177744671366
ITS_9,HILOs_13_21,0.9883105594385797
ACCBU_20,DCL_20_20,0.9883003114563869
PWMA_10,CKSPl_10_3_20,0.9882986783742503
Open,IKS_26,0.9882928333368353
VIDYA_14,ZL_EMA_10,0.9882700363158998
LDECAY_1,CHDLREXTl_22_22_14_2.0,0.9882658051796996
MIDPOINT_2,VIDYA_14,0.9882548693870006
PIVOTS_TRAD_D_R2,HT_TL,0.9882480934244855
HILOl_13_21,SMA_10,0.9882474374294075
High,VIDYA_14,0.9882422467702361
OHLC4,CHDLREXTl_22_22_14_2.0,0.9882393456546554
HL2,CHDLREXTl_22_22_14_2.0,0.9882359139955719
HILO_13_21,OHLC4,0.9882311065224759
IKS_26,OHLC4,0.9882246753578413
Open,CHDLREXTl_22_22_14_2.0,0.9882213539517182
BBL_5_2.0_2.0,DCL_20_20,0.9882175878972137
HILO_13_21,HL2,0.9882166664462712
IKS_26,HL2,0.9882147643350014
HILO_13_21,HMA_10,0.9882089058389153
PWMA_10,CKSPs_10_3_20,0.9881991660664079
HILO_13_21,LINREG_14,0.9881833711272346
HILO_13_21,PIVOTS_TRAD_D_S2,0.9881793305484771
HLC3,CHDLREXTl_22_22_14_2.0,0.988171700784739
CHDLREXTl_22_22_14_2.0,VWAP_D,0.988171700784739
HILOs_13_21,VWMA_10,0.9881598351859205
IKS_26,HLC3,0.9881283609162097
IKS_26,VWAP_D,0.9881283609162097
WCP,CHDLREXTl_22_22_14_2.0,0.9881249378330748
CKSPl_10_3_20,CKSPs_10_3_20,0.9881077181635692
HILO_13_21,VWAP_D,0.9881068007329626
HILO_13_21,HLC3,0.9881068007329626
MAMA_0.5_0.05,CHDLREXTs_22_22_14_2.0,0.9881062372287277
CKSPl_10_3_20,BBU_5_2.0_2.0,0.9880975915015471
VIDYA_14,DCL_20_20,0.9880970576169426
HILO_13_21,LDECAY_1,0.9880882959693702
IKS_26,WCP,0.9880705129426274
IKS_26,LDECAY_1,0.9880650120972821
PIVOTS_TRAD_D_S1,CHDLREXTl_22_22_14_2.0,0.9880589915519317
MAMA_0.5_0.05,DCU_20_20,0.9880513853491382
PIVOTS_TRAD_D_R1,DCU_20_20,0.988040161741279
HILO_13_21,WCP,0.9880372319115994
MAMA_0.5_0.05,SUPERT_7_3.0,0.9880216924437376
HILOs_13_21,CKSPl_10_3_20,0.9880195331944582
HILOs_13_21,DCU_20_20,0.9879953601880346
ALPHAT_14_1_50,CKSPl_10_3_20,0.987950928409994
QTL_30_0.5,DCL_20_20,0.9879390853761488
MEDIAN_30,DCL_20_20,0.9879390853761488
Close,CHDLREXTl_22_22_14_2.0,0.9879262491895204
PSARs_0.02_0.2,ABER_SG_5_15,0.9879191173234233
MCGD_10,HWL_1,0.9878912158858638
MAMA_0.5_0.05,HT_TL,0.9878492732117842
Close,IKS_26,0.9878386134296812
WMA_10,CKSPs_10_3_20,0.9878100768693527
PIVOTS_TRAD_D_R1,SUPERT_7_3.0,0.9878027347579648
SUPERTl_7_3.0,DCU_20_20,0.987792208644285
HILO_13_21,BBL_5_2.0_2.0,0.987791078982377
Close,HILO_13_21,0.9877702151483551
LDECAY_1,ACCBU_20,0.987769621616524
HMA_10,CHDLREXTl_22_22_14_2.0,0.9877662775897047
MAMA_0.5_0.05,DCL_20_20,0.9877523572080745
PSARl_0.02_0.2,ABER_SG_5_15,0.9877505224400595
PIVOTS_TRAD_D_S3,DCM_20_20,0.9877337183691797
PIVOTS_TRAD_D_S4,DCM_20_20,0.9877337183691797
HILOl_13_21,SWMA_10,0.9877287927259425
SUPERT_7_3.0,SUPERTl_7_3.0,0.9877286629574527
HWMA_0.2_0.1_0.1,KCBe_20_2,0.9877273680283342
HWM_1,KCBe_20_2,0.9877273680283342
PIVOTS_TRAD_D_S1,VIDYA_14,0.9877118077812003
IKS_26,HMA_10,0.9877015615248576
MEDIAN_30,BBU_5_2.0_2.0,0.9876963047990522
QTL_30_0.5,BBU_5_2.0_2.0,0.9876963047990522
AGj_13_8_5,PIVOTS_TRAD_D_S3,0.9876936491706824
AGj_13_8_5,PIVOTS_TRAD_D_S4,0.9876936491706824
OHLC4,ACCBU_20,0.9876827364586999
HL2,ACCBU_20,0.987680244557178
WMA_10,CKSPl_10_3_20,0.987676584605883
HILOl_13_21,FAMA_0.5_0.05,0.9876678608953989
PSARs_0.02_0.2,BBU_5_2.0_2.0,0.987663658652982
PIVOTS_TRAD_D_R2,CHDLREXTs_22_22_14_2.0,0.9876602818905172
Open,ACCBU_20,0.9876445469368914
PIVOTS_TRAD_D_R1,HT_TL,0.9876247669419419
ACCBU_20,VWAP_D,0.9876218549070538
HLC3,ACCBU_20,0.9876218549070536
PIVOTS_TRAD_D_S1,ACCBU_20,0.9876195485618317
CKSPs_10_3_20,DCU_20_20,0.9876089916107127
WCP,ACCBU_20,0.9875780094292262
PIVOTS_TRAD_D_R1,CHDLREXTs_22_22_14_2.0,0.9875635621558665
PSARl_0.02_0.2,ABER_ZG_5_15,0.9875623035053297
HILO_13_21,TEMA_10,0.9875465593449115
HL2,VIDYA_14,0.9875461011532802
OHLC4,VIDYA_14,0.9875422852341157
ALMA_9_6.0_0.85,PSARl_0.02_0.2,0.987539818410407
AGl_13_8_5,HILOl_13_21,0.9875314830633161
Open,VIDYA_14,0.9875305018396797
JMA_7_0.0,CHDLREXTs_22_22_14_2.0,0.9875278366097884
QTL_30_0.5,ABER_SG_5_15,0.987526428350123
MEDIAN_30,ABER_SG_5_15,0.987526428350123
IKS_26,PIVOTS_TRAD_D_S2,0.9875116085742145
ABER_SG_5_15,DCL_20_20,0.9874945726539262
VIDYA_14,LDECAY_1,0.987490849319015
HLC3,VIDYA_14,0.9874726261726122
VIDYA_14,VWAP_D,0.9874726261726122
PIVOTS_TRAD_D_P,CHDLREXTs_22_22_14_2.0,0.9874504318350527
PIVOTS_TRAD_D_S4,ACCBL_20,0.9874412859628614
PIVOTS_TRAD_D_S3,ACCBL_20,0.9874412859628614
CKSPl_10_3_20,ABER_SG_5_15,0.9874300561159985
Low,IKS_26,0.9874225318665182
VIDYA_14,WCP,0.9874212466631382
Low,HILO_13_21,0.9874022482922686
Close,ACCBU_20,0.9873880948442186
PSARs_0.02_0.2,ABER_ZG_5_15,0.9873729245555705
JMA_7_0.0,DCL_20_20,0.9873510990714097
ALMA_9_6.0_0.85,PSARs_0.02_0.2,0.9873477064392672
DEMA_10,SUPERT_7_3.0,0.9873454361650282
SUPERTl_7_3.0,ATRTSe_14_20_3.0,0.9873201813779501
PSARl_0.02_0.2,BBM_5_2.0_2.0,0.9873165760939815
BBL_5_2.0_2.0,KCUe_20_2,0.9873156769077951
PIVOTS_TRAD_D_S4,ATRTSe_14_20_3.0,0.9873145173349278
PIVOTS_TRAD_D_S3,ATRTSe_14_20_3.0,0.9873145173349278
PIVOTS_TRAD_D_P,SUPERT_7_3.0,0.9872727029031212
High,DCU_20_20,0.9872704362758097
DCL_20_20,KCUe_20_2,0.9872686215690982
BBU_5_2.0_2.0,CHDLREXTs_22_22_14_2.0,0.9872527333888138
TEMA_10,CHDLREXTl_22_22_14_2.0,0.9872435303188102
MIDPRICE_2,CHDLREXTs_22_22_14_2.0,0.9872317873381501
JMA_7_0.0,SUPERT_7_3.0,0.9872293189230413
HMA_10,ACCBU_20,0.9872206609852577
HILOs_13_21,ALPHAT_14_1_50,0.9872184844984906
Close,VIDYA_14,0.9872087671213252
HMA_10,VIDYA_14,0.987205194458675
LINREG_14,CHDLREXTl_22_22_14_2.0,0.987192253915667
Low,CHDLREXTl_22_22_14_2.0,0.9871897811423115
PIVOTS_TRAD_D_P,DCL_20_20,0.9871709898399974
PSARs_0.02_0.2,BBM_5_2.0_2.0,0.9871537867224915
HILOl_13_21,PWMA_10,0.987119352817261
DEMA_10,DCL_20_20,0.9871113451288754
HILOl_13_21,SUPERTl_7_3.0,0.9871004154191764
IKS_26,TEMA_10,0.987095729533525
QQE_14_5_4.236_RSIMA,SMI_5_20_5_1.0,0.9870927090418666
TRIX_30_9,TRIXs_30_9,0.9870871009554892
ITS_9,HILOl_13_21,0.9870789706572137
PIVOTS_TRAD_D_R3,CHDLREXTs_22_22_14_2.0,0.9870658738858988
PIVOTS_TRAD_D_R4,CHDLREXTs_22_22_14_2.0,0.9870658738858988
PIVOTS_TRAD_D_S1,DCL_20_20,0.9870491837734588
PSARl_0.02_0.2,PSARs_0.02_0.2,0.987047825693576
PIVOTS_TRAD_D_P,DCU_20_20,0.9870410642212688
JMA_7_0.0,DCU_20_20,0.9870397800679688
PIVOTS_TRAD_D_P,HT_TL,0.9870141066891852
PSARl_0.02_0.2,BBU_5_2.0_2.0,0.9870130371629521
RMA_10,HWU_1,0.9870065247600592
IKS_26,SUPERTl_7_3.0,0.9869926355515282
MIDPOINT_2,CHDLREXTs_22_22_14_2.0,0.9869783148622662
MIDPRICE_2,DCL_20_20,0.9869773158042068
DEMA_10,CHDLREXTs_22_22_14_2.0,0.9869654177962163
ABER_XG_5_15,DCU_20_20,0.986940748872288
PIVOTS_TRAD_D_S2,CHDLREXTl_22_22_14_2.0,0.9869370686901077
PIVOTS_TRAD_D_S1,CHDLREXTs_22_22_14_2.0,0.9869313308945226
SUPERTl_7_3.0,KCUe_20_2,0.9869297487054529
RMA_10,HWL_1,0.9869230771854577
PSARl_0.02_0.2,ABER_XG_5_15,0.9869138797510503
HILOs_13_21,WMA_10,0.9869128209421603
PIVOTS_TRAD_D_S2,DCL_20_20,0.9869093688056769
MIDPRICE_2,DCU_20_20,0.986900394936868
PIVOTS_TRAD_D_R1,DCL_20_20,0.9868950851559434
IKS_26,LINREG_14,0.9868904699590769
ZL_EMA_10,CHDLREXTs_22_22_14_2.0,0.9868752522848487
JMA_7_0.0,HT_TL,0.9868529648729868
LINREG_14,VIDYA_14,0.9868489454160265
TEMA_10,VIDYA_14,0.986840994020917
MIDPRICE_2,SUPERT_7_3.0,0.9868381183232513
AGj_13_8_5,SUPERTl_7_3.0,0.9868242948558524
HILOl_13_21,VWMA_10,0.9868078159818867
LINREG_14,ACCBU_20,0.9867834182254446
MIDPOINT_2,DCU_20_20,0.986767966247625
MCGD_10,HWU_1,0.9867478175841121
PIVOTS_TRAD_D_S2,VIDYA_14,0.98674665411844
DEMA_10,DCU_20_20,0.9867381732629733
SUPERT_7_3.0,ZL_EMA_10,0.9867057734700245
MIDPOINT_2,DCL_20_20,0.9866943060657555
ZL_EMA_10,DCL_20_20,0.9866941659632035
ZL_EMA_10,DCU_20_20,0.9866665984779115
CKSPl_10_3_20,PSARs_0.02_0.2,0.986661175008645
BBL_5_2.0_2.0,CHDLREXTs_22_22_14_2.0,0.9866399945291829
Low,VIDYA_14,0.9866339304533299
TEMA_10,ACCBU_20,0.9866205250929624
PIVOTS_TRAD_D_R2,DCL_20_20,0.9866009737663544
MIDPOINT_2,SUPERT_7_3.0,0.9865859550543172
MIDPRICE_2,HT_TL,0.9865793522511408
IKS_26,BBL_5_2.0_2.0,0.9865445742692944
High,CHDLREXTs_22_22_14_2.0,0.9865430482659934
SUPERTl_7_3.0,QTL_30_0.5,0.9865263033269283
SUPERTl_7_3.0,MEDIAN_30,0.9865263033269283
HWU_1,KCLe_20_2,0.9865118786704509
MEDIAN_30,ABER_ZG_5_15,0.9865076722975114
QTL_30_0.5,ABER_ZG_5_15,0.9865076722975114
ALMA_9_6.0_0.85,MEDIAN_30,0.9864746718134292
ALMA_9_6.0_0.85,QTL_30_0.5,0.9864746718134292
Low,ACCBU_20,0.9864738034673077
CKSPs_10_3_20,ABER_SG_5_15,0.986472491506405
SUPERTl_7_3.0,HT_TL,0.9864724656227131
Open,CHDLREXTs_22_22_14_2.0,0.9864529230731914
HWU_1,KCBe_20_2,0.9864508430180303
High,SUPERT_7_3.0,0.9864475113358728
DEMA_10,HT_TL,0.9864434426533751
SUPERTl_7_3.0,ACCBU_20,0.9864120537239005
PIVOTS_TRAD_D_S2,CHDLREXTs_22_22_14_2.0,0.9863964307441014
MIDPOINT_2,HT_TL,0.9863793570219579
PSARs_0.02_0.2,ABER_XG_5_15,0.9863610125468183
PIVOTS_TRAD_D_S2,ACCBU_20,0.9863557707663183
QTL_30_0.5,BBM_5_2.0_2.0,0.9863498147229451
MEDIAN_30,BBM_5_2.0_2.0,0.9863498147229451
FWMA_10,PSARl_0.02_0.2,0.9863375232286437
CHDLREXTs_22_22_14_2.0,DCU_20_20,0.9863303034484228
PSARl_0.02_0.2,CHDLREXTs_22_22_14_2.0,0.986329665343739
ZL_EMA_10,HT_TL,0.9863259387513257
FWMA_10,PSARs_0.02_0.2,0.9863257424577344
OHLC4,CHDLREXTs_22_22_14_2.0,0.986316386684639
HL2,CHDLREXTs_22_22_14_2.0,0.9863056552430556
LDECAY_1,DCU_20_20,0.9863031603347384
HWL_1,KCBe_20_2,0.9862990633555965
CKSPs_10_3_20,ABER_ZG_5_15,0.9862875323027915
High,HT_TL,0.986280915539899
PIVOTS_TRAD_D_R3,CKSPl_10_3_20,0.986272756755319
PIVOTS_TRAD_D_R4,CKSPl_10_3_20,0.986272756755319
PIVOTS_TRAD_D_S1,SUPERT_7_3.0,0.9862702983913098
PIVOTS_TRAD_D_S3,ACCBM_20,0.9862531792780349
PIVOTS_TRAD_D_S4,ACCBM_20,0.9862531792780349
ALMA_9_6.0_0.85,CKSPs_10_3_20,0.9862211207416499
Open,DCL_20_20,0.9862133454443406
CHDLREXTs_22_22_14_2.0,VWAP_D,0.9861974580524009
HLC3,CHDLREXTs_22_22_14_2.0,0.9861974580524009
HL2,DCU_20_20,0.9861387329602124
OHLC4,DCU_20_20,0.9861366423591372
CKSPs_10_3_20,BBM_5_2.0_2.0,0.986132106618152
WCP,CHDLREXTs_22_22_14_2.0,0.9861287511544232
HLC3,DCU_20_20,0.9860922550394892
DCU_20_20,VWAP_D,0.9860922550394892
WCP,DCU_20_20,0.986054383088971
Open,DCU_20_20,0.9860492370756961
OHLC4,DCL_20_20,0.9860439202019711
HL2,DCL_20_20,0.9860273032114427
CKSPl_10_3_20,CHDLREXTs_22_22_14_2.0,0.9860062184227896
PIVOTS_TRAD_D_R4,MEDIAN_30,0.9860028502082502
PIVOTS_TRAD_D_R3,QTL_30_0.5,0.9860028502082502
PIVOTS_TRAD_D_R3,MEDIAN_30,0.9860028502082502
PIVOTS_TRAD_D_R4,QTL_30_0.5,0.9860028502082502
HILOs_13_21,PSARl_0.02_0.2,0.9859965266176528
VIDYA_14,BBL_5_2.0_2.0,0.98597476510899
LDECAY_1,CHDLREXTs_22_22_14_2.0,0.9859690287743265
ACCBL_20,HWL_1,0.9859673124703394
PIVOTS_TRAD_D_S1,HT_TL,0.9859601482056436
Low,DCL_20_20,0.9859510259976427
FWMA_10,QTL_30_0.5,0.9859332547802359
FWMA_10,MEDIAN_30,0.9859332547802359
DCL_20_20,VWAP_D,0.9859140664410021
HLC3,DCL_20_20,0.9859140664410021
CKSPl_10_3_20,ABER_ZG_5_15,0.9859083347427935
HMA_10,CHDLREXTs_22_22_14_2.0,0.9859074627105601
High,DCL_20_20,0.9858946703723089
Open,SUPERT_7_3.0,0.9858940817805777
ALMA_9_6.0_0.85,CKSPl_10_3_20,0.9858826464823601
Close,DCU_20_20,0.98588245732302
Close,CHDLREXTs_22_22_14_2.0,0.985864430103798
HILOl_13_21,ALPHAT_14_1_50,0.9858622316171142
Low,CHDLREXTs_22_22_14_2.0,0.9858562606452657
ACCBL_20,HWM_1,0.9858539153697912
HWMA_0.2_0.1_0.1,ACCBL_20,0.9858539153697911
WCP,DCL_20_20,0.9858428461076234
FWMA_10,CKSPs_10_3_20,0.9858242749111602
HILOl_13_21,DCL_20_20,0.985817862179656
CKSPl_10_3_20,BBM_5_2.0_2.0,0.9857954094663082
PIVOTS_TRAD_D_S4,DCL_20_20,0.9857790885090506
PIVOTS_TRAD_D_S3,DCL_20_20,0.9857790885090506
HL2,SUPERT_7_3.0,0.9857782245397918
OHLC4,SUPERT_7_3.0,0.9857771665949021
HMA_10,DCL_20_20,0.9857672802388292
LINREG_14,SUPERT_7_3.0,0.9856893971871703
SUPERT_7_3.0,VWAP_D,0.9856648080871505
HLC3,SUPERT_7_3.0,0.9856648080871504
Open,HT_TL,0.9856444831278801
CKSPs_10_3_20,ABER_XG_5_15,0.9856430095349803
PIVOTS_TRAD_D_R4,PSARs_0.02_0.2,0.9856384895478812
PIVOTS_TRAD_D_R3,PSARs_0.02_0.2,0.9856384895478812
SUPERT_7_3.0,LDECAY_1,0.985606106641908
CHDLREXTl_22_22_14_2.0,DCL_20_20,0.9856030448421212
PIVOTS_TRAD_D_S1,DCU_20_20,0.9855987511084148
SUPERT_7_3.0,WCP,0.9855935016929321
LDECAY_1,DCL_20_20,0.9855782938573677
Close,DCL_20_20,0.9855710109879221
HMA_10,SUPERT_7_3.0,0.9855682235108155
HMA_10,DCU_20_20,0.9855576752902636
PIVOTS_TRAD_D_R4,PSARl_0.02_0.2,0.985549293058917
PIVOTS_TRAD_D_R3,PSARl_0.02_0.2,0.985549293058917
OHLC4,HT_TL,0.9855446261349549
HILO_13_21,PIVOTS_TRAD_D_S3,0.9855441920242739
HILO_13_21,PIVOTS_TRAD_D_S4,0.9855441920242739
CKSPs_10_3_20,BBU_5_2.0_2.0,0.9855312922931548
HL2,HT_TL,0.9855299651506929
LDECAY_1,HT_TL,0.9855210275046887
PIVOTS_TRAD_D_S3,KCUe_20_2,0.9855137523843905
PIVOTS_TRAD_D_S4,KCUe_20_2,0.9855137523843905
FWMA_10,CKSPl_10_3_20,0.98545887782236
HT_TL,VWAP_D,0.9854379619300864
HLC3,HT_TL,0.9854379619300864
BBL_5_2.0_2.0,CHDLREXTl_22_22_14_2.0,0.985429544631199
ACCBU_20,BBL_5_2.0_2.0,0.9854209779030351
DEMA_10,PSARl_0.02_0.2,0.9853872232707168
WCP,HT_TL,0.9853773564151014
PIVOTS_TRAD_D_R2,MEDIAN_30,0.9853316052551365
PIVOTS_TRAD_D_R2,QTL_30_0.5,0.9853316052551365
PIVOTS_TRAD_D_R2,CKSPl_10_3_20,0.985327140652089
Close,SUPERT_7_3.0,0.9853214234890582
HILOl_13_21,WMA_10,0.9853186933815289
PIVOTS_TRAD_D_S2,SUPERT_7_3.0,0.9853120053406531
PIVOTS_TRAD_D_R2,PSARs_0.02_0.2,0.985253923757777
PIVOTS_TRAD_D_R4,DCL_20_20,0.9852408167072753
PIVOTS_TRAD_D_R3,DCL_20_20,0.9852408167072753
LINREG_14,DCL_20_20,0.9852151741047569
HMA_10,HT_TL,0.9851993275937745
SUPERTs_7_3.0,CKSPs_10_3_20,0.9851946314765168
TEMA_10,CHDLREXTs_22_22_14_2.0,0.9851938767633586
PIVOTS_TRAD_D_R2,PSARl_0.02_0.2,0.98517099419505
PSARl_0.02_0.2,DCL_20_20,0.9851513496604829
TEMA_10,DCL_20_20,0.985149095273423
Close,HT_TL,0.9851373541108099
HWMA_0.2_0.1_0.1,ACCBM_20,0.9851349704991046
ACCBM_20,HWM_1,0.9851349704991046
SUPERT_7_3.0,TEMA_10,0.985106757717784
LINREG_14,CHDLREXTs_22_22_14_2.0,0.9850857487239952
HILOs_13_21,BBU_5_2.0_2.0,0.985058327226959
SUPERTl_7_3.0,KCBe_20_2,0.9850416653155484
TEMA_10,DCU_20_20,0.9850192364716744
QTL_30_0.5,ABER_XG_5_15,0.9850162022580032
MEDIAN_30,ABER_XG_5_15,0.9850162022580032
MAMA_0.5_0.05,PSARs_0.02_0.2,0.9850015850861025
HILOs_13_21,ABER_SG_5_15,0.9849516368946739
MAMA_0.5_0.05,CKSPs_10_3_20,0.9849433563213108
PIVOTS_TRAD_D_S2,HT_TL,0.9849202193968524
AGj_13_8_5,HWMA_0.2_0.1_0.1,0.9849118597289048
AGj_13_8_5,HWM_1,0.9849118597289048
BBU_5_2.0_2.0,DCL_20_20,0.9849110089601897
HILOs_13_21,SUPERTs_7_3.0,0.9848973653401872
Low,SUPERT_7_3.0,0.9848935092694618
HWMA_0.2_0.1_0.1,DCM_20_20,0.9848857269934195
DCM_20_20,HWM_1,0.9848857269934195
PIVOTS_TRAD_D_R2,CKSPs_10_3_20,0.9848728751198399
SUPERT_7_3.0,BBL_5_2.0_2.0,0.9848704549692454
IKS_26,PIVOTS_TRAD_D_S3,0.9848648691290691
IKS_26,PIVOTS_TRAD_D_S4,0.9848648691290691
MAMA_0.5_0.05,PSARl_0.02_0.2,0.9848633255191692
LINREG_14,DCU_20_20,0.984843173948423
MAMA_0.5_0.05,MEDIAN_30,0.9848264468409751
MAMA_0.5_0.05,QTL_30_0.5,0.9848264468409751
DEMA_10,PSARs_0.02_0.2,0.9848132824654354
Low,DCU_20_20,0.9847877350402546
SUPERTl_7_3.0,DCM_20_20,0.9847550095633081
SUPERTl_7_3.0,ACCBM_20,0.9847185170131423
PIVOTS_TRAD_D_R4,CKSPs_10_3_20,0.9847113456987976
PIVOTS_TRAD_D_R3,CKSPs_10_3_20,0.9847113456987976
HILOs_13_21,ABER_ZG_5_15,0.9846943668779896
ALMA_9_6.0_0.85,HILOs_13_21,0.9846514466893846
RMA_10,SUPERTl_7_3.0,0.9846110777816004
LINREG_14,HT_TL,0.9845829693432502
Low,HT_TL,0.9845629699533717
PIVOTS_TRAD_D_R1,QTL_30_0.5,0.9845629043800553
PIVOTS_TRAD_D_R1,MEDIAN_30,0.9845629043800553
PIVOTS_TRAD_D_R1,PSARs_0.02_0.2,0.9845621582562082
PIVOTS_TRAD_D_R1,CKSPs_10_3_20,0.9845463078982608
MAMA_0.5_0.05,CKSPl_10_3_20,0.9845121857203665
PIVOTS_TRAD_D_R1,PSARl_0.02_0.2,0.9844917090501105
PIVOTS_TRAD_D_S3,CHDLREXTs_22_22_14_2.0,0.9844630381305571
PIVOTS_TRAD_D_S4,CHDLREXTs_22_22_14_2.0,0.9844630381305571
HILOs_13_21,BBM_5_2.0_2.0,0.9844621255475497
TEMA_10,HT_TL,0.9844392619170667
PIVOTS_TRAD_D_R1,CKSPl_10_3_20,0.9844387030872908
JMA_7_0.0,PSARs_0.02_0.2,0.9844014535555655
HWU_1,KCUe_20_2,0.9842956972768306
PIVOTS_TRAD_D_P,CKSPs_10_3_20,0.9842249587649206
HWM_1,KCUe_20_2,0.9842043463787122
HWMA_0.2_0.1_0.1,KCUe_20_2,0.9842043463787122
PIVOTS_TRAD_D_S2,DCU_20_20,0.9841644814027709
HILOl_13_21,BBU_5_2.0_2.0,0.984121794961701
JMA_7_0.0,CKSPs_10_3_20,0.9841205466193852
JMA_7_0.0,PSARl_0.02_0.2,0.9840519454194522
PIVOTS_TRAD_D_P,PSARs_0.02_0.2,0.9840501533486787
DCM_20_20,HWL_1,0.9840489781848131
CKSPs_10_3_20,PSARl_0.02_0.2,0.9840053209505059
HILOs_13_21,ABER_XG_5_15,0.9839771393344366
PIVOTS_TRAD_D_P,PSARl_0.02_0.2,0.9839736674904327
MIDPRICE_2,CKSPs_10_3_20,0.983937828490918
ACCBM_20,HWL_1,0.9839070338919863
CKSPl_10_3_20,ABER_XG_5_15,0.9839063057370628
PIVOTS_TRAD_D_S4,VIDYA_14,0.9838860372350866
PIVOTS_TRAD_D_S3,VIDYA_14,0.9838860372350866
SUPERTs_7_3.0,VIDYA_14,0.9838426483196946
HT_TL,BBL_5_2.0_2.0,0.9838415527091117
PIVOTS_TRAD_D_P,MEDIAN_30,0.9838361335701348
PIVOTS_TRAD_D_P,QTL_30_0.5,0.9838361335701348
AGj_13_8_5,HWU_1,0.9838339143624094
SUPERTs_7_3.0,HT_TL,0.9838134255928094
FWMA_10,HILOs_13_21,0.9837835409107523
HILOl_13_21,ABER_SG_5_15,0.9837825051633191
PIVOTS_TRAD_D_S4,CHDLREXTl_22_22_14_2.0,0.9837780400038248
PIVOTS_TRAD_D_S3,CHDLREXTl_22_22_14_2.0,0.9837780400038248
HWMA_0.2_0.1_0.1,ATRTSe_14_20_3.0,0.9837775248917535
ATRTSe_14_20_3.0,HWM_1,0.9837775248917533
MIDPOINT_2,CKSPs_10_3_20,0.9837082571115426
ACCBM_20,HWU_1,0.9836680263738868
HILO_13_21,HWM_1,0.9836427457838403
HILO_13_21,HWMA_0.2_0.1_0.1,0.9836427457838403
ZL_EMA_10,PSARs_0.02_0.2,0.9835836343856187
JMA_7_0.0,MEDIAN_30,0.9835726740131072
JMA_7_0.0,QTL_30_0.5,0.9835726740131072
PIVOTS_TRAD_D_P,CKSPl_10_3_20,0.9835525563153428
ZL_EMA_10,CKSPs_10_3_20,0.9835284020335905
TMO_14_5_3,TMOs_14_5_3,0.9834969820032227
MIDPRICE_2,PSARs_0.02_0.2,0.9834904694756169
MIDPRICE_2,QTL_30_0.5,0.9834894457625054
MIDPRICE_2,MEDIAN_30,0.9834894457625054
PIVOTS_TRAD_D_S1,CKSPs_10_3_20,0.9834737399061677
High,CKSPs_10_3_20,0.9834599817167634
LINREG_14,PSARl_0.02_0.2,0.9834549077199746
JMA_7_0.0,CKSPl_10_3_20,0.983443165278027
ZL_EMA_10,PSARl_0.02_0.2,0.9834419847974826
High,CKSPl_10_3_20,0.9834318253834883
High,MEDIAN_30,0.9834138663812757
High,QTL_30_0.5,0.9834138663812757
MIDPOINT_2,MEDIAN_30,0.9833036365632513
MIDPOINT_2,QTL_30_0.5,0.9833036365632513
MIDPRICE_2,CKSPl_10_3_20,0.9833027875549109
AGj_13_8_5,HWL_1,0.9832898184453152
MIDPRICE_2,PSARl_0.02_0.2,0.9832632289315413
PSARl_0.02_0.2,HWM_1,0.9832071979954705
HWMA_0.2_0.1_0.1,PSARl_0.02_0.2,0.9832071979954703
DEMA_10,CKSPs_10_3_20,0.9831906226458536
HILO_13_21,HWL_1,0.9831867399779797
MIDPOINT_2,PSARs_0.02_0.2,0.9831731314274988
MIDPOINT_2,CKSPl_10_3_20,0.9831489112494637
PSARl_0.02_0.2,BBL_5_2.0_2.0,0.9831355529942741
Open,CKSPs_10_3_20,0.9831028143011755
DCL_20_20,HWL_1,0.9830938059356683
ZL_EMA_10,MEDIAN_30,0.9830728036618043
ZL_EMA_10,QTL_30_0.5,0.9830728036618043
ACCBL_20,HWU_1,0.9830631253258297
DEMA_10,MEDIAN_30,0.9830378491944222
DEMA_10,QTL_30_0.5,0.9830378491944222
DCM_20_20,HWU_1,0.9830339423221949
ISA_9,VIDYA_14,0.9830329279806073
High,PSARs_0.02_0.2,0.9830199251065556
SUPERT_7_3.0,SUPERTs_7_3.0,0.9830071436227074
OHLC4,CKSPs_10_3_20,0.9830065614870372
HL2,CKSPs_10_3_20,0.9830060362785475
ZL_EMA_10,CKSPl_10_3_20,0.982972074047912
PIVOTS_TRAD_D_S1,PSARs_0.02_0.2,0.9829286092889453
MIDPOINT_2,PSARl_0.02_0.2,0.9829203444328635
HLC3,CKSPs_10_3_20,0.9829012858631131
CKSPs_10_3_20,VWAP_D,0.9829012858631131
HILOs_13_21,PIVOTS_TRAD_D_R3,0.9828893004677114
HILOs_13_21,PIVOTS_TRAD_D_R4,0.9828893004677114
PIVOTS_TRAD_D_S4,ACCBU_20,0.9828870753964085
PIVOTS_TRAD_D_S3,ACCBU_20,0.9828870753964085
PIVOTS_TRAD_D_S1,PSARl_0.02_0.2,0.9828647613295547
WCP,CKSPs_10_3_20,0.9828343498659516
HILOl_13_21,ABER_ZG_5_15,0.9828291312918171
IKS_26,SUPERTs_7_3.0,0.98282805852119
ALMA_9_6.0_0.85,HILOl_13_21,0.9827896072987309
CKSPs_10_3_20,LDECAY_1,0.9827768608435464
ISA_9,MEDIAN_30,0.9827571203292855
ISA_9,QTL_30_0.5,0.9827571203292855
ATRTSe_14_20_3.0,HWU_1,0.9827466432627453
QQE_14_5_4.236_RSIMA,SMIs_5_20_5_1.0,0.9827447312905974
LINREG_14,PSARs_0.02_0.2,0.9827374089735696
PIVOTS_TRAD_D_S2,CKSPs_10_3_20,0.9827287423169522
DEMA_10,CKSPl_10_3_20,0.982722727270901
HILO_13_21,SUPERTl_7_3.0,0.9827214821788948
HILOs_13_21,PIVOTS_TRAD_D_R2,0.9827054628647283
PIVOTS_TRAD_D_S1,MEDIAN_30,0.9826359150954876
PIVOTS_TRAD_D_S1,QTL_30_0.5,0.9826359150954876
HILOl_13_21,BBM_5_2.0_2.0,0.9826161691383101
High,PSARl_0.02_0.2,0.9826084442960389
SUPERTs_7_3.0,QTL_30_0.5,0.9826056357840977
SUPERTs_7_3.0,MEDIAN_30,0.9826056357840977
ISA_9,CKSPl_10_3_20,0.9826022941862892
AGt_13_8_5,SUPERTl_7_3.0,0.9825976300000341
MEDIAN_30,LDECAY_1,0.9825958706018707
QTL_30_0.5,LDECAY_1,0.9825958706018707
Close,CKSPs_10_3_20,0.9825755302532166
CKSPl_10_3_20,LDECAY_1,0.9825442492314822
Open,MEDIAN_30,0.9825428753050415
Open,QTL_30_0.5,0.9825428753050415
OHLC4,QTL_30_0.5,0.9825353263526795
OHLC4,MEDIAN_30,0.9825353263526795
HL2,QTL_30_0.5,0.9825334193452442
HL2,MEDIAN_30,0.9825334193452442
HMA_10,CKSPs_10_3_20,0.9825289383065685
HILOs_13_21,MAMA_0.5_0.05,0.9825065185788147
PIVOTS_TRAD_D_S4,SUPERT_7_3.0,0.9824600716724026
PIVOTS_TRAD_D_S3,SUPERT_7_3.0,0.9824600716724026
HLC3,MEDIAN_30,0.982459606537253
MEDIAN_30,VWAP_D,0.982459606537253
HLC3,QTL_30_0.5,0.982459606537253
QTL_30_0.5,VWAP_D,0.982459606537253
PSARl_0.02_0.2,HWL_1,0.9824483893156365
OHLC4,CKSPl_10_3_20,0.9824324349521868
HL2,CKSPl_10_3_20,0.9824253257325434
Open,CKSPl_10_3_20,0.9824122940070789
WCP,MEDIAN_30,0.9824081327483654
WCP,QTL_30_0.5,0.9824081327483654
AGj_13_8_5,SUPERTs_7_3.0,0.9823946626024921
CKSPl_10_3_20,VWAP_D,0.9823659380172244
HLC3,CKSPl_10_3_20,0.9823659380172244
Low,CKSPs_10_3_20,0.9823390174183826
WCP,CKSPl_10_3_20,0.9823216720311805
SUPERTs_7_3.0,ATRTSe_14_20_3.0,0.9823132254295406
HMA_10,PSARs_0.02_0.2,0.982291190066349
Open,PSARs_0.02_0.2,0.98228101905007
CKSPs_10_3_20,BBL_5_2.0_2.0,0.9822575361703425
OHLC4,PSARs_0.02_0.2,0.9822346444506936
HILOl_13_21,PIVOTS_TRAD_D_R4,0.9822326453147097
HILOl_13_21,PIVOTS_TRAD_D_R3,0.9822326453147097
HL2,PSARs_0.02_0.2,0.9822314530418257
PIVOTS_TRAD_D_S1,CKSPl_10_3_20,0.9822306091364966
LDECAY_1,PSARs_0.02_0.2,0.9822169114244031
Close,QTL_30_0.5,0.982195667876802
Close,MEDIAN_30,0.982195667876802
HILOs_13_21,PIVOTS_TRAD_D_R1,0.9821624337182606
PSARs_0.02_0.2,BBL_5_2.0_2.0,0.9821497155724147
PSARs_0.02_0.2,VWAP_D,0.9821460258405637
HLC3,PSARs_0.02_0.2,0.9821460258405637
Close,CKSPl_10_3_20,0.9821308090531881
MCGD_10,SUPERTl_7_3.0,0.9821113138623615
ATRTSe_14_20_3.0,HWL_1,0.9821108555547167
WCP,PSARs_0.02_0.2,0.9820887544545638
HWMA_0.2_0.1_0.1,ACCBU_20,0.9820627929343055
ACCBU_20,HWM_1,0.9820627929343054
HMA_10,PSARl_0.02_0.2,0.9820546471622816
FWMA_10,HILOl_13_21,0.9820158773467894
Open,PSARl_0.02_0.2,0.9820062624887889
PIVOTS_TRAD_D_S2,PSARs_0.02_0.2,0.9819894819290954
PIVOTS_TRAD_D_S3,HT_TL,0.9819335598439212
PIVOTS_TRAD_D_S4,HT_TL,0.9819335598439212
PIVOTS_TRAD_D_S2,PSARl_0.02_0.2,0.9819196063368327
ACCBU_20,HWU_1,0.9818978397685354
BBL_5_2.0_2.0,DCU_20_20,0.9818837029768083
OHLC4,PSARl_0.02_0.2,0.981862448347107
Close,PSARs_0.02_0.2,0.9818589371512219
HMA_10,CKSPl_10_3_20,0.9818535479661692
HL2,PSARl_0.02_0.2,0.9818479101808449
TEMA_10,CKSPs_10_3_20,0.9818230967502668
LDECAY_1,PSARl_0.02_0.2,0.9817825190351281
HMA_10,MEDIAN_30,0.9817742747393691
HMA_10,QTL_30_0.5,0.9817742747393691
PSARl_0.02_0.2,VWAP_D,0.9817414295319136
HLC3,PSARl_0.02_0.2,0.9817414295319136
HILOs_13_21,PIVOTS_TRAD_D_P,0.9817079939427173
TEMA_10,PSARl_0.02_0.2,0.9816943521528174
TEMA_10,PSARs_0.02_0.2,0.9816742538239464
WCP,PSARl_0.02_0.2,0.9816736463887032
HILOs_13_21,JMA_7_0.0,0.9816169691858654
LINREG_14,CKSPs_10_3_20,0.9815594819770032
VIDYA_14,HWM_1,0.9815025542089094
HWMA_0.2_0.1_0.1,VIDYA_14,0.9815025542089094
PIVOTS_TRAD_D_S2,QTL_30_0.5,0.9814793514124661
PIVOTS_TRAD_D_S2,MEDIAN_30,0.9814793514124661
Low,QTL_30_0.5,0.9814365045011364
Low,MEDIAN_30,0.9814365045011364
VIDYA_14,HWU_1,0.9814333320938757
HILO_13_21,HWU_1,0.9814191144343994
Close,PSARl_0.02_0.2,0.9814123572713711
HILOl_13_21,ABER_XG_5_15,0.9814057698624087
HILOl_13_21,PIVOTS_TRAD_D_R2,0.981398886129046
HWL_1,KCUe_20_2,0.9813977625326801
SMMA_7,SUPERTl_7_3.0,0.9813935649927876
SUPERTl_7_3.0,ACCBL_20,0.9813429158191339
DEMA_10,HILOs_13_21,0.9813379160434934
PSARl_0.02_0.2,HWU_1,0.9812831642381928
Low,PSARs_0.02_0.2,0.9812273311843175
Low,CKSPl_10_3_20,0.9812013483346932
TEMA_10,CKSPl_10_3_20,0.9811962523389047
HWMA_0.2_0.1_0.1,CHDLREXTl_22_22_14_2.0,0.9811927383580108
CHDLREXTl_22_22_14_2.0,HWM_1,0.9811927383580107
SINWMA_14,SUPERTl_7_3.0,0.9811448666422138
DCL_20_20,HWM_1,0.9811416479802528
HWMA_0.2_0.1_0.1,DCL_20_20,0.9811416479802527
HILOs_13_21,MIDPRICE_2,0.9811008035727306
KAMA_10_2_30,SUPERTl_7_3.0,0.9810695561173607
HILO_13_21,SUPERTs_7_3.0,0.9810424102798595
ISA_9,HT_TL,0.9810353610031507
DCL_20_20,DCU_20_20,0.9809811026700951
LINREG_14,CKSPl_10_3_20,0.9809501079216182
TEMA_10,QTL_30_0.5,0.9809204254825833
TEMA_10,MEDIAN_30,0.9809204254825833
SUPERTl_7_3.0,KCLe_20_2,0.9809185803827913
PIVOTS_TRAD_D_S2,CKSPl_10_3_20,0.9809125094334681
ISA_9,SUPERTl_7_3.0,0.9809068191663501
CHDLREXTl_22_22_14_2.0,HWU_1,0.9809045593431128
CKSPl_10_3_20,DCL_20_20,0.9808832780827006
Low,PSARl_0.02_0.2,0.9808720368993776
HILOs_13_21,ZL_EMA_10,0.9808492208959266
SUPERTl_7_3.0,CKSPs_10_3_20,0.9808261869574749
HILOs_13_21,MIDPOINT_2,0.9808206800085236
HILOs_13_21,PIVOTS_TRAD_D_S1,0.9807382181218949
LINREG_14,MEDIAN_30,0.9807369471367727
LINREG_14,QTL_30_0.5,0.9807369471367727
HILOl_13_21,MAMA_0.5_0.05,0.9807184358956853
MCGD_10,SUPERTs_7_3.0,0.9806054210433315
HILOl_13_21,PIVOTS_TRAD_D_R1,0.9805424925090671
High,HILOs_13_21,0.980534383909846
MEDIAN_30,BBL_5_2.0_2.0,0.9805021070438719
QTL_30_0.5,BBL_5_2.0_2.0,0.9805021070438719
SUPERTs_7_3.0,KCUe_20_2,0.9804914283037194
HWMA_0.2_0.1_0.1,SUPERT_7_3.0,0.9804809620479558
SUPERT_7_3.0,HWM_1,0.9804809620479557
HWMA_0.2_0.1_0.1,PSARs_0.02_0.2,0.9804400821341945
PSARs_0.02_0.2,HWM_1,0.9804400821341945
SUPERTs_7_3.0,ACCBU_20,0.980393108635623
PIVOTS_TRAD_D_S3,DCU_20_20,0.9803847435281555
PIVOTS_TRAD_D_S4,DCU_20_20,0.9803847435281555
SUPERTs_7_3.0,KCBe_20_2,0.980365668218678
PIVOTS_TRAD_D_S3,CKSPs_10_3_20,0.9803501084520375
PIVOTS_TRAD_D_S4,CKSPs_10_3_20,0.9803501084520375
ISA_9,CKSPs_10_3_20,0.9802669738083322
SSF_20,SUPERTl_7_3.0,0.9801500366091693
SUPERTs_7_3.0,ACCBM_20,0.9801115274228612
DCU_20_20,HWU_1,0.9800791104346263
CHDLREXTs_22_22_14_2.0,HWL_1,0.9800510961438273
SUPERTs_7_3.0,DCM_20_20,0.9800346704783491
Open,HILOs_13_21,0.9800068738474916
ISA_9,SUPERTs_7_3.0,0.979906008927394
RMA_10,SUPERTs_7_3.0,0.9798838331602361
HILOs_13_21,HL2,0.9798744669615493
HILOs_13_21,OHLC4,0.9798740608271889
HILOs_13_21,PIVOTS_TRAD_D_S2,0.9798588658571906
SUPERTl_7_3.0,ALPHATl_14_1_50_2,0.9798569594989028
ISA_9,IKS_26,0.9798406636984301
HILOs_13_21,VWAP_D,0.9797568513440045
HILOs_13_21,HLC3,0.9797568513440045
HILOl_13_21,PIVOTS_TRAD_D_P,0.9797413329388526
HILOs_13_21,LDECAY_1,0.9797385155510154
HILOs_13_21,WCP,0.9796835349421528
HILOs_13_21,HMA_10,0.9795767009791592
ACCBU_20,HWL_1,0.9795221879168118
SUPERT_7_3.0,HWL_1,0.9794783163244616
PSARs_0.02_0.2,HWU_1,0.9794479955757557
HILOl_13_21,JMA_7_0.0,0.9794067680723072
Close,HILOs_13_21,0.9794057844667303
HILOs_13_21,BBL_5_2.0_2.0,0.9793828598264102
SUPERTs_7_3.0,CHDLREXTs_22_22_14_2.0,0.9793707219738332
HWMA_0.2_0.1_0.1,CHDLREXTs_22_22_14_2.0,0.9793220239774019
CHDLREXTs_22_22_14_2.0,HWM_1,0.9793220239774019
EMA_10,SUPERTl_7_3.0,0.9792961708493069
DCU_20_20,HWM_1,0.9792826474237137
HWMA_0.2_0.1_0.1,DCU_20_20,0.9792826474237137
HILOs_13_21,LINREG_14,0.9792409257980432
HILOl_13_21,MIDPRICE_2,0.9792225177571001
ISA_9,HILOl_13_21,0.9791626736982543
IKS_26,HWMA_0.2_0.1_0.1,0.9791361261984558
IKS_26,HWM_1,0.9791361261984558
DEMA_10,HILOl_13_21,0.9791172071118839
High,HILOl_13_21,0.9790550466031155
SUPERTl_7_3.0,TRIMA_10,0.9790472012373186
PIVOTS_TRAD_D_S4,PSARs_0.02_0.2,0.9790390755979763
PIVOTS_TRAD_D_S3,PSARs_0.02_0.2,0.9790390755979763
Low,HILOs_13_21,0.9790004556612549
HILOl_13_21,MIDPOINT_2,0.9789889022395489
CKSPl_10_3_20,BBL_5_2.0_2.0,0.978982337783753
PIVOTS_TRAD_D_S3,PSARl_0.02_0.2,0.9789759647955045
PIVOTS_TRAD_D_S4,PSARl_0.02_0.2,0.9789759647955045
ISA_9,AGj_13_8_5,0.9789128406794011
SUPERTl_7_3.0,PSARl_0.02_0.2,0.9788723424342931
VIDYA_14,HWL_1,0.9788663550199499
SMA_10,SUPERTl_7_3.0,0.9788426412415464
SUPERT_7_3.0,HWU_1,0.9788046396079069
HILOl_13_21,ZL_EMA_10,0.9787981083562867
CHDLREXTl_22_22_14_2.0,HWL_1,0.9787795706406753
PSARs_0.02_0.2,HWL_1,0.9787432499697188
HILOs_13_21,TEMA_10,0.9787387401890094
SSF3_20,SUPERTl_7_3.0,0.9787232118668029
TOS_STDEVALL_U_3,AD,0.978540428188348
TOS_STDEVALL_L_3,AD,0.9785404281883477
TOS_STDEVALL_L_1,AD,0.9785404281883477
TOS_STDEVALL_L_2,AD,0.9785404281883477
TOS_STDEVALL_LR,AD,0.9785404281883477
TOS_STDEVALL_U_2,AD,0.9785404281883477
TOS_STDEVALL_U_1,AD,0.9785404281883477
AGl_13_8_5,SUPERTl_7_3.0,0.9785093437517557
FAMA_0.5_0.05,SUPERTl_7_3.0,0.97848369395265
SUPERTs_7_3.0,ACCBL_20,0.9784712191597223
HILOs_13_21,SUPERTl_7_3.0,0.9784671986736276
HILOl_13_21,PIVOTS_TRAD_D_S1,0.9784537971422907
HILOl_13_21,SUPERTs_7_3.0,0.9784183629134382
ISA_9,ATRTSe_14_20_3.0,0.9783690282818345
SUPERTs_7_3.0,PSARs_0.02_0.2,0.9783415764008955
SUPERTl_7_3.0,SWMA_10,0.9783081577565594
Open,HILOl_13_21,0.9782582378797693
PIVOTS_TRAD_D_S4,QTL_30_0.5,0.9782291028200168
PIVOTS_TRAD_D_S3,QTL_30_0.5,0.9782291028200168
PIVOTS_TRAD_D_S3,MEDIAN_30,0.9782291028200168
PIVOTS_TRAD_D_S4,MEDIAN_30,0.9782291028200168
IKS_26,HWL_1,0.9781853008733675
HILOl_13_21,OHLC4,0.9781250367521654
HILOl_13_21,HL2,0.9781145038395435
HILOl_13_21,LDECAY_1,0.978090818194311
ITS_9,SUPERTl_7_3.0,0.9780784149680503
SUPERTs_7_3.0,KCLe_20_2,0.9780779590523809
HILOl_13_21,HLC3,0.9780078284243144
HILOl_13_21,VWAP_D,0.9780078284243143
ISA_9,KCUe_20_2,0.9779892851665956
HILOl_13_21,WCP,0.9779400034599434
SUPERTl_7_3.0,VWMA_10,0.9777893434372674
SUPERTl_7_3.0,T3_10_0.7,0.9777835221890814
PWMA_10,SUPERTl_7_3.0,0.9776788211201373
Close,HILOl_13_21,0.9776788103511076
AGt_13_8_5,SUPERTs_7_3.0,0.9776608410693189
SUPERTs_7_3.0,CKSPl_10_3_20,0.9776186413579718
SUPERTs_7_3.0,CHDLREXTl_22_22_14_2.0,0.9776046358722391
SUPERTl_7_3.0,CHDLREXTs_22_22_14_2.0,0.9775712925556309
SUPERTl_7_3.0,ALPHAT_14_1_50,0.977534924957217
IKS_26,HWU_1,0.9774123890152965
HT_TL,HWM_1,0.9774002421973921
HWMA_0.2_0.1_0.1,HT_TL,0.9774002421973917
HILOl_13_21,HMA_10,0.9773783099068728
PIVOTS_TRAD_D_S3,CKSPl_10_3_20,0.9773754955767301
PIVOTS_TRAD_D_S4,CKSPl_10_3_20,0.9773754955767301
HILOl_13_21,PIVOTS_TRAD_D_S2,0.9772234047927076
HILOs_13_21,PIVOTS_TRAD_D_S3,0.9771248554518466
HILOs_13_21,PIVOTS_TRAD_D_S4,0.9771248554518466
SUPERTl_7_3.0,PSARs_0.02_0.2,0.9770013199359036
Low,HILOl_13_21,0.9769579419116655
HILOl_13_21,LINREG_14,0.9766830418465025
HILOl_13_21,BBL_5_2.0_2.0,0.9766242690129745
DCL_20_20,HWU_1,0.9765515538602373
SUPERTl_7_3.0,WMA_10,0.9765473518533542
ISA_9,ACCBU_20,0.9765325171231884
ISA_9,HILOs_13_21,0.97647304958467
HILOl_13_21,TEMA_10,0.9764536416252094
SUPERTs_7_3.0,DCU_20_20,0.9764371069493579
ISA_9,CHDLREXTl_22_22_14_2.0,0.9764323911585272
SMMA_7,SUPERTs_7_3.0,0.9763525951693643
SUPERTl_7_3.0,BBU_5_2.0_2.0,0.976350275544326
HT_TL,HWL_1,0.9762769287816979
SUPERTl_7_3.0,ABER_SG_5_15,0.9762157254972291
ISA_9,DCU_20_20,0.9761405814818279
ISB_26,VIDYA_14,0.9759888074198498
CHDLREXTs_22_22_14_2.0,HWU_1,0.9759422328333146
HT_TL,HWU_1,0.9758512102617392
KAMA_10_2_30,SUPERTs_7_3.0,0.9758252953124296
SINWMA_14,SUPERTs_7_3.0,0.9758107970737857
DCU_20_20,HWL_1,0.9757741524622691
SUPERTs_7_3.0,ALPHATl_14_1_50_2,0.9751583507462711
ISA_9,KCBe_20_2,0.9749170877972094
SSF_20,SUPERTs_7_3.0,0.9748453142283849
PIVOTS_TRAD_D_R4,SUPERTl_7_3.0,0.974710745749782
PIVOTS_TRAD_D_R3,SUPERTl_7_3.0,0.974710745749782
SUPERTl_7_3.0,ABER_ZG_5_15,0.9744604947116127
ALMA_9_6.0_0.85,SUPERTl_7_3.0,0.9744032112802191
SUPERTl_7_3.0,BBM_5_2.0_2.0,0.9742829546904306
SUPERTs_7_3.0,DCL_20_20,0.9742504025890424
EMA_10,SUPERTs_7_3.0,0.9741117897412457
ISA_9,RMA_10,0.9740259385550676
FWMA_10,SUPERTl_7_3.0,0.9738738627121709
HILOl_13_21,PIVOTS_TRAD_D_S4,0.9738134662539182
HILOl_13_21,PIVOTS_TRAD_D_S3,0.9738134662539182
PIVOTS_TRAD_D_R2,SUPERTl_7_3.0,0.9736636380339213
SUPERTs_7_3.0,TRIMA_10,0.9735994437654718
HWMA_0.2_0.1_0.1,MEDIAN_30,0.9735332406725726
QTL_30_0.5,HWM_1,0.9735332406725726
HWMA_0.2_0.1_0.1,QTL_30_0.5,0.9735332406725726
MEDIAN_30,HWM_1,0.9735332406725726
ISA_9,ACCBM_20,0.9734477198163548
SMA_10,SUPERTs_7_3.0,0.9733916670078233
AGl_13_8_5,SUPERTs_7_3.0,0.9732845905480632
FAMA_0.5_0.05,SUPERTs_7_3.0,0.9732378908576099
SSF3_20,SUPERTs_7_3.0,0.9731506866576287
CKSPl_10_3_20,HWU_1,0.9731413639965584
ISA_9,DCM_20_20,0.9730159264250089
CKSPs_10_3_20,HWM_1,0.9728874683956347
HWMA_0.2_0.1_0.1,CKSPs_10_3_20,0.9728874683956347
SUPERTs_7_3.0,SWMA_10,0.9728754607415564
HILOs_13_21,HWMA_0.2_0.1_0.1,0.9728200369112155
HILOs_13_21,HWM_1,0.9728200369112155
CKSPs_10_3_20,HWL_1,0.9727852550503387
MAMA_0.5_0.05,SUPERTl_7_3.0,0.9727812651263427
HWMA_0.2_0.1_0.1,CKSPl_10_3_20,0.9727652237965239
CKSPl_10_3_20,HWM_1,0.9727652237965239
SUPERTs_7_3.0,ALPHAT_14_1_50,0.9727640823501954
AO_5_34,MACD_12_26_9,0.9727513580567007
AO_5_34,STCmacd_10_12_26_0.5,0.9727513580567007
MEDIAN_30,HWU_1,0.9727206917611901
QTL_30_0.5,HWU_1,0.9727206917611901
PIVOTS_TRAD_D_R1,SUPERTl_7_3.0,0.9727074314578905
ISA_9,SUPERT_7_3.0,0.9726435590240671
ISA_9,MCGD_10,0.9725532548365465
ITS_9,SUPERTs_7_3.0,0.9724798120012922
ISA_9,HILO_13_21,0.9724299444150535
HILOs_13_21,HWL_1,0.9723019130318394
PWMA_10,SUPERTs_7_3.0,0.9722671591706311
SUPERTs_7_3.0,T3_10_0.7,0.9722345878167928
SUPERTl_7_3.0,ABER_XG_5_15,0.9722266025486277
SUPERTl_7_3.0,DCL_20_20,0.9720193416886377
D_9_3,STOCHd_14_3_3,0.9719882873517411
SUPERTs_7_3.0,VWMA_10,0.9719667674337034
PIVOTS_TRAD_D_P,SUPERTl_7_3.0,0.9717954258763318
QTL_30_0.5,HWL_1,0.9716732755773839
MEDIAN_30,HWL_1,0.9716732755773839
High,SUPERTl_7_3.0,0.9715985721127418
JMA_7_0.0,SUPERTl_7_3.0,0.9715742579467251
ISB_26,SUPERTl_7_3.0,0.9715508174015423
MIDPRICE_2,SUPERTl_7_3.0,0.9714885041938666
MIDPOINT_2,SUPERTl_7_3.0,0.9712799664019689
SUPERTs_7_3.0,WMA_10,0.9711796290937807
SUPERTl_7_3.0,ZL_EMA_10,0.9710644583530783
ISB_26,CKSPl_10_3_20,0.9710310812766282
DEMA_10,SUPERTl_7_3.0,0.9708615219776127
ISB_26,SUPERTs_7_3.0,0.970843472923663
SUPERTl_7_3.0,SUPERTs_7_3.0,0.9707317875068611
HILOs_13_21,HWU_1,0.9706870337615624
Open,SUPERTl_7_3.0,0.9706214017693597
OHLC4,SUPERTl_7_3.0,0.9705711719734265
HL2,SUPERTl_7_3.0,0.9705655644177366
SUPERTl_7_3.0,LDECAY_1,0.9705336013223778
SMIs_5_20_5_1.0,TSI_13_25_13,0.9704872711052511
SUPERTl_7_3.0,VWAP_D,0.9704821393828559
HLC3,SUPERTl_7_3.0,0.9704821393828559
SUPERTl_7_3.0,WCP,0.9704260415470551
PIVOTS_TRAD_D_S1,SUPERTl_7_3.0,0.9704097940881088
CKSPs_10_3_20,HWU_1,0.9703443997423183
Close,SUPERTl_7_3.0,0.9702004318821019
SUPERTs_7_3.0,ABER_SG_5_15,0.970193856496855
SUPERTs_7_3.0,BBU_5_2.0_2.0,0.9701871551299974
ISA_9,AGt_13_8_5,0.9701683646546898
HILOl_13_21,HWM_1,0.9701333537972651
HILOl_13_21,HWMA_0.2_0.1_0.1,0.9701333537972651
MOM_10,ROC_10,0.9699755732013665
HMA_10,SUPERTl_7_3.0,0.969787068040078
CKSPl_10_3_20,HWL_1,0.9697012049102313
ISA_9,KCLe_20_2,0.9695899996639715
DEC_1,INC_1,0.9695228890234279
HILOl_13_21,HWL_1,0.9694882980862141
ISB_26,QTL_30_0.5,0.9693578892887813
ISB_26,MEDIAN_30,0.9693578892887813
SUPERTl_7_3.0,TEMA_10,0.9693261703074166
Low,SUPERTl_7_3.0,0.9693173875569547
SUPERTs_7_3.0,ABER_ZG_5_15,0.9692465021567085
LINREG_14,SUPERTl_7_3.0,0.9692157165384189
ALMA_9_6.0_0.85,SUPERTs_7_3.0,0.9691375635781119
SUPERTs_7_3.0,PSARl_0.02_0.2,0.9690898576887883
PIVOTS_TRAD_D_S2,SUPERTl_7_3.0,0.9690702889640423
ISA_9,ACCBL_20,0.9690641439322674
SUPERTs_7_3.0,BBM_5_2.0_2.0,0.9690036252602517
FISHERT_9_1,FISHERTs_9_1,0.9688882257969696
ISA_9,CHDLREXTs_22_22_14_2.0,0.968858985652584
FWMA_10,SUPERTs_7_3.0,0.9685555641399723
PIVOTS_TRAD_D_R4,SUPERTs_7_3.0,0.9682783088919298
PIVOTS_TRAD_D_R3,SUPERTs_7_3.0,0.9682783088919298
HILOl_13_21,HWU_1,0.9681327437117887
ISA_9,SMMA_7,0.9680852216986081
PIVOTS_TRAD_D_R2,SUPERTs_7_3.0,0.9678832857015116
SUPERTs_7_3.0,ABER_XG_5_15,0.9678355434653133
SUPERTl_7_3.0,BBL_5_2.0_2.0,0.9677600771833755
ISB_26,ATRTSe_14_20_3.0,0.9677515863166027
ISB_26,HT_TL,0.967748531636024
MAMA_0.5_0.05,SUPERTs_7_3.0,0.9674706316952204
ISB_26,AGj_13_8_5,0.9673187251141137
PIVOTS_TRAD_D_R1,SUPERTs_7_3.0,0.9672393249790789
ISA_9,PSARs_0.02_0.2,0.9672069125108556
ISB_26,IKS_26,0.9669738031869268
PIVOTS_TRAD_D_P,SUPERTs_7_3.0,0.9666832028588345
ISB_26,KCUe_20_2,0.9666336385490348
ISA_9,KAMA_10_2_30,0.9664160046034641
JMA_7_0.0,SUPERTs_7_3.0,0.9664141926570031
MIDPRICE_2,SUPERTs_7_3.0,0.9662822897575504
ISA_9,SINWMA_14,0.9662490668263666
ISB_26,CKSPs_10_3_20,0.9662141884166411
ISB_26,HILOl_13_21,0.9661924878179391
High,SUPERTs_7_3.0,0.9660107878257732
MIDPOINT_2,SUPERTs_7_3.0,0.9660041389676283
APO_12_26,PPO_12_26_9,0.9659369072558249
SUPERTs_7_3.0,ZL_EMA_10,0.9657709542259453
ISB_26,DCU_20_20,0.9657048004187293
PIVOTS_TRAD_D_S1,SUPERTs_7_3.0,0.9656172537214043
PIVOTS_TRAD_D_S3,SUPERTl_7_3.0,0.965457363314664
PIVOTS_TRAD_D_S4,SUPERTl_7_3.0,0.965457363314664
Open,SUPERTs_7_3.0,0.9653718446246051
DEMA_10,SUPERTs_7_3.0,0.965304522008995
HL2,SUPERTs_7_3.0,0.9653041760183632
OHLC4,SUPERTs_7_3.0,0.9652789678426913
ISB_26,CHDLREXTl_22_22_14_2.0,0.965262067023021
SUPERTs_7_3.0,VWAP_D,0.9651761366258542
HLC3,SUPERTs_7_3.0,0.9651761366258542
SUPERTs_7_3.0,LDECAY_1,0.9651062212886746
SUPERTs_7_3.0,WCP,0.9650978294309697
ISA_9,SSF_20,0.9649349434427426
ISA_9,EMA_10,0.9648310058248871
Close,SUPERTs_7_3.0,0.9648059896125335
ISB_26,ACCBU_20,0.9647488318135848
PIVOTS_TRAD_D_S2,SUPERTs_7_3.0,0.9646410656034597
HMA_10,SUPERTs_7_3.0,0.9646220480620032
Low,SUPERTs_7_3.0,0.9643861902846762
SUPERTs_7_3.0,TEMA_10,0.9639438049100351
ISA_9,ALPHATl_14_1_50_2,0.9638695110459922
ISA_9,AGl_13_8_5,0.9637278487482078
LINREG_14,SUPERTs_7_3.0,0.9636080164574807
ISA_9,FAMA_0.5_0.05,0.9634536832525544
ISA_9,TRIMA_10,0.9634377484604765
SUPERTs_7_3.0,BBL_5_2.0_2.0,0.963399814200603
CMO_14,SMI_5_20_5_1.0,0.9632889819825531
RSI_14,SMI_5_20_5_1.0,0.9632889819825527
ISA_9,SMA_10,0.9632626872861169
HILOs_13_21,ZIGZAGv_5.0%_10,0.9630358553189994
ISB_26,KCBe_20_2,0.9629537095747779
RVGI_14_4,RVGIs_14_4,0.9629311232540249
QQE_14_5_4.236_RSIMA,TSI_13_25_13,0.9626373045819914
ISA_9,SWMA_10,0.9625996449878624
ISB_26,HILOs_13_21,0.9625588353494013
ISA_9,SSF3_20,0.9625082342918622
SUPERTl_7_3.0,HWU_1,0.9622328660189752
ISB_26,RMA_10,0.9620267951690357
ISA_9,ITS_9,0.9620228199923833
ISA_9,PWMA_10,0.9618744458378596
PSARs_0.02_0.2,ZIGZAGv_5.0%_10,0.9618649081639086
ISA_9,BBU_5_2.0_2.0,0.9618579898246518
ISA_9,PSARl_0.02_0.2,0.9617933149352144
PIVOTS_TRAD_D_S3,SUPERTs_7_3.0,0.9617246598396954
PIVOTS_TRAD_D_S4,SUPERTs_7_3.0,0.9617246598396954
High,ICS_26,0.9617069468797235
SUPERTl_7_3.0,HWM_1,0.9615945190546759
HWMA_0.2_0.1_0.1,SUPERTl_7_3.0,0.9615945190546759
ICS_26,LDECAY_1,0.9614487141429614
CKSPs_10_3_20,ZIGZAGv_5.0%_10,0.961395348306482
ICS_26,WCP,0.9613725854087356
SLOPE_1,PCTRET_1,0.961371671291357
ICS_26,HLC3,0.9613610508789265
ICS_26,VWAP_D,0.9613610508789265
Close,ICS_26,0.9613501595288855
ISA_9,VWMA_10,0.9613378489608854
ICS_26,HL2,0.9613093673205622
ICS_26,OHLC4,0.9613027572558673
ISB_26,ACCBM_20,0.961244061383721
SMI_5_20_5_1.0,SMIs_5_20_5_1.0,0.9611962375370485
ISA_9,ALPHAT_14_1_50,0.9611890250813744
ICS_26,MAMA_0.5_0.05,0.9611454335148806
ICS_26,MIDPOINT_2,0.961115521396744
ISA_9,ABER_SG_5_15,0.9610544549994784
ISB_26,DCM_20_20,0.9609540103943768
ICS_26,ABER_SG_5_15,0.960945027423749
ICS_26,FWMA_10,0.9609285327877628
ICS_26,MIDPRICE_2,0.960924833693829
Open,ICS_26,0.9609123759451733
ISA_9,WMA_10,0.9608885370354473
Low,ICS_26,0.9607037970383503
ICS_26,PIVOTS_TRAD_D_R2,0.9606996722291565
ICS_26,PIVOTS_TRAD_D_R4,0.9605684019789094
ICS_26,PIVOTS_TRAD_D_R3,0.9605684019789094
ICS_26,ALPHAT_14_1_50,0.9605582844472886
ICS_26,ZL_EMA_10,0.9605581725200083
ICS_26,JMA_7_0.0,0.9605568120610023
ICS_26,PIVOTS_TRAD_D_R1,0.9604830106007112
SLOPE_1,LOGRET_1,0.9603289209802892
ISA_9,DCL_20_20,0.9603033700040672
ICS_26,TEMA_10,0.9602824637269748
ISB_26,MCGD_10,0.9602722106213794
KST_10_15_20_30_10_10_10_15,MACDs_12_26_9,0.960095694114761
ICS_26,BBM_5_2.0_2.0,0.960079722864208
ISB_26,SUPERT_7_3.0,0.9600700265411963
ICS_26,PIVOTS_TRAD_D_P,0.9600409093802252
ICS_26,DEMA_10,0.9600280531311907
IKS_26,ZIGZAGv_5.0%_10,0.9600003153042868
ICS_26,AGl_13_8_5,0.9599881577521443
ICS_26,ABER_ZG_5_15,0.9599796417821616
ISA_9,T3_10_0.7,0.9599045465377033
ICS_26,HMA_10,0.959846627339999
ICS_26,BBU_5_2.0_2.0,0.9598361939309342
ICS_26,ALMA_9_6.0_0.85,0.9598026290338276
ICS_26,WMA_10,0.9597815740431245
ICS_26,EMA_10,0.9597807175289778
ISA_9,PIVOTS_TRAD_D_R4,0.9594894853951851
ISA_9,PIVOTS_TRAD_D_R3,0.9594894853951851
ICS_26,PIVOTS_TRAD_D_S1,0.959410716674083
ICS_26,FAMA_0.5_0.05,0.9594081519341727
ZIGZAGv_5.0%_10,ACCBM_20,0.9593765325751066
ICS_26,KAMA_10_2_30,0.9593353048269931
COPC_11_14_10,SQZPRO_20_2.0_20_2.0_1.5_1.0,0.95930830050544
COPC_11_14_10,SQZ_20_2.0_20_1.5,0.95930830050544
ZIGZAGv_5.0%_10,DCM_20_20,0.9592131423937107
FISHERT_9_1,D_9_3,0.9591944847179367
ISB_26,HILO_13_21,0.959191381088285
HILO_13_21,ZIGZAGv_5.0%_10,0.9591578598468059
ICS_26,SMMA_7,0.9591369827116469
HT_TL,ZIGZAGv_5.0%_10,0.9591273257339755
SUPERT_7_3.0,ZIGZAGv_5.0%_10,0.9589925136610312
ZIGZAGv_5.0%_10,ACCBL_20,0.9589856877534156
VIDYA_14,ZIGZAGv_5.0%_10,0.9589440496732398
AGj_13_8_5,ZIGZAGv_5.0%_10,0.958937063133395
ICS_26,LINREG_14,0.9588669974188727
ITS_9,ICS_26,0.9588106194857694
ISA_9,ABER_ZG_5_15,0.9587800064291309
KST_10_15_20_30_10_10_10_15,PPOs_12_26_9,0.958768219238442
ZIGZAGv_5.0%_10,CHDLREXTs_22_22_14_2.0,0.9587498660795178
ISA_9,ALMA_9_6.0_0.85,0.9587305517882002
K_9_3,STOCHFd_14_3,0.9587053748854147
K_9_3,STOCHk_14_3_3,0.9587053748854147
QTL_30_0.5,ZIGZAGv_5.0%_10,0.9586877020561536
MEDIAN_30,ZIGZAGv_5.0%_10,0.9586877020561536
ICS_26,AGt_13_8_5,0.958686807616667
ISA_9,BBM_5_2.0_2.0,0.9586129049711688
ICS_26,ABER_XG_5_15,0.9585546603334067
ICS_26,PIVOTS_TRAD_D_S2,0.9585542692459939
ICS_26,VWMA_10,0.9584215595733685
ISA_9,PIVOTS_TRAD_D_R2,0.9583236593823186
ICS_26,SMA_10,0.9583235613051714
ZIGZAGv_5.0%_10,ACCBU_20,0.9583196150691863
SUPERTl_7_3.0,HWL_1,0.9582952396471738
ISA_9,FWMA_10,0.9582890893930456
ISB_26,AGt_13_8_5,0.9581474589981214
MCGD_10,ZIGZAGv_5.0%_10,0.9580735499894851
ICS_26,ALPHATl_14_1_50_2,0.9579914965025398
ZIGZAGv_5.0%_10,KCBe_20_2,0.9578682436116835
STOCHk_14_3_3,STOCHd_14_3_3,0.9578273624102518
STOCHd_14_3_3,STOCHFd_14_3,0.9578273624102517
SINWMA_14,ZIGZAGv_5.0%_10,0.9577962810959594
ICS_26,RMA_10,0.9577305317430224
ICS_26,SWMA_10,0.9576180459401732
RMA_10,ZIGZAGv_5.0%_10,0.9575693987239452
ICS_26,KCUe_20_2,0.9575105315960379
ICS_26,KCBe_20_2,0.9574798025540912
ICS_26,SSF_20,0.9574494733982575
ISA_9,PIVOTS_TRAD_D_R1,0.9573402115281929
ICS_26,MCGD_10,0.9572616572782904
ISA_9,MAMA_0.5_0.05,0.9572577217408366
ICS_26,ATRTSe_14_20_3.0,0.9572065561430629
ALPHATl_14_1_50_2,ZIGZAGv_5.0%_10,0.9571854608883268
ICS_26,TRIMA_10,0.9571756624887466
ATRr_14,THERMOma_20_2_0.5,0.9570935716760709
ISB_26,KCLe_20_2,0.9570235740860715
ICS_26,PWMA_10,0.9568587365798301
ZIGZAGv_5.0%_10,KCLe_20_2,0.9568546897637986
ZIGZAGv_5.0%_10,KCUe_20_2,0.9568114718177286
ICS_26,SSF3_20,0.9566505241042428
ISB_26,ACCBL_20,0.9565032790156963
ISA_9,PIVOTS_TRAD_D_P,0.956347326832876
HILOl_13_21,ZIGZAGv_5.0%_10,0.9563161662664644
ICS_26,PIVOTS_TRAD_D_S3,0.9562065343202085
ICS_26,PIVOTS_TRAD_D_S4,0.9562065343202085
ISB_26,PSARs_0.02_0.2,0.956179814635097
ICS_26,AGj_13_8_5,0.9561610130873678
High,ISA_9,0.9561524312606964
SSF_20,ZIGZAGv_5.0%_10,0.9561478130332576
ICS_26,SINWMA_14,0.9561262618545758
ISB_26,SMMA_7,0.9561122215688131
ISA_9,ABER_XG_5_15,0.9560260313398347
D_9_3,TMO_14_5_3,0.9560149908415582
AGt_13_8_5,ZIGZAGv_5.0%_10,0.9559673775943852
ICS_26,BBL_5_2.0_2.0,0.9559617454872182
ICS_26,T3_10_0.7,0.9559610141854469
ISA_9,MIDPRICE_2,0.9559585998888461
ZIGZAGv_5.0%_10,ATRTSe_14_20_3.0,0.9558852213927682
ISA_9,MIDPOINT_2,0.955831487208363
T3_10_0.7,ZIGZAGv_5.0%_10,0.9558127245415698
ISA_9,JMA_7_0.0,0.9557622295192335
ZIGZAGv_5.0%_10,DCL_20_20,0.9557270385513076
ICS_26,DCM_20_20,0.9556442741962289
SSF3_20,ZIGZAGv_5.0%_10,0.9556289482991676
ISB_26,CHDLREXTs_22_22_14_2.0,0.9554659676905212
TRIMA_10,ZIGZAGv_5.0%_10,0.9553473318987248
ICS_26,KCLe_20_2,0.9553408732458747
ZIGZAGv_5.0%_10,CHDLREXTl_22_22_14_2.0,0.9553110639453739
ICS_26,ACCBU_20,0.9552836466492259
ISB_26,KAMA_10_2_30,0.9552686006415683
ISA_9,ZL_EMA_10,0.9552314560275342
Open,ISA_9,0.9551344803018228
ISA_9,LDECAY_1,0.955092620918788
ISA_9,HL2,0.955087959804286
ISA_9,OHLC4,0.9550862699563015
ICS_26,ACCBM_20,0.9549991843023465
ISA_9,VWAP_D,0.9549990632013483
ISA_9,HLC3,0.9549990632013483
ICS_26,CHDLREXTl_22_22_14_2.0,0.9549679434326828
HWMA_0.2_0.1_0.1,SUPERTs_7_3.0,0.9549422895554978
SUPERTs_7_3.0,HWM_1,0.9549422895554976
ISA_9,WCP,0.9549404619782382
ISA_9,PIVOTS_TRAD_D_S1,0.9549403676201416
ICS_26,DCU_20_20,0.9548835195835129
SMMA_7,ZIGZAGv_5.0%_10,0.9548441341921518
KAMA_10_2_30,ZIGZAGv_5.0%_10,0.9547104673215245
Close,ISA_9,0.9547082693354038
ISB_26,SINWMA_14,0.954707202850086
BULLP_13,BEARP_13,0.9544779823825988
SWMA_10,ZIGZAGv_5.0%_10,0.9542759794516833
PWMA_10,ZIGZAGv_5.0%_10,0.9542146035764374
ISA_9,HMA_10,0.9541353141714921
SMA_10,ZIGZAGv_5.0%_10,0.9540921674512001
IKS_26,ICS_26,0.9540452314291031
PSARl_0.02_0.2,ZIGZAGv_5.0%_10,0.9538642092071372
Low,ISA_9,0.9538113576547486
SUPERTs_7_3.0,HWU_1,0.9537122664304007
ABER_ATR_5_15,THERMOma_20_2_0.5,0.9536363847998892
ZIGZAGv_5.0%_10,DCU_20_20,0.9536020239202827
SUPERTs_7_3.0,HWL_1,0.9535572021318539
ISA_9,PIVOTS_TRAD_D_S2,0.9535255221755305
CKSPl_10_3_20,ZIGZAGv_5.0%_10,0.953517643685292
STOCHd_14_3_3,TMO_14_5_3,0.9535040195801534
SUPERTs_7_3.0,ZIGZAGv_5.0%_10,0.9534566948366162
ISA_9,TEMA_10,0.9534234183098746
ISA_9,DEMA_10,0.9534212337646591
ISB_26,SSF_20,0.9533260785365564
ICS_26,HILO_13_21,0.9532306240827092
ICS_26,SUPERT_7_3.0,0.9531620240601126
ITS_9,ZIGZAGv_5.0%_10,0.9531345241817425
ISB_26,EMA_10,0.9529590011186246
ZIGZAGv_5.0%_10,VWMA_10,0.9529473533079633
ISB_26,ALPHATl_14_1_50_2,0.9528091850730686
ICS_26,VIDYA_14,0.9527923293110359
ICS_26,ACCBL_20,0.9525837516673412
EMA_10,ZIGZAGv_5.0%_10,0.9525734005173394
FAMA_0.5_0.05,ZIGZAGv_5.0%_10,0.9524809170465218
ICS_26,HWMA_0.2_0.1_0.1,0.952433546011902
ICS_26,HWM_1,0.952433546011902
ISA_9,LINREG_14,0.95228919340053
FISHERTs_9_1,D_9_3,0.9521968192934109
ICS_26,HWU_1,0.9520510069827971
ALPHAT_14_1_50,ZIGZAGv_5.0%_10,0.9520039821510194
ISB_26,AGl_13_8_5,0.9518857156522118
ISB_26,TRIMA_10,0.9518281806065034
ISB_26,FAMA_0.5_0.05,0.9516769810518388
ISB_26,SMA_10,0.9516629625091731
AGl_13_8_5,ZIGZAGv_5.0%_10,0.9516130065524487
ICS_26,HT_TL,0.9515719099193186
Volume,PVOL,0.951299406457721
ISB_26,SSF3_20,0.9511555347709888
ISA_9,BBL_5_2.0_2.0,0.950968475442248
ISB_26,SWMA_10,0.95095015885255
ISB_26,PSARl_0.02_0.2,0.950909709275027
RSX_14,TRENDFLEX_20_20_0.04,0.9507211084857676
COPC_11_14_10,ENTP_10,0.9506578477899355
ISB_26,ITS_9,0.9505467586851936
RSX_14,TMOs_14_5_3,0.9502986712824437
ISB_26,BBU_5_2.0_2.0,0.9502299423607946
ICS_26,HWL_1,0.9501954279857907
ISB_26,PWMA_10,0.9501875718100387
ISB_26,ALPHAT_14_1_50,0.950140399570351
ICS_26,CHDLREXTs_22_22_14_2.0,0.9501330018725379
WMA_10,ZIGZAGv_5.0%_10,0.9500111037840936
