,MLP,LSTM,BuyAndHold
2015-06-29,1.0034903980558358,1.0034903980558358,1.0
2015-06-30,0.9964606997416587,0.9964606997416587,0.9965096019441642
2015-07-01,0.9942945138830543,0.9986268856002632,1.0034903980558358
2015-07-02,1.025488119108997,1.0299564085961943,1.0013089304775586
2015-07-06,1.0273333061763867,1.0281031816209583,0.9698952647573819
2015-07-07,1.0444632825760845,1.0109603681525927,0.9681501073382909
2015-07-08,1.0210083432286285,1.0336629509176056,0.9520069643190162
2015-07-09,1.0690612322696142,1.0823114183034388,0.9733856628132177
2015-07-10,1.076383562302497,1.0748983336606157,1.0191972309159243
2015-07-13,1.0805023838571262,1.070785195388376,1.026178027027596
2015-07-14,1.0786717577043758,1.0725993583295612,1.0301047352426183
2015-07-15,1.0644847541767977,1.0584922207581797,1.0283594946058734
2015-07-16,1.060472955042514,1.062481435407071,1.0418847766700305
2015-07-17,1.06493052853011,1.0580154195082085,1.0379581516726624
2015-07-20,1.0600271806892017,1.0628869275398678,1.0423210868292168
2015-07-21,1.0627018268090764,1.0655687893339794,1.0375218415134762
2015-07-22,1.0649418892922735,1.067814895069414,1.0349039805583589
2015-07-23,1.0757397688385546,1.0786419051913905,1.0327225129800817
2015-07-24,1.0844632484768026,1.0873889190784547,1.022251318812574
2015-07-27,1.0676643054819464,1.0705446558076668,1.0139615922233436
2015-07-28,1.064045107956454,1.074173617223099,1.029668425083432
2015-07-29,1.062687876526216,1.0755437679657,1.026178027027596
2015-07-30,1.0599734999542156,1.0727965541596385,1.0248690965500373
2015-07-31,1.058623270140381,1.074163118410224,1.0274868742875007
2015-08-03,1.0518718635248292,1.0810136309469973,1.026178027027596
2015-08-04,1.0451204569092774,1.0740751788098515,1.0196335410751105
2015-08-05,1.0468978285457584,1.0722485656710075,1.026178027027596
2015-08-06,1.0406769006873962,1.0786201339285686,1.0279231844466872
2015-08-07,1.0286793243144527,1.0661851241520908,1.0218150086533877
2015-08-10,1.0221659641304663,1.0729359624087447,1.033595133298454
2015-08-11,1.0134814286705724,1.0820518503748058,1.0270506473459684
2015-08-12,1.0160867561797933,1.084833449891516,1.0183246105975519
2015-08-13,1.0152138927081364,1.0839015299688493,1.0157068328600884
2015-08-14,1.0125996311899261,1.0866926679543312,1.016579369960807
2015-08-17,1.0173925132282078,1.0918362504808723,1.0139615922233436
2015-08-18,1.022230898916082,1.0970286662094555,1.009162263689949
2015-08-19,1.0497627843468025,1.1265750901967568,1.0043630183742083
2015-08-20,1.0731949897535917,1.1014283243623324,0.9773123710282399
2015-08-21,1.1099482434675392,1.0637081756106956,0.955497362374852
2015-08-24,1.094204236409332,1.0787962926677297,0.9227748493947705
2015-08-25,1.109507752700034,1.0938843137974648,0.9358639045173954
2015-08-26,1.1253213991734108,1.1094752817551643,0.9489528764223666
2015-08-27,1.114608957229396,1.0989136861498094,0.9624781584865238
2015-08-28,1.1181797712107342,1.095393154281358,0.9533158947965749
2015-08-31,1.153604225525876,1.0606905905702084,0.9502618068999252
2015-09-01,1.1333656134739956,1.0792991435683952,0.9201570716573071
2015-09-02,1.1360062201096854,1.0767845053558722,0.9363001314589278
2015-09-03,1.10947641562099,1.0516377395214478,0.9341186638806506
2015-09-04,1.0712735335904107,1.0878490477891913,0.9123036552272629
2015-09-08,1.067311360484505,1.0838255690927754,0.9437172377297858
2015-09-09,1.079693163248667,1.0963989520099875,0.9402268396739499
2015-09-10,1.074740517715529,1.0913696755849418,0.9511343440006438
2015-09-11,1.0891034542654727,1.0767845053558722,0.9467714088440893
2015-09-14,1.0809644356881543,1.0848314627487041,0.9341186638806506
2015-09-15,1.071943854739573,1.0938843137974648,0.9410994599923224
2015-09-16,1.0758866329738874,1.0979077924938807,0.9489528764223666
2015-09-17,1.0413872529211996,1.062702281954767,0.9524432744782024
2015-09-18,1.0423728769773422,1.0616964842261372,0.9219022290763981
2015-09-21,1.069037125751102,1.0345379310798553,0.9210296919756795
2015-09-22,1.0773524285967844,1.0264909736870234,0.8974694426855468
2015-09-23,1.0810473987968683,1.0229704418185717,0.890488646573875
2015-09-24,1.0688231900951088,1.034537931079855,0.8874345586772254
2015-09-25,1.0454411181696168,1.0119058993852523,0.8974694426855468
2015-09-28,1.04128429877577,1.0159293780816683,0.8778359848280902
2015-09-29,1.0242732232226068,1.0325262396952963,0.8813263828839261
2015-09-30,1.026767761848511,1.0350408779078193,0.8957242852664559
2015-10-01,1.0497179168811348,1.0581759523576852,0.8979057528447331
2015-10-02,1.0686766578554336,1.0772874521838363,0.9179756040790298
2015-10-05,1.0731669035105003,1.0818138777082167,0.9345549740398368
2015-10-06,1.0901300326161856,1.0989136861498092,0.9384816822548588
2015-10-07,1.093622424756671,1.1024342180182607,0.9533158947965749
2015-10-08,1.0946202782712522,1.1034401116741894,0.9563699826932245
2015-10-09,1.0901300326161856,1.098913686149809,0.9572426030115969
2015-10-12,1.1090888687510334,1.079802090396359,0.9533158947965749
2015-10-13,1.1044396758952593,1.0843285159207394,0.936736441618114
2015-10-14,1.0900962679514086,1.0984107393218447,0.9406631498331361
2015-10-15,1.0980823135245845,1.1064576967146766,0.9528795846373886
2015-10-16,1.0935901509895265,1.1019312711902964,0.9598603807490604
2015-10-19,1.0910945474483487,1.0994166329777735,0.9559336725340383
2015-10-20,1.1045710350535227,1.0858373564046324,0.9537522049557611
2015-10-21,1.0922923507680655,1.0979077924938805,0.9419720803106948
2015-10-22,1.0992974017510995,1.1049488562307836,0.9524432744782024
2015-10-23,1.09479412742296,1.1004224307064034,0.9585514502715018
2015-10-26,1.0892901996948599,1.0948902074533933,0.9546247420564796
2015-10-27,1.0852872997850316,1.0989136861498092,0.949825496740739
2015-10-28,1.1011816521266609,1.0828197713641454,0.9533158947965749
2015-10-29,1.1032275542558836,1.080807984052288,0.9393543025732314
2015-10-30,1.0878264592188647,1.095896101109322,0.9376090619364864
2015-11-02,1.0783410255552843,1.0863403032325971,0.9506981170591114
2015-11-03,1.086827972470922,1.077790399011801,0.942408390469881
2015-11-04,1.095956734203655,1.0687375479630403,0.934991284199023
2015-11-05,1.0897677587745758,1.0747728139713135,0.9271378677689788
2015-11-06,1.0969071548280345,1.0677316543071114,0.9323735064615596
2015-11-09,1.1036239241469803,1.0611935373981725,0.9262652474506063
2015-11-10,1.0989165156267366,1.0657199629225527,0.9205933818164933
2015-11-11,1.0828397992326557,1.0501288990375544,0.9245200900315154
2015-11-12,1.0921745423743883,1.0410761439160927,0.9109947247497042
2015-11-13,1.0816221921072624,1.0511347926934833,0.9031413915373139
2015-11-16,1.0821397265418162,1.0506318458655188,0.9118673450680767
2015-11-17,1.0930181574897657,1.0611935373981725,0.9114310349088904
2015-11-18,1.1018244687127319,1.0697434416189686,0.9205933818164933
2015-11-19,1.0868018971189222,1.0551582713898988,0.9280104880873512
2015-11-20,1.093018058685659,1.0491231013089242,0.9153577431239125
2015-11-23,1.0951140185013866,1.0471113139970667,0.9101221876489856
2015-11-24,1.0872241680004184,1.0546553245619343,0.9083769470122407
2015-11-25,1.0913718958659135,1.0586788032583503,0.9149214329647263
2015-11-27,1.0898165597223732,1.057170058701756,0.9184118310205621
2015-11-30,1.1089997640166755,1.0757786116999428,0.9171029837606574
2015-12-01,1.0908535164111552,1.0581759523576848,0.9332460435622781
2015-12-02,1.095001343166283,1.05415237773397,0.9179756040790298
2015-12-03,1.0808958624019376,1.067731654307111,0.9144851228055401
2015-12-04,1.0732588407096535,1.0601876437422433,0.9262652474506063
2015-12-07,1.0941334119865633,1.039567303432199,0.9197207614981209
2015-12-08,1.097309387804009,1.0365497183917118,0.9018324610597552
2015-12-09,1.1010362834856837,1.0330291865232601,0.8992146833222917
2015-12-10,1.1246222879237013,1.010900005729323,0.8961605954256421
2015-12-11,1.1274199197822607,1.0083852715895012,0.8769633645097178
2015-12-14,1.1144868411933313,1.0199528567780836,0.8747818137137867
2015-12-15,1.1381173904974122,1.0415789948167575,0.884816780939762
2015-12-16,1.128225583839519,1.0325262396952957,0.9035776184788462
2015-12-17,1.1172345477952537,1.0224674949906063,0.8957242852664559
2015-12-18,1.1238291903854707,1.0164322289823329,0.8869982485180392
2015-12-21,1.1127076314704378,1.0264909736870222,0.8817626098254585
2015-12-22,1.128517834030611,1.0410761439160918,0.890488646573875
2015-12-23,1.1317888709800161,1.044093728956579,0.9031413915373139
2015-12-24,1.1263370734080809,1.0390643566042344,0.9057591692747773
2015-12-28,1.1192497053692483,1.045602569440472,0.901396150900569
2015-12-29,1.1074057279469605,1.034537931079854,0.9070680997523359
2015-12-30,1.1208647185203244,1.0219645481626418,0.8974694426855468
2015-12-31,1.144032202494925,1.0008412610246333,0.886561938358853
2016-01-04,1.152080635316919,0.9938001972877301,0.8682373277613011
2016-01-05,1.1742360941683525,0.97468860153428,0.8621291519680018
2016-01-06,1.200895655119838,0.9525595166676418,0.845549698789541
2016-01-07,1.2142108225716848,0.9419978251349881,0.8263525510912706
2016-01-08,1.2057832354008766,0.9485360379712258,0.8171902041836677
2016-01-11,1.1968326038239196,0.9555771017081289,0.8228621530354346
2016-01-12,1.1754155897227463,0.9384772932665364,0.828970328828734
2016-01-13,1.165337008986448,0.9465242506593684,0.814136116287018
2016-01-14,1.11827768869338,0.9083011550797674,0.8211169123986898
2016-01-15,1.126946470448871,0.9012600913428642,0.787958089259422
2016-01-19,1.1602769615542126,0.8746044850245467,0.7818499134661226
2016-01-20,1.1516031691674609,0.8811426978607845,0.7587259743351762
2016-01-21,1.1193951055506042,0.9057865168672447,0.7643979231869432
2016-01-22,1.0883180624821793,0.8806397510328202,0.7857766216811447
2016-01-25,1.0628348966500318,0.9012600913428644,0.763961613027757
2016-01-26,1.0468211741388174,0.8876808147697235,0.7818499134661226
2016-01-27,1.0468211741388174,0.8876808147697235,0.7700697888210564
2016-01-28,1.0242833173175196,0.9067924105231734,0.7700697888210564
2016-01-29,1.0157617391323488,0.899248304031007,0.7866492419995171
2016-02-01,1.0560967468883224,0.8635399425912277,0.7801046728293778
2016-02-02,1.0524062844238362,0.8665575276317149,0.749127400486041
2016-02-03,1.0365255019458022,0.8796338573768916,0.7517451782235045
2016-02-04,1.0205242232910574,0.8660545808037506,0.7630889927093846
2016-02-05,1.0590457321348852,0.8333638044044587,0.7513088680643183
2016-02-08,1.085250234040421,0.8127434640944144,0.722949373458445
2016-02-09,1.0563728865010769,0.8343696980603874,0.7050610730200794
2016-02-10,1.0181676948768892,0.8041935598736183,0.7238219937768174
2016-02-11,0.9831462186168187,0.8318550598478646,0.6976439667492214
2016-02-12,1.0009783286034102,0.8469430809775996,0.7216405261985401
2016-02-16,1.0283209123660226,0.8700780595001668,0.7347294981035113
2016-02-17,1.008705546031256,0.8534811978865386,0.7547992661201541
2016-02-18,1.0039503091432456,0.8494577191901227,0.7404013637376244
2016-02-19,0.9920621602363244,0.859516463894812,0.7369109656817885
2016-02-22,0.9717448909897344,0.841913708625255,0.7456370024302051
2016-02-23,0.9821937786434214,0.8328608575764944,0.7303664797293029
2016-02-24,0.9626210804266437,0.8494577191901226,0.7225130632992588
2016-02-25,0.9694603546533649,0.855492985198396,0.7369109656817885
2016-02-26,0.9637609775821933,0.8504636128460513,0.7421466043743693
2016-02-29,0.9916878056537005,0.8751074318525114,0.7377835860001609
2016-03-01,1.013915365360612,0.8947219744339258,0.7591622844943625
2016-03-02,1.0287335935564519,0.9077982082518035,0.7761780478320095
2016-03-03,1.028163753685253,0.907295357351138,0.7875217791002358
2016-03-04,1.0230343251918563,0.9027689318267577,0.7870855521587033
2016-03-07,1.0327232336008754,0.8942190276059614,0.7831588439436813
2016-03-08,1.028657411981181,0.897739559474413,0.7757417376728233
2016-03-09,1.0373015697457768,0.9052835700392806,0.778795825569473
2016-03-10,1.0839801096077366,0.9460213038314047,0.7853403115219585
2016-03-11,1.077064827362632,0.9399861337504302,0.8206806022395036
2016-03-14,1.065539210398885,0.9299273890457409,0.8154450467645766
2016-03-15,1.0626577511997335,0.9324421231855627,0.8067190100161601
2016-03-16,1.0632309345983468,0.9319391763575985,0.8089005608120912
2016-03-17,1.0603620337036261,0.9344538145701214,0.808464250652905
2016-03-18,1.0546550041933038,0.9294244422177768,0.8106457182311821
2016-03-21,1.0649276355413775,0.9203715911690161,0.8062826998569739
2016-03-22,1.0847131860153831,0.9032717827274236,0.7984292834269296
2016-03-23,1.0992082266413936,0.8912013466381757,0.7835950708852136
2016-03-24,1.0948658823994,0.8947219744339261,0.773123876717706
2016-03-28,1.0825571745727358,0.9047806232113166,0.7761780478320095
2016-03-29,1.083760712055908,0.9057865168672453,0.7849040013627723
2016-03-30,1.0777431394156982,0.9007571445149006,0.7857766216811447
2016-03-31,1.0879729784713597,0.8922072402941044,0.7814136033069364
2016-04-01,1.0934925802378344,0.887680814769724,0.7739964970360784
2016-04-04,1.1219914808983733,0.864545836247157,0.7700697888210564
2016-04-05,1.10697940882261,0.8761133255084405,0.7500000208044134
2016-04-06,1.1393881200392815,0.8504636128460517,0.760034904812735
2016-04-07,1.1097410836205963,0.8725927936399888,0.7377835860001609
2016-04-08,1.1180560926331018,0.8791309105489276,0.7569808169160852
2016-04-11,1.1321278152667043,0.8901955489095457,0.7626526825501984
2016-04-12,1.1756218868674708,0.924395069865432,0.7722513396169874
2016-04-13,1.1743427391717665,0.9233892721368021,0.8019196814827655
2016-04-14,1.1743427391717665,0.9233892721368021,0.8010471443820469
2016-04-15,1.1832973830310607,0.9304303358737054,0.8010471443820469
2016-04-18,1.200567157900733,0.9440096124468463,0.8071553201753463
2016-04-19,1.212719853996097,0.9535653143962723,0.8189354448204126
2016-04-20,1.2146387585364629,0.9550741548801654,0.8272250881919891
2016-04-21,1.21591802823004,0.9560800485360942,0.8285340186695478
2016-04-22,1.20504447983038,0.9475301443152979,0.8294066389879202
2016-04-25,1.183937017877849,0.9641270059289262,0.8219895327170622
2016-04-26,1.1808490707006951,0.9616123677164032,0.836387435099592
2016-04-27,1.172202606568923,0.9545712080522012,0.8342059675213147
2016-04-28,1.180848952903061,0.947530144315298,0.8280977085103616
2016-04-29,1.1770883209519474,0.9505477293557854,0.8219895327170622
2016-05-02,1.211342167065347,0.922886325308838,0.8246073104545256
2016-05-03,1.226525171867785,0.9113188360475545,0.8006108342228607
2016-05-04,1.2441243336031687,0.8982425063023779,0.7905759502145393
2016-05-05,1.2385515537393532,0.9022659849987937,0.7792321357286592
2016-05-06,1.2454554346845477,0.897236612646449,0.7827225337844951
2016-05-09,1.2293985861754047,0.9088041019077325,0.7783595154102867
2016-05-10,1.2144308579316103,0.8977395594744133,0.7883943994186082
2016-05-11,1.2178327028282323,0.8952248253345916,0.778795825569473
2016-05-12,1.2315161386319602,0.8851661765572011,0.7766142747735418
2016-05-13,1.2182213250541716,0.8947219744339261,0.7678883212427791
2016-05-16,1.2250691379237957,0.8896926020815815,0.7761780478320095
2016-05-17,1.209141193750597,0.901260091342865,0.7718150294578012
2016-05-18,1.211165471982151,0.9027689318267581,0.7818499134661226
2016-05-19,1.2206118463350062,0.9098099955636614,0.7831588439436813
2016-05-20,1.2165634185690966,0.906792410523174,0.7892670197369807
2016-05-23,1.2563733229092695,0.9364656018819788,0.7866492419995171
2016-05-24,1.2840378152545153,0.9570859421920229,0.812390958867927
2016-05-25,1.2826882964334794,0.9560800485360942,0.8302792593062926
2016-05-26,1.2806640182019255,0.9545712080522012,0.8294066389879202
2016-05-27,1.263795419030571,0.941997825134989,0.8280977085103616
2016-05-31,1.2678438467964805,0.9389802400945018,0.8171902041836677
2016-06-01,1.2692020394694938,0.937974346438573,0.8145724264462042
2016-06-02,1.2746463326813955,0.933950867742157,0.8136998061278318
2016-06-03,1.2760191657755995,0.9329449740862282,0.8102094080719959
2016-06-06,1.268452433008561,0.9384772932665373,0.8093367877536235
2016-06-07,1.2670928601511617,0.9374713996106087,0.814136116287018
2016-06-08,1.2460199994854901,0.9218804316529092,0.8132634959686456
2016-06-09,1.3010814036501177,0.8811426978607853,0.7997382139044883
2016-06-10,1.3315290727728029,0.860522357550741,0.7643979231869432
2016-06-13,1.3579884574465866,0.8434225491091485,0.7465096227485776
2016-06-14,1.3515102839210076,0.8474460278055646,0.7316754102068617
2016-06-15,1.3418853707560117,0.853481197886539,0.7351658082626975
2016-06-16,1.3837946339662095,0.8801368042048566,0.7404013637376244
2016-06-17,1.4312390515808087,0.9103129423916257,0.7635253028685708
2016-06-20,1.4517983042411897,0.9233892721368023,0.7897033298961669
2016-06-21,1.412261314699298,0.8982425063023779,0.8010471443820469
2016-06-22,1.3490021917609296,0.9384772932665375,0.7792321357286592
2016-06-23,1.1256143561516612,0.7830702727356104,0.814136116287018
2016-06-24,1.1906787434994306,0.7378061134191061,0.6793193561516695
2016-06-27,1.15171996716283,0.7619469855976018,0.6400523572191024
2016-06-28,1.1327146866981008,0.7745203685148141,0.6609947455541176
2016-06-29,1.1540450259234054,0.7891054907802343,0.6719022498808115
2016-06-30,1.1488963451210779,0.7855849589117827,0.6845549532354234
2016-07-01,1.0893185325225268,0.7448472251196587,0.6815008653387736
2016-07-05,1.1010870560136563,0.7368002197631773,0.6461605746212286
2016-07-06,1.1048449750697287,0.7342855815506544,0.6391797369007299
2016-07-07,1.0723050702494104,0.7559117675529778,0.6369982693224526
2016-07-08,1.0908546090816966,0.7689880972981544,0.6557591484703639
2016-07-11,1.1293805377122372,0.796146602480787,0.6671029629562439
2016-07-12,1.1201057682960942,0.7896084376081987,0.6906631706375496
2016-07-13,1.1457896980367068,0.8077140917420705,0.6849912633946096
2016-07-14,1.1365149966598067,0.8011759748331316,0.700698054645871
2016-07-15,1.1393687666309857,0.8031877141813395,0.6950261890117579
2016-07-18,1.1507838465157023,0.7951407567885076,0.6967713880396759
2016-07-19,1.1362261903677007,0.8051994535295475,0.6897905919280041
2016-07-20,1.1333874018841672,0.8031877141813395,0.6985165870675938
2016-07-21,1.1305486134006337,0.8011759748331315,0.6967713880396759
2016-07-22,1.1319680414834286,0.8001700811772028,0.6950261890117579
2016-07-25,1.1262761899545237,0.8041935598736187,0.6941535686933855
2016-07-26,1.138250363873285,0.812743464094415,0.6976439667492214
2016-07-27,1.1234587412191255,0.8021818205254108,0.7050610730200794
2016-07-28,1.0995103262083263,0.8192816769306527,0.6958987677213034
2016-07-29,1.0785864654400104,0.8036906130456544,0.7107330218718463
2016-08-01,1.0677871115705033,0.7956436556528225,0.6972076565900351
2016-08-02,1.0596875961683732,0.8016788736974464,0.6902268604783633
2016-08-03,1.050380404751567,0.8087199853979992,0.6954624575621172
2016-08-04,1.0608319411497207,0.8167669427908311,0.7015706749642434
2016-08-05,1.0738964239434836,0.8268256874955204,0.7085514710759152
2016-08-08,1.085654433539442,0.8358785385442812,0.7172775078243319
2016-08-09,1.0974123185432585,0.8449312936657429,0.7251309242543761
2016-08-10,1.1019849747355746,0.8484519214614934,0.7329842574667664
2016-08-11,1.1000252649388678,0.8469430809776004,0.7360384285810699
2016-08-12,1.098065555142161,0.8484519214614934,0.7347294981035113
2016-08-15,1.0941600757115455,0.8454342404937073,0.7360384285810699
2016-08-16,1.097414517754719,0.8429196022811845,0.7334205676259526
2016-08-17,1.0902118766381839,0.8484519214614934,0.7312391000476753
2016-08-18,1.0740558033956924,0.8358785385442812,0.7360384285810699
2016-08-19,1.0688858648885375,0.8399020172406971,0.7251309242543761
2016-08-22,1.0509645041877254,0.8539841447145036,0.7286213223102119
2016-08-23,1.0534403312482434,0.855995932026361,0.7408376738968107
2016-08-24,1.0460129681206216,0.8499606660180876,0.7425829145335555
2016-08-25,1.0522024177179845,0.8449312936657429,0.7373472758409747
2016-08-26,1.0465656092389066,0.8494577191901231,0.7329842574667664
2016-08-29,1.036031788052017,0.8580076234109194,0.7369109656817885
2016-08-30,1.051213965960643,0.8705810063281316,0.7443280719526465
2016-08-31,1.0657888428532252,0.8826514424173795,0.7552355762793403
2016-09-01,1.0803638355766325,0.8947219744339263,0.765706770446848
2016-09-02,1.0712544361667968,0.8871778679417599,0.7761780478320095
2016-09-06,1.071861737182841,0.8876808147697243,0.7696334786618702
2016-09-07,1.057894161306303,0.8992483040310078,0.7700697888210564
2016-09-08,1.0436942525536301,0.8871778679417599,0.7801046728293778
2016-09-09,1.0377775956939723,0.8922072402941046,0.7696334786618702
2016-09-12,1.081067065434292,0.8549900383704322,0.7739964970360784
2016-09-13,1.068348580853376,0.8650487830751215,0.7417102942151831
2016-09-14,1.0553048474856266,0.8756103786804762,0.7504363309635996
2016-09-15,1.020148228508443,0.8464401341496357,0.7595985946535487
2016-09-16,1.0074190460507682,0.8570018256822894,0.7342931879443251
2016-09-19,1.0103751553521616,0.8544870915424677,0.743455534851928
2016-09-20,0.9800460460273879,0.8801368042048565,0.7412739840559969
2016-09-21,0.9839662131208506,0.8836573360733081,0.7635253028685708
2016-09-22,0.9699655553204594,0.8710839531560959,0.7665793907652204
2016-09-23,0.9878863802143135,0.854990038370432,0.7556718864385266
2016-09-26,0.9907918840562677,0.8524754001579091,0.7417102942151831
2016-09-27,0.9709175845518967,0.8695752085995017,0.7395288266369058
2016-09-28,0.9417170315337429,0.8434225491091485,0.7543630391786218
2016-09-29,0.9198166703235755,0.8630369957632639,0.7316754102068617
2016-09-30,0.9155284847697429,0.8590135170668479,0.7486910903268548
2016-10-03,0.9192806343495454,0.8625340489352995,0.7452006922710189
2016-10-04,0.9385775204609965,0.8806397510328208,0.7482547801676686
2016-10-05,0.9369694125389062,0.8791309105489277,0.763961613027757
2016-10-06,0.9316091550370134,0.874101538196583,0.7626526825501984
2016-10-07,0.9326811247466654,0.8730957404679531,0.75828966417599
2016-10-10,0.946649863075125,0.8600194107227765,0.7574171270752714
2016-10-11,0.9433283142475305,0.8630369957632638,0.7460733125893914
2016-10-12,0.9609195016229649,0.8469430809775998,0.7486910903268548
2016-10-13,0.9535015249220532,0.8534811978865388,0.7347294981035113
2016-10-14,0.9535015249220532,0.8534811978865388,0.7404013637376244
2016-10-17,0.9748528279615737,0.8725927936399888,0.7404013637376244
2016-10-18,0.9787859345296126,0.8761133255084403,0.7569808169160852
2016-10-19,0.986090259988954,0.8826514424173793,0.760034904812735
2016-10-20,0.986090259988954,0.8826514424173793,0.765706770446848
2016-10-21,1.0006990180767532,0.8957277721625558,0.765706770446848
2016-10-24,0.9956421361552413,0.8912013466381755,0.777050584932728
2016-10-25,0.9917090295872024,0.8876808147697239,0.773123876717706
2016-10-26,0.9782240468528762,0.8997512508589718,0.7700697888210564
2016-10-27,0.9743964679213176,0.8962307189905201,0.780540982988564
2016-10-28,0.9705688889897591,0.8927101871220685,0.7774868950919143
2016-10-31,0.9793176706315228,0.8846632297292366,0.7744328071952646
2016-11-01,0.9932363412133338,0.8720898468120244,0.7674520110835928
2016-11-02,0.9834987257405343,0.8806397510328207,0.756544506756899
2016-11-03,1.0009107232133665,0.8650487830751211,0.763961613027757
2016-11-04,0.9683229647486571,0.8932131339500328,0.7504363309635996
2016-11-07,0.9721395363224266,0.8967336658184845,0.7748691173544509
2016-11-08,0.9884963013510886,0.9118216869482195,0.7779232052511005
2016-11-09,1.011395834787481,0.932944974086228,0.7910121771560716
2016-11-10,1.0010365987997571,0.9233892721368019,0.8093367877536235
2016-11-11,1.00321745227315,0.9254009635213605,0.8010471443820469
2016-11-14,0.9994008806993806,0.9289214953898122,0.8027923018011379
2016-11-15,0.978298241393647,0.9093070487356968,0.8058463896977875
2016-11-16,0.9734283856760898,0.9138334742600771,0.7888307095777944
2016-11-17,0.9905718521065597,0.8977395594744133,0.7927574177928165
2016-11-18,0.9811378304351895,0.9062894636952097,0.778795825569473
2016-11-21,0.9697039768891921,0.9168510593005644,0.7862129318403309
2016-11-22,0.9580016063774168,0.9057865168672453,0.7953751955302799
2016-11-23,0.9580016063774168,0.9057865168672453,0.7857766216811447
2016-11-25,0.9808745090906865,0.8841602829012725,0.7857766216811447
2016-11-28,0.9613462693952622,0.9017630381708294,0.7670157009244066
2016-11-29,0.9592016572013061,0.9037747295553881,0.7822862236253089
2016-11-30,0.9682759121337656,0.9123246337761844,0.7840313810443998
2016-12-01,0.9666746389053246,0.9108158892195903,0.7914484873152579
2016-12-02,0.9826879820518519,0.9259039103493255,0.7901396400553531
2016-12-05,1.0147147701552592,0.9560800485360947,0.8032286119603241
2016-12-06,1.0483428314871075,0.987764931279458,0.8294066389879202
2016-12-07,1.0430051183118336,0.9827356548544122,0.8568935132754211
2016-12-08,1.0344645532486194,0.9746886015342814,0.8525305781188666
2016-12-09,1.046741456448314,0.9631211122729978,0.845549698789541
2016-12-12,1.0308899688902304,0.9777062825020674,0.8355148147812196
2016-12-13,1.0070267353633326,0.9550741548801658,0.8481675597446583
2016-12-14,0.9990723579028324,0.9626181654450333,0.8285340186695478
2016-12-15,1.0006382383689805,0.9611094208884391,0.8350785046220334
2016-12-16,1.013728743424053,0.9485360379712268,0.8337696573621285
2016-12-19,1.0035162798570962,0.958091739920653,0.8228621530354346
2016-12-20,1.0066769330469807,0.9550741548801657,0.8311517964070112
2016-12-21,1.01038767970044,0.951553623011714,0.8285340186695478
2016-12-22,1.0098536359363994,0.9520565698396785,0.825479930772898
2016-12-23,1.0098536359363994,0.9520565698396785,0.8259162409320844
2016-12-27,1.0237237982315806,0.9389802400945019,0.8259162409320844
2016-12-28,1.0187888599524058,0.9435066656188823,0.8145724264462042
2016-12-29,1.0079276337480763,0.9535653143962728,0.8184991346612264
2016-12-30,1.028128772772434,0.9726769101497227,0.8272250881919891
2017-01-03,1.0403557192683994,0.9842443994110062,0.8438045413704499
2017-01-04,1.0414189584583275,0.9852502930669348,0.8538394253787714
2017-01-05,1.0403557192683992,0.9842443994110062,0.8547120456971439
2017-01-06,1.0233442978138263,0.9681504846253423,0.8538394253787714
2017-01-09,1.025470776193683,0.9661386973134849,0.8398778331554279
2017-01-10,1.0195987086947222,0.971671016493794,0.838132592518683
2017-01-11,1.0217096267968075,0.9696593251092354,0.8429319210520775
2017-01-12,1.0105810957499781,0.9802209207145901,0.8411867636329865
2017-01-13,1.0048774252190538,0.974688601534281,0.8503490273229355
2017-01-17,0.9991738535865642,0.9691563782812709,0.845549698789541
2017-01-18,0.9976183790042646,0.9706651228378651,0.8407504534738003
2017-01-19,0.990381701673184,0.9777062825020671,0.842059300733705
2017-01-20,0.9888532999100621,0.976197442018174,0.8481675597446583
2017-01-23,0.9990424506556544,0.9862561867228633,0.8468586292670996
2017-01-24,1.0275719367039928,1.0144205375977748,0.8555846660155163
2017-01-25,1.0184017204671483,1.0053676865490142,0.8800174524063674
2017-01-26,1.013816612348726,1.000841261024634,0.8721640359763232
2017-01-27,1.028081306787424,0.9867591335508276,0.8682373277613011
2017-01-30,1.0244133468153889,0.9902796654192793,0.8560209761747025
2017-01-31,1.0150484554973835,0.99933251646804,0.8590750640713521
2017-02-01,1.0084074198743336,0.9927943036318022,0.8669284805013964
2017-02-02,0.9966580152315757,1.004361792893086,0.8612565316496293
2017-02-03,0.9766949286213937,0.9842443994110062,0.8712914156579508
2017-02-06,0.9801884568792374,0.9807238675425546,0.8538394253787714
2017-02-07,0.9897390379194511,0.9711680696658296,0.8507853374821217
2017-02-08,0.9784628182124617,0.9822327080264476,0.8424956108928913
2017-02-09,0.9734527490043179,0.9772033356741029,0.8520942679596804
2017-02-10,0.9799657720835194,0.9837414525830418,0.8477312495854721
2017-02-13,0.9859778742451164,0.9897767185913151,0.8534031152195852
2017-02-14,0.9944949632312242,0.9983266228121114,0.8586387539121659
2017-02-15,0.9934929302777711,0.9973207291561826,0.8660558601830239
2017-02-16,0.9819698379904257,0.985753239894899,0.8651832398646515
2017-02-17,0.9879819401520227,0.9797179738866256,0.8551483558563301
2017-02-21,0.9884891293596619,0.9792150270586613,0.8499127171637493
2017-02-22,0.9900121631693592,0.9777062825020671,0.8494764070045631
2017-02-23,1.0037623550368457,0.9641270059289262,0.8481675597446583
2017-02-24,1.0027151090010198,0.965132899584855,0.836387435099592
2017-02-27,1.003760172087442,0.9641270059289263,0.8372600554179644
2017-02-28,0.9817685525162515,0.9852502930669349,0.836387435099592
2017-03-01,0.9737500319765334,0.977203335674103,0.8547120456971439
2017-03-02,0.9917917509850517,0.9953090377716243,0.8477312495854721
2017-03-03,0.9837731348570287,0.9872619844514935,0.8634380824455604
2017-03-06,0.9777592922463925,0.981226814370519,0.8564572031162349
2017-03-07,0.9787616312109335,0.9802209207145902,0.8512216476413079
2017-03-08,0.9581719891297686,1.0008412610246342,0.8503490273229355
2017-03-09,0.9745427744943175,1.0179410694662268,0.8682373277613011
2017-03-10,0.9692463169241424,1.0124087502859178,0.8830715403030172
2017-03-13,0.9552830540176692,0.997823675984147,0.8782722117696226
2017-03-14,0.9398752776363506,1.0139175907698108,0.8656195500238377
2017-03-15,0.9571250119683087,1.0325262396952966,0.8795811422471812
2017-03-16,0.9491994727761304,1.0239763354745002,0.8957242852664559
2017-03-17,0.94407115655704,1.018444016294191,0.8883071789955979
2017-03-20,0.9380104919616638,1.02498213320313,0.8835078504622034
2017-03-21,0.9315668755845213,1.0179410694662268,0.8891797160963164
2017-03-22,0.9315668755845213,1.0179410694662268,0.8830715403030172
2017-03-23,0.929265521315764,1.0204558036060485,0.8830715403030172
2017-03-24,0.9256015899479227,1.0244792823024644,0.8852530910989482
2017-03-27,0.9296910605151274,1.0290056118995459,0.8887434891547841
2017-03-28,0.9224207557996345,1.020958654506714,0.8926701141521524
2017-03-29,0.9228750740090927,1.0204558036060485,0.8856893180404806
2017-03-30,0.9215106026234556,1.0219645481626427,0.8852530910989482
2017-03-31,0.9319410662037924,1.0103970589013591,0.886561938358853
2017-04-03,0.9337966408968009,1.0083852715895016,0.8765270543505316
2017-04-04,0.9379882540321984,1.0038588460651212,0.8747818137137867
2017-04-05,0.9314091168500388,1.0109000057293234,0.8708551054987645
2017-04-06,0.9258484266226553,1.00486473972105,0.8769633645097178
2017-04-07,0.9286287275442608,1.0018471546805627,0.871727725817137
2017-04-10,0.9248992984744687,1.0058706333769787,0.8691099480796736
2017-04-11,0.9304487330756346,0.9998353673687053,0.8726003461355095
2017-04-12,0.9454257614057656,0.9837414525830414,0.8673647074429287
2017-04-13,0.9304419530017417,0.9993325164680397,0.8534031152195852
2017-04-17,0.9379342700070505,0.9912854631479089,0.8669284805013964
2017-04-18,0.9331755795376977,0.9963148355002535,0.8599476011720707
2017-04-19,0.9430679471565476,1.0068765270329072,0.8643106195462791
2017-04-20,0.946365373080125,1.010397058901359,0.873472966453882
2017-04-21,1.0010086622802814,1.0687375479630397,0.8765270543505316
2017-04-24,1.0113720137326843,1.0798020903963588,0.9271378677689788
2017-04-25,1.0047771618855295,1.086843154133262,0.936736441618114
2017-04-26,1.0033639408405173,1.0883718011570123,0.9306282658248147
2017-04-27,1.004305998355741,1.0873499298370417,0.9293193353472561
2017-04-28,0.9986426692580223,1.093481547598093,0.9284467982465374
2017-05-01,1.0056424833751707,1.1011461185295608,0.9336823537214644
2017-05-02,1.007975814085864,1.1037010404802547,0.9402268396739499
2017-05-03,1.0308419210058635,1.0786633901252964,0.942408390469881
2017-05-04,1.0434416398212099,1.0654791616465733,0.9637870889640825
2017-05-05,1.0243087730308538,1.0850161152141704,0.9755672136091488
2017-05-08,1.0294420115869132,1.090453583586215,0.9576789131707831
2017-05-09,1.0214289520957378,1.0819656169603222,0.9528795846373886
2017-05-10,1.0274619758756298,1.0883561978056704,0.9602966909082467
2017-05-11,1.024174773533687,1.0848741740166676,0.9546247420564796
2017-05-12,1.014376333565284,1.0744950134065148,0.9576789131707831
2017-05-15,1.020327146189035,1.0681915160965338,0.9668411768607322
2017-05-16,0.9965240703122009,1.0931112134736,0.9725131257124991
2017-05-17,0.9942353499548107,1.0906006610828436,0.949825496740739
2017-05-18,0.9782874692663699,1.0731070472996742,0.9520069643190162
2017-05-19,0.9787287457016982,1.0726230005675688,0.9672774870199184
2017-05-22,0.9831414258901073,1.067786990299123,0.9677137971791047
2017-05-23,0.9822588730194507,1.0687455283575567,0.9720768155533129
2017-05-24,0.9844652551960923,1.0711461797030466,0.9712041952349405
2017-05-25,0.9924437412814734,1.079827161428976,0.9690226444390094
2017-05-26,0.9987507502077264,1.0866894945393135,0.9611693112266191
2017-05-30,0.9982944808437947,1.0861930512331517,0.9550610522156658
2017-05-31,0.9914568646832562,1.0787533915905392,0.955497362374852
2017-06-01,0.9946044189424169,1.0753286991472935,0.9620418483273376
2017-06-02,0.9905576492284375,1.0797039135837116,0.9650960194416411
2017-06-05,0.9995504898732993,1.0895060742616438,0.9611693112266191
2017-06-06,0.9894771769001521,1.078526203026151,0.9524432744782024
2017-06-07,0.9939646190121362,1.073634908901005,0.9620418483273376
2017-06-08,0.9930671134715715,1.0746043531456504,0.9664048667015459
2017-06-09,0.9872334986395797,1.0809169455253527,0.9655322463831735
2017-06-12,0.9800536254967408,1.0730557388731155,0.9598603807490604
2017-06-13,0.9734197053263446,1.0803191843876012,0.9668411768607322
2017-06-14,0.9641321496038926,1.0906266854255733,0.9602966909082467
2017-06-15,0.9535177761054129,1.0786197017446826,0.9511343440006438
2017-06-16,0.9496241770541773,1.0742152608914552,0.9616056213858053
2017-06-19,0.9144370299727335,1.1140189761879362,0.9655322463831735
2017-06-20,0.9174407988436037,1.117678337535466,0.9297556455064423
2017-06-21,0.9217602164918565,1.122940496731248,0.9267015576097926
2017-06-22,0.9204521067370941,1.1213468833473004,0.9223385392355843
2017-06-23,0.9130606599819544,1.1303515623758322,0.9236474697131429
2017-06-26,0.9216179621047591,1.1197577866847128,0.9310645759840009
2017-06-27,0.9408717694683476,1.0963645786471126,0.9397906127324176
2017-06-28,0.9434389274617965,1.0933731602805072,0.9594240705898742
2017-06-29,0.9387324847418871,1.098827565436537,0.9620418483273376
2017-06-30,0.9519962295846011,1.0833017700784502,0.9572426030115969
2017-07-03,0.9541355143110616,1.0808674212240563,0.9707678850757543
2017-07-05,0.9609813233659127,1.0731123257807722,0.9729493526540315
2017-07-06,0.9631206897008543,1.070723329941243,0.9799301487657033
2017-07-07,0.9644043095018193,1.0692963004086362,0.9821116995616344
2017-07-10,0.9639764362348309,1.0697707106709367,0.983420630039193
2017-07-11,0.9614092782413819,1.066921812785234,0.9829843198800068
2017-07-12,0.9716234440302377,1.0555866649702794,0.9856020976174702
2017-07-13,0.9707722432540896,1.0565114225952983,0.9960732917849779
2017-07-14,0.9665163205483228,1.06114323091447,0.9952006714666055
2017-07-17,0.9690698417017933,1.0639467548999366,0.9908376530923971
2017-07-18,0.9677862760881887,1.0625375216222839,0.9882198753549337
2017-07-19,0.963945847898224,1.0583210957938176,0.9895288058324924
2017-07-20,0.9580190290037308,1.0648281806893727,0.9934555140475144
2017-07-21,0.9529389100578439,1.0591816813495216,0.9873472550365613
2017-07-24,0.9416292862364622,1.0466111521706527,0.992582893729142
2017-07-25,0.9469468802646896,1.0407007017481695,1.0043630183742083
2017-07-26,0.942447401631506,1.0456456576571496,1.0100348840083215
2017-07-27,0.9383569806958441,1.0411073344765027,1.0052356386925807
2017-07-28,0.9351128800543249,1.0375080039006692,1.0095985738491353
2017-07-31,0.9435700134773793,1.0281248119848814,1.0130889719049712
2017-08-01,0.9427645575680402,1.0290024460698175,1.022251318812574
2017-08-02,0.945583576438224,1.025925561931938,1.0213786984942015
2017-08-03,0.9439726646195457,1.024177778178094,1.0244327863908511
2017-08-04,0.9459793785701573,1.0220005627645474,1.026178027027596
2017-08-07,0.9399591601670919,1.0285045804368969,1.0283594946058734
2017-08-08,0.9479861690719993,1.0372877444037627,1.0218150086533877
2017-08-09,0.9675827642768592,1.058730365299742,1.0130889719049712
2017-08-10,0.9718377619244014,1.0633861894628551,0.9921465835699558
2017-08-11,0.9598185371901781,1.050234737552698,0.9877835651957475
2017-08-14,0.9593997586114268,1.0506929656382225,1.0
2017-08-15,0.961912350210088,1.047941284397385,0.9995636898408138
2017-08-16,0.9807569070108171,1.0684712100744411,1.0021814675782772
2017-08-17,0.9742243511079669,1.0613544129756873,0.9825480097208206
2017-08-18,0.9768027781294853,1.0641634424304653,0.9890924956733061
2017-08-21,0.975938795861611,1.06322218963618,0.9864747179358427
2017-08-22,0.9793888635640468,1.0669808152308704,0.9873472550365613
2017-08-23,0.9767828911122522,1.0641417768115786,0.9838568569807253
2017-08-24,0.9849910911518043,1.0551994738146786,0.9864747179358427
2017-08-25,0.9845591500129349,1.0556622029363412,0.9947643613074193
2017-08-28,0.9772149146511863,1.06353682548265,0.9943281343658869
2017-08-29,0.9811030441015275,1.0677684113811907,0.986911028095029
2017-08-30,0.975006558386023,1.061133394899906,0.9829843198800068
2017-08-31,0.9762968480259442,1.059729128011404,0.9890924956733061
2017-09-01,0.9535022232491743,1.0844717335896938,0.9904014261508648
2017-09-05,0.9436102487740308,1.073221034381958,0.9672774870199184
2017-09-06,0.9474015464445407,1.0775330905649858,0.9773123710282399
2017-09-07,0.9529220850335188,1.071254271378244,0.9733856628132177
2017-09-08,0.9686342127180385,1.0535910393482193,0.9790576116649847
2017-09-11,0.9779766377159418,1.043429210316852,0.9952006714666055
2017-09-12,0.9758533224908756,1.0456946316399205,1.0047993285333945
2017-09-13,0.9784013007609551,1.0429642959048775,1.0026177777374634
2017-09-14,0.9788259638059683,1.043416981723462,1.0052356386925807
2017-09-15,0.9758508219601337,1.0402455154569672,1.0047993285333945
2017-09-18,0.9809201316735665,1.0348416908382938,1.0078534164300441
2017-09-19,0.9762732778654573,1.0397439839981435,1.0130889719049712
2017-09-20,0.9682468573899845,1.0311957397804394,1.0082897265892303
2017-09-21,0.9703246879704716,1.0289828226651083,1.016579369960807
2017-09-22,0.9549490587193957,1.0452879405119149,1.018760920756738
2017-09-25,0.9628445771418502,1.0539303807716591,1.0026177777374634
2017-09-26,0.9467901621982644,1.0363572063920656,0.9943281343658869
2017-09-27,0.9521022867603087,1.0305425509478807,1.010907504326694
2017-09-28,0.9594575961073932,1.022581264263708,1.016579369960807
2017-09-29,0.9516937277428308,1.0308559252388476,1.0244327863908511
2017-10-02,0.9467902401377947,1.025544563920984,1.0161431430192747
2017-10-03,0.9569011996242218,1.0364965563452209,1.0213786984942015
2017-10-04,0.9535958445521783,1.032916260750423,1.0104711941675077
2017-10-05,0.9490822418859762,1.028027215128925,1.0139615922233436
2017-10-06,0.9450176344048535,1.032429917998075,1.018760920756738
2017-10-09,0.9336367489628977,1.0199963229033298,1.0143979023825298
2017-10-10,0.9320495698877316,1.0217303129398798,1.0266143371867822
2017-10-11,0.9276849031118884,1.0265149429583216,1.0248690965500373
2017-10-12,0.9312559046692849,1.0304663778126546,1.0200697680166428
2017-10-13,0.9320556274540139,1.0313512983131337,1.0161431430192747
2017-10-16,0.9368621360619405,1.0366698638012037,1.0152705227009022
2017-10-17,0.9299823677149918,1.0290571657950762,1.0100348840083215
2017-10-18,0.9287860411213316,1.0303809419187702,1.0174519902791794
2017-10-19,0.931976372143578,1.0268416377753034,1.0161431430192747
2017-10-20,0.9232029047847816,1.0365081506408105,1.0196335410751105
2017-10-23,0.9176197684482318,1.030239792635241,1.0100348840083215
2017-10-24,0.9140738618054314,1.0262586947448147,1.0161431430192747
2017-10-25,0.9105552541692254,1.0302091432052045,1.0200697680166428
2017-10-26,0.9011720519044424,1.0408253696466665,1.0161431430192747
2017-10-27,0.8984352410777732,1.0376644392402017,1.005671865634113
2017-10-30,0.8972694988835128,1.0363180436793433,1.0087260367484165
2017-10-31,0.8949439830465143,1.0390039413118186,1.0100348840083215
2017-11-01,0.8906804757396709,1.0340541333020006,1.007417106270858
2017-11-02,0.9014300936960308,1.046534127174057,1.0122164348042526
2017-11-03,0.902610003019058,1.0479039675889203,1.0
2017-11-06,0.9097078658556824,1.0561443799519812,0.9986910695224414
2017-11-07,0.9077049404393658,1.053819041784309,0.9908376530923971
2017-11-08,0.9061097164951052,1.0519670331706306,0.9930192038883282
2017-11-09,0.9045200138880494,1.0501214346688987,0.9947643613074193
2017-11-10,0.8989756947539369,1.0565582279669816,0.9965096019441642
2017-11-13,0.8973916359451976,1.054696497580138,0.9904014261508648
2017-11-14,0.8966023552199185,1.053768862885078,0.9921465835699558
2017-11-15,0.8997538543100301,1.0500649337204533,0.9930192038883282
2017-11-16,0.8973902487768626,1.0528233984668256,0.9965096019441642
2017-11-17,0.8954205148845021,1.0551343015922572,0.9938918242067006
2017-11-20,0.8938447277706136,1.053277445502596,0.9917102734107696
2017-11-21,0.8989478925545306,1.047264042726267,0.9934555140475144
2017-11-22,0.9083691716835339,1.0362883599864643,0.9991273796816276
2017-11-24,0.9016957562746144,1.0439015451596252,1.0095985738491353
2017-11-27,0.9071915585884528,1.0375390038175092,1.0021814675782772
2017-11-28,0.9020883938045359,1.031702604155171,1.0082897265892303
2017-11-29,0.9020883938045359,1.031702604155171,1.0139615922233436
2017-11-30,0.8954896374671439,1.0392494855298002,1.0139615922233436
2017-12-01,0.8947132957719169,1.0383485117232891,1.0065444859524855
2017-12-04,0.9005256237135738,1.0450939374327173,1.007417106270858
2017-12-05,0.9095544900614634,1.0555722772307095,1.0008726203183724
2017-12-06,0.9039473208218496,1.0490649459297807,0.9908376530923971
2017-12-07,0.8904968953566456,1.0334552200769975,0.9969459121033504
2017-12-08,0.8924168679460047,1.031227019501314,1.0117801246450664
2017-12-11,0.8931848862786522,1.0303395404715627,1.0139615922233436
2017-12-12,0.8954888680343351,1.02768176654382,1.014834212541716
2017-12-13,0.8908809045229691,1.0329699619090231,1.0174519902791794
2017-12-14,0.8935689686872355,1.0360867528552362,1.0122164348042526
2017-12-15,0.8808202569625476,1.0213047138668807,1.009162263689949
2017-12-18,0.8748129631768978,1.028270127539387,1.0235601660724787
2017-12-19,0.8710584582703098,1.0326832368572056,1.016579369960807
2017-12-20,0.8654266292978371,1.0260064227840513,1.0122164348042526
2017-12-21,0.8628322139250787,1.0290822315767383,1.018760920756738
2017-12-22,0.8620910028846598,1.0281982044168416,1.0157068328600884
2017-12-26,0.8635709507904231,1.0299633078389219,1.016579369960807
2017-12-27,0.8617146357318549,1.0277493190562235,1.014834212541716
2017-12-28,0.8617146357318549,1.0277493190562235,1.0170156801199932
2017-12-29,0.8687384986552984,1.01937210224061,1.0170156801199932
2018-01-02,0.867629445401041,1.020673458113567,1.0253054067092235
2018-01-03,0.8824165400840994,1.0032780191440729,1.023996476231665
2018-01-04,0.8831558384101779,1.0024374617355798,1.0414485497284982
2018-01-05,0.8805681179936706,1.0053746872774214,1.0423210868292168
2018-01-08,0.8765016599048202,1.000731873228328,1.0392669989325671
2018-01-09,0.8904201676744306,0.9848406376608588,1.0440663274659616
2018-01-10,0.9017748151795366,0.9722819393122477,1.0606456974267686
2018-01-11,0.9131293928227863,0.9600395805934002,1.0741710627085799
2018-01-12,0.912030535684979,0.9611948893086868,1.0876963447727372
2018-01-16,0.9171584657995566,0.9557905305443586,1.0863874142951786
2018-01-17,0.9197223959259172,0.9531186039066684,1.0924956733061317
2018-01-18,0.9233851133282288,0.9493228889034675,1.0955497612027814
2018-01-19,0.9343734751207324,0.938025865364094,1.0999126963593358
2018-01-22,0.9321758307069743,0.940232100191888,1.1130017514819608
2018-01-23,0.939867621086056,0.9324738340106302,1.1103839737444974
2018-01-24,0.939867621086056,0.9324738340106302,1.1195462374344463
2018-01-25,0.9460943384765844,0.9262961012021126,1.1195462374344463
2018-01-26,0.9384025480975027,0.9338269310038003,1.1269633437053044
2018-01-29,0.9493909098900061,0.9447617139391795,1.1178010800153553
2018-01-30,0.9490159443879655,0.9443885767554488,1.1047120248927305
2018-01-31,0.941522698691519,0.936931867855674,1.1051483350519167
2018-02-01,0.9190264430936058,0.9593184325199181,1.1138743718003332
2018-02-02,0.9551679154361997,0.9970444205556375,1.087260034613551
2018-02-05,0.9388095741310414,0.9799688962794639,1.0445026376251478
2018-02-06,0.9480627190749921,0.9896277179273262,1.0623909380635135
2018-02-07,0.9692968428127589,1.0117927888598648,1.051919743896006
2018-02-08,0.965184409410396,1.0075000580085987,1.0283594946058734
2018-02-09,0.9533592078668227,0.9951564155658128,1.0327225129800817
2018-02-12,0.9521655679018707,0.9964023871358106,1.0453751747258664
2018-02-13,0.9708666609819604,0.9768324568472049,1.0440663274659616
2018-02-14,0.9760393538056634,0.9716279787838804,1.0645724056417907
2018-02-15,0.974049827376288,0.9736085132118969,1.0702443544935578
2018-02-16,0.9648982334791807,0.982755960783118,1.0680628036976267
2018-02-20,0.9652961387650557,0.9831612302488012,1.0580279196893052
2018-02-21,0.9633049707746366,0.9811332109783657,1.057591609530119
2018-02-22,0.9672707601348647,0.9770940252925122,1.05977316032605
2018-02-23,0.9708400310731365,0.9734885060809634,1.0641360954826045
2018-02-26,0.9577527295136672,0.9866115101145694,1.0680628036976267
2018-02-27,0.9664775720057855,0.9955992475142129,1.053664901315097
2018-02-28,0.9749590281740227,1.0043362649303513,1.0440663274659616
2018-03-01,0.9782472511979811,1.0077235679192016,1.0349039805583589
2018-03-02,0.9794886312379193,1.0090023529313326,1.031413582502523
2018-03-05,0.9703617010922083,0.9996004122672296,1.0301047352426183
2018-03-06,0.9707689121345985,0.9991809312372232,1.0397033090917533
2018-03-07,0.9691400679650378,1.000857447670576,1.0401396192509396
2018-03-08,0.9662895906683066,0.9979136818247992,1.0383943786141947
2018-03-09,0.9695280946822805,0.9945691901781967,1.0414485497284982
2018-03-12,0.9590029373338586,1.0053661926353028,1.044938947784334
2018-03-13,0.9598125826403586,1.006214980462214,1.033595133298454
2018-03-14,0.9577851260836012,1.0040895059721489,1.0327225129800817
2018-03-15,0.9541510278547111,1.0002797162855819,1.0349039805583589
2018-03-16,0.949742990144208,1.0049008617664517,1.038830688773381
2018-03-19,0.9481400881860843,1.0032048686654116,1.0340314434576403
2018-03-20,0.9517345596871017,1.0070080949555251,1.0357766008767313
2018-03-21,0.9790994561552813,1.0359622523732577,1.0318498926617092
2018-03-22,0.9914607047265107,1.0490414005961382,1.0021814675782772
2018-03-23,0.966980217174533,1.0231391688421454,0.9895288058324924
2018-03-26,0.9499207616927479,1.0411893799969645,1.0139615922233436
2018-03-27,0.9424312291667334,1.0329802513604536,0.9960732917849779
2018-03-28,0.9461174070713356,1.0289399045843581,1.003926708215022
2018-03-29,0.9321918634584292,1.0440844811551484,1.0078534164300441
2018-04-02,0.9256386756547275,1.0367447027724492,0.9930192038883282
2018-04-03,0.9240232904525111,1.0349354200627026,1.0
2018-04-04,0.9304625480225248,1.027723247158651,1.001745157419091
2018-04-05,0.9240232904525111,1.0348355965092078,1.0087260367484165
2018-04-06,0.9328772216355984,1.0249198690032326,1.001745157419091
2018-04-09,0.9437433680360656,1.0129816105839622,1.0113438144858802
2018-04-10,0.938511485653134,1.0185973328471838,1.0231239391309463
2018-04-11,0.9473654168362214,1.0089878706017334,1.0174519902791794
2018-04-12,0.9477677984708253,1.008559315599141,1.0270506473459684
2018-04-13,0.952597222458063,1.0034201237431133,1.0274868742875007
2018-04-16,0.9558168128625248,1.0000287619735386,1.0327225129800817
2018-04-17,0.9586339448712926,0.9970813216302297,1.0362129110359175
2018-04-18,0.9626584520671423,0.9928954058537057,1.0392669989325671
2018-04-19,0.9606462368497626,0.9949708244413005,1.0436300173067754
2018-04-20,0.9574266464453008,0.9916361957338634,1.0414485497284982
2018-04-23,0.9506307133448134,0.9986749524587256,1.044938947784334
2018-04-24,0.9550281042475647,1.003294584550451,1.0375218415134762
2018-04-25,0.9558350750629664,1.0041423391300095,1.0327225129800817
2018-04-26,0.9570475015290775,1.0054160408171167,1.0318498926617092
2018-04-27,0.9627201470303984,1.0113753780201133,1.0305410454018045
2018-04-30,0.96723028202157,1.0161134522109239,1.0244327863908511
2018-05-01,0.9684719410529323,1.0174178638575375,1.0196335410751105
2018-05-02,0.9697167920828613,1.0187256288241862,1.0183246105975519
2018-05-03,0.9722128234416496,1.0213478079349396,1.0170156801199932
2018-05-04,0.9726309890655753,1.0217871073692326,1.0143979023825298
2018-05-07,0.9759791132344959,1.0253044434896466,1.0139615922233436
2018-05-08,0.9662867664834127,1.0151222520298377,1.0104711941675077
2018-05-09,0.9720704947480082,1.0090462180151614,1.020506078175829
2018-05-10,0.9741360613305904,1.0069020811861207,1.0266143371867822
2018-05-11,0.9708311075206705,1.0103182003521507,1.0287958047650596
2018-05-14,0.974962319482149,1.014617443136875,1.0253054067092235
2018-05-15,0.9862119039630842,1.026324587520118,1.0209423883350153
2018-05-16,0.9870645978323851,1.0272119634280483,1.009162263689949
2018-05-17,0.9947526949395075,1.0352127623035985,1.0082897265892303
2018-05-18,0.990414463468157,1.0306980798022938,1.0004363101591862
2018-05-21,0.9826735598079812,1.0226423265466928,1.0047993285333945
2018-05-22,0.9640447345656744,1.0420288511931348,1.012652661745785
2018-05-23,0.9716656543257247,1.0502662472162332,0.9934555140475144
2018-05-24,0.9841394890949846,1.0637491233199452,0.9856020976174702
2018-05-25,1.0362149626421122,1.1200371190218241,0.9729493526540315
2018-05-29,1.0126646459772242,1.0945817552408024,0.9214660021348657
2018-05-30,1.0187594368704926,1.101169569815233,0.942408390469881
2018-05-31,1.0021517888530673,1.0832184854265876,0.936736441618114
2018-06-01,1.004448247928007,1.0807362597311696,0.9520069643190162
2018-06-04,0.9911290480962264,1.0950670550095762,0.9541885151149473
2018-06-05,0.9750541849754748,1.0773064485061792,0.9415357701515086
2018-06-06,0.9786111507448231,1.0812364271878574,0.9568062928524107
2018-06-07,0.9745802513693732,1.0856900400817509,0.9533158947965749
2018-06-08,0.9562173032926566,1.0652335719710775,0.9493891865815528
2018-06-11,0.9519041731723069,1.0700384327371977,0.9672774870199184
2018-06-12,0.9493163280065429,1.07294743751245,0.9629144686457101
2018-06-13,0.9553546608153638,1.07977215286068,0.9602966909082467
2018-06-14,0.9684597125100622,1.0945838981340617,0.9541885151149473
2018-06-15,0.9756434588437984,1.1027031961942848,0.9410994599923224
2018-06-18,1.014833275568276,1.146996770623167,0.9341186638806506
2018-06-19,1.014833275568276,1.146996770623167,0.8965968223671744
2018-06-20,1.026191484692,1.134159362254114,0.8965968223671744
2018-06-21,1.0130610700806024,1.1486712568507293,0.886561938358853
2018-06-22,0.9978011870943905,1.131368658333374,0.8979057528447331
2018-06-25,0.9992779863086239,1.1296941721058116,0.8843804707805758
2018-06-26,1.0175453673249883,1.109042707591862,0.8830715403030172
2018-06-27,1.0093517540068937,1.1179730878884668,0.8669284805013964
2018-06-28,0.9992734120812963,1.1291360100299574,0.8739092766130682
2018-06-29,0.9923580551386916,1.121321953885061,0.8826352301438309
2018-07-02,0.9879124416142537,1.1263453061092175,0.8765270543505316
2018-07-03,1.0045571579577997,1.1453223908541352,0.8804537625655536
2018-07-05,1.0079839948448295,1.1492294189265837,0.8952879751072697
2018-07-06,1.0182645055059185,1.1609505031439284,0.8983420630039193
2018-07-09,1.0109212702659545,1.1525782849231778,0.9075043266938683
2018-07-10,1.0295241390988163,1.131368658333374,0.9009598407413828
2018-07-11,1.0249529833257873,1.1363920105575305,0.8843804707805758
2018-07-12,1.0239462262876926,1.137508228250708,0.8883071789955979
2018-07-13,1.0184194983928427,1.1436479046265728,0.8891797160963164
2018-07-16,1.0159343740152913,1.1408572007058329,0.893979044629711
2018-07-17,1.0139461986721157,1.1386245524024163,0.8917975770514337
2018-07-18,1.0184194983928427,1.1336012001782598,0.8900523364146888
2018-07-19,1.011900757572467,1.1408572007058329,0.8861256281996668
2018-07-20,1.0168513671185941,1.1464387150058433,0.8917975770514337
2018-07-23,1.0297228197434924,1.1609505031439282,0.8961605954256421
2018-07-24,1.0336832884953897,1.1654156932922306,0.9075043266938683
2018-07-25,1.0262574213887103,1.15704347507148,0.9109947247497042
2018-07-26,1.02328699900602,1.1603924475266048,0.9044502387972186
2018-07-27,1.0341153985842888,1.1726716938198036,0.9070680997523359
2018-07-30,1.0400217642160758,1.179369425812992,0.9166666736014711
2018-07-31,1.0331309730189946,1.1715553696680956,0.9219022290763981
2018-08-01,1.0498658321090395,1.1525782849231778,0.9157940532830987
2018-08-02,1.047832147109474,1.1548109332265943,0.9009598407413828
2018-08-03,1.0559352393919053,1.1458805529299896,0.9027050813781277
2018-08-06,1.0482201941993112,1.1542527711507402,0.8957242852664559
2018-08-07,1.0502476491075385,1.1564853129956263,0.9022687712189414
2018-08-08,1.0451789634974802,1.1509039051541463,0.9040139286380324
2018-08-09,1.075591560552735,1.117414925812613,0.8996509934814779
2018-08-10,1.0836504176999997,1.1090427075918623,0.873472966453882
2018-08-13,1.0869227131445474,1.1056937351367375,0.8669284805013964
2018-08-14,1.1033828844458007,1.088949298695236,0.8643106195462791
2018-08-15,1.0943341355438343,1.0978796789918408,0.8512216476413079
2018-08-16,1.0954468545866607,1.098996003143549,0.8582024437529797
2018-08-17,1.100453984164651,1.1040193553677056,0.8590750640713521
2018-08-20,1.117144345348133,1.1207637918092068,0.8630017722863742
2018-08-21,1.1232641939689496,1.1269034681850716,0.8760907441913454
2018-08-22,1.1099118837992183,1.1135078977401645,0.8808900727247398
2018-08-23,1.1004539841646508,1.1229964401126236,0.8704188785572322
2018-08-24,1.0845926247887723,1.1391827144782707,0.8778359848280902
2018-08-27,1.0787471641517554,1.133043038102406,0.890488646573875
2018-08-28,1.084061210062044,1.1386245524024166,0.8856893180404806
2018-08-29,1.0691820031416306,1.1229964401126233,0.8900523364146888
2018-08-30,1.0798100949622076,1.111833411512602,0.8778359848280902
2018-08-31,1.073847255150225,1.1179730878884668,0.8691099480796736
2018-09-04,1.0679500109544953,1.1241126578058012,0.8739092766130682
2018-09-05,1.0610566341237033,1.1168567637367588,0.8787085219288088
2018-09-06,1.0462092286901148,1.1012285449884351,0.8730366562946957
2018-09-07,1.0329526492050205,1.1151822775091964,0.8608202214904431
2018-09-10,1.0288167065112441,1.110717087360894,0.871727725817137
2018-09-11,1.027782696185637,1.1096007632091858,0.8682373277613011
2018-09-12,1.0143408577787005,1.1241126578058012,0.8673647074429287
2018-09-13,1.0133336409268099,1.1229964401126233,0.8787085219288088
2018-09-14,1.0198809827460098,1.1302523341816657,0.8778359848280902
2018-09-17,1.023406481884244,1.134159362254114,0.8835078504622034
2018-09-18,1.0370049180425593,1.1492294189265835,0.886561938358853
2018-09-19,1.0601725387010403,1.1749042356646897,0.8983420630039193
2018-09-20,1.0571506960200747,1.1715553696680956,0.9184118310205621
2018-09-21,1.0521142275100341,1.165973855368085,0.9157940532830987
2018-09-24,1.04455947671365,1.1743461800473662,0.9114310349088904
2018-09-25,1.0400912966660922,1.1693228278232097,0.9179756040790298
2018-09-26,1.046545376598306,1.1620668272956367,0.9140488958640077
2018-09-27,1.0736891553524235,1.131926820409228,0.9083769470122407
2018-09-28,1.0811012790817887,1.124112657805801,0.884816780939762
2018-10-01,1.0923738851249687,1.1123915735884562,0.8787085219288088
2018-10-02,1.0868928111888234,1.1179730878884668,0.8695462582388598
2018-10-03,1.0858076249713915,1.1190893055816444,0.8739092766130682
2018-10-04,1.0776843962561544,1.1107170873608938,0.8747818137137867
2018-10-05,1.0890568957989948,1.098996003143549,0.8682373277613011
2018-10-08,1.0901631241309335,1.0978796789918408,0.8590750640713521
2018-10-09,1.100693453311991,1.0872748124676737,0.8582024437529797
2018-10-10,1.1221648392641816,1.0660651858778698,0.8499127171637493
2018-10-11,1.1186397455620636,1.069414051874464,0.8333333472029423
2018-10-12,1.1221427616294,1.0660651858778698,0.8359511249404058
2018-10-15,1.1098051203789625,1.0777862700952148,0.8333333472029423
2018-10-16,1.0994599486607453,1.0677395656469018,0.8424956108928913
2018-10-17,1.1264722562196028,1.0415065868329416,0.8346421944628472
2018-10-18,1.116209642550455,1.0509951292054005,0.814136116287018
2018-10-19,1.126286951374802,1.0415065868329416,0.821553222557876
2018-10-22,1.134133487262175,1.0342506927638992,0.814136116287018
2018-10-23,1.1702445992829082,1.0013198754982202,0.808464250652905
2018-10-24,1.152632317452839,1.0163898257121593,0.7827225337844951
2018-10-25,1.1608608315371203,1.009133931643117,0.7945025752119075
2018-10-26,1.1518719040720884,1.0169479877880134,0.7888307095777944
2018-10-29,1.1607228133268641,1.0247621503914406,0.7949388853710937
2018-10-30,1.1676769527477464,1.030901720308775,0.8010471443820469
2018-10-31,1.1923329106781801,1.0526696154329633,0.8058463896977875
2018-11-01,1.2018159157669845,1.061041833653714,0.8228621530354346
2018-11-02,1.1923329106781801,1.0526696154329633,0.8294066389879202
2018-11-05,1.186643083508307,1.0576929676571198,0.8228621530354346
2018-11-06,1.172240584562841,1.070530376026173,0.8267888612504568
2018-11-07,1.1618505436014357,1.0610418336537142,0.8368237452587782
2018-11-08,1.1587945806286295,1.0582510232744435,0.8294066389879202
2018-11-09,1.186297547945478,1.0331343686121914,0.8272250881919891
2018-11-12,1.165788912147573,1.0509951292054012,0.8075916303345325
2018-11-13,1.1633125233838677,1.0487625873605153,0.821553222557876
2018-11-14,1.156502247632572,1.0426229109846505,0.819808065138785
2018-11-15,1.1608360165338163,1.0387158829122023,0.8150087366053904
2018-11-16,1.1645787222228725,1.0353669104570775,0.8119546487087408
2018-11-19,1.1978523247327906,1.005785065646523,0.8093367877536235
2018-11-20,1.1785750784901352,1.0219713400121702,0.7862129318403309
2018-11-21,1.188873922740398,1.0130409597155654,0.7988655935861159
2018-11-23,1.1548124903965025,1.0420647489087962,0.7918847974744441
2018-11-26,1.148627075876216,1.0364832346087856,0.8145724264462042
2018-11-27,1.1634719999387215,1.0498788050536927,0.8102094080719959
2018-11-28,1.1511012888751182,1.038715882912202,0.8206806022395036
2018-11-29,1.1622350114162396,1.028669178463889,0.8119546487087408
2018-11-30,1.1452082083823174,1.0437392351363588,0.8041012322786966
2018-12-03,1.1103006957102797,1.0119246355638574,0.8158813569237628
2018-12-04,1.1329598292182783,0.9912731710499078,0.7910121771560716
2018-12-06,1.1476321399578127,0.9784357626808547,0.7748691173544509
2018-12-07,1.1613802219998588,0.9667145720049793,0.7648342333461294
2018-12-10,1.1694266647601161,0.960016840011791,0.7556718864385266
2018-12-11,1.1381513641039298,0.9856916567498971,0.7504363309635996
2018-12-12,1.1355735087180434,0.9834591149050111,0.7705060989802426
2018-12-13,1.1213948738589676,0.9711797621532816,0.7687609415611515
2018-12-14,1.1349288912156075,0.9594586779359368,0.7591622844943625
2018-12-17,1.144832259188403,0.951086459715186,0.7500000208044134
2018-12-18,1.1555819751822523,0.9421559729600507,0.743455534851928
2018-12-19,1.1617431336637196,0.9371327271944248,0.7364746555226023
2018-12-20,1.178349464028402,0.923737050290987,0.7325480305252341
2018-12-21,1.190453361793979,0.9142485079185281,0.7220767531400726
2018-12-24,1.1650162951213632,0.9337837547393,0.7146596468692146
2018-12-26,1.1615345301773703,0.9309930508185599,0.7299301695701167
2018-12-27,1.1476073375805804,0.9421559729600506,0.7277487019918395
2018-12-28,1.1523664819105564,0.9460631074910294,0.7364746555226023
2018-12-31,1.1469275894925792,0.941597917342727,0.7395288266369058
2019-01-02,1.1537262374334067,0.9360164030427164,0.7360384285810699
2019-01-03,1.1103841657877878,0.9711797621532815,0.7316754102068617
2019-01-04,1.111660498666878,0.9722960863049899,0.7591622844943625
2019-01-07,1.118680207784072,0.9784357626808546,0.760034904812735
2019-01-08,1.1263379616230085,0.985133494674043,0.7648342333461294
2019-01-09,1.1339958371797476,0.9918313331257619,0.7700697888210564
2019-01-10,1.130805004982022,0.9890405227464912,0.7753054275136371
2019-01-11,1.1282523392238413,0.9912731710499078,0.773123876717706
2019-01-14,1.126346463973284,0.9895986848223454,0.7748691173544509
2019-01-15,1.1098292419769906,1.0041105794189606,0.7735601868768922
2019-01-16,1.1073616450069184,1.0018780375740748,0.7849040013627723
2019-01-17,1.1215506511693865,1.0147154459431278,0.7831588439436813
2019-01-18,1.1042770017104402,0.9990872271948041,0.7931937279520027
2019-01-22,1.0925555925180441,1.0096920937189713,0.7809772931477502
2019-01-23,1.0949714699971271,1.0074594454155548,0.7892670197369807
2019-01-24,1.1107439267756183,1.0219713400121704,0.7875217791002358
2019-01-25,1.1028577562393485,1.014715445943128,0.7988655935861159
2019-01-28,1.0998245247208205,1.0119246355638574,0.7931937279520027
2019-01-29,1.0901182995674823,1.0208551223189928,0.7910121771560716
2019-01-30,1.0740257667535609,1.0057850656465233,0.7979930564853973
2019-01-31,1.0758138638489576,1.0041105794189609,0.7862129318403309
2019-02-01,1.0776079247177097,1.0024360931913985,0.7849040013627723
2019-02-04,1.0698078028711635,1.0096920937189715,0.7835950708852136
2019-02-05,1.0715819857564115,1.0113665799465337,0.7892670197369807
2019-02-06,1.0532491009996328,0.9940638749706476,0.7905759502145393
2019-02-07,1.0597542126516857,0.9879243050533135,0.777050584932728
2019-02-08,1.0591555819789433,0.9884823606706371,0.7722513396169874
2019-02-11,1.0465963649147458,1.0002035513465124,0.7726875665585198
2019-02-12,1.0442601588541465,0.9979709030430959,0.7818499134661226
2019-02-13,1.0354996089197712,0.9895986848223453,0.7801046728293778
2019-02-14,1.009217847720209,1.0147154459431278,0.7735601868768922
2019-02-15,1.0103281237707502,1.0158317700948358,0.7931937279520027
2019-02-19,1.0158792922599533,1.0214131779363158,0.7940663482703751
2019-02-20,1.004776849399795,1.0102502557948252,0.7984292834269296
2019-02-21,1.0003358510793814,1.0147154459431276,0.7897033298961669
2019-02-22,0.9926325284037106,1.022529502088024,0.7931937279520027
2019-02-25,1.0018436423977877,1.032018044460483,0.7993019037453021
2019-02-26,1.0110547563918648,1.0415065868329418,0.8067190100161601
2019-02-27,1.0180986041586781,1.0487625873605149,0.814136116287018
2019-02-28,1.021891397565792,1.0526696154329633,0.819808065138785
2019-03-01,1.0143057074056954,1.0448554528295362,0.8228621530354346
2019-03-04,1.018098500812809,1.040948424757088,0.8167538940244815
2019-03-05,1.018644410638044,1.0403902626812338,0.8136998061278318
2019-03-06,1.0465150597574375,1.0119246355638571,0.8132634959686456
2019-03-07,1.0494011577708051,1.0091339316431172,0.7910121771560716
2019-03-08,1.0343101985694434,1.0236458262397325,0.7888307095777944
2019-03-11,1.032618267495105,1.0219713400121702,0.8001745240636745
2019-03-12,1.0472813474365152,1.0364832346087856,0.7988655935861159
2019-03-13,1.0534849871414709,1.0426229109846503,0.8102094080719959
2019-03-14,1.0675840900581017,1.0565766435054116,0.8150087366053904
2019-03-15,1.075479553269777,1.064390699650308,0.8259162409320844
2019-03-18,1.0749155762449976,1.063832537574454,0.8320244167253836
2019-03-19,1.0636363584522641,1.0526696154329633,0.8315881065661974
2019-03-20,1.073223752738278,1.0431810730605044,0.8228621530354346
2019-03-21,1.1025091643968037,1.0147154459431278,0.8154450467645766
2019-03-22,1.1000834618476538,1.0169479877880137,0.7931937279520027
2019-03-25,1.1031023057482128,1.0141572838672737,0.7949388853710937
2019-03-26,1.0915673565829787,1.0247621503914408,0.7927574177928165
2019-03-27,1.076703967145405,1.0108084178706795,0.8010471443820469
2019-03-28,1.0737313346173551,1.0135991217914195,0.7901396400553531
2019-03-29,1.0488983364759616,1.03704139668464,0.7923211076336303
2019-04-01,1.0562371902989578,1.0442972907536823,0.8106457182311821
2019-04-02,1.0714795494033154,1.0593673474261518,0.8163175838652953
2019-04-03,1.073737724533909,1.061599995729568,0.8280977085103616
2019-04-04,1.0726086369686123,1.0604836715778598,0.8298429491471064
2019-04-05,1.0743022683165575,1.0588091853502974,0.828970328828734
2019-04-08,1.0754348191258132,1.0576929676571198,0.8276613983511754
2019-04-09,1.076002343870181,1.0571348055812657,0.8267888612504568
2019-04-10,1.0652083120905427,1.0677395656469022,0.8263525510912706
2019-04-11,1.0835835696515497,1.0861584883159658,0.8346421944628472
2019-04-12,1.0880382805329119,1.0906237849227989,0.8490400968453768
2019-04-15,1.0975042225373475,1.100112220836727,0.8525305781188666
2019-04-16,1.1086407873284467,1.1112752494367484,0.8599476011720707
2019-04-17,1.100845255698369,1.1034611932918519,0.8686736379204874
2019-04-18,1.1014020945585392,1.1029030312159978,0.862565462127188
2019-04-22,1.1080908179466729,1.0962051927642789,0.8621291519680018
2019-04-23,1.124452592293053,1.0800189183986315,0.8568935132754211
2019-04-24,1.1256148437729518,1.0789025942469233,0.8442408515296361
2019-04-25,1.1232855305572356,1.0811352425503398,0.8433682312112637
2019-04-26,1.136623431777434,1.0939726509193928,0.8451134718480087
2019-04-29,1.1348836622495244,1.0922981646918304,0.8551483558563301
2019-04-30,1.1273448821799885,1.085042270622788,0.8538394253787714
2019-05-01,1.1273448821799885,1.085042270622788,0.8481675597446583
2019-05-02,1.1157467504876997,1.0962051927642786,0.8481675597446583
2019-05-03,1.1004081550384173,1.0811352425503398,0.8568935132754211
2019-05-06,1.125972661381086,1.0560184814295572,0.8451134718480087
2019-05-07,1.124782388201055,1.0571348055812655,0.825479930772898
2019-05-08,1.134878116100557,1.0476462632088066,0.8263525510912706
2019-05-09,1.1264134256527882,1.0554603193537033,0.8189354448204126
2019-05-10,1.1561969643820849,1.0275528543121808,0.8250436206137118
2019-05-13,1.1448924663833333,1.0375995587604938,0.8032286119603241
2019-05-14,1.1424290687098138,1.03983210060538,0.8110820283903684
2019-05-15,1.155919986638151,1.0521114533571094,0.8128271858094593
2019-05-16,1.142429068709814,1.03983210060538,0.8224258428762484
2019-05-17,1.1504008790618192,1.0325762065363375,0.8128271858094593
2019-05-20,1.1416951806337283,1.040390262681234,0.8071553201753463
2019-05-21,1.1276077676767833,1.027552854312181,0.8132634959686456
2019-05-22,1.1410826691802156,1.0152736080189821,0.8032286119603241
2019-05-23,1.1247725126959172,1.0297855026155978,0.7936300381111889
2019-05-24,1.109531693370922,1.0158317700948363,0.804973852597069
2019-05-28,1.1150183976301782,1.0108084178706798,0.7940663482703751
2019-05-29,1.1082458645859983,1.016947987788014,0.7901396400553531
2019-05-30,1.093647688742581,1.003552417343107,0.7949388853710937
2019-05-31,1.093647688742581,1.003552417343107,0.7844676912035861
2019-06-03,1.065667764697373,1.0292273405397439,0.7844676912035861
2019-06-04,1.0604665576120684,1.0242039883155873,0.8045375424378828
2019-06-05,1.0587327851743802,1.022529502088025,0.8006108342228607
2019-06-06,1.0494862192955634,1.0314598823846297,0.7993019037453021
2019-06-07,1.0545973622725757,1.0364832346087862,0.8062826998569739
2019-06-10,1.0597085052495878,1.0415065868329427,0.8102094080719959
2019-06-11,1.0483503856742151,1.0303435582329215,0.814136116287018
2019-06-12,1.0489181941658334,1.029785502615598,0.8054100795386013
2019-06-13,1.0591515593282637,1.019738798167285,0.804973852597069
2019-06-14,1.099152387093646,0.9812264666015952,0.7971204361670248
2019-06-17,1.087898247959962,0.9912731710499082,0.7670157009244066
2019-06-18,1.0744220731589318,1.0035524173431072,0.7748691173544509
2019-06-19,1.0762148095750892,1.0052269035706696,0.7844676912035861
2019-06-20,1.074422073158932,1.0035524173431072,0.7857766216811447
2019-06-21,1.0738244943535462,1.0041105794189613,0.7844676912035861
2019-06-24,1.0672585493122915,0.9979709030430965,0.7849040013627723
2019-06-25,1.0606926042710365,1.0041105794189613,0.7801046728293778
2019-06-26,1.0648197949072744,1.0080176074914098,0.7849040013627723
2019-06-27,1.0701262149988688,1.0130409597155663,0.787958089259422
2019-06-28,1.0736637909074283,1.0163898257121604,0.7918847974744441
2019-07-01,1.0801494404543794,1.0225295020880252,0.7945025752119075
2019-07-02,1.0907622806375683,1.0325762065363384,0.7993019037453021
2019-07-03,1.0925311248206033,1.0342506927639008,0.8071553201753463
2019-07-05,1.0836870163629388,1.0258783680846195,0.808464250652905
2019-07-08,1.0878142069991767,1.0219713400121713,0.8019196814827655
2019-07-09,1.0860318381239937,1.0236458262397334,0.7988655935861159
2019-07-10,1.0901769797055403,1.0275528543121817,0.8001745240636745
2019-07-11,1.0907691589238524,1.0281110163880358,0.8032286119603241
2019-07-12,1.0907691589238524,1.0281110163880358,0.8036649221195103
2019-07-15,1.0919535173604764,1.0269946922363276,0.8036649221195103
2019-07-16,1.1002618232911447,1.019180636091431,0.8027923018011379
2019-07-17,1.0972491041760382,1.021971340012171,0.7966841260078386
2019-07-18,1.109234280120005,1.0108084178706804,0.7988655935861159
2019-07-19,1.1104593045607483,1.0096920937189722,0.7901396400553531
2019-07-22,1.1024792726955903,1.0169479877880148,0.7892670197369807
2019-07-23,1.0988487474449227,1.0135991217914206,0.7949388853710937
2019-07-24,1.1109506521635708,1.0024360931913994,0.7923211076336303
2019-07-25,1.1140434521553102,0.9996453892706593,0.7835950708852136
2019-07-26,1.1165314830617223,0.9974128474257733,0.7814136033069364
2019-07-29,1.138399777781474,0.9778776006050013,0.7796684458878455
2019-07-30,1.146197090860673,0.9711797621532824,0.7643979231869432
2019-07-31,1.1508082085806532,0.967272734080834,0.7591622844943625
2019-08-01,1.1640893696150667,0.9561097054808128,0.7561081965977128
2019-08-02,1.190592239777834,0.9343419168151549,0.7473821598492961
2019-08-05,1.182057468576426,0.9410397552668739,0.7303664797293029
2019-08-06,1.1883673943586481,0.9360164030427174,0.7356021184218837
2019-08-07,1.17986394688595,0.9427141350359056,0.7316754102068617
2019-08-08,1.167289886602944,0.9326674305875925,0.7369109656817885
2019-08-09,1.1847538296094942,0.9187136980668311,0.7290575492517443
2019-08-12,1.171797811216452,0.9287604025151441,0.7181500449250504
2019-08-13,1.211233278316402,0.8975040714770274,0.7260034613550946
2019-08-14,1.2104800065458838,0.8980622335528814,0.7015706749642434
2019-08-15,1.1879105177331442,0.9148066699943828,0.7020069851234296
2019-08-16,1.190809694672949,0.9170393182977992,0.7150959570284008
2019-08-19,1.1828370963288504,0.9108996419219344,0.7168411976651456
2019-08-20,1.175589292219703,0.916481156221945,0.7120418691317512
2019-08-21,1.1827488157962847,0.9220626705219558,0.7164048875059594
2019-08-22,1.1641341091197945,0.9075507759253404,0.7207679058801677
2019-08-23,1.15554279007314,0.9142485079185287,0.7094240913942876
2019-08-26,1.162597278577982,0.9086671000770487,0.7146596468692146
2019-08-27,1.166882133022509,0.9053181276219239,0.7102967117126601
2019-08-28,1.1546521663124276,0.9148066699943828,0.7076788507575428
2019-08-29,1.1560611701406187,0.915922994146091,0.7150959570284008
2019-08-30,1.1483117834555687,0.9097833177702263,0.7159685773467732
2019-09-03,1.1257681253145138,0.9276441848219665,0.7111692488133786
2019-09-04,1.1467661698391947,0.9449467833393221,0.7251309242543761
2019-09-05,1.1494755324251151,0.947179325184208,0.7386562063185333
2019-09-06,1.171151079090875,0.9650401922359483,0.7404013637376244
2019-09-09,1.1901170047793561,0.9806683045257414,0.7543630391786218
2019-09-10,1.1955358591468763,0.9851334946740439,0.7665793907652204
2019-09-11,1.2016320864597965,0.9901568468982004,0.7700697888210564
2019-09-12,1.2226301309844774,1.0074594454155559,0.7739964970360784
2019-09-13,1.203664205295996,0.9918313331257627,0.7875217791002358
2019-09-16,1.211792551445116,0.9851334946740438,0.7753054275136371
2019-09-17,1.212479135192066,0.9845753325981896,0.7700697888210564
2019-09-18,1.2014816021232757,0.9935057128947945,0.7696334786618702
2019-09-19,1.200806725725009,0.9929476572774709,0.7766142747735418
2019-09-20,1.1906817773340739,0.9845753325981896,0.7761780478320095
2019-09-23,1.204181493948543,0.9734124104566989,0.7696334786618702
2019-09-24,1.205562467593726,0.9722960863049906,0.7609075251311074
2019-09-25,1.2014101654181228,0.9756449523015847,0.760034904812735
2019-09-26,1.2048467720971205,0.9784357626808552,0.7626526825501984
2019-09-27,1.209657890354577,0.9823427907533036,0.7648342333461294
2019-09-30,1.1911006075674104,0.967272734080834,0.7678883212427791
2019-10-01,1.222029412212688,0.9421559729600514,0.7561081965977128
2019-10-02,1.2147898735003564,0.947737487260062,0.7364746555226023
2019-10-03,1.2104972314134863,0.9510864597151867,0.7408376738968107
2019-10-04,1.2090764275725743,0.9499701355634784,0.743455534851928
2019-10-07,1.1913167860471088,0.9360164030427172,0.7425829145335555
2019-10-08,1.1820818320718038,0.9432722971117596,0.7316754102068617
2019-10-09,1.157600820149181,0.9628075439325315,0.7373472758409747
2019-10-10,1.2039048887943096,1.0013198754982213,0.7526177985418769
2019-10-11,1.1938388203054568,0.9929476572774707,0.7827225337844951
2019-10-14,1.2220237608754423,1.0163898257121604,0.7761780478320095
2019-10-15,1.2267213789674454,1.0202969602431393,0.7945025752119075
2019-10-16,1.2334320059620103,1.0258783680846195,0.797556746326211
2019-10-17,1.239471672654723,1.030901720308776,0.8019196814827655
2019-10-18,1.256248496135146,1.0169479877880145,0.8058463896977875
2019-10-21,1.2475246042440085,1.0240100812604975,0.8167538940244815
2019-10-22,1.2555774078362885,1.0174000696961145,0.8110820283903684
2019-10-23,1.2555774078362885,1.0174000696961145,0.8163175838652953
2019-10-24,1.2515510060401485,1.0206626813379382,0.8163175838652953
2019-10-25,1.2488666528447183,1.0228518203477615,0.8136998061278318
2019-10-28,1.2535440355133796,1.0190209314644643,0.8154450467645766
2019-10-29,1.26162278575493,1.0124536188188882,0.812390958867927
2019-10-30,1.2684423943952756,1.0069808756782237,0.8071553201753463
2019-10-31,1.2560336975027437,1.016831792454641,0.8027923018011379
2019-11-01,1.2695540257486928,1.0277772787359702,0.8106457182311821
2019-11-04,1.2702300550549308,1.028324563488426,0.8193717549795988
2019-11-05,1.2709059554217628,1.0288717438569885,0.819808065138785
2019-11-06,1.2796942074634514,1.0359863412550205,0.8202442920803173
2019-11-07,1.2715819847280008,1.0294190286094445,0.8259162409320844
2019-11-08,1.2709059554217628,1.0299663133619001,0.8206806022395036
2019-11-11,1.269555333673878,1.0310608828668117,0.8211169123986898
2019-11-12,1.2520349156982964,1.0168317924546413,0.8219895327170622
2019-11-13,1.2527087927583849,1.0162845077021856,0.8106457182311821
2019-11-14,1.247986701501639,1.0201153965854828,0.8102094080719959
2019-11-15,1.2486562376102848,1.0206626813379385,0.8132634959686456
2019-11-18,1.2486562376102848,1.0206626813379385,0.8136998061278318
2019-11-19,1.2386134513825096,1.0124536188188884,0.8136998061278318
2019-11-20,1.2399525235998012,1.0113590493139768,0.8071553201753463
2019-11-21,1.2319008273266778,1.0179263619595529,0.8062826998569739
2019-11-22,1.2398485036941707,1.0244935702212359,0.8115183385495546
2019-11-25,1.2358746655104245,1.0212099660903946,0.8167538940244815
2019-11-26,1.2411731585307657,1.0255881397261477,0.814136116287018
2019-11-27,1.2299138450717861,1.016284507702186,0.8176265143428539
2019-11-29,1.2385238488575763,1.0091700146880473,0.8102094080719959
2019-12-02,1.2479270451797029,1.0015081325375597,0.8045375424378828
2019-12-03,1.228833031840829,1.0168317924546417,0.7984292834269296
2019-12-04,1.2275102534095665,1.0157372229497301,0.8106457182311821
2019-12-05,1.2387536177811092,1.0250408549736918,0.8097730979128097
2019-12-06,1.2354467978500474,1.0223045355953062,0.8171902041836677
2019-12-09,1.2361081870656787,1.022851820347762,0.8150087366053904
2019-12-10,1.2308171994877228,1.027229993983515,0.8154450467645766
2019-12-11,1.2570466293368814,1.0491208621622798,0.8189354448204126
2019-12-12,1.2747515413869837,1.063897237326906,0.836387435099592
2019-12-13,1.2819645564256354,1.069917160836133,0.8481675597446583
2019-12-16,1.2760629190756014,1.0649917024479243,0.8529668050603989
2019-12-17,1.2786857995246237,1.0628026678219944,0.8490400968453768
2019-12-18,1.2813196101555124,1.0606135288121712,0.8472949394262859
2019-12-19,1.2833029964227125,1.058971778938697,0.845549698789541
2019-12-20,1.2859558798203299,1.0567826399288738,0.8442408515296361
2019-12-23,1.2859558798203299,1.0567826399288738,0.8424956108928913
2019-12-24,1.2792963209341641,1.0622553830695385,0.8424956108928913
2019-12-26,1.2825917274526553,1.0649917024479243,0.8468586292670996
2019-12-27,1.2753418079696348,1.0589717789386972,0.8490400968453768
2019-12-30,1.2661145691484994,1.0666335567052916,0.8442408515296361
2019-12-31,1.2459763010691158,1.0835989664958476,0.8503490273229355
2020-01-02,1.2220636764739026,1.0628026678219944,0.8638743093870929
2020-01-03,1.2214343810864203,1.06334995257445,0.8472949394262859
2020-01-06,1.2277207373463503,1.0578772094337856,0.8477312495854721
2020-01-07,1.2200990343247622,1.064444522079362,0.8433682312112637
2020-01-08,1.2244901169318534,1.068275410962659,0.8486038699038445
2020-01-09,1.209434925286957,1.0551408900554002,0.8516579578004941
2020-01-10,1.2088076106790828,1.055688174807856,0.8411867636329865
2020-01-13,1.2125675958135054,1.0524044662931211,0.8416230737921727
2020-01-14,1.2251787313965594,1.0414590843956855,0.8390052128370554
2020-01-15,1.2155215408705573,1.0496681469147355,0.8302792593062926
2020-01-16,1.2136203854036653,1.0513098967882097,0.8368237452587782
2020-01-17,1.2009851589710616,1.040364514890774,0.838132592518683
2020-01-21,1.1984581618843804,1.042553549516704,0.8294066389879202
2020-01-22,1.204120178774647,1.0376280911284952,0.8311517964070112
2020-01-23,1.2104709269998668,1.0321554523717238,0.8272250881919891
2020-01-24,1.2380691693737649,1.0086227299355917,0.8228621530354346
2020-01-27,1.2172443850574122,1.025588139726148,0.8041012322786966
2020-01-28,1.214646151844098,1.0277772787359711,0.8176265143428539
2020-01-29,1.2204671494484274,1.03270273712418,0.8193717549795988
2020-01-30,1.1997702005425843,1.0151899381972747,0.8232984631946209
2020-01-31,1.2010636596169157,1.0140954730762564,0.8093367877536235
2020-02-03,1.1809703471912782,1.0310608828668124,0.808464250652905
2020-02-04,1.1978951100237865,1.0458372580314388,0.8219895327170622
2020-02-05,1.2104318783896033,1.0348918761340031,0.8337696573621285
2020-02-06,1.208551428893074,1.0364996179178922,0.8424956108928913
2020-02-07,1.2123124474467568,1.0332740255263093,0.8411867636329865
2020-02-10,1.2016561285774694,1.0241914680399529,0.8438045413704499
2020-02-11,1.2102789436771384,1.0168420995762628,0.8512216476413079
2020-02-12,1.205967536127304,1.0204644221226526,0.8573298234346073
2020-02-13,1.2065834682740009,1.0209856109799949,0.8542757355379577
2020-02-14,1.2182979039884674,1.0308981206568675,0.8538394253787714
2020-02-18,1.2157832995687086,1.0287703151652565,0.845549698789541
2020-02-19,1.227052164866867,1.0383057925060408,0.8472949394262859
2020-02-20,1.2334297992758934,1.043702412909784,0.8394415229962416
2020-02-21,1.2862726462584453,1.0884169211315653,0.8350785046220334
2020-02-24,1.3255909872497134,1.121687276192135,0.7993019037453021
2020-02-25,1.3203662708435548,1.1261083215755676,0.7748691173544509
2020-02-26,1.3736844319457222,1.080634557034538,0.7779232052511005
2020-02-27,1.3865300948132462,1.0705292760254201,0.7465096227485776
2020-02-28,1.37425994874001,1.0800029619134115,0.7395288266369058
2020-03-02,1.4047991438709697,1.056002829168418,0.7460733125893914
2020-03-03,1.36867090909929,1.0831608170545914,0.7294938594109305
2020-03-04,1.3112107262025507,1.0376870525135615,0.7482547801676686
2020-03-05,1.3223835014891716,1.0288449617466964,0.7168411976651456
2020-03-06,1.4749975134925666,0.9101077291928852,0.7107330218718463
2020-03-09,1.399251654093381,0.9568446839761677,0.6287085427332223
2020-03-10,1.469445071236652,0.9088445991828584,0.6609947455541176
2020-03-11,1.6838880967072989,0.7762126353576233,0.6278359640236768
2020-03-12,1.5550960617821301,0.835581191402303,0.5362129110359175
2020-03-13,1.787831481056503,0.7105282485661322,0.5772251089964026
2020-03-16,1.7083723041206584,0.742107281835738,0.49083769470122407
2020-03-17,1.8348645346804269,0.6871597711744909,0.5126527033546118
2020-03-18,1.7927031257792212,0.7029492878092939,0.4746945932907764
2020-03-19,1.77337480882298,0.6953703270524556,0.48560209761747025
2020-03-20,1.783039044105005,0.6915808165579235,0.48036650053371643
2020-03-23,1.569725625232236,0.7743179102264703,0.477748681187426
2020-03-24,1.6529492009703912,0.8153706293840676,0.5349040221671858
2020-03-25,1.7233692154207394,0.8501075780270791,0.5632635167730591
2020-03-26,1.645267088618702,0.8115811791217613,0.5872600346135509
2020-03-27,1.6644726137078736,0.8021074330015441,0.5606457390355956
2020-03-30,1.6867529661148941,0.7913705568713,0.5541012114742832
2020-03-31,1.7931005165765148,0.7414756867146117,0.5466841052034251
2020-04-01,1.7961551266116975,0.740212556704585,0.5122163931954256
2020-04-02,1.8252737636024001,0.7282124903320882,0.5113438144858801
2020-04-03,1.7033776954265432,0.7768442304787497,0.5030540878966496
2020-04-06,1.739384084354628,0.793265342234679,0.5366492211951037
2020-04-07,1.7435386270553972,0.7951600673658321,0.5479930356809838
2020-04-08,1.7809297755033842,0.8122127140106618,0.5493019245497155
2020-04-09,1.7629265810393417,0.8040021581326972,0.561082007585955
2020-04-13,1.7463081460952015,0.8115811791217614,0.5554101003430149
2020-04-14,1.648460496742889,0.7661073543485056,0.5606457390355956
2020-04-15,1.6606914691124066,0.7604231187228204,0.5292321149242457
2020-04-16,1.598622461910034,0.7888442366190206,0.5253054067092237
2020-04-17,1.5576649991938794,0.7686336746007851,0.5449389061755072
2020-04-20,1.521827219317244,0.7509494328348291,0.5309773139521636
2020-04-21,1.502628439184763,0.7604231187228205,0.5187609207567381
2020-04-22,1.5051244378317294,0.7591599887127938,0.5253054067092237
2020-04-23,1.5226549282324422,0.7680020794796588,0.5244328279996782
2020-04-24,1.5664813930692434,0.7901074268612733,0.5305410037929774
2020-04-27,1.607803433895937,0.8109495840006351,0.5458115264938797
2020-04-28,1.6979606681621369,0.8564234087738908,0.5602094288764093
2020-04-29,1.637855805512167,0.8261075055143117,0.5916230529877593
2020-04-30,1.6841865749415659,0.8027390281226704,0.5706806230439171
2020-05-01,1.6921371572315749,0.7989495176281383,0.5545375216334694
2020-05-04,1.7068513479002945,0.7920021519924263,0.551919702287179
2020-05-05,1.7299904914607538,0.7812652758621822,0.5471204153626114
2020-05-06,1.6922299232358098,0.7983179827392378,0.5397033090917533
2020-05-07,1.7243608396301633,0.8134759042529144,0.5514834337368196
2020-05-08,1.697585075968202,0.8008443029915172,0.5619546279043274
2020-05-11,1.7270384798348157,0.7869495114878673,0.5532286327647377
2020-05-12,1.7769368151402296,0.7642126292173524,0.5436300173067755
2020-05-13,1.7769368151402296,0.7642126292173524,0.527923226055514
2020-05-14,1.7901537225336024,0.7585283935916672,0.527923226055514
2020-05-15,1.6858150680417143,0.8027390281226703,0.523996517840492
2020-05-18,1.65796131292488,0.7894758317401468,0.5545375216334694
2020-05-19,1.6897941397748593,0.8046337532538234,0.5453752163346934
2020-05-20,1.667245855799688,0.7938968771235794,0.5558464105022011
2020-05-21,1.6752039992659782,0.7901074268612731,0.5484293042313431
2020-05-22,1.5854848316575816,0.8324233362611231,0.5458115264938797
2020-05-26,1.6480380416054887,0.8652654995407558,0.5750436414181254
2020-05-27,1.6396174458699275,0.8608444541573232,0.5977312287810586
2020-05-28,1.6179643542961841,0.8494759829059528,0.5946771408844089
2020-05-29,1.573455310845055,0.872844460297594,0.5868237244543647
2020-06-01,1.6144426396998648,0.8955814028003349,0.6029668258648124
2020-06-02,1.7055253514235367,0.9461078078459235,0.6186736587249009
2020-06-03,1.7078024735062072,0.9473709980881763,0.6535776392832596
2020-06-04,1.7726989327541127,0.9833710767412147,0.6544502596016321
2020-06-05,1.8057164428987333,1.001686913628297,0.6793193561516695
2020-06-08,1.7533438293680434,0.9726342006109707,0.6919720595062813
2020-06-09,1.7829456563886585,0.9562131490872674,0.6719022498808115
2020-06-10,1.9065977856373637,0.8898971671746498,0.6605584770037584
2020-06-11,1.8605904378005804,0.911370919435138,0.6147469505098787
2020-06-12,1.8773525282182084,0.9031603635571733,0.6295811630515947
2020-06-15,1.856347205557565,0.913265644566291,0.6239092558086546
2020-06-16,1.8422256595861677,0.906318278930579,0.6308900519203264
2020-06-17,1.829387801480615,0.9000024481837675,0.6260907649957588
2020-06-18,1.8589147037201426,0.8854761217912173,0.6217277466215505
2020-06-19,1.8323966884530096,0.8981077230526145,0.6116928626132291
2020-06-22,1.8607459152942647,0.9120024543240384,0.6204188577528188
2020-06-23,1.8014700692492287,0.8829497413067119,0.630017431601954
2020-06-24,1.7473486392563276,0.9094761340717589,0.6099476219764842
2020-06-25,1.7983129851758506,0.8829497413067119,0.6282722325740361
2020-06-26,1.762295182089984,0.9006340433048939,0.6099476219764842
2020-06-29,1.7585876039212482,0.898739257941515,0.6221640567807367
2020-06-30,1.7647667830111027,0.9018971733149207,0.6208551263031781
2020-07-01,1.7981342793814952,0.9189498801919763,0.6230366354902822
2020-07-02,1.8537466554741109,0.9473709980881765,0.6348167601353485
2020-07-06,1.8104925197031663,0.925265650706562,0.6544502596016321
2020-07-07,1.7919549824336023,0.9347393968267793,0.6391797369007299
2020-07-08,1.831910725667847,0.9138972396874174,0.6457242644620423
2020-07-09,1.7913985720851926,0.9341078017056528,0.6313263620795126
2020-07-10,1.8022995961047488,0.9284235660799676,0.6452879543028561
2020-07-13,1.8403073266024954,0.9480025932093026,0.6413612460878341
2020-07-14,1.8599241745010862,0.9581078742184204,0.6548865697608183
2020-07-15,1.8525677980762965,0.9543183637238882,0.6618673658724901
2020-07-16,1.850115750551791,0.9530552337138615,0.6592495465261997
2020-07-17,1.8403073266024954,0.9581078742184204,0.6583769678166542
2020-07-20,1.8221105305853211,0.9675815601064116,0.6618673658724901
2020-07-21,1.8280573893244925,0.9707394754798173,0.6684118518249756
2020-07-22,1.7983232090555317,0.9549499588450144,0.6705933610120798
2020-07-23,1.8054593488010204,0.9511605085827083,0.6596858566853859
2020-07-24,1.8054593488010204,0.9511605085827083,0.6570680789479225
2020-07-27,1.8102547208506228,0.9486341883304289,0.6570680789479225
2020-07-28,1.7909710677024342,0.9587394693395466,0.6553228799200045
2020-07-29,1.8535017578580124,0.9252656507065616,0.6623036760316763
2020-07-30,1.8826010457038875,0.9107393243140114,0.6391797369007299
2020-07-31,1.844740142198337,0.9290551612010938,0.6291448528924085
2020-08-03,1.8635511766578643,0.9385288470890851,0.6417975562470203
2020-08-04,1.8748378451726366,0.9442130827147702,0.6483420421995059
2020-08-05,1.8723297630569318,0.9429499527047435,0.6522687504145279
2020-08-06,1.868567460486914,0.9410551673413645,0.6513961717049824
2020-08-07,1.8560266911154688,0.947370998088176,0.6500872412274238
2020-08-10,1.8832484489593353,0.9612657895918258,0.6544502596016321
2020-08-11,1.9178942474859846,0.978950031357782,0.6640488750595942
2020-08-12,1.8956218894316392,0.9675815601064116,0.6762652682550199
2020-08-13,1.907995329903943,0.961265789591826,0.6684118518249756
2020-08-14,1.9130097674251596,0.9587394693395465,0.6640488750595942
2020-08-17,1.916790505595682,0.9568446839761674,0.6623036760316763
2020-08-18,1.9180556221807126,0.956213149087267,0.6609947455541176
2020-08-19,1.9294575571050046,0.9505289134615817,0.6605584770037584
2020-08-20,1.9499700428732767,0.9404236324524641,0.6566317687887363
2020-08-21,1.918540066165,0.9555815539661406,0.6496509726770645
2020-08-24,1.928684352864226,0.9606341944706995,0.6601221668445721
2020-08-25,1.9426327168433024,0.9675815601064115,0.663612564900408
2020-08-26,1.9223441434448507,0.9574762790972938,0.6684118518249756
2020-08-27,1.8893751512076487,0.973897390853223,0.6614310557133039
2020-08-28,1.8550674640997966,0.956213149087267,0.6727748701991839
2020-08-31,1.8685455716735724,0.949265723219329,0.6605584770037584
2020-09-01,1.8623294947181277,0.9524236385927348,0.6557591484703639
2020-09-02,1.8981435189328766,0.9341078017056524,0.657940657657468
2020-09-03,1.8750423415456834,0.9454762729570229,0.6452879543028561
2020-09-04,1.9188810538440588,0.9233709255754083,0.6531413707329004
2020-09-08,1.876880961064264,0.9435814875936437,0.6378708480319982
2020-09-09,1.856780514222533,0.9334762065845259,0.6518324402553417
2020-09-10,1.8580368221021695,0.9341078017056522,0.6448516441436699
2020-09-11,1.8467302908016676,0.9397920373313374,0.6452879543028561
2020-09-14,1.8554178281527798,0.9353709919479049,0.6492146625178783
2020-09-15,1.854164985315018,0.9347393968267785,0.6461605746212286
2020-09-16,1.8691987409351531,0.9271604360699401,0.6457242644620423
2020-09-17,1.8984846148066312,0.912634049445164,0.6404886673782886
2020-09-18,1.987824983245686,0.8696866051564137,0.6304537417611402
2020-09-21,2.008035307927486,0.8608444541573228,0.6007853582865352
2020-09-22,2.053706018333654,0.8412654270279878,0.5946771408844089
2020-09-23,2.042913168753893,0.8456865326436462,0.5811518172114247
2020-09-24,2.056644497521435,0.840002297017961,0.5842059467169013
2020-09-25,1.9685026389396756,0.8760023756709995,0.5802792385018791
2020-09-28,1.9415369086968535,0.8640023695307286,0.6051483350519166
2020-09-29,1.9500523454680914,0.8677918197930349,0.5968586500715131
2020-09-30,1.9486330608894094,0.8684234149141612,0.5994764278089766
2020-10-01,1.9642220767212468,0.8753707805498732,0.5999127379681628
2020-10-02,2.006737734171362,0.8943182125580819,0.6047120248927303
2020-10-05,2.008154954288861,0.8949498076792083,0.6178010384065284
2020-10-06,2.0180752248042535,0.8993708530626409,0.6182373485657147
2020-10-07,2.0407502060700353,0.9094761340717586,0.6212914364623643
2020-10-08,2.0407502060700353,0.9094761340717586,0.6282722325740361
2020-10-09,2.0506706117389766,0.9138972396874171,0.6282722325740361
2020-10-12,1.9897314982220267,0.8867392518012438,0.6313263620795126
2020-10-13,1.999651768737419,0.8823182064178113,0.6125654413227746
2020-10-14,2.0297109627022616,0.8690550100352878,0.609511353426125
2020-10-15,2.009059924096563,0.877897100802153,0.600349048127349
2020-10-16,2.007614524123206,0.8785286959232793,0.6064572239206483
2020-10-19,2.0393669135008516,0.8924234874269292,0.6068935340798345
2020-10-20,2.0234907876333956,0.8854761217912173,0.6164921495377966
2020-10-21,2.0076146617659396,0.8924234874269292,0.6116928626132291
2020-10-22,1.982039909546092,0.9037919586782998,0.6164921495377966
2020-10-23,1.9460279727869232,0.8873708469223704,0.6243455659678409
2020-10-26,1.9917353801770683,0.8665286897830087,0.6130017514819608
2020-10-27,2.0686756934835344,0.8330548711500237,0.598603849099431
2020-10-28,2.067107290824304,0.8336864662711501,0.5754799099684846
2020-10-29,2.0592773089830847,0.8368443816445559,0.5759162201276709
2020-10-30,2.0173146058821207,0.8538970885216114,0.578097729314775
2020-11-02,2.105348182888669,0.8911602971846766,0.5898778539598413
2020-11-03,2.0978878139692814,0.8880024420434968,0.6156195292194242
2020-11-04,2.154587357703188,0.9120024543240384,0.613438061641147
2020-11-05,2.1590637498117196,0.9138972396874174,0.630017431601954
2020-11-06,2.350052068555838,0.9947395479925852,0.6313263620795126
2020-11-09,2.4067516122897454,1.018739560273127,0.6871727725817137
2020-11-10,2.4082437429925894,1.0193711553942535,0.7037521425425207
2020-11-11,2.3575125797726417,0.9978974633659913,0.7041884527017069
2020-11-12,2.2829078944968564,1.0294764364033713,0.6893542817688179
2020-11-13,2.3277259446836975,1.0496871188860588,0.7111692488133786
2020-11-16,2.3375298013343926,1.0541081642694912,0.7251309242543761
2020-11-17,2.3403307124238353,1.055371234047292,0.7281850121510257
2020-11-18,2.3459330688728373,1.0578976145317973,0.7290575492517443
2020-11-19,2.3375298013343926,1.0541081642694912,0.7308027898884891
2020-11-20,2.3109194096068086,1.066108110177536,0.7281850121510257
2020-11-23,2.3930611510905746,1.1040029741939534,0.7364746555226023
2020-11-24,2.3725257809999825,1.094529288305962,0.7626526825501984
2020-11-25,2.36704980416581,1.0920030282859086,0.7561081965977128
2020-11-27,2.4218111392359196,1.0667397052986622,0.7543630391786218
2020-11-30,2.330043091503314,1.107160949799585,0.7369109656817885
2020-12-01,2.352639069130714,1.1178978259298291,0.7648342333461294
2020-12-02,2.3566264305520663,1.1197924908287562,0.7722513396169874
2020-12-03,2.3765639982186126,1.1292661767167478,0.7735601868768922
2020-12-04,2.3353596579050935,1.1096872098196386,0.7801046728293778
2020-12-07,2.33668886288552,1.1090556146985124,0.7665793907652204
2020-12-08,2.338019581801532,1.1084240195773862,0.7661430806060342
2020-12-09,2.3500094466598314,1.102739783951701,0.765706770446848
2020-12-10,2.3890415454271228,1.0844240072968445,0.7617800622318259
2020-12-11,2.3890415454271228,1.0844240072968445,0.749127400486041
2020-12-14,2.4502634179491327,1.1122135903041441,0.749127400486041
2020-12-15,2.446089108894445,1.110318804940765,0.7683246314019653
2020-12-16,2.4586117706691595,1.1160030405664503,0.7670157009244066
2020-12-17,2.4335664471197305,1.1046345693150799,0.7709424091394288
2020-12-18,2.4878311378839277,1.080002961913412,0.7630889927093846
2020-12-21,2.493650758993447,1.0774765814289067,0.7460733125893914
2020-12-22,2.4264126664786803,1.1065293546784591,0.7443280719526465
2020-12-23,2.433337254318187,1.109687209819639,0.7643979231869432
2020-12-24,2.445801723754174,1.1153714454453243,0.7665793907652204
2020-12-28,2.4361071951164273,1.1109504000618917,0.7705060989802426
2020-12-29,2.433337254318187,1.1122135903041446,0.7674520110835928
2020-12-30,2.4430097619447086,1.107792544920712,0.7683246314019653
2020-12-31,2.4555451804094868,1.1021083092950268,0.7652705435053156
2021-01-04,2.4344373967853428,1.1115819951830181,0.7613438352902936
2021-01-05,2.543710299469961,1.1614768051074806,0.7678883212427791
2021-01-06,2.5464767688607215,1.1627399953497333,0.8023559916419517
2021-01-07,2.5340279204273415,1.157055759724048,0.8032286119603241
2021-01-08,2.5672247616413406,1.1418978382103715,0.7993019037453021
2021-01-11,2.5430860223059217,1.1526347143406155,0.7888307095777944
2021-01-12,2.518003487505739,1.141266243089245,0.7962478158486523
2021-01-13,2.495707960079722,1.1513715240983629,0.7883943994186082
2021-01-14,2.4436856367575746,1.1273715118178211,0.7953751955302799
2021-01-15,2.4354716406789674,1.1311609620801273,0.778795825569473
2021-01-19,2.4286725493917536,1.134318817221307,0.7814136033069364
2021-01-20,2.419206459287237,1.1387399830691916,0.7835950708852136
2021-01-21,2.3843204798544697,1.1223188713132624,0.7866492419995171
2021-01-22,2.4353077789953583,1.098318738568269,0.7753054275136371
2021-01-25,2.4101004093115472,1.1096872098196393,0.7587259743351762
2021-01-26,2.337399766334627,1.0762135116511062,0.7665793907652204
2021-01-27,2.296248468862165,1.0951608834270892,0.743455534851928
2021-01-28,2.365109497953289,1.0623186599152306,0.756544506756899
2021-01-29,2.3327685876240554,1.076844986307781,0.7338568777851389
2021-02-01,2.27804066760493,1.102108309295027,0.7438917617934603
2021-02-02,2.2793459158607807,1.1027397839517015,0.7613438352902936
2021-02-03,2.3145935947241476,1.119792490828757,0.7617800622318259
2021-02-04,2.328953815519921,1.1267399166966952,0.7735601868768922
2021-02-05,2.3433140363156943,1.133687342564633,0.7783595154102867
2021-02-08,2.3694232344011152,1.1463188835938043,0.7831588439436813
2021-02-09,2.364201494383287,1.1437926235737508,0.7918847974744441
2021-02-10,2.3681177371471227,1.1456872884726779,0.7901396400553531
2021-02-11,2.3837834551968884,1.1532663094617421,0.7914484873152579
2021-02-12,2.452973315669629,1.186740128094727,0.7966841260078386
2021-02-16,2.430780360348044,1.176003251964483,0.819808065138785
2021-02-17,2.4111981505363014,1.1665294456120396,0.812390958867927
2021-02-18,2.390310692468708,1.1766347266211574,0.8058463896977875
2021-02-19,2.413405521963676,1.1880031978725278,0.8128271858094593
2021-02-22,2.4275190832597575,1.194950623740466,0.8206806022395036
2021-02-23,2.46216132750221,1.2120033306175217,0.825479930772898
2021-02-24,2.430085229808355,1.1962138139827188,0.8372600554179644
2021-02-25,2.401858107216192,1.182318962246843,0.8263525510912706
2021-02-26,2.363366643150844,1.2012664544872778,0.8167538940244815
2021-03-01,2.347213348051002,1.2094769501330165,0.8298429491471064
2021-03-02,2.3655987848045426,1.218950636021008,0.8355148147812196
2021-03-03,2.332505092161574,1.2018980496084042,0.842059300733705
2021-03-04,2.3067655274633196,1.2151611857587017,0.8302792593062926
2021-03-05,2.2887814342577832,1.2246348716466933,0.8394415229962416
2021-03-08,2.291142273754797,1.2258980618889461,0.8459860089487272
2021-03-09,2.302946246097818,1.2322138926357578,0.8468586292670996
2021-03-10,2.2923226935033036,1.2265296570100725,0.8512216476413079
2021-03-11,2.2722560080627816,1.2372665331403168,0.8472949394262859
2021-03-12,2.2536975286478,1.227161252131199,0.8547120456971439
2021-03-15,2.256017393883304,1.2258980618889463,0.8477312495854721
2021-03-16,2.2397453145086086,1.2347401526558113,0.8468586292670996
2021-03-17,2.240890990552403,1.2353717477769375,0.8529668050603989
2021-03-18,2.2317258007174074,1.2303191072723787,0.8534031152195852
2021-03-19,2.2512018564311935,1.2195822311421345,0.8499127171637493
2021-03-22,2.283844724850912,1.2018980496084044,0.8424956108928913
2021-03-23,2.2778441736324644,1.2050559047495844,0.8302792593062926
2021-03-24,2.2599366391208022,1.2145295906375757,0.8324607268845698
2021-03-25,2.281090528585345,1.2258980618889461,0.8390052128370554
2021-03-26,2.2587613981334056,1.2138979955164493,0.8468586292670996
2021-03-29,2.23525702669407,1.2265296570100723,0.8385689026778692
2021-03-30,2.2179919546032356,1.217055971122081,0.8472949394262859
2021-03-31,2.243314045700639,1.230950702393505,0.8407504534738003
2021-04-01,2.2870524625038757,1.2549508351384986,0.8503490273229355
2021-04-05,2.2628811859468656,1.2416875785237491,0.8669284805013964
2021-04-06,2.2766933753419147,1.2492665995128134,0.8577661335937935
2021-04-07,2.2732402731088266,1.2473718141494343,0.8630017722863742
2021-04-08,2.2743913071865225,1.246740219028308,0.8616928418088156
2021-04-09,2.268630305691477,1.2498981946339396,0.8612565316496293
2021-04-12,2.274362195852074,1.246740219028308,0.8634380824455604
2021-04-13,2.2709056391982094,1.248635004391687,0.8612565316496293
2021-04-14,2.2732030166018724,1.2473718141494343,0.862565462127188
2021-04-15,2.246730325299155,1.2618981405419847,0.8616928418088156
2021-04-16,2.257975264975684,1.2682139712887963,0.871727725817137
2021-04-19,2.1950039030582627,1.2328454877568842,0.8760907441913454
2021-04-20,2.189381540459691,1.236003342898064,0.8516579578004941
2021-04-21,2.217350134923169,1.220213826263261,0.8538394253787714
2021-04-22,2.1898054385838126,1.2353717477769375,0.8429319210520775
2021-04-23,2.213315731352427,1.248635004391687,0.8534031152195852
2021-04-26,2.231228233683814,1.2587402854008045,0.862565462127188
2021-04-27,2.2569774290934483,1.2732666117933547,0.8695462582388598
2021-04-28,2.2760094895122807,1.2840034879235986,0.8795811422471812
2021-04-29,2.244662503665418,1.2663191859254166,0.8869982485180392
2021-04-30,2.2233913270716945,1.2783192522979132,0.8747818137137867
2021-05-03,2.265134748410494,1.2543192400173715,0.8830715403030172
2021-05-04,2.2297777221912303,1.2738982069144809,0.8664921703422102
2021-05-05,2.257415026526344,1.2896877235492836,0.8800174524063674
2021-05-06,2.2861578483375706,1.306108835305213,0.8909249567330613
2021-05-07,2.2839468133853456,1.3048456450629604,0.9022687712189414
2021-05-10,2.2585205440024563,1.29031931867041,0.901396150900569
2021-05-11,2.285052330861458,1.2751613971567335,0.8913612668922475
2021-05-12,2.2567579738726247,1.2909509137915363,0.8808900727247398
2021-05-13,2.2048658667095116,1.3206351616977632,0.8917975770514337
2021-05-14,2.1943212742002096,1.3143193309509515,0.9123036552272629
2021-05-17,2.1995936710155477,1.3174773065565832,0.9079406368530545
2021-05-18,2.1732322903029795,1.3016877899217802,0.9101221876489856
2021-05-19,2.1574155020997132,1.3111614758097716,0.8992146833222917
2021-05-20,2.145984046444779,1.3181089016777094,0.9057591692747773
2021-05-21,2.1562665151320477,1.324424611960069,0.9105584978081718
2021-05-24,2.1449557603509484,1.317477306556583,0.9149214329647263
2021-05-25,2.1562667112575666,1.3105298806886452,0.9101221876489856
2021-05-26,2.1261308403955987,1.3288457778079534,0.9053228591155911
2021-05-27,2.1342149800162966,1.3338984183125122,0.9179756040790298
2021-05-28,2.1463410930767974,1.3414773188371245,0.9214660021348657
2021-06-01,2.1493727177124686,1.3433721042005036,0.9267015576097926
2021-06-02,2.139267495001323,1.337056273453692,0.9280104880873512
2021-06-03,2.1362358703656517,1.338951058817071,0.9236474697131429
2021-06-04,2.1301899738214893,1.3427405090793771,0.9249564001907016
2021-06-07,2.1221742149527003,1.3376878685748184,0.927574177928165
2021-06-08,2.149227472801402,1.3206351616977627,0.9240837798723291
2021-06-09,2.185202147159843,1.2985298143161481,0.9123036552272629
2021-06-10,2.1830764154290736,1.2997930045584007,0.8970331325263606
2021-06-11,2.1841372154243,1.2991614094372743,0.8979057528447331
2021-06-14,2.1692719805383325,1.3080035002041392,0.8974694426855468
2021-06-15,2.1441331682815714,1.2928455786904627,0.9035776184788462
2021-06-16,2.171366931506109,1.2764244669345333,0.8931064243113386
2021-06-17,2.230458975534177,1.2416875785237476,0.8817626098254585
2021-06-18,2.1986924419873106,1.2593718805219296,0.8577661335937935
2021-06-21,2.206410987415058,1.254950835138497,0.869982568398046
2021-06-22,2.2164048131398597,1.2492665995128118,0.8669284805013964
2021-06-23,2.1861507147623653,1.2663191859254157,0.8630017722863742
2021-06-24,2.198144626088799,1.2732666117933535,0.8747818137137867
2021-06-25,2.166524598002294,1.2549508351384973,0.8795811422471812
2021-06-28,2.1763377603661636,1.249266599512812,0.8669284805013964
2021-06-29,2.201644172008943,1.23474015265581,0.8630017722863742
2021-06-30,2.1802470576963477,1.2467402190283066,0.8529668050603989
2021-07-01,2.189082903709439,1.2416875785237478,0.8612565316496293
2021-07-02,2.206898414049439,1.23158229751463,0.8577661335937935
2021-07-06,2.212557041586496,1.22842444237345,0.8507853374821217
2021-07-07,2.2580596718185246,1.203161119386204,0.8486038699038445
2021-07-08,2.1928662096986784,1.2378981282614414,0.8311517964070112
2021-07-09,2.2018166753139408,1.2429507687660002,0.8551483558563301
2021-07-12,2.1716087738389547,1.2258980618889446,0.8586387539121659
2021-07-13,2.162658308223692,1.2309507023935033,0.8468586292670996
2021-07-14,2.1837412347692102,1.2189506360210065,0.8503490273229355
2021-07-15,2.2041075528555214,1.207582285234088,0.842059300733705
2021-07-16,2.2824963469347845,1.1646347807131117,0.8342059675213147
2021-07-19,2.2515514407413284,1.1804242973479147,0.8045375424378828
2021-07-20,2.185294001510455,1.2151611857587006,0.8154450467645766
2021-07-21,2.1841581678072757,1.2145295906375744,0.8394415229962416
2021-07-22,2.200059623013665,1.2233718018688913,0.8390052128370554
2021-07-23,2.2352696012597284,1.2429507687660004,0.8451134718480087
2021-07-26,2.2250473145692378,1.2372665331403152,0.8586387539121659
2021-07-27,2.223911480866058,1.2378981282614416,0.8547120456971439
2021-07-28,2.1955452635499526,1.2536876448962446,0.8551483558563301
2021-07-29,2.1767420970442872,1.2429507687660006,0.8660558601830239
2021-07-30,2.180060377356729,1.2410559834026216,0.8586387539121659
2021-08-02,2.1611997952869686,1.2517928595328658,0.8573298234346073
2021-08-03,2.1568380409085584,1.2543192400173713,0.8647469297054653
2021-08-04,2.1720422705167057,1.2631613307842364,0.8664921703422102
2021-08-05,2.1926767300864003,1.2751613971567333,0.8726003461355095
2021-08-06,2.1948486149289264,1.276424466934534,0.8808900727247398
2021-08-09,2.1991927988981645,1.2789508474190394,0.8817626098254585
2021-08-10,2.1709562245243963,1.2953719591749686,0.8835078504622034
2021-08-11,2.1688392026915913,1.294108768932716,0.8948516649480834
2021-08-12,2.1825996427145102,1.3023193850429065,0.893979044629711
2021-08-13,2.163546849999892,1.290950913791536,0.8996509934814779
2021-08-16,2.20271094634553,1.2675823761676688,0.8917975770514337
2021-08-17,2.20271094634553,1.2675823761676688,0.8756544340321591
2021-08-18,2.2323438797225905,1.2505296692906132,0.8756544340321591
2021-08-19,2.2199418999879432,1.257477095158551,0.8638743093870929
2021-08-20,2.1965270328681075,1.2707403517733005,0.8686736379204874
2021-08-23,2.2008937773555695,1.273266611793354,0.8778359848280902
2021-08-24,2.215086165452295,1.2814772279035447,0.8795811422471812
2021-08-25,2.1932518183316865,1.2688455664099216,0.8852530910989482
2021-08-26,2.1714174712110776,1.281477227903545,0.8765270543505316
2021-08-27,2.189610724987099,1.2707403517733007,0.8852530910989482
2021-08-30,2.191787326130106,1.269477161531048,0.8778359848280902
2021-08-31,2.169978622219403,1.2821087025602194,0.8769633645097178
2021-09-01,2.169978622219403,1.2821087025602194,0.8856893180404806
2021-09-02,2.169978622219403,1.2821087025602194,0.8856893180404806
2021-09-03,2.1795992337687697,1.2764244669345342,0.8856893180404806
2021-09-07,2.202247124137078,1.2631613307842364,0.8817626098254585
2021-09-08,2.2044494216666517,1.2618981405419838,0.8726003461355095
2021-09-09,2.2198959472229602,1.2530560497751186,0.871727725817137
2021-09-10,2.189685618728596,1.2701087566521743,0.8656195500238377
2021-09-13,2.1679084540815774,1.2574770951585512,0.877399674668904
2021-09-14,2.18315234472503,1.2663191859254161,0.8686736379204874
2021-09-15,2.1820634657244353,1.2669507810465426,0.8747818137137867
2021-09-16,2.153781460957373,1.2505296692906134,0.8752181238729729
2021-09-17,2.244066234551108,1.1981084788816456,0.8638743093870929
2021-09-20,2.2346026007053736,1.2031611193862044,0.8276613983511754
2021-09-21,2.1900277235878383,1.2271612521311979,0.8311517964070112
2021-09-22,2.233986007792543,1.2517928595328658,0.8477312495854721
2021-09-23,2.229477570558805,1.2492665995128123,0.8647469297054653
2021-09-24,2.262164439202609,1.2675823761676688,0.8630017722863742
2021-09-27,2.211443391655112,1.2391613185036945,0.8756544340321591
2021-09-28,2.20468062831232,1.2429507687660006,0.8560209761747025
2021-09-29,2.211402155660948,1.2391613185036945,0.8586387539121659
2021-09-30,2.2328172094175556,1.2511612644117394,0.8560209761747025
2021-10-01,2.219291934937631,1.243582363887127,0.8643106195462791
2021-10-04,2.1764616124440543,1.2675823761676688,0.8590750640713521
2021-10-05,2.187306006804197,1.2738982069144804,0.8756544340321591
2021-10-06,2.1905593871641256,1.2757929922778595,0.8800174524063674
2021-10-07,2.20140357468465,1.2821087025602194,0.8813263828839261
2021-10-08,2.2035724949246025,1.283371892802472,0.8856893180404806
2021-10-11,2.205741415164555,1.2846350830447246,0.886561938358853
2021-10-12,2.205741415164555,1.2846350830447246,0.8874345586772254
2021-10-13,2.1873060068041976,1.2953719591749688,0.8874345586772254
2021-10-14,2.2139674644150573,1.2795824425401658,0.8948516649480834
2021-10-15,2.2075687715434693,1.2832806247335766,0.9057591692747773
2021-10-18,2.2256985708552848,1.2727416007688128,0.9031413915373139
2021-10-19,2.233163746440601,1.2684727210342024,0.9105584978081718
2021-10-20,2.225698570855285,1.2642323819176478,0.9136125857048215
2021-10-21,2.213967667825837,1.2708957224405584,0.9105584978081718
2021-10-22,2.211857068788819,1.2696841639670926,0.9153577431239125
2021-10-25,2.2224098626961073,1.275741840793846,0.9144851228055401
2021-10-26,2.2086913715110943,1.2678669417974695,0.9188481411797483
2021-10-27,2.2297967580478684,1.2799821799104008,0.9131762755456353
2021-10-28,2.2382389529181386,1.2751360615571132,0.9219022290763981
2021-10-29,2.208466579217031,1.2920975335639073,0.9184118310205621
2021-11-01,2.1991481390001657,1.286645635973887,0.9306282658248147
2021-11-02,2.2229618428951956,1.3005782117970166,0.9267015576097926
2021-11-03,2.177405243482918,1.2739246186242228,0.936736441618114
2021-11-04,2.1618745756158617,1.2830110760940652,0.9175392939198436
2021-11-05,2.1639160525052366,1.2817995176205994,0.9240837798723291
2021-11-08,2.1495990898972126,1.27331883938749,0.9232111595539567
2021-11-09,2.165961388607522,1.2636266026809149,0.9171029837606574
2021-11-10,2.1586930937001707,1.2678669417974695,0.9101221876489856
2021-11-11,2.157661683059565,1.2684727210342024,0.9131762755456353
2021-11-12,2.159722534074833,1.2672611625607366,0.9136125857048215
2021-11-15,2.1504311690219953,1.2618092649707162,0.9127399653864491
2021-11-16,2.153528356342728,1.2599919272605176,0.9088132571714269
2021-11-17,2.1597404023048314,1.2563573673806958,0.9075043266938683
2021-11-18,2.211807432828921,1.226069098787505,0.9048865489564049
2021-11-19,2.211807432828921,1.226069098787505,0.8830715403030172
2021-11-22,2.2085289870550633,1.2278864364977036,0.8830715403030172
2021-11-23,2.199812551609728,1.223040318144416,0.8843804707805758
2021-11-24,2.290245647286163,1.172761796901342,0.8808900727247398
2021-11-26,2.2807818316211446,1.1776079152546295,0.8446771616888223
2021-11-29,2.30072694863419,1.1673098993113216,0.8481675597446583
2021-11-30,2.2983390092948652,1.168521457784787,0.8407504534738003
2021-12-01,2.344806130512505,1.192146270314492,0.8416230737921727
2021-12-02,2.3102534926040637,1.174579019070965,0.8586387539121659
2021-12-03,2.268552119259263,1.1957808301943138,0.8459860089487272
2021-12-06,2.300730242787566,1.212742302201108,0.8612565316496293
2021-12-07,2.305326992322733,1.2151653036074639,0.873472966453882
2021-12-08,2.2788950797078056,1.201232727784334,0.8752181238729729
2021-12-09,2.2731490879899634,1.204261508427423,0.8651832398646515
2021-12-10,2.3554763441065103,1.160646443247835,0.8673647074429287
2021-12-13,2.349329578915622,1.1636752238909238,0.8359511249404058
2021-12-14,2.3346538092882514,1.1564059885907048,0.838132592518683
2021-12-15,2.3491473642566847,1.1635849689152329,0.8433682312112637
2021-12-16,2.3177448537977807,1.1791393311966925,0.8486038699038445
2021-12-17,2.3310305933215743,1.1858983745792588,0.8372600554179644
2021-12-20,2.2894922935005315,1.207030745120294,0.8324607268845698
2021-12-21,2.3130710887448767,1.2194615931618509,0.8472949394262859
2021-12-22,2.3366496591251655,1.231892322654055,0.8560209761747025
2021-12-23,2.3649440784999456,1.2468092691743116,0.8647469297054653
2021-12-27,2.3625863788667565,1.2455662792096382,0.8752181238729729
2021-12-28,2.3708388897430606,1.2499170404593773,0.8743455867722544
2021-12-29,2.3578705298722653,1.2430800621815858,0.877399674668904
2021-12-30,2.3519759434932075,1.2461877149172986,0.8726003461355095
2021-12-31,2.3754371405512305,1.2586185629588558,0.8747818137137867
2022-01-03,2.4305706627722596,1.287830901742356,0.8835078504622034
2022-01-04,2.4118017946228645,1.2977755327558604,0.9040139286380324
2022-01-05,2.436436073908044,1.2845199804154246,0.8970331325263606
2022-01-06,2.466935540586451,1.2684402749965225,0.9061954794339635
2022-01-07,2.4657624583592943,1.269043446306971,0.9175392939198436
2022-01-10,2.488050349447603,1.2575726324734107,0.9171029837606574
2022-01-11,2.51854981612601,1.242156829248884,0.9253926271322339
2022-01-12,2.5291073324278646,1.2369498284223421,0.936736441618114
2022-01-13,2.5291073324278646,1.2369498284223421,0.9406631498331361
2022-01-14,2.490396513901917,1.2558827300512312,0.9406631498331361
2022-01-18,2.5115115465056257,1.2665308355410345,0.9262652474506063
2022-01-19,2.5389531867409634,1.2803693877006834,0.9184118310205621
2022-01-20,2.564562113376398,1.2932837202244634,0.9083769470122407
2022-01-21,2.6106023902378577,1.3165013838673068,0.8992146833222917
2022-01-24,2.591255089491902,1.3067447283530877,0.8830715403030172
2022-01-25,2.606505349164039,1.299054170787608,0.8896160262555026
2022-01-26,2.6090470995085036,1.2977873898131753,0.8948516649480834
2022-01-27,2.6090470995085036,1.2977873898131753,0.8957242852664559
2022-01-28,2.577275947386652,1.281983842000128,0.8957242852664559
2022-01-31,2.625646304134636,1.257923548477591,0.9066317895931497
2022-02-01,2.64176967752988,1.2501989851794666,0.9236474697131429
2022-02-02,2.629367191793039,1.2560683746322214,0.9293193353472561
2022-02-03,2.625646304134636,1.2578458704980966,0.9249564001907016
2022-02-04,2.602081155422585,1.2465567166815867,0.9236474697131429
2022-02-07,2.6435000676234117,1.2267145134151785,0.9319371963023734
2022-02-08,2.660554831816551,1.218800261013662,0.9467714088440893
2022-02-09,2.632536224255326,1.2316355861122035,0.9528795846373886
2022-02-10,2.711719589103441,1.2686816290408747,0.9428447006290672
2022-02-11,2.737594629093575,1.280787301035166,0.9144851228055401
2022-02-14,2.675616421881087,1.2517907140697089,0.9057591692747773
2022-02-15,2.6743560932331483,1.2523803605097827,0.9262652474506063
2022-02-16,2.6075603575741604,1.2836602890566153,0.9258289372914201
2022-02-17,2.620163403670439,1.289864567223351,0.9027050813781277
2022-02-18,2.6710650235921576,1.3149226211826275,0.8983420630039193
2022-02-22,2.702816136883239,1.3305531867979967,0.8808900727247398
2022-02-23,2.813909544295036,1.385242695731619,0.8704188785572322
2022-02-24,2.746246123591612,1.3519330751406997,0.8346421944628472
2022-02-25,2.6214805618364707,1.4133531671442114,0.8547120456971439
2022-02-28,2.7644704690021995,1.4904451895320343,0.8158813569237628
2022-03-01,2.6972349981423727,1.526694729989278,0.771378719298615
2022-03-02,2.756809712584637,1.4929741225367341,0.7901396400553531
2022-03-03,2.9373799560210796,1.395184746824612,0.7726875665585198
2022-03-04,3.059844670855764,1.3370169562358103,0.7220767531400726
2022-03-07,2.915148172059124,1.4002429344175573,0.6919720595062813
2022-03-08,3.099428921252651,1.311726741834062,0.7246946140951899
2022-03-09,3.043267181869876,1.3354952673553786,0.7705060989802426
2022-03-10,3.0186965045775054,1.3462777656635014,0.756544506756899
2022-03-11,2.9116383144104803,1.2985319717966837,0.7504363309635996
2022-03-14,2.9361607540262074,1.2875954582503841,0.777050584932728
2022-03-15,3.0816611444763637,1.2237891282800712,0.7835950708852136
2022-03-16,3.0783914027090034,1.225087607976436,0.8224258428762484
2022-03-17,3.0865654453076665,1.2218346368676025,0.821553222557876
2022-03-18,3.107818143156033,1.2302476392218835,0.8237346901361532
2022-03-21,3.034887922209761,1.201377792913577,0.8180628245020402
2022-03-22,2.9621390209366587,1.2301758627891626,0.8372600554179644
2022-03-23,2.957394429012502,1.2282054345200544,0.8171902041836677
2022-03-24,2.94951236806721,1.2249320158670485,0.8184991346612264
2022-03-25,2.951080459487089,1.225583243983537,0.8206806022395036
2022-03-28,2.8490481786624886,1.183209254036212,0.8202442920803173
2022-03-29,2.8226816222869786,1.1941592806922077,0.8486038699038445
2022-03-30,2.769948509535959,1.2164684690520333,0.8407504534738003
2022-03-31,2.736258033895968,1.2016727422786573,0.8250436206137118
2022-04-01,2.7519834698629455,1.194766658302703,0.8350785046220334
2022-04-04,2.796813665561802,1.1753037423031216,0.8302792593062926
2022-04-05,2.8356583354260345,1.158980064246868,0.8167538940244815
2022-04-06,2.824905321528998,1.1633749973675265,0.8054100795386013
2022-04-07,2.808135979383306,1.1702810813434807,0.808464250652905
2022-04-08,2.7915645563306013,1.1633749973675265,0.8132634959686456
2022-04-11,2.7614342260352966,1.1508182850935826,0.808464250652905
2022-04-12,2.731303895739992,1.1633749973675265,0.7997382139044883
2022-04-13,2.731303895739992,1.1633749973675265,0.808464250652905
2022-04-14,2.7239337761795173,1.160235759424199,0.808464250652905
2022-04-18,2.7342516624228668,1.1646305727951742,0.8062826998569739
2022-04-19,2.701823698639408,1.1784429802464491,0.8093367877536235
2022-04-20,2.678792725332323,1.1683976583271674,0.8189354448204126
2022-04-21,2.6298518384170535,1.1470513193112728,0.8119546487087408
2022-04-22,2.667277238678781,1.1307276412550191,0.7971204361670248
2022-04-25,2.7694661723700023,1.0874071156345644,0.7857766216811447
2022-04-26,2.779060080812007,1.0836401498522545,0.7556718864385266
2022-04-27,2.7323668793973312,1.1018472509248216,0.7530541087010632
2022-04-28,2.7790738887889743,1.083012302263589,0.765706770446848
2022-04-29,2.775851700386954,1.08426799744092,0.7526177985418769
2022-05-02,2.729239412105194,1.102475098513487,0.7534904188602494
2022-05-03,2.755661446410047,1.1131482680214344,0.7661430806060342
2022-05-04,2.653081853566997,1.0717112851669761,0.7735601868768922
2022-05-05,2.6981545612357998,1.053504184094409,0.7447643821118327
2022-05-06,2.773728809479769,1.023995946175546,0.7321117203660479
2022-05-09,2.7295123687112217,1.0403196242317996,0.7116055589725648
2022-05-10,2.7328069672538446,1.0390639290544685,0.722949373458445
2022-05-11,2.72620215920109,1.0365526584494897,0.7220767531400726
2022-05-12,2.6518964151222,1.0648050814413386,0.7203315957209815
2022-05-13,2.65971468533261,1.067944319384666,0.7399650535784382
2022-05-16,2.7378955980176256,1.0993359803198426,0.7421466043743693
2022-05-17,2.6737872734748342,1.0735948279329726,0.763961613027757
2022-05-18,2.6472057512324683,1.08426799744092,0.7460733125893914
2022-05-19,2.6441400114863254,1.085523692618251,0.7534904188602494
2022-05-20,2.566146553050717,1.1175430813924099,0.7543630391786218
2022-05-23,2.594979771613784,1.1300997936663537,0.7766142747735418
2022-05-24,2.5935380831882355,1.1294719460776883,0.7853403115219585
2022-05-25,2.6324628457561903,1.1464234717226076,0.7849040013627723
2022-05-26,2.65841268746816,1.1577244888192204,0.7966841260078386
2022-05-27,2.635346222607287,1.1476791668999387,0.8045375424378828
2022-05-31,2.6785960504518873,1.128844098489023,0.797556746326211
2022-06-01,2.6324131541630758,1.1483070144886043,0.7844676912035861
2022-06-02,2.6741519287142257,1.130099793666354,0.7979930564853973
2022-06-03,2.6399822776322996,1.1445399289566112,0.7853403115219585
2022-06-06,2.6399822776322996,1.1445399289566112,0.7953751955302799
2022-06-07,2.583504411323314,1.1200544717470722,0.7953751955302799
2022-06-08,2.7384567043753947,1.0528763365057436,0.7783595154102867
2022-06-09,2.851130320173534,1.009555810885289,0.7316754102068617
2022-06-10,2.9309193815140535,0.9813033280185984,0.7015706749642434
2022-06-13,2.9421705901811013,0.977536302361447,0.6819371754979598
2022-06-14,2.8287920730932368,1.0152063194335954,0.6793193561516695
2022-06-15,2.757066388933894,0.9894651670467254,0.7054973831792656
2022-06-16,2.757066388933894,0.9894651670467254,0.6876090827408999
2022-06-17,2.687090152397098,1.01457847184493,0.6876090827408999
2022-06-21,2.6704620556879086,1.008300115707958,0.7050610730200794
2022-06-22,2.7220088700472873,0.9888373194580599,0.700698054645871
2022-06-23,2.645965355346946,1.0164620146109264,0.6871727725817137
2022-06-24,2.6394279227851087,1.0139506242562644,0.706370003497638
2022-06-27,2.6214506066839394,1.00704454028031,0.7046247628608932
2022-06-28,2.644331308928428,0.9982547937886761,0.6998255175451524
2022-06-29,2.6493205689949977,0.9963713108975212,0.6937172585341993
2022-06-30,2.671022647107388,0.9882094718693942,0.6924083696654675
2022-07-01,2.777931452559829,0.9486559719060909,0.6867364624225275
2022-07-05,2.796316069503754,0.9423776756439605,0.6592495465261997
2022-07-06,2.7385641391284112,0.9618404718938586,0.6548865697608183
2022-07-07,2.7510772768250513,0.9662353451396756,0.6684118518249756
2022-07-08,2.6920873306776087,0.9455168537124463,0.6714659813304522
2022-07-11,2.6920873306776087,0.9455168537124463,0.6570680789479225
2022-07-12,2.702812852920959,0.9417498280552948,0.6570680789479225
2022-07-13,2.7875010370944087,0.9122416500112732,0.6544502596016321
2022-07-14,2.7510504730567313,0.9241705146965516,0.6339441398169761
2022-07-15,2.715541069115697,0.9360993195069883,0.6422338664062065
2022-07-18,2.8211757860188724,0.9725136414018059,0.65052355138661
2022-07-19,2.7574307940623233,0.9505395146720872,0.6758289580958337
2022-07-20,2.7064347657587633,0.9681188280308304,0.6605584770037584
2022-07-21,2.7415376473581246,0.9555621756317282,0.6727748701991839
2022-07-22,2.7937745592637575,0.9737693365791369,0.6640488750595942
2022-07-25,2.7271274766105558,0.9505395146720873,0.6767015784142061
2022-07-26,2.6586790796682114,0.9743971841678025,0.6605584770037584
2022-07-27,2.670670491957069,0.9787919975387779,0.6771378885733923
2022-07-28,2.7220625156347658,0.9976270060748521,0.6801919764700419
2022-07-29,2.728914774567076,1.0001383365546725,0.6932809899838399
2022-08-01,2.6792358564651417,0.9819311756072638,0.6950261890117579
2022-08-02,2.620991737225874,1.003277454748317,0.6823734856571461
2022-08-03,2.6029497660694156,1.0101836584739543,0.6972076565900351
2022-08-04,2.601331985262594,1.009555810885289,0.7020069851234296
2022-08-05,2.614273923157029,1.0145784718449298,0.7015706749642434
2022-08-08,2.622362518630999,1.0177175900385742,0.7050610730200794
2022-08-09,2.677365831822383,1.0390639290544688,0.7072425405983566
2022-08-10,2.682219174242848,1.0409474718204652,0.7220767531400726
2022-08-11,2.706485269224897,1.0503649461510816,0.7233856836176312
2022-08-12,2.7469288637150244,1.0346691156834933,0.7299301695701167
2022-08-15,2.7402614078600966,1.0371805060381554,0.7190226652434228
2022-08-16,2.7784126700847604,1.0227403707478981,0.7207679058801677
2022-08-17,2.797174307429208,1.0158341670222606,0.7107330218718463
2022-08-18,2.8594106757197637,0.993232132829035,0.7059336933384518
2022-08-19,2.926286885782452,0.9700023109219853,0.6902268604783633
2022-08-22,2.9243928055887296,0.9706301585106508,0.6740837590679156
2022-08-23,2.930067514712537,0.9687466756194959,0.674520069227102
2022-08-24,2.9034824430615096,0.9775363023614467,0.6732111803583701
2022-08-25,2.9873980866833065,0.9492838194947562,0.6793193561516695
2022-08-26,2.969615924932164,0.9549343280430626,0.6596858566853859
2022-08-29,2.9676634700428814,0.9555621756317281,0.663612564900408
2022-08-30,2.9715632484166026,0.954306480454397,0.6640488750595942
2022-08-31,3.0165276033796538,0.9398663451641398,0.6631762547412218
2022-09-01,3.018542697963761,0.9392384975754743,0.6531413707329004
2022-09-02,3.0003829852152943,0.9448890061237807,0.6527050605737141
2022-09-06,3.030287058140428,0.9543064804543969,0.6566317687887363
2022-09-07,3.002376450651633,0.9630961670711894,0.6631762547412218
2022-09-08,3.0884940755081463,0.9907208023492144,0.6692844721433481
2022-09-09,3.172654434954145,1.017717590038574,0.6884816614504454
2022-09-12,3.0806652005211905,0.988209471869394,0.7072425405983566
2022-09-13,3.066964529302691,0.9926043451152109,0.6867364624225275
2022-09-14,3.047565750690481,0.9988826413773413,0.6897905919280041
2022-09-15,3.0264952799492875,0.9919764975265454,0.6941535686933855
2022-09-16,3.0169177268208793,0.9951156755950312,0.6893542817688179
2022-09-19,3.0797305088850537,0.974397184167802,0.691535790955922
2022-09-20,3.131323976255342,0.9580735061115482,0.6771378885733923
2022-09-21,3.1518438705826157,0.9517951499745763,0.6657940740875122
2022-09-22,3.289061317455243,0.910358167120118,0.6614310557133039
2022-09-23,3.3593792752867038,0.8908953109953782,0.6326352509482444
2022-09-26,3.404360295126564,0.8789665061849414,0.6191099272752602
2022-09-27,3.3751800918539163,0.8865004976244028,0.6108202422948567
2022-09-28,3.430158128849901,0.8720603623341455,0.6160558393786104
2022-09-29,3.4252192188549815,0.873315997636635,0.606020955370289
2022-09-30,3.4941667729288675,0.8908953109953783,0.6068935340798345
2022-10-03,3.68869754804869,0.9404941328779635,0.6191099272752602
2022-10-04,3.6148252861009094,0.9216591842167309,0.6535776392832596
2022-10-05,3.5138663089270286,0.8959180318298609,0.6404886673782886
2022-10-06,3.5606523253170965,0.8839891671445824,0.6226003669399229
2022-10-07,3.580883285254074,0.8789665061849415,0.6143106403506925
2022-10-10,3.6576165472951816,0.8601314976488673,0.6108202422948567
2022-10-11,3.676305017781256,0.8557366842778918,0.5977312287810586
2022-10-12,3.5117749532281795,0.8940344890638643,0.5946771408844089
2022-10-13,3.457520171572025,0.8802222013622726,0.6212914364623643
2022-10-14,3.5783606877910215,0.9109860147087836,0.6116928626132291
2022-10-17,3.6375478506098506,0.9260539975877062,0.6330715611074306
2022-10-18,3.5906914055088306,0.9141251927772694,0.6435427552749382
2022-10-19,3.5882254501163713,0.9147529804910934,0.6352530702945347
2022-10-20,3.5044919411175544,0.9360993195069882,0.635689338844894
2022-10-21,3.525645852094848,0.9417498280552947,0.65052355138661
2022-10-24,3.586757100661578,0.9580735061115484,0.6544502596016321
2022-10-25,3.59615881396765,0.960584836591369,0.6657940740875122
2022-10-26,3.5891075850267278,0.9587013537002139,0.6675392731154302
2022-10-27,3.6196629851555664,0.9668631328534992,0.6662303842466984
2022-10-28,3.659620322745004,0.9561899633455518,0.6719022498808115
2022-10-31,3.628382563384093,0.9643518023736788,0.6644851436099535
2022-11-01,3.56224023450564,0.9467724890149356,0.6701570508528936
2022-11-02,3.564602516856924,0.9461446414262702,0.657940657657468
2022-11-03,3.394296291511079,0.9913486499378801,0.6575043474982818
2022-11-04,3.407194277722991,0.9951156755950316,0.6889179716096316
2022-11-07,3.445888031352191,1.0064166926916445,0.691535790955922
2022-11-08,3.389997099444799,0.9900930146353907,0.6993892073859662
2022-11-09,3.224474002259032,1.0384362012154864,0.6880453929000862
2022-11-10,3.30440349293212,1.0641773536023564,0.7216405261985401
2022-11-11,3.277110233109758,1.0553876071107224,0.7395288266369058
2022-11-14,3.279059778228335,1.0560154546993878,0.7334205676259526
2022-11-15,3.2927062222206605,1.0604102680703633,0.7338568777851389
2022-11-16,3.3005044026949673,1.0629216584250254,0.7369109656817885
2022-11-17,3.2810093233469115,1.0692000145619973,0.7386562063185333
2022-11-18,3.2617431947085427,1.0629216584250254,0.7430192246927417
2022-11-21,3.2251375870427257,1.0748505231103038,0.7386562063185333
2022-11-22,3.257162914670004,1.085523692618251,0.7469459329077638
2022-11-23,3.285420472149523,1.0949411669488671,0.7543630391786218
2022-11-25,3.2157181616733266,1.071711285166976,0.7609075251311074
2022-11-28,3.1686221127693486,1.0874071156345642,0.7447643821118327
2022-11-29,3.2033819224841755,1.0993359803198424,0.7556718864385266
2022-11-30,3.218017576741757,1.1043586412794832,0.763961613027757
2022-12-01,3.223506077941421,1.1062421840454797,0.7674520110835928
2022-12-02,3.1942344204847357,1.0961967423765147,0.7687609415611515
2022-12-05,3.196063571943102,1.0955690145375323,0.7617800622318259
2022-12-06,3.214379191566145,1.0892906584005604,0.7613438352902936
2022-12-07,3.2069687029928855,1.0918019290055392,0.7569808169160852
2022-12-08,3.1903713664348543,1.0974524375538457,0.7587259743351762
2022-12-09,3.197672154699823,1.0999638279085078,0.7626526825501984
2022-12-12,3.2341750516624312,1.1125204204327686,0.7643979231869432
2022-12-13,3.2140985801752575,1.1056143364568143,0.773123876717706
2022-12-14,3.1374420439968116,1.0792453364812786,0.7683246314019653
2022-12-15,3.1483932263942647,1.0754782509492855,0.7500000208044134
2022-12-16,3.150230859163246,1.0748505231103032,0.7473821598492961
2022-12-19,3.1189493486405357,1.0855236926182503,0.7469459329077638
2022-12-20,3.1748702613752258,1.1049864888681484,0.7543630391786218
2022-12-21,3.1586351021833337,1.099335980319842,0.7678883212427791
2022-12-22,3.1712623717620745,1.1037307936908174,0.763961613027757
2022-12-23,3.165850537342347,1.1056143364568138,0.7670157009244066
2022-12-27,3.1496706951188447,1.0999638279085076,0.7683246314019653
2022-12-28,3.11731101067184,1.1112648450051203,0.7643979231869432
2022-12-29,3.0873707232818095,1.1005916754971732,0.7722513396169874
2022-12-30,3.0398187787736184,1.1175430813924092,0.7648342333461294
2023-01-03,3.133745962974897,1.1520739802709132,0.7766142747735418
2023-01-04,3.113252658468974,1.1445399289566103,0.8006108342228607
2023-01-05,3.181563130605343,1.169653233754815,0.7953751955302799
2023-01-06,3.1969330275522796,1.1753037423031214,0.8128271858094593
2023-01-09,3.217426332058203,1.1828377936174244,0.8167538940244815
2023-01-10,3.229380623965814,1.1872326069883998,0.8219895327170622
2023-01-11,3.178147851296044,1.2060675556496323,0.8250436206137118
2023-01-12,3.1946921517980513,1.2123459117866042,0.838132592518683
2023-01-13,3.191383544142678,1.2110903363589562,0.8424956108928913
2023-01-17,3.1980013905659956,1.2085789460042942,0.8416230737921727
2023-01-18,3.2096304358328553,1.2041841326333187,0.8398778331554279
2023-01-19,3.1711417226293355,1.2186242679235757,0.8368237452587782
2023-01-20,3.1793104329842445,1.2217633861172201,0.8468586292670996
2023-01-23,3.189113259349726,1.2255304716492132,0.8490400968453768
2023-01-24,3.2136197020307784,1.2349479459798296,0.8516579578004941
2023-01-25,3.247928659460986,1.2481323860927558,0.8582024437529797
2023-01-26,3.234858535923337,1.243109725133115,0.8673647074429287
2023-01-27,3.213619702030779,1.2349479459798296,0.8638743093870929
2023-01-30,3.182578041772739,1.246876810665108,0.8582024437529797
2023-01-31,3.1296953389179287,1.2675953020923372,0.8664921703422102
2023-02-01,3.1064435759394304,1.2581778277617208,0.8808900727247398
2023-02-02,3.063040068227281,1.240598454528136,0.8743455867722544
2023-02-03,3.097142634218265,1.2267861668265443,0.8621291519680018
2023-02-06,3.059102025799356,1.241854149705467,0.8525305781188666
2023-02-07,3.059102025799356,1.241854149705467,0.8630017722863742
2023-02-08,3.074567421357568,1.2481323860927556,0.8630017722863742
2023-02-09,3.0405431381525845,1.234320098391164,0.8673647074429287
2023-02-10,3.0049722563950776,1.2487602336814212,0.8577661335937935
2023-02-13,2.9868425830061405,1.256294284995724,0.8678010176021149
2023-02-14,2.967437649390877,1.2481323860927556,0.8730366562946957
2023-02-15,2.958481394781455,1.2518994716247487,0.8673647074429287
2023-02-16,2.9614485631736747,1.2531550470523967,0.869982568398046
2023-02-17,2.94067696946944,1.244365420310446,0.8708551054987645
2023-02-21,2.9792529884856895,1.2280417422541923,0.8647469297054653
2023-02-22,2.956406013844604,1.2374592165848086,0.8534031152195852
2023-02-23,2.9894048633247796,1.223646928883217,0.8599476011720707
2023-02-24,2.9295861826782867,1.2481323860927562,0.8503490273229355
2023-02-27,2.9413752511389686,1.253155047052397,0.8673647074429287
2023-02-28,2.9487435945978717,1.2562942849957246,0.8708551054987645
2023-03-01,2.9222181202929467,1.2449932678991118,0.8730366562946957
2023-03-02,2.878009183833781,1.2638282165603443,0.8651832398646515
2023-03-03,2.8894468651418244,1.2688508775199852,0.8782722117696226
2023-03-06,2.8193910330430803,1.2380870641734742,0.8817626098254585
2023-03-07,2.805093863234068,1.2443654203104462,0.8603839113312569
2023-03-08,2.8588745559844746,1.2205078106895726,0.8647469297054653
2023-03-09,2.9265229662271364,1.191627420359375,0.8481675597446583
2023-03-10,3.014411124176427,1.155840946053223,0.8280977085103616
2023-03-13,2.9587402794899895,1.1771872850691176,0.8032286119603241
2023-03-14,2.7898948823636744,1.1100091498277893,0.8180628245020402
2023-03-15,2.7457112201496106,1.127588403311691,0.771378719298615
2023-03-16,2.834381174458375,1.0911740814168736,0.7835950708852136
2023-03-17,2.7724094871310676,1.1150318107874302,0.75828966417599
2023-03-20,2.8879265118767354,1.1614914546015294,0.7748691173544509
2023-03-21,2.8473394008452826,1.1451677765452755,0.8071553201753463
2023-03-22,2.7942639708614605,1.1238214375293807,0.7958115056894661
2023-03-23,2.805191212726658,1.1194266241584052,0.7809772931477502
2023-03-24,2.7737251227021456,1.131983336432349,0.7779232052511005
2023-03-27,2.775263552265427,1.1326111840210145,0.7866492419995171
2023-03-28,2.8367992676695017,1.157724488819219,0.7870855521587033
2023-03-29,2.8691054082221026,1.1709089289321453,0.8045375424378828
2023-03-30,2.8767975560385097,1.1740481668754728,0.8136998061278318
2023-03-31,2.8967965535102955,1.1658863877221872,0.8158813569237628
2023-04-03,2.9060268374645477,1.1621714349395929,0.821553222557876
2023-04-04,2.895258123947014,1.166478033584788,0.8241710002953394
2023-04-05,2.838337403807347,1.1435450974332324,0.8211169123986898
2023-04-06,2.8324209842363155,1.1459287790158852,0.8372600554179644
2023-04-10,2.847211751053481,1.1399447937771678,0.8355148147812196
2023-04-11,2.870876865116781,1.1304699369946962,0.8398778331554279
2023-04-12,2.9048954313189728,1.1170743898507134,0.8468586292670996
2023-04-13,2.9270817225999277,1.1256061041177807,0.8568935132754211
2023-04-14,2.8797512123629154,1.1074052077019236,0.8634380824455604
2023-04-17,2.842774436375208,1.1216245868333645,0.8494764070045631
2023-04-18,2.860073388200488,1.1284499365499676,0.8603839113312569
2023-04-19,2.848540845302805,1.1238997395673167,0.8656195500238377
2023-04-20,2.8528656519985027,1.1256061041177807,0.8621291519680018
2023-04-21,2.8341253728988347,1.1330001335326185,0.8634380824455604
2023-04-24,2.7516056693968785,1.1000111782870858,0.8691099480796736
2023-04-25,2.7203051857819056,1.1125241928680627,0.8438045413704499
2023-04-26,2.681364115193918,1.1284499365499676,0.8534031152195852
2023-04-27,2.6719036984432805,1.1244685277508046,0.8656195500238377
2023-04-28,2.6705521735107576,1.1238997395673165,0.862565462127188
2023-05-01,2.6246013569130717,1.1045613752697367,0.8621291519680018
2023-05-02,2.625952881845595,1.1039925870862486,0.8472949394262859
2023-05-03,2.6462461293289445,1.0954609813044347,0.8468586292670996
2023-05-04,2.588539817646557,1.1193495425846653,0.8403141433146141
2023-05-05,2.5859091275810284,1.1182119662176893,0.8586387539121659
2023-05-08,2.5714405830970346,1.111955404684574,0.8577661335937935
2023-05-09,2.581963092482736,1.1074052077019232,0.8529668050603989
2023-05-10,2.595224128876721,1.1017175428375496,0.8494764070045631
2023-05-11,2.604603057072276,1.0977360255531334,0.8451134718480087
2023-05-12,2.57761224778931,1.1091115722523874,0.842059300733705
2023-05-15,2.5445659369202165,1.0948921931209465,0.8507853374821217
2023-05-16,2.5247382008234287,1.1034237989027604,0.8398778331554279
2023-05-17,2.520833877054654,1.1051301634532247,0.8464223191079134
2023-05-18,2.542889561290001,1.1147993456020147,0.8477312495854721
2023-05-19,2.5519712699531434,1.1187807544011776,0.8551483558563301
2023-05-22,2.527320741111755,1.1079739958854116,0.8582024437529797
2023-05-23,2.5792163959425713,1.0852230109721568,0.8499127171637493
2023-05-24,2.5805682174519182,1.0846542227886686,0.8324607268845698
2023-05-25,2.554857187177437,1.0954609813044345,0.8320244167253836
2023-05-26,2.5362861361601374,1.0874981637061087,0.8403141433146141
2023-05-30,2.492511335182507,1.068728587592017,0.8342059675213147
2023-05-31,2.4487365342048766,1.0874981637061087,0.819808065138785
2023-06-01,2.489719531550911,1.1056989516367126,0.8342059675213147
2023-06-02,2.4666665344742835,1.0954609813044347,0.8481675597446583
2023-06-05,2.4871580331473004,1.1045613752697365,0.8403141433146141
2023-06-06,2.584492773983098,1.061334449691926,0.8472949394262859
2023-06-07,2.556791780905126,1.07270999639118,0.814136116287018
2023-06-08,2.5771270224787615,1.0641782821241128,0.8228621530354346
2023-06-09,2.5771270224787615,1.0641782821241128,0.8163175838652953
2023-06-12,2.5633529071418084,1.0698660554737398,0.8163175838652953
2023-06-13,2.5851570584257395,1.0789664494390416,0.8206806022395036
2023-06-14,2.609686793601659,1.0892044197713195,0.8276613983511754
2023-06-15,2.6055986776896636,1.0874981637061087,0.8355148147812196
2023-06-16,2.587882642317728,1.0801040258060177,0.8342059675213147
2023-06-20,2.5892454342637214,1.0795352376225296,0.8285340186695478
2023-06-21,2.619257669847641,1.0670222230415527,0.8280977085103616
2023-06-22,2.6541624891159157,1.0528028439101118,0.8184991346612264
2023-06-23,2.6426912414656085,1.0573530408927627,0.8075916303345325
2023-06-26,2.60146596805748,1.0738474642729023,0.8110820283903684
2023-06-27,2.594576597325296,1.0710036318407155,0.8237346901361532
2023-06-28,2.605599748184379,1.0755538288233664,0.821553222557876
2023-06-29,2.642802980888528,1.0909107843217833,0.8250436206137118
2023-06-30,2.6565819851655434,1.0965985576714103,0.8368237452587782
2023-07-03,2.5973324507432283,1.0721412082076915,0.8411867636329865
2023-07-05,2.6372915368653094,1.0556466763422985,0.8224258428762484
2023-07-06,2.6088723378004217,1.0670222230415525,0.8097730979128097
2023-07-07,2.60330984821067,1.0692972672902514,0.8184991346612264
2023-07-10,2.6379283316396314,1.0835166464216923,0.8202442920803173
2023-07-11,2.700241707458989,1.1091115722523872,0.8311517964070112
2023-07-12,2.750092408114475,1.1295875129169433,0.8507853374821217
2023-07-13,2.7279365998493854,1.1204871189516414,0.8664921703422102
2023-07-14,2.7459380950204952,1.127881148366479,0.8595113742305384
2023-07-17,2.7237822867554056,1.1369815423317808,0.8651832398646515
2023-07-18,2.7251448903874076,1.1375503305152688,0.8721640359763232
2023-07-19,2.729232701283413,1.1392566950657328,0.8726003461355095
2023-07-20,2.731957648657348,1.1403941629474554,0.8739092766130682
2023-07-21,2.730595304915415,1.1398254832492207,0.8747818137137867
2023-07-24,2.7251451502774757,1.1421005274979195,0.8743455867722544
2023-07-25,2.7400738171582573,1.1483570890310346,0.8760907441913454
2023-07-26,2.703430866917072,1.1330001335326176,0.8808900727247398
2023-07-27,2.672216616943326,1.1460819362970824,0.8691099480796736
2023-07-28,2.6629335225894075,1.1421005274979197,0.879144832087995
2023-07-31,2.6337580470563275,1.1295875129169428,0.8760907441913454
2023-08-01,2.6921092510678375,1.1045613752697359,0.8664921703422102
2023-08-02,2.682405501054044,1.1085427840688988,0.8472949394262859
2023-08-03,2.6686424648040696,1.1142305574185258,0.8503490273229355
2023-08-04,2.704060925562029,1.1290187247334549,0.8547120456971439
2023-08-07,2.6618313322778686,1.1113867249863392,0.8660558601830239
2023-08-08,2.655020199751667,1.114230557418526,0.8525305781188666
2023-08-09,2.626559158053788,1.1261747838160148,0.8547120456971439
2023-08-10,2.609314183336228,1.118780754401177,0.8638743093870929
2023-08-11,2.6132939096641548,1.1170743898507127,0.8582024437529797
2023-08-14,2.654542369008474,1.099442390103597,0.8568935132754211
2023-08-15,2.669648488095257,1.093185828570482,0.8433682312112637
2023-08-16,2.7002062849350694,1.0806728139895054,0.8385689026778692
2023-08-17,2.7058910598566532,1.0783976612555533,0.828970328828734
2023-08-18,2.697327917060922,1.0818103903564815,0.8272250881919891
2023-08-21,2.7143458774155373,1.0749850406398784,0.8298429491471064
2023-08-22,2.733016135109735,1.0823791785399695,0.8246073104545256
2023-08-23,2.761739482057976,1.0710036318407155,0.8302792593062926
2023-08-24,2.750006133743806,1.0755538288233664,0.821553222557876
2023-08-25,2.715103920734937,1.0892044197713193,0.8250436206137118
2023-08-28,2.754802666283948,1.1051301634532245,0.8355148147812196
2023-08-29,2.753384824968743,1.1045613752697365,0.8477312495854721
2023-08-30,2.7264463808310007,1.0937546167539705,0.8472949394262859
2023-08-31,2.730699634351037,1.0920483606887597,0.8390052128370554
2023-09-01,2.766255617760448,1.0778289815573188,0.8376963655771507
2023-09-05,2.7896118425058396,1.068728587592017,0.8267888612504568
2023-09-06,2.805942815915533,1.062472026058902,0.819808065138785
2023-09-07,2.799934522135596,1.0647470703076007,0.8150087366053904
2023-09-08,2.7580550553879046,1.0806728139895059,0.8167538940244815
2023-09-11,2.7638616199821326,1.0829479667234578,0.828970328828734
2023-09-12,2.7682162665555645,1.0846542227886684,0.8307155694654789
2023-09-13,2.810313029247002,1.1011487546540615,0.8320244167253836
2023-09-14,2.8059581058013308,1.0994423901035972,0.8446771616888223
2023-09-15,2.779829118871782,1.0892044197713193,0.8433682312112637
2023-09-18,2.758055055387904,1.0977360255531332,0.8355148147812196
2023-09-19,2.758055055387904,1.0977360255531332,0.842059300733705
2023-09-20,2.7394776016717395,1.0903419961382954,0.842059300733705
2023-09-21,2.753768097451847,1.0846542227886684,0.836387435099592
2023-09-22,2.768208467909697,1.0789664494390414,0.8320244167253836
2023-09-25,2.7871786730062214,1.0715724200242036,0.8276613983511754
2023-09-26,2.8064109554682273,1.0641782821241126,0.8219895327170622
2023-09-27,2.768912143431977,1.0783976612555535,0.8163175838652953
2023-09-28,2.761610270998203,1.0755538288233666,0.8272250881919891
2023-09-29,2.707575746471691,1.054509208460576,0.8250436206137118
2023-10-02,2.732402502714531,1.044840026311786,0.8089005608120912
2023-10-03,2.7234780234868348,1.048252646927461,0.8014834545412332
2023-10-04,2.6998341786158315,1.0573530408927627,0.8041012322786966
2023-10-05,2.7506648932293007,1.0772601933738306,0.8110820283903684
2023-10-06,2.728880380396417,1.0687285875920167,0.8263525510912706
2023-10-09,2.683859016941108,1.0863605873391324,0.819808065138785
2023-10-10,2.7077467775971145,1.0960297694879224,0.8333333472029423
2023-10-11,2.675428121419381,1.0829479667234576,0.8407504534738003
2023-10-12,2.7175831350546886,1.0658846466745766,0.8307155694654789
2023-10-13,2.676978804578426,1.0818103903564817,0.8176265143428539
2023-10-16,2.676978804578426,1.0818103903564817,0.8298429491471064
2023-10-17,2.6347550040734773,1.0647470703076005,0.8298429491471064
2023-10-18,2.6600889622356423,1.054509208460576,0.8167538940244815
2023-10-19,2.697393369186781,1.0397210411456472,0.8089005608120912
2023-10-20,2.6959177373452614,1.0402898293291352,0.797556746326211
2023-10-23,2.704761846608427,1.036877100228207,0.7979930564853973
2023-10-24,2.725533377995043,1.0289142826298812,0.7953751955302799
2023-10-25,2.7330665227343096,1.0260704501976943,0.7892670197369807
2023-10-26,2.7557918069878067,1.017538735930627,0.7870855521587033
2023-10-27,2.712660246085958,1.033464479612532,0.780540982988564
2023-10-30,2.714153213792376,1.0340332677960202,0.7927574177928165
2023-10-31,2.7365471598796964,1.0425648735778341,0.7931937279520027
2023-11-01,2.775363465983139,1.0573530408927632,0.7997382139044883
2023-11-02,2.8082079012609107,1.06986605547374,0.8110820283903684
2023-11-03,2.79775741207046,1.0658846466745773,0.8206806022395036
2023-11-06,2.7858139551735905,1.0613344496919264,0.8176265143428539
2023-11-07,2.76789862745105,1.0681597994085295,0.814136116287018
2023-11-08,2.775268068021921,1.0653158584910893,0.8193717549795988
2023-11-09,2.794530631928309,1.0727099963911804,0.8171902041836677
2023-11-10,2.7752683506382523,1.0801040258060182,0.8228621530354346
2023-11-13,2.845417247633783,1.1074052077019236,0.8285340186695478
2023-11-14,2.8556475390158687,1.1113867249863398,0.8494764070045631
2023-11-15,2.852724598620987,1.1102491486193637,0.8525305781188666
2023-11-16,2.9038749405436635,1.1301563011004316,0.8516579578004941
2023-11-17,2.9126434829813705,1.1335689217161065,0.8669284805013964
2023-11-20,2.8980290597539002,1.1278811483664795,0.8695462582388598
2023-11-21,2.899490529951341,1.1273123601829913,0.8651832398646515
2023-11-22,2.858528907761179,1.1432381038648962,0.8647469297054653
2023-11-24,2.848573875552624,1.1392566950657332,0.8769633645097178
2023-11-27,2.8571067215522015,1.142669315681408,0.8739092766130682
2023-11-28,2.842885130716716,1.148357089031035,0.8765270543505316
2023-11-29,2.8442932288464795,1.148925877214523,0.8808900727247398
2023-11-30,2.8133158756934495,1.1614388917954996,0.8813263828839261
2023-12-01,2.799538566207012,1.1557511184458726,0.8909249567330613
2023-12-04,2.79402780008063,1.153476074197174,0.886561938358853
2023-12-05,2.7816282478208683,1.1585950593633128,0.884816780939762
2023-12-06,2.799380300981559,1.1659890887781506,0.8887434891547841
2023-12-07,2.8157670319791803,1.1728144384947536,0.8944153547888972
2023-12-08,2.821229102006219,1.1750894827434526,0.8996509934814779
2023-12-11,2.830787919897226,1.1790708915426156,0.901396150900569
2023-12-12,2.860830216649822,1.1915840146088457,0.9044502387972186
2023-12-13,2.8717546171621517,1.1961342115914968,0.9140488958640077
2023-12-14,2.8335190851398715,1.1802084679095919,0.9175392939198436
2023-12-15,2.823960267248865,1.1841898767087549,0.9053228591155911
2023-12-18,2.7927638417790663,1.1972716794732197,0.9083769470122407
2023-12-19,2.721120622810064,1.1665578769616392,0.9184118310205621
2023-12-20,2.686625645879278,1.181346044276568,0.8948516649480834
2023-12-21,2.6723971754898774,1.1750895912287063,0.9061954794339635
2023-12-22,2.68903580102654,1.1677733599963858,0.9109947247497042
2023-12-26,2.704394269394356,1.1611036049104044,0.9166666736014711
2023-12-27,2.680076653792239,1.1715441207249742,0.9219022290763981
2023-12-28,2.677517071809905,1.1704252485394813,0.9136125857048215
2023-12-29,2.6966786441821724,1.178801362493092,0.9144851228055401
2024-01-02,2.730370959545063,1.1935293121288437,0.9079406368530545
2024-01-03,2.7037979038131716,1.1819134103342646,0.8965968223671744
2024-01-04,2.71552523990522,1.1767870302245893,0.9053228591155911
2024-01-05,2.7467980533059393,1.1632347933800204,0.9092495673306131
2024-01-08,2.7051009687716463,1.180892989785985,0.9197207614981209
2024-01-09,2.6998889574719738,1.17861772254919,0.9057591692747773
2024-01-10,2.7258492806221106,1.1899505208345331,0.9075043266938683
2024-01-11,2.724526022554206,1.1893728617400647,0.8987783731631055
2024-01-12,2.7787256936088736,1.213033350696315,0.8992146833222917
2024-01-16,2.7952330897790882,1.220239539538086,0.8813263828839261
2024-01-17,2.7715682570934663,1.209908821629394,0.8760907441913454
2024-01-18,2.786623773138469,1.203336440945494,0.8835078504622034
2024-01-19,2.8003103211202864,1.1974262344454178,0.8883071789955979
2024-01-22,2.789360926102331,1.2021082487018095,0.8926701141521524
2024-01-23,2.764724722048389,1.1914909837101013,0.8891797160963164
2024-01-24,2.763379980767556,1.1920705159502398,0.8970331325263606
2024-01-25,2.7808613609352095,1.1845293750210113,0.8965968223671744
2024-01-26,2.774137654531045,1.1873933896952529,0.9022687712189414
2024-01-29,2.756656274363392,1.1799109653029674,0.9000872204230103
2024-01-30,2.7340824895950284,1.1895730535452647,0.9057591692747773
2024-01-31,2.731426690617355,1.1907285661940223,0.8983420630039193
2024-02-01,2.7420496332571185,1.1953594945296269,0.8974694426855468
2024-02-02,2.759446614959688,1.2029434736823392,0.893979044629711
2024-02-05,2.754025439890353,1.2005801856469802,0.8883071789955979
2024-02-06,2.7661755729519206,1.2058768720157427,0.8900523364146888
2024-02-07,2.7702613382247625,1.2076580061907318,0.8861256281996668
2024-02-08,2.767529523177448,1.2064671083256822,0.884816780939762
2024-02-09,2.7511696277160635,1.1993352329095364,0.8856893180404806
2024-02-12,2.7107509800052276,1.181715269466422,0.8909249567330613
2024-02-13,2.67841601044146,1.1958112626259125,0.8778359848280902
2024-02-14,2.650790033370338,1.2081452146310934,0.8883071789955979
2024-02-15,2.6598106700320727,1.2122565319661538,0.8974694426855468
2024-02-16,2.6907386724982696,1.1981605388066632,0.9005235305821966
2024-02-20,2.6726973991748,1.206194147565085,0.9109947247497042
2024-02-21,2.640480699214939,1.1916546808235666,0.9048865489564049
2024-02-22,2.6480284568858115,1.1882483613754102,0.9157940532830987
2024-02-23,2.6467706972230745,1.1888127551810603,0.9184118310205621
2024-02-26,2.65306045529232,1.1859876730432057,0.9179756040790298
2024-02-27,2.6543184548939474,1.1865500318907953,0.9201570716573071
2024-02-28,2.6392083769369843,1.1797954303663813,0.9197207614981209
2024-02-29,2.652902220709152,1.1736739227022897,0.9249564001907016
2024-03-01,2.651657282648472,1.1731231480352877,0.9297556455064423
2024-03-04,2.6578819729518717,1.1758770213702971,0.9293193353472561
2024-03-05,2.6890047121259038,1.1896460728967653,0.9315008861431872
2024-03-06,2.718882513239256,1.1764277960372989,0.942408390469881
2024-03-07,2.7226173274212955,1.174811786814616,0.9528795846373886
2024-03-08,2.732576594459079,1.1705143542719734,0.9541885151149473
2024-03-11,2.768678848428175,1.1550497533608453,0.9576789131707831
2024-03-12,2.776148239344599,1.1519336396444895,0.9703315749165681
2024-03-13,2.745025500170567,1.164847694342416,0.9729493526540315
2024-03-14,2.7163923996702386,1.152697278582122,0.9620418483273376
2024-03-15,2.7005425835798422,1.1594231256562209,0.9720768155533129
2024-03-18,2.7176116341806695,1.1520948753557345,0.9664048667015459
2024-03-19,2.688350703565944,1.1396900976511644,0.9725131257124991
2024-03-20,2.693123511311259,1.1376667300458467,0.9829843198800068
2024-03-21,2.687157444731902,1.1401869989559301,0.9847294772990978
2024-03-22,2.6931235113112586,1.1376555389694587,0.9825480097208206
2024-03-25,2.682384409395735,1.1331190226431784,0.9847294772990978
2024-03-26,2.696589545425814,1.1271183503314337,0.9886561855141199
2024-03-27,2.6918544248214618,1.129097532270061,0.9938918242067006
2024-03-28,2.6989568799450128,1.1320766549444203,0.9921465835699558
2024-04-01,2.703717053874198,1.1340733084733259,0.9895288058324924
2024-04-02,2.6750557689099073,1.122051341079225,0.9877835651957475
2024-04-03,2.656349102365164,1.129897846758695,0.9982547593632551
2024-04-04,2.6610258805018776,1.1279085443956374,0.9912739632515833
2024-04-05,2.6423192139571343,1.1199794937285328,0.9930192038883282
2024-04-08,2.614650976415253,1.1317070164709913,1.0
2024-04-09,2.590441131136353,1.1421858344918085,0.9895288058324924
2024-04-10,2.6146507565276473,1.1528604222475083,0.9803664589248895
2024-04-11,2.658110907662878,1.1720230152108766,0.9712041952349405
2024-04-12,2.6544679129331703,1.1704167339773883,0.9550610522156658
2024-04-15,2.614505586030833,1.1880370547608055,0.9563699826932245
2024-04-16,2.587864111754636,1.1759311105996266,0.9419720803106948
2024-04-17,2.5807446525892064,1.1726960127885613,0.95157065415983
2024-04-18,2.5901849528813568,1.1684063196951262,0.9541885151149473
2024-04-19,2.6279461540499587,1.151372622531689,0.9576789131707831
2024-04-22,2.675147655510711,1.1306923979994832,0.9716405053941267
2024-04-23,2.645646688963427,1.1431614363121678,0.9890924956733061
2024-04-24,2.6550869892555773,1.1472405097901994,0.9781849913466123
2024-04-25,2.6408252345288257,1.1410781268515489,0.9746945932907763
2024-04-26,2.6443526866025624,1.1395539448071523,0.9799301487657033
2024-04-29,2.616133742805358,1.1517145801434736,0.9812390792432619
2024-04-30,2.618485377521183,1.1527498528992475,0.9707678850757543
2024-05-01,2.576080683255974,1.1340818070525558,0.9698952647573819
2024-05-02,2.581782412689316,1.1315717041426903,0.9856020976174702
2024-05-03,2.6216951712438172,1.1140783057863557,0.9877835651957475
2024-05-06,2.6513446428126746,1.1014788878924662,1.0030540878966496
2024-05-07,2.659327151022168,1.0981626218276148,1.0143979023825298
2024-05-08,2.6638887085744702,1.0962789378290785,1.0174519902791794
2024-05-09,2.6433621346031817,1.0878315688988065,1.0191972309159243
2024-05-10,2.6444848696721097,1.087369526019588,1.0270506473459684
2024-05-13,2.6703122740515077,1.0767497139040343,1.0274868742875007
2024-05-14,2.693893565751042,1.067241032339823,1.0375218415134762
2024-05-15,2.6894019829333224,1.0690204647361754,1.046684105203425
2024-05-16,2.7096144268840647,1.0609861447041402,1.044938947784334
2024-05-17,2.698385362749431,1.0653830365078725,1.0527922809967245
2024-05-20,2.689401982933322,1.0618361967574383,1.0484293458401701
2024-05-21,2.711711499101754,1.0706444938993736,1.051919743896006
2024-05-22,2.7332600828042874,1.0791523578443727,1.0431937071475892
2024-05-23,2.699843221533919,1.065958631839829,1.0349039805583589
2024-05-24,2.697594237785228,1.0668465810439398,1.0475567255217977
2024-05-28,2.659362371957059,1.081966547855257,1.046684105203425
2024-05-29,2.6290017347744143,1.069614265913696,1.0318498926617092
2024-05-30,2.659776077942524,1.0570936669192803,1.0436300173067754
2024-05-31,2.6652713990357646,1.0549096224903047,1.055846452111028
2024-06-03,2.625704416338633,1.0705701630248303,1.0580279196893052
2024-06-04,2.6235062040481116,1.0696738928751581,1.0423210868292168
2024-06-05,2.600464007962149,1.0602789710908556,1.0431937071475892
2024-06-06,2.5821356885437625,1.067751918839892,1.0523560540551922
2024-06-07,2.5573384053508064,1.0780059681637784,1.044938947784334
2024-06-10,2.6910272387868743,1.134360402922742,1.0349039805583589
2024-06-11,2.6443411117961033,1.1146805969881028,0.9808027690840757
2024-06-12,2.578434744716764,1.1424623942281027,0.9978185324217228
2024-06-13,2.616590946427457,1.159368785072536,0.9729493526540315
2024-06-14,2.572524452282407,1.139843640017247,0.9585514502715018
2024-06-17,2.5909489606538374,1.1316800407678844,0.9746945932907763
2024-06-18,2.6093734690252677,1.1236325459304535,0.9816753894024481
2024-06-20,2.57137289305451,1.1399961230234619,0.9886561855141199
2024-06-21,2.52991763940006,1.1216172917879468,0.9742582831315901
2024-06-24,2.509847743567397,1.1305151080092037,0.9899651159916786
2024-06-25,2.5265725858719805,1.1380485079745453,0.9821116995616344
2024-06-26,2.5265725858719805,1.1380485079745453,0.9755672136091488
2024-06-27,2.5265725858719805,1.1380485079745453,0.9755672136091488
2024-06-28,2.497193809812861,1.1248153745007012,0.9755672136091488
2024-07-01,2.482842003865827,1.1312798835498743,0.986911028095029
2024-07-02,2.4530346012681825,1.117698465607418,0.9812390792432619
2024-07-03,2.473512539739876,1.1083679162556959,0.9930192038883282
2024-07-05,2.4638124744412226,1.1127144643284794,1.0013089304775586
2024-07-08,2.447645561896246,1.1200158144186112,0.9973822222625366
2024-07-09,2.4217785840526163,1.108179368526651,0.9908376530923971
2024-07-10,2.443938552180713,1.098039209699385,1.0013089304775586
2024-07-11,2.4608223949272485,1.0904534537770225,1.0104711941675077
2024-07-12,2.4439385521807133,1.097935117091669,1.0174519902791794
2024-07-15,2.4291652400953154,1.0912982324941245,1.0104711941675077
2024-07-16,2.4364631298400417,1.0945767966888946,1.016579369960807
2024-07-17,2.42597465600353,1.0992887252026162,1.0135252820641574
2024-07-18,2.4186327843332713,1.102615568180562,1.009162263689949
2024-07-19,2.3819232259309797,1.0858802742336728,1.0061081757932993
2024-07-22,2.36767855271469,1.0923741903641677,1.0213786984942015
2024-07-23,2.3432590297428577,1.1036406085208257,1.0152705227009022
2024-07-24,2.346311542890256,1.1050782974082902,1.0047993285333945
2024-07-25,2.3146873983150202,1.09018378949433,1.0034903980558358
2024-07-26,2.2958204984001145,1.099069822424831,1.0170156801199932
2024-07-29,2.3186594968655796,1.0881361915049519,1.0087260367484165
2024-07-30,2.31766647222794,1.0886022133804074,1.018760920756738
2024-07-31,2.2302821981164715,1.1296463909410126,1.0183246105975519
2024-08-01,2.2719880964968424,1.1507705866262612,0.9799301487657033
2024-08-02,2.323530474040398,1.1768769963092012,0.9616056213858053
2024-08-05,2.3192157613902404,1.1746915779898002,0.9397906127324176
2024-08-06,2.3009457494452747,1.1654377476568003,0.9415357701515086
2024-08-07,2.3305671926534925,1.1504343743424785,0.9489528764223666
2024-08-08,2.34749367397831,1.1420789808510918,0.9611693112266191
2024-08-09,2.34749367397831,1.1420789808510918,0.9681501073382909
2024-08-12,2.3824045669331935,1.1250944847953708,0.9681501073382909
2024-08-13,2.401446908868507,1.1161017074197852,0.9825480097208206
2024-08-14,2.434241941212895,1.100859816600011,0.9904014261508648
2024-08-15,2.460689593505369,1.0888991494373677,1.003926708215022
2024-08-16,2.491368765239261,1.0753230673119953,1.014834212541716
2024-08-19,2.4797319354406824,1.080345748693968,1.0274868742875007
2024-08-20,2.501947866512166,1.070666925615017,1.0226876289717601
2024-08-21,2.4998320059016703,1.0715723729287645,1.0318498926617092
2024-08-22,2.5495537213504496,1.0502587740614202,1.0309772723433368
2024-08-23,2.5421484109932884,1.0533093048708424,1.0514834337368197
2024-08-26,2.5590748923181064,1.0462960163464374,1.0484293458401701
2024-08-27,2.547437860739954,1.0510538996811019,1.0554101419518418
2024-08-28,2.5432061395189627,1.0493079230038163,1.0506108134184473
2024-08-29,2.5400430766237996,1.0480028667972903,1.0523560540551922
2024-08-30,2.592631961028477,1.0697006490612941,1.053664901315097
2024-09-03,2.587150583980941,1.0674390736916946,1.0318498926617092
2024-09-04,2.5631349158924186,1.0575303877971713,1.0340314434576403
2024-09-05,2.5138437536966967,1.0778675544241048,1.0436300173067754
2024-09-06,2.480625721032714,1.0636245691241413,1.0235601660724787
2024-09-09,2.503584941740533,1.0734688560013304,1.03708553135429
2024-09-10,2.4865754631146757,1.0661756560554223,1.0274868742875007
2024-09-11,2.4656004732820045,1.0571821531928176,1.0344676703991726
2024-09-12,2.483130890314345,1.0496655890838125,1.0431937071475892
2024-09-13,2.5099421279335647,1.038331980517539,1.0506108134184473
2024-09-16,2.5016925314881044,1.041744736421492,1.0619546279043273
2024-09-17,2.5016925314881044,1.041744736421492,1.0584642298484914
2024-09-18,2.5511901101608676,1.0211331539032809,1.0584642298484914
2024-09-19,2.533659693128527,1.0281498360243733,1.0794066181835067
2024-09-20,2.526441320824486,1.0310790251024844,1.0719895119126488
2024-09-23,2.503754979770943,1.0218203852030248,1.0689354240159992
2024-09-24,2.4764082874606648,1.0329809851404328,1.0785339978651343
2024-09-25,2.419688971503206,1.0093217302546782,1.066753956437722
2024-09-26,2.4109815594817126,1.0129538417661486,1.091186742828573
2024-09-27,2.392599224710359,1.0206770267710463,1.087260034613551
2024-09-30,2.4409736539258557,1.0413134409575453,1.0789703080243205
2024-10-01,2.448025548852676,1.0443217622311929,1.0571552993709328
2024-10-02,2.4682907384453103,1.0529668429646222,1.0541012114742832
2024-10-03,2.4363552815238863,1.0393432544912622,1.0453751747258664
2024-10-04,2.429328329609038,1.0423409351364938,1.0589005400076776
2024-10-07,2.4202936224413536,1.0462174161386992,1.055846452111028
2024-10-08,2.4152744257793417,1.0440477740282825,1.051919743896006
2024-10-09,2.4102760036210835,1.0418871120876423,1.0541012114742832
2024-10-10,2.4272007091146843,1.0345710899793152,1.0562826790525603
2024-10-11,2.4341698618743997,1.0316005552642522,1.0636997853234182
2024-10-14,2.4222229327477414,1.0366636607252953,1.066753956437722
2024-10-15,2.4152539698780227,1.0336810820112106,1.061518317745141
2024-10-16,2.407335111831228,1.030291966888664,1.0645724056417907
2024-10-17,2.427986368799535,1.0214536360488768,1.0680628036976267
2024-10-18,2.3975011888732944,1.03427874836475,1.0772251506052295
2024-10-21,2.4043848786739033,1.037248362771678,1.0636997853234182
2024-10-22,2.4261439504126443,1.0466351966919147,1.0606456974267686
2024-10-23,2.4110372395468773,1.0401181821942092,1.0510471235776335
2024-10-24,2.4359035479453164,1.0508454737785258,1.057591609530119
2024-10-25,2.40239592007343,1.0363903287396643,1.046684105203425
2024-10-28,2.3905420981988157,1.0415040513558256,1.0610820075859548
2024-10-29,2.3796759378028343,1.0462381867988382,1.055846452111028
2024-10-30,2.3885663984153456,1.0501469288436178,1.0510471235776335
2024-10-31,2.3736378963904903,1.0435835272299812,1.0471204153626115
2024-11-01,2.38346666238881,1.0392622538359044,1.053664901315097
2024-11-04,2.4139356682622948,1.0259768623446381,1.0580279196893052
2024-11-05,2.3746207917371343,1.042686567657451,1.0715532017534626
2024-11-06,2.3618433396988827,1.0370760391656888,1.0541012114742832
2024-11-07,2.4085163814451813,1.0575699866077055,1.05977316032605
2024-11-08,2.395366036666351,1.0517957223931147,1.038830688773381
2024-11-11,2.4473957529483554,1.0746417643696056,1.0445026376251478
2024-11-12,2.460980697137535,1.0806068594608818,1.0218150086533877
2024-11-13,2.4472440971927325,1.0745751729290496,1.0161431430192747
2024-11-14,2.4691876931883527,1.0649398269949322,1.0218150086533877
2024-11-15,2.491131488490022,1.0554756531548315,1.0309772723433368
2024-11-18,2.4712776164182353,1.0638876051892554,1.0401396192509396
2024-11-19,2.4765022251868927,1.0661368047425592,1.0318498926617092
2024-11-20,2.4712554785836462,1.0638780748282517,1.029668425083432
2024-11-21,2.4493120791599106,1.0733247312894814,1.0318498926617092
2024-11-22,2.4336381939566336,1.0664562032782041,1.0226876289717601
2024-11-25,2.4130053201812376,1.0754978333298155,1.0292321149242458
2024-11-26,2.395467436503051,1.0676810433130974,1.020506078175829
2024-11-27,2.362931406536224,1.0531794467182551,1.0279231844466872
2024-11-29,2.360952545375352,1.0540614426563404,1.0418847766700305
2024-12-02,2.3658999813764106,1.051852630141688,1.041012239569312
2024-12-03,2.378763616951299,1.0461336018568326,1.0431937071475892
2024-12-04,2.4302175930530954,1.023505151948802,1.0488656559993563
2024-12-05,2.4223015822118508,1.02683904184494,1.0715532017534626
2024-12-06,2.4074590854760904,1.0331309318551087,1.0680628036976267
2024-12-09,2.4133960464238773,1.0356787043316498,1.061518317745141
2024-12-10,2.4024578334064937,1.0309847071311762,1.0589005400076776
2024-12-11,2.426107929796426,1.0411338499636336,1.0636997853234182
2024-12-12,2.4070125771038984,1.0329393183762228,1.0532285911559107
2024-12-13,2.408001918524695,1.0325147548892846,1.061518317745141
2024-12-16,2.476264966978996,1.0617849162627317,1.0619546279043273
2024-12-17,2.5401346685651753,1.089171277033785,1.0318498926617092
2024-12-18,2.5379298504570276,1.088225884419686,1.0052356386925807
2024-12-19,2.53462804473564,1.0868101201302625,1.0061081757932993
2024-12-20,2.5280418027243043,1.083986039300567,1.007417106270858
2024-12-23,2.505109133407419,1.0741528579992878,1.0100348840083215
2024-12-24,2.509398597367078,1.072313600814797,1.0191972309159243
2024-12-26,2.502964299156263,1.0750630984396043,1.0209423883350153
2024-12-27,2.5051091334074185,1.0759843389688697,1.0183246105975519
2024-12-30,2.507257646703807,1.0769071597067574,1.0174519902791794
2024-12-31,2.5363115502357134,1.0893862747957366,1.016579369960807
2025-01-02,2.5087788594561333,1.0775605448531032,1.0047993285333945
2025-01-03,2.544341437110644,1.0622858503899641,1.0157068328600884
2025-01-06,2.5454191158936545,1.061835909628964,1.0301047352426183
2025-01-07,2.5497296254794866,1.0600377562959993,1.0305410454018045
2025-01-08,2.5788263359821433,1.0721345729186755,1.0322862028208954
2025-01-10,2.5810312436280403,1.073051252605196,1.020506078175829
2025-01-13,2.547898707209045,1.0592765608829777,1.0196335410751105
2025-01-14,2.595261478154681,1.039585718001654,1.0327225129800817
2025-01-15,2.6071020169072145,1.0348427450549236,1.051919743896006
2025-01-16,2.617866311028291,1.0305700500838046,1.0567189892117466
2025-01-17,2.673840476208421,1.0085348155227138,1.0610820075859548
2025-01-21,2.6630761820873445,1.0125949550419668,1.083769636557715
2025-01-22,2.712591852919562,0.9937673605414886,1.0794066181835067
2025-01-23,2.7147445474943104,0.9929787134756584,1.0994764694178034
2025-01-24,2.7373495856797536,0.9847104136991038,1.100349006518522
2025-01-27,2.728738191445259,0.9878082020208937,1.109511353426125
2025-01-28,2.7233561470406373,0.9858598921305594,1.106020955370289
2025-01-29,2.7104898073522743,0.9812022536975294,1.1082024229485663
2025-01-30,2.68393720391641,0.9908143445683882,1.113438061641147
2025-01-31,2.730669842686012,1.008066375944118,1.102530557314453
2025-02-03,2.6899791404480893,0.993044813066617,1.0833333263985288
2025-02-04,2.7145304877574996,0.983981327133657,1.0994764694178034
2025-02-05,2.760430956657892,0.9673430154593694,1.109511353426125
2025-02-06,2.7412167879460707,0.9740762727634178,1.128272274182863
2025-02-07,2.752958825181142,0.96990380456795,1.1204188577528187
2025-02-10,2.7828473510881415,0.9593736815871898,1.1252181862862134
2025-02-11,2.8148710334746148,0.9483336660228878,1.137434537872812
2025-02-12,2.8191407356326237,0.9468951978827215,1.150523592995437
2025-02-13,2.829815296428115,0.9433098180437509,1.152268750414528
2025-02-14,2.882120420365677,0.9258740733834631,1.1566317687887362
2025-02-18,2.835152475025704,0.9409624099300862,1.1780104672829377
2025-02-19,2.818073259193043,0.93529396696937,1.1588132363670134
2025-02-20,2.826510596450789,0.9380942457090062,1.1657940324786853
2025-02-21,2.82120546252642,0.9363335179716272,1.1623036344228495
2025-02-24,2.760954948457509,0.916336897184135,1.1644851852187805
2025-02-25,2.7862755182050862,0.9079332206480901,1.1893542817688179
2025-02-26,2.7670318311063546,0.9142039511234277,1.2002617860955118
2025-02-27,2.7548778726280463,0.9101883858748642,1.1919720595062813
2025-02-28,2.706687636037591,0.8942667386421498,1.197207698198862
2025-03-03,2.6999015576712093,0.8965088016301636,1.2181500865338775
2025-03-04,2.7939375584322113,0.8652839215552561,1.2150959986372276
2025-03-05,2.7638848464210484,0.874591262166326,1.2574170854664446
2025-03-06,2.8133265122562454,0.8589461642953333,1.2438918034022872
2025-03-07,2.7260765898616253,0.8855847310771967,1.2661431222148611
2025-03-10,2.7270460560435037,0.8858996688346904,1.226876123282294
2025-03-11,2.7047330239933935,0.8786511268967632,1.2264398131231078
2025-03-12,2.679918937842504,0.88671215346241,1.2364746971314293
2025-03-13,2.6092943151214603,0.8633443902005619,1.2251308826455491
2025-03-14,2.6382663273833264,0.8537583407794026,1.2574170854664446
2025-03-17,2.6681437366142284,0.8440898372371308,1.271378677689788
2025-03-18,2.661806130517797,0.8460947925268328,1.2857765800723178
2025-03-19,2.6192535090940323,0.8596207781281994,1.2827224921756681
2025-03-20,2.627401909128534,0.862295026326718,1.262216413999839
2025-03-21,2.6091812994338723,0.8563151489955187,1.258289705784817
2025-03-24,2.6460188993275566,0.8442253050094217,1.2670157425332336
2025-03-25,2.608282800488764,0.8562651923889643,1.2849040429715992
2025-03-26,2.5983996548348753,0.8530206846948026,1.2665794323740474
2025-03-27,2.6242587261642214,0.8615098802232449,1.271378677689788
2025-03-28,2.6570051639683028,0.8722601082510918,1.2587260159440032
2025-03-31,2.6448811375703194,0.8682799486632385,1.2430191830839148
2025-04-01,2.624550179600113,0.8616055605813372,1.2486911319356817
2025-04-02,2.542646776411618,0.8884933786029742,1.258289705784817
2025-04-03,2.7546856698192603,0.9625874897263722,1.21902270685225
2025-04-04,2.831055428160344,0.9892738644289266,1.117364769856169
2025-04-07,2.8458359436375686,0.9944387147949638,1.0863874142951786
2025-04-08,2.5976726376053967,0.9077214183669546,1.0807155486610653
2025-04-09,2.5764512805766535,0.9151369333255905,1.174956379386288
2025-04-10,2.642044231423333,0.8918387897363311,1.165357722319499
2025-04-11,2.6796638261637455,0.879140056897333,1.195026147402931
2025-04-14,2.72789391543534,0.8633168021247016,1.212041910740578
2025-04-15,2.7259646677085105,0.8639273654492533,1.2338569193939657
2025-04-16,2.752973583934552,0.8553675546361446,1.2329842990755933
2025-04-17,2.7346460984960532,0.8610620286019112,1.2452007338798459
2025-04-21,2.6545841576645337,0.8358528078460307,1.2369110072906155
2025-04-22,2.670959276016046,0.8306967503093337,1.2731239183265328
2025-04-23,2.691882961235554,0.8241892616057745,1.2809773347565772
2025-04-24,2.7073483315101257,0.8194541403948551,1.2910122187648985
2025-04-25,2.724633197938578,0.8142223956665857,1.2984293250357566
2025-04-28,2.745556883158086,0.8079696152488433,1.306719051624987
2025-04-29,2.719174709476938,0.8157334298867197,1.3167539356333084
2025-04-30,2.7291815912898705,0.8187354245710938,1.3041011906698696
2025-05-01,2.6815264388866487,0.8044392115377165,1.299301945354129
2025-05-02,2.7036512450451156,0.7978019241466843,1.3219894911082353
2025-05-05,2.704536257547319,0.7975407718703151,1.3328969954349292
2025-05-06,2.696571313826361,0.7998895543447188,1.3333333055941154
2025-05-07,2.6948012888219535,0.7993645081482043,1.3294065973790932
2025-05-08,2.6700539547154407,0.7920236549884229,1.3302792176974658
2025-05-09,2.6674506576458823,0.7927958764097957,1.3424956525017182
2025-05-12,2.661376463326294,0.7909905585887225,1.3411867220241596
2025-05-13,2.678652585765788,0.785855903673505,1.3442408099208092
2025-05-14,2.695928543447968,0.7807875295930814,1.352966846669226
2025-05-15,2.700247656436498,0.7795366397768272,1.3616928001999886
2025-05-16,2.7425739751802123,0.7673174212140598,1.3638743509959197
2025-05-19,2.7555309846311755,0.7636923087581939,1.3852530494901212
2025-05-20,2.7373912043512894,0.7687197284314177,1.3917975354426069
2025-05-21,2.742573975180212,0.7672642922563475,1.3826352717526578
2025-05-22,2.756394807228881,0.7711308172858207,1.3852530494901212
2025-05-23,2.73632612914015,0.7655163907545331,1.3782722533784495
2025-05-27,2.710528022321676,0.7727336860212285,1.388307137386771
2025-05-28,2.6916094215894857,0.7673402571550596,1.3752181654817999
2025-05-29,2.688217271561697,0.7663732025542866,1.384816739330935
2025-05-30,2.722052572377251,0.7567272308094731,1.3865619799676798
2025-06-02,2.694984331724808,0.7642521680570734,1.4040139702468593
2025-06-03,2.694984331724808,0.7642521680570734,1.3900523780235159
2025-06-04,2.6780666006473104,0.7594545844487453,1.3900523780235159
2025-06-05,2.695608444384138,0.7544800130014194,1.3987784147719324
2025-06-06,2.6914318604448355,0.7556490066330394,1.4079406784618815
2025-06-09,2.6555126649915635,0.7657337146140311,1.4057592108836041
2025-06-10,2.6546774756648746,0.7654928825389433,1.386998290126866
2025-06-11,2.6354770159530254,0.7599563096838114,1.3874345170683986
2025-06-12,2.5885765741153426,0.7734803459344622,1.39746940107672
2025-06-13,2.616552146857843,0.7818395947582987,1.3726003045266826
2025-06-16,2.6754078168346336,0.799425979657656,1.3577661752026204
2025-06-17,2.663095014057575,0.7957468491862397,1.327225129800816
2025-06-18,2.67529500368648,0.7993922704934258,1.3333333055941154
2025-06-20,2.6647414979391386,0.796238827262153,1.327225129800816
2025-06-23,2.609771463327645,0.7798134907229555,1.332460768493397
2025-06-24,2.599724149723534,0.7828156810695462,1.3599476427808976
2025-06-25,2.6173069086065706,0.7775212503617462,1.354712004088317
2025-06-26,2.6449368213970863,0.7693132544749723,1.3638743509959197
2025-06-27,2.648285819467368,0.7683391561207749,1.3782722533784495
2025-06-30,2.6374013761181607,0.7714970267540348,1.3800174107975405
2025-07-01,2.6323777991644213,0.7700275216879593,1.3743455451634274
2025-07-02,2.6148618942839597,0.7649037401283727,1.3769633229008909
2025-07-03,2.607454341054784,0.7670706098902451,1.3861256698084936
2025-07-07,2.6362613180724104,0.758596066316429,1.3821989615934716
2025-07-08,2.6757681639705133,0.7472277934955905,1.39746940107672
2025-07-09,2.653545818255488,0.7534335457646117,1.4184117894117352
2025-07-10,2.61650805210961,0.7639498501308334,1.4066318312019765
2025-07-11,2.605808340215385,0.7608258225584947,1.386998290126866
2025-07-14,2.648258889291753,0.7732202390705004,1.3926701557609793
2025-07-15,2.617053219755152,0.7641090243939404,1.3699825267892192
2025-07-16,2.6129345334961274,0.7629064789831662,1.3861256698084936
2025-07-17,2.611292173745102,0.7633860037775368,1.388307137386771
2025-07-18,2.628536481258732,0.7583447973077678,1.3874345170683986
2025-07-21,2.6408540227673782,0.7547911302442498,1.3965967807583475
2025-07-22,2.7090105428185263,0.7353110922113213,1.4031413499284868
2025-07-23,2.6868391560518186,0.7413291074097064,1.4393543441820582
2025-07-24,2.693408281807828,0.7395166118153215,1.427574219536992
2025-07-25,2.6482444850229467,0.7519170258931506,1.431064534375174
2025-07-28,2.628536481258731,0.7463213251712244,1.407068058143509
2025-07-29,2.6034564604264823,0.7534423046654418,1.4175393355286705
2025-07-30,2.6123558326127703,0.756017789829889,1.4040139702468593
2025-07-31,2.6408661396489346,0.7642686946429958,1.3992146417134648
2025-08-01,2.5900800416361003,0.749571158765831,1.3839441190125625
2025-08-04,2.5996936148154814,0.7467889832839502,1.4105585394169988
2025-08-05,2.6437561562984597,0.7341315607448269,1.4157940948919256
2025-08-06,2.681409750865177,0.7236757204506827,1.4397905711235905
2025-08-07,2.70063689722394,0.7184865773184558,1.4602967325170735
2025-08-08,2.7014382065947107,0.7182733942623514,1.4707678434669273
2025-08-11,2.7214666623242443,0.7129481172141603,1.4712042368437674
2025-08-12,2.7414951180537783,0.7077012222215597,1.4821117411704614
2025-08-13,2.7599212606517516,0.7029446193184431,1.4930192454971551
2025-08-14,2.7583189475201912,0.7033527242199676,1.5030541295054767
2025-08-15,2.7406938086830075,0.707847015725681,1.5021815091871042
2025-08-18,2.7438984349461286,0.7086746839349788,1.492582852120315
2025-08-19,2.7206109576008237,0.7026601589667284,1.4908376114835702
2025-08-20,2.71113706271807,0.7051070095411377,1.503490356447009
2025-08-21,2.679557011549306,0.6968937341051702,1.498254800972082
2025-08-22,2.637134315449534,0.7079269425677455,1.5157068744689153
2025-08-25,2.6571884401413923,0.7133103828786193,1.4917102318019426
2025-08-26,2.690080406122344,0.7221400844131686,1.4803665005337163
2025-08-27,2.684460738000709,0.720631509575593,1.4620418067185108
2025-08-28,2.6964521967530946,0.7238505631830527,1.4650960610504682
2025-08-29,2.7335555629064796,0.7338107963065825,1.4585514918803286
2025-09-02,2.7318973172117165,0.7333656476473571,1.4384817238636858
2025-09-03,2.7004297990442963,0.724918332773803,1.4393543441820582
2025-09-04,2.6955745637945983,0.7262216990170881,1.4559336309252113
2025-09-05,2.7149961221936,0.7209892868525262,1.4533159364054018
2025-09-08,2.716614636843534,0.7205594771324763,1.4637870473552557
2025-09-09,2.727943930692969,0.7175544760028666,1.464659667673628
2025-09-10,2.7595041946164254,0.7092529092487599,1.4707678434669273
2025-09-11,2.7595041946164254,0.7092529092487599,1.4877835235869206
2025-09-12,2.7862092232901836,0.7023891330257028,1.4877835235869206
2025-09-15,2.754648959366728,0.7103453145751563,1.5021815091871042
2025-09-16,2.7603136062914455,0.7118060652773512,1.485165829067111
2025-09-17,2.757063546307162,0.710967967604661,1.4821117411704614
2025-09-18,2.7603059618937213,0.7118040940054446,1.4838568153718985
2025-09-19,2.7546179852080956,0.7103373272240339,1.4821117411704614
2025-09-22,2.757045884232665,0.7109634130599441,1.485165829067111
2025-09-23,2.742454334460788,0.7147261571212513,1.4838568153718985
2025-09-24,2.764342122980523,0.720430454465429,1.476003565377162
2025-09-25,2.716567603247101,0.7079796732552122,1.4642234407320958
2025-09-26,2.718159067704695,0.7075649129211281,1.4895287642236654
2025-09-29,2.732481944282232,0.7038365200397937,1.4904013845420379
2025-09-30,2.7404389630293933,0.7017869400245945,1.498254800972082
2025-10-01,2.7300948993662453,0.7044359057134912,1.5026177361286366
2025-10-02,2.711793513415128,0.6997136693577952,1.4969459537121772
2025-10-03,2.692950578336269,0.7045756395558487,1.5069808377204987
2025-10-06,2.6686121490865133,0.7109434743361758,1.496509560335337
2025-10-07,2.6450587048616594,0.704668614396138,1.4829843614888338
2025-10-08,2.6026329180196557,0.7159712446075851,1.4960733333938048
2025-10-09,2.6288598162187062,0.7231861325834348,1.4720768571621399
2025-10-10,2.61075692619742,0.7182061184562805,1.4572426446204239
2025-10-13,2.5890201218810738,0.7122264327570741,1.4672775286287454
2025-10-14,2.57298674359376,0.7166371345998707,1.479493880215344
2025-10-15,2.5676422841646556,0.7181256918576159,1.470331616525395
2025-10-16,2.598182301974849,0.7266672132192741,1.4672775286287454
2025-10-17,2.5880177976393757,0.723824374965161,1.449825455131912
2025-10-20,2.6097396744643047,0.7298996129060346,1.455497403983679
2025-10-21,2.5979060905380162,0.7265899615980503,1.4432810523970803
2025-10-22,2.586179040190769,0.7233101059125432,1.449825455131912
2025-10-23,2.5993499715067996,0.7196264213813817,1.4563700243020514
2025-10-24,2.62956591563268,0.7112611793099717,1.4637870473552557
2025-10-27,2.637313783069394,0.7091654884214439,1.4808027274752489
2025-10-28,2.638863356556737,0.7087488129215276,1.485165829067111
2025-10-29,2.6318904236391556,0.7106216108879846,1.4860384493854835
2025-10-30,2.641187864563213,0.7131319594903606,1.4821117411704614
2025-10-31,2.6443086876678543,0.7139745950051212,1.4768760192602266
2025-11-03,2.6638613982583723,0.7192539100450871,1.4751309450587895
2025-11-04,2.6289360314820294,0.7098239124370783,1.4642234407320958
2025-11-05,2.632028968191503,0.7089888063676464,1.4834205884303662
2025-11-06,2.638987928308479,0.7071142734933805,1.485165829067111
2025-11-07,2.6830612440631016,0.695304870988743,1.489092537282133
2025-11-10,2.7078041478215322,0.6888928438523108,1.5139616338321704
2025-11-11,2.7356399882894364,0.6818111236635072,1.527923226055514
2025-11-12,2.715536194636537,0.6868216477818336,1.5436300589156025
2025-11-13,2.6791952206555987,0.6960131171059704,1.5322861612120684
2025-11-14,2.730227496527197,0.7092705061639096,1.5117801662538932
2025-11-17,2.7695866018473376,0.7194953876392021,1.4829843614888338
2025-11-18,2.7770272948852974,0.7214283635996145,1.4616055797769782
2025-11-19,2.8135998241179645,0.7309293360839746,1.4576788715619562
2025-11-20,2.7615434836129094,0.7174059110118788,1.4384817238636858
2025-11-21,2.7582538986936216,0.7182604938492944,1.4650960610504682
2025-11-24,2.818287411766239,0.7026275237418402,1.4633508204137233
2025-11-25,2.8577614896614363,0.6927862373323349,1.4952007130754323
2025-11-26,2.8783209248388566,0.687802163682462,1.5161431014104476
2025-11-28,2.8643406595000114,0.6911428810659662,1.5270506057371416
2025-12-01,2.8955907750969896,0.6836024738676443,1.5196335826839373
2025-12-02,2.8881893658846347,0.6853498277034097,1.5362128694270905
2025-12-03,2.8816101960460596,0.683788630585049,1.5322861612120684
2025-12-04,2.8742424303721443,0.6855369567144993,1.5357766424855581
2025-12-05,2.8775170622907926,0.6847559226666582,1.531849934270536
2025-12-08,2.8676934788209354,0.6824182277660971,1.533595174907281
2025-12-09,2.918103653778858,0.6704222377796398,1.538830730382208
2025-12-10,2.9603832654136384,0.6607086719822297,1.5658812945105225
2025-12-11,2.9368041975509724,0.6659711306632153,1.5885689234822826
2025-12-12,2.9701400034336314,0.6584116602859402,1.575916178518844
2025-12-15,2.934365090586252,0.666342134855219,1.5938044789572097
2025-12-16,2.9278607019599603,0.6648651038555402,1.574607331258939
2025-12-17,2.901147972028185,0.6587991178786576,1.5780976460971212
2025-12-18,2.923403256705651,0.6537453384592635,1.5924956316973047
2025-12-19,2.9385053169129423,0.6503681439381171,1.6047119832839034
2025-12-22,2.955196780421041,0.6466738861537625,1.6130017930907876
2025-12-23,2.964734716253453,0.6445867378218831,1.6221640567807367
2025-12-24,2.9718882439291403,0.6430314320324273,1.6273996122556635
