,MLP,LSTM,BuyAndHold
2015-05-29,1.0010247784289272,1.0010247784289272,1.0
2015-06-01,0.990755283610495,0.990755283610495,0.9989752215710728
2015-06-02,1.0058468156500056,0.9756637515709846,1.0092236900233398
2015-06-03,0.9910068619164427,0.9900583936850239,1.0245965393080962
2015-06-04,0.9759153298769322,1.0051354819913445,1.0094799579337497
2015-06-05,0.9779274765794606,1.0072078749375013,0.9941071086489931
2015-06-08,0.9817159737143056,1.011109804517945,0.992057454053568
2015-06-09,0.9537178901869431,0.9822734225905718,0.9882142172979862
2015-06-10,0.9566029108970385,0.9793020206736017,1.0163976277136837
2015-06-11,0.9431397560473115,0.9930846410260903,1.0194722562131773
2015-06-12,0.9554007730793792,1.005994952164851,1.0051242830949187
2015-06-15,0.9573747867371201,1.008073501639739,0.992057454053568
2015-06-16,0.961834614803951,1.0127695042484604,0.9900077017205722
2015-06-17,0.9440784600410503,0.9940730550046916,0.9853958567089023
2015-06-18,0.9199763792605224,1.01945148496318,1.003586968845172
2015-06-19,0.884546291091661,0.9801904160810041,0.9779656511081486
2015-06-22,0.8825379837658518,0.9824158774425277,1.0156290194575956
2015-06-23,0.8751742469865624,0.9906129772414647,1.0133230969517606
2015-06-24,0.8736122396357128,0.9888449353256678,1.0048681129220798
2015-06-25,0.8771698324527653,0.9848180828166412,1.0066615973446658
2015-06-26,0.8375915169408902,1.0292535380289198,1.0107610042730866
2015-06-29,0.8429278637566172,1.0358109753108737,0.9651549922396369
2015-06-30,0.8377482479077907,1.0294461329859346,0.9590059307157909
2015-07-01,0.8344114577857062,1.033546464674296,0.9648988220667978
2015-07-02,0.8648871404588934,1.0712952680871772,0.9610555853112159
2015-07-06,0.8627332949711456,1.0739631358022537,0.9259544073780137
2015-07-07,0.8736871048205815,1.0603274177379876,0.9282603298838487
2015-07-08,0.8529257769913114,1.0855238582079914,0.9164745471818349
2015-07-09,0.8997412516992004,1.145106199485108,0.9382526281632765
2015-07-10,0.8983437443418141,1.1468848156547533,0.9897515315477331
2015-07-13,0.9043995207080631,1.1391536125321218,0.9882142172979862
2015-07-14,0.9013716325249385,1.1429674466653477,0.9948758146426518
2015-07-15,0.9104552082252207,1.1314491883242679,0.9915450159703191
2015-07-16,0.9064956484705055,1.1363698484842852,1.0015373142497468
2015-07-17,0.9090577008678347,1.1331580966138002,0.9971816394109161
2015-07-20,0.9074273200420964,1.1351903980084042,1.0
2015-07-21,0.9111539174793684,1.139852366559051,0.998206515577414
2015-07-22,0.9116235952062004,1.1404399327848875,0.9941071086489931
2015-07-23,0.9022206203990859,1.1522030420477385,0.9935946705657441
2015-07-24,0.9109184864303596,1.1633108658703908,0.9833462021134772
2015-07-27,0.900853040807314,1.150456540881333,0.9738662441797277
2015-07-28,0.9015562542170328,1.1495584848941751,0.9846272484528142
2015-07-29,0.8978056336621197,1.154340835038552,0.9853958567089023
2015-07-30,0.8912419806246363,1.1459017114196828,0.9812964497804814
2015-07-31,0.8954001045506551,1.1405554626716374,0.9884704852083961
2015-08-03,0.8900868531811215,1.1473234514659991,0.9930822324824952
2015-08-04,0.9007134440440402,1.1336257579627338,0.9871893411314883
2015-08-05,0.9025614893307317,1.131299833160869,0.9989752215710728
2015-08-06,0.9016374226254602,1.1324580883289221,1.001024876166498
2015-08-07,0.8887007531232142,1.1162096101200243,1.0
2015-08-10,0.8745587369185025,1.1339720057731129,1.0143479731182585
2015-08-11,0.8837622522448778,1.145905485245957,0.998206515577414
2015-08-12,0.8913274868997207,1.1557147341317706,0.9877017792147372
2015-08-13,0.8936596372380209,1.1587386513202316,0.9792467951850563
2015-08-14,0.8974105661363123,1.1636021878521456,0.9766846047688116
2015-08-17,0.9054484938702235,1.1740243409333653,0.9725851978403907
2015-08-18,0.9129096004757917,1.1643501067560083,0.9638739459002998
2015-08-19,0.9361544352392555,1.1347030027883658,0.9559313999538679
2015-08-20,0.9541772297358558,1.1128577620202618,0.9315911285561815
2015-08-21,0.9806673324569821,1.0819623313694167,0.913656186592751
2015-08-24,0.9713329790546736,1.0922608479353602,0.8882910390285668
2015-08-25,0.9932573774185335,1.1169147642171775,0.8967461207958184
2015-08-26,1.0049133223510807,1.130021837249849,0.9169869852650838
2015-08-27,0.9954775120341596,1.1194112985365974,0.9277478918005997
2015-08-28,0.9982527067704157,1.116290600875576,0.919036639860509
2015-08-31,1.0239276986253856,1.0875796823968429,0.9164745471818349
2015-09-01,1.0095309608083767,1.1028713866486113,0.8929028840402367
2015-09-02,1.0089596229120668,1.10224722330701,0.9054573727359092
2015-09-03,0.9866779898137921,1.0779054482194856,0.9049449346526602
2015-09-04,0.9578261343652968,1.1094249231649471,0.8849603380938046
2015-09-08,0.9502821075254497,1.1006868744764993,0.9108378260036671
2015-09-09,0.9591732673324613,1.1109852719954576,0.9036638883133232
2015-09-10,0.9572872606224996,1.1088007598233456,0.9121188723430042
2015-09-11,0.9661784204295113,1.098502362304387,0.9103253879204182
2015-09-14,0.9587673803686256,1.1069283888455266,0.9018704038907372
2015-09-15,0.9709309659449412,1.1209716473671076,0.908788171408242
2015-09-16,0.9795807803225512,1.1309581417857428,0.920317686199846
2015-09-17,0.9414679578387896,1.0869556381022263,0.9285165977942585
2015-09-18,0.9430898173682212,1.0850831480774226,0.8923905436945584
2015-09-21,0.9729259100920764,1.0507548785712633,0.8908532294448115
2015-09-22,0.9752375271726467,1.0482583442518432,0.8626697212915434
2015-09-23,0.9795926065565624,1.0435771787133263,0.8606200666961182
2015-09-24,0.9699255202190318,1.0538756952792696,0.8567768299405365
2015-09-25,0.9529798229382799,1.0354632933664798,0.8652319117077881
2015-09-28,0.9489588285943521,1.0398323177107036,0.8501153303334414
2015-09-29,0.9338643800540022,1.0563722295986897,0.8537022991786135
2015-09-30,0.9308297539384306,1.0529395097903602,0.8672815663032132
2015-10-01,0.9462791423124869,1.0704156071672557,0.8644633034517001
2015-10-02,0.9683497723047567,1.0953815455963813,0.8788111788323879
2015-10-05,0.9763504085647875,1.1044317354791222,0.8993082134744924
2015-10-06,0.985454602634698,1.1147302520450655,0.9067384190752462
2015-10-07,0.9904205075380917,1.1203476030724917,0.9151935008424978
2015-10-08,0.9959380861053603,1.1265889983945343,0.9198053458541677
2015-10-09,0.9934551336536633,1.1237803228808212,0.9249295312115158
2015-10-12,1.0033868382193858,1.1125457398729535,0.9226236087056809
2015-10-13,0.9991650788162779,1.1172267863644854,0.9134000164199119
2015-10-14,1.0114453884089083,1.130958141785743,0.917243155437923
2015-10-15,1.0131198986502117,1.132830512763562,0.9285165977942585
2015-10-16,1.0114453884089083,1.1309581417857433,0.9300538143064346
2015-10-19,1.0150736713764423,1.1269011395888278,0.9285165977942585
2015-10-20,1.0159169549688818,1.1259649540999184,0.9251857991219257
2015-10-21,1.0294324662933703,1.1409445171573938,0.9244171908658376
2015-10-22,1.0406953386912428,1.153427426848464,0.9367154116511003
2015-10-23,1.0375980138730136,1.1499945879931497,0.9469638801033673
2015-10-26,1.0297139924533292,1.1412565393047018,0.9441455195142834
2015-10-27,1.024082502548525,1.1474980536737296,0.9369715818239395
2015-10-28,1.01851227466512,1.141256539304702,0.9420958649188582
2015-10-29,1.017119744255084,1.1428168881352125,0.9369715818239395
2015-10-30,1.0290629942055691,1.1562361023621772,0.9382526281632765
2015-11-02,1.0257300262517322,1.1524912413595545,0.9492698026092022
2015-11-03,1.0368400607020432,1.1400082126214994,0.9461952718472791
2015-11-04,1.0340016708122648,1.1431290293295056,0.9359467056574415
2015-11-05,1.031461121933323,1.1403203538157924,0.9385088960736863
2015-11-06,1.0450106800602408,1.125340790758317,0.9362029735678514
2015-11-09,1.0493576903375308,1.1206596252198002,0.9239047527825887
2015-11-10,1.0464355469711462,1.1237803228808216,0.9200615160270068
2015-11-11,1.0333588231550392,1.1097370643592406,0.9226236087056809
2015-11-12,1.0441109488020117,1.098190221110095,0.9110940939140769
2015-11-13,1.034616342436052,1.1081765964817452,0.9016141359803274
2015-11-16,1.0311199524439494,1.1119215765313526,0.9098129498371692
2015-11-17,1.0412487876719156,1.1228441373919122,0.9128875783366629
2015-11-18,1.0444321674281405,1.1262769762472267,0.9218550004495928
2015-11-19,1.0386442142710066,1.1200354618781991,0.9246733610386767
2015-11-20,1.032277454758557,1.1131697841675703,0.9195490779437578
2015-11-23,1.0348819177634418,1.110361227700842,0.9139123567655901
2015-11-24,1.0281921382495325,1.117538927558779,0.9116065319973259
2015-11-25,1.0362315834478575,1.126276976247227,0.9174994233483328
2015-11-27,1.0370929212821849,1.1272131617361365,0.9246733610386767
2015-11-30,1.0399642299453196,1.1303339784441429,0.9254419692947647
2015-12-01,1.0256080152173244,1.1147302520450662,0.9280041597110096
2015-12-02,1.03537024561353,1.1041197133318146,0.9151935008424978
2015-12-03,1.0230793017410031,1.1172267863644862,0.906482248902407
2015-12-04,1.0259370216085797,1.1141060887034648,0.917243155437923
2015-12-07,1.0098438527365128,1.0966298722795844,0.9146810627592489
2015-12-08,1.014441885324854,1.0916366845937593,0.9003330896409903
2015-12-09,1.0173419036766131,1.0885159869327379,0.8962336827125694
2015-12-10,1.0360087092235888,1.0685432361894374,0.8936715900338954
2015-12-11,1.0378241865088589,1.0666707461646336,0.8772739623202117
2015-12-14,1.025982442925271,1.078841633708396,0.8757366480704649
2015-12-15,1.0446798696136252,1.0985023623043884,0.8857289463498926
2015-12-16,1.0348859417054919,1.088203845738445,0.9018704038907372
2015-12-17,1.0150014648701366,1.0672949095062352,0.8934153221234855
2015-12-18,1.011143240553527,1.0713519117031507,0.8762490861537139
2015-12-21,1.0173284763083028,1.0779054482194865,0.8795798848260467
2015-12-22,1.034411524443877,1.096005708937983,0.8849603380938046
2015-12-23,1.031760693069446,1.0931970334242698,0.8998206515577414
2015-12-24,1.0296989478178542,1.0910125212521578,0.8975147290519064
2015-12-28,1.0199791953260442,1.101311037818101,0.8957212446293205
2015-12-29,1.0087071280743758,1.089140150274339,0.9041763263965722
2015-12-30,0.9951227853580766,1.0744726093641719,0.8941840281171444
2015-12-31,1.0162218028237004,1.0516911831071583,0.8821419775047207
2016-01-04,1.0252682645041011,1.0423289710771093,0.8634384272852021
2016-01-05,1.042765347473618,1.0245407325059208,0.8557520515116093
2016-01-06,1.0573762233870656,1.0101852137430618,0.8411479082205116
2016-01-07,1.0681557126603116,0.9998868162241034,0.829362027780927
2016-01-08,1.0621548278675483,1.0055041672515297,0.8209070437512461
2016-01-11,1.0753410315910465,1.0179870769426,0.825518888762916
2016-01-12,1.0529244098086052,0.9967660590395896,0.8357673572151829
2016-01-13,1.0400677448555986,1.0089370061068443,0.8183449022037868
2016-01-14,1.0056454098622607,0.9755449816130868,0.8283372493519999
2016-01-15,0.9972811093240739,0.9836589264834257,0.8009223983236052
2016-01-19,0.9760825557190703,0.9627499307277233,0.8075839467994855
2016-01-20,0.9659578842088243,0.9727363060993734,0.7904176619609284
2016-01-21,0.9414758255434557,0.9973901628576983,0.7986164758177703
2016-01-22,0.9285143711571793,0.9836589264834255,0.8188572914182504
2016-01-25,0.9488403112483448,1.0051920260572367,0.8075839467994855
2016-01-26,0.9411812955594392,0.9970781407103902,0.8252626208525062
2016-01-27,0.940592123218272,0.996453977368789,0.8186011212454112
2016-01-28,0.9523753452953478,1.0089370061068441,0.8180886831621623
2016-01-29,0.9564995516835182,1.0045678627156354,0.8283372493519999
2016-02-01,0.9850251414035748,0.9746087366006847,0.8247501827692573
2016-02-02,0.9714625055528595,0.9880279508276494,0.8001537411987317
2016-02-03,0.9671667330165606,0.9923969751718732,0.8111709156446575
2016-02-04,0.9510473242060745,0.9758570632838871,0.8147578844898294
2016-02-05,0.9294533192949666,0.9536997408449822,0.8011786173652297
2016-02-08,0.9385775107722154,0.9443375288149333,0.7829874563601746
2016-02-09,0.9348554916733448,0.9480823898175558,0.7753010805865818
2016-02-10,0.9207003671781694,0.9337269901016817,0.7783756113485049
2016-02-11,0.9083915505099588,0.9462099593162444,0.7665898286464911
2016-02-12,0.891613885989105,0.9636861162166324,0.7768383459675433
2016-02-16,0.9112478798702273,0.9849071936431352,0.7911862702170165
2016-02-17,0.9034520747118893,0.9764812266254881,0.8086087740971981
2016-02-18,0.9002759712688121,0.9730483877701737,0.8016910554484786
2016-02-19,0.8890153209842221,0.9852192753139358,0.7988726948593947
2016-02-22,0.8729640550180036,0.9674310367427473,0.8088649931388225
2016-02-23,0.8662056300696582,0.9599412552140096,0.7942608498477248
2016-02-24,0.8549415884890826,0.9724242244285723,0.7881117394550935
2016-02-25,0.8543928329302022,0.9718000610869711,0.7983602567761457
2016-02-26,0.8489054343380287,0.965558606241436,0.7978478186928968
2016-02-29,0.8228401732777312,0.995205650685586,0.7927235844667634
2016-03-01,0.8274846224823607,1.0008230017130124,0.8170638069956644
2016-03-02,0.834967357137435,1.0098731915957533,0.8216756520073343
2016-03-03,0.8398697875518583,1.0158025647704878,0.829105857608088
2016-03-04,0.8380636237976737,1.0136180525983758,0.8339738727925969
2016-03-07,0.8445142367564877,1.0058161893988375,0.832180388370011
2016-03-08,0.8481826040966853,1.0101852137430614,0.8257750589357551
2016-03-09,0.8500167877667841,1.0123697259151732,0.829362027780927
2016-03-10,0.879363926399392,1.0473221587629338,0.831155512203513
2016-03-11,0.8772676593732714,1.0448255053965287,0.8598514584400302
2016-03-14,0.8720270917634834,1.0385839910275012,0.8578017061070343
2016-03-15,0.8615459565439073,1.0510670197655565,0.8526774230121156
2016-03-16,0.8620575751115791,1.0504428564239552,0.8629259892019532
2016-03-17,0.8630820282428348,1.0491945297407526,0.8624135511187042
2016-03-18,0.860258127204571,1.0457616908854381,0.8613886749522063
2016-03-21,0.8630819303131274,1.0423289710771086,0.8585703143631225
2016-03-22,0.872384625148497,1.031094269022256,0.8557520515116093
2016-03-23,0.8813619525530622,1.0204837303090044,0.8465283614882695
2016-03-24,0.8794752532787822,1.0226682424811164,0.8378171095481788
2016-03-28,0.8910155224890876,1.0360874567080811,0.8396105939707648
2016-03-29,0.900408717251827,1.0470100175686408,0.8506277684166904
2016-03-30,0.8918206242178525,1.0370236421969905,0.8595951905296203
2016-03-31,0.882427429455113,1.0261010813364309,0.8513963766727786
2016-04-01,0.8845745039026789,1.0236044279700258,0.8424289545598487
2016-04-04,0.9058798296401769,0.9989505116882086,0.8403792022268528
2016-04-05,0.8937108629540454,1.0123697259151732,0.8201383377575874
2016-04-06,0.9132710948080074,0.9902124629997608,0.831155512203513
2016-04-07,0.8960014838687747,1.0089370061068437,0.8129644000672435
2016-04-08,0.8979414723278109,1.0111215182789557,0.8283372493519999
2016-04-11,0.9095814030820274,1.0242285913116274,0.8301307337745859
2016-04-12,0.9267642033141077,1.0435771787133266,0.8408916403101018
2016-04-13,0.9303670843329356,1.0476341809102423,0.8567768299405365
2016-04-14,0.9306442859536217,1.0479463221045353,0.8601076286128693
2016-04-15,0.9397899307288716,1.0582447196234939,0.8603638965232792
2016-04-18,0.9583585276214995,1.0791537749026887,0.8688188805529601
2016-04-19,0.9619613029188855,1.0832106580526195,0.8859852142603025
2016-04-20,0.9611299094997106,1.0822744725637101,0.8893159151950647
2016-04-21,0.9572499325816384,1.0779054482194863,0.8885473069389765
2016-04-22,0.9611299094997104,1.0735364238752625,0.8849603380938046
2016-04-25,0.9580566186403208,1.0769691436835922,0.8813733692486326
2016-04-26,0.9647194760069764,1.0844589847358224,0.8841916321001458
2016-04-27,0.9544476723899689,1.0729122605336614,0.8903407913615625
2016-04-28,0.9622210236348212,1.0641740927982288,0.8808609311653837
2016-04-29,0.9543200149934891,1.0729122605336614,0.873686895737469
2016-05-02,0.9743058077331519,1.0504428564239559,0.8808609311653837
2016-05-03,0.9876207150886283,1.0360874567080818,0.8624135511187042
2016-05-04,0.9932728338457969,1.0301579644863623,0.8506277684166904
2016-05-05,0.9866529838897676,1.0370236421969912,0.8457596554946107
2016-05-06,0.9875436966647917,1.0360874567080818,0.8513963766727786
2016-05-09,0.9991443421497266,1.0482583442518438,0.8506277684166904
2016-05-10,0.9902207774281829,1.0388961322217949,0.8606200666961182
2016-05-11,0.9946826165235957,1.0342149666832778,0.8529336909225254
2016-05-12,1.0051876679547909,1.0232924058227182,0.8490904541669436
2016-05-13,0.993845235716221,1.0348391300248792,0.8401230320540137
2016-05-16,1.006732864082384,1.0214199157979145,0.8496028922501926
2016-05-17,1.0055024871554674,1.0226682424811169,0.8385857178042668
2016-05-18,1.0125597074341586,1.0154905426231797,0.8396105939707648
2016-05-19,1.0016686704769548,1.0264131034837394,0.8337177026197579
2016-05-20,0.9961867407196798,1.0207957524563132,0.8426851247326878
2016-05-23,0.9751726379244459,1.0423289710771093,0.8380732797210179
2016-05-24,0.9897710300408185,1.057932697476186,0.8557520515116093
2016-05-25,0.9961942468357352,1.0647982561398301,0.868562710380121
2016-05-26,0.9950264601128641,1.0635500485036125,0.874199333820718
2016-05-27,0.989478999827431,1.057620556281893,0.8731745553917908
2016-05-31,0.9883111017276669,1.0563722295986904,0.8683064424697111
2016-06-01,0.9877271526777849,1.0569963929402917,0.8672815663032132
2016-06-02,0.9862690598045848,1.0585567417708024,0.8677940043864621
2016-06-03,0.988304504947444,1.0607413729898991,0.8690750507257992
2016-06-06,0.9967365563454772,1.069791443825655,0.8708686328859558
2016-06-07,0.9973180962552375,1.0704156071672561,0.8782987407491389
2016-06-08,0.9827799312634194,1.0548118807681797,0.8788111788323879
2016-06-09,1.017671549427262,1.017362913600999,0.8660005199638762
2016-06-10,1.0357773011940834,0.9992626528825023,0.835254919131934
2016-06-13,1.0545390359561255,0.9811623326405131,0.8203946056679972
2016-06-14,1.0461537066141795,0.9889641958400514,0.805534243335275
2016-06-15,1.056057313699797,0.9983264078701003,0.8119395727695309
2016-06-16,1.0722332388546247,0.9830347631418244,0.8196259485431238
2016-06-17,1.0484058075769334,1.0048800039099286,0.8070715087162366
2016-06-20,1.061429407374576,1.017362913600999,0.825006450679667
2016-06-21,1.0633830032357692,1.0192354036258027,0.835254919131934
2016-06-22,1.101151653794776,1.055436044109781,0.8367922333816809
2016-06-23,0.9666822437685789,0.9265492902437451,0.8665129580471251
2016-06-24,0.9832874359784091,0.9106334821738679,0.7606969372954842
2016-06-27,0.9573404939668168,0.934663235114084,0.747630059385348
2016-06-28,0.9752406659764891,0.9521393920144718,0.7673584857713645
2016-06-29,0.996337312515523,0.9727363060993734,0.7817064100208376
2016-06-30,0.9953783518664103,0.9718000610869716,0.7986164758177703
2016-07-01,0.9653316498063804,0.9424650983136221,0.7978478186928968
2016-07-05,0.9682084707860379,0.9396564227999089,0.7737638152056203
2016-07-06,0.9756043308746182,0.9324786634184794,0.7714578926997854
2016-07-07,0.9556873545021236,0.9515152286728704,0.7655649524799931
2016-07-08,0.9688519581366657,0.9646223612290344,0.7811939719375887
2016-07-11,0.9882854434198417,0.9839710081542261,0.7919549273418899
2016-07-12,0.9911064341832784,0.9867796836679393,0.80784016584111
2016-07-13,1.0033306278506933,0.9989505116882089,0.8101460883469449
2016-07-14,0.9986290562909471,0.9942694651966769,0.8201383377575874
2016-07-15,0.9951811654057499,0.9908366263413625,0.8162951987395762
2016-07-18,1.0045844280942144,0.9814744143113135,0.8134768381504924
2016-07-19,0.9956406313774113,0.9902124629997614,0.8057904623768996
2016-07-20,0.9950130464835271,0.9895882996581601,0.8129644000672435
2016-07-21,0.9962682162712954,0.9908366263413625,0.8124519619839945
2016-07-22,0.9959544238243532,0.9905245446705618,0.8134768381504924
2016-07-25,1.0009749832758474,0.995517732356387,0.8132206191088679
2016-07-26,1.0097609922408572,1.004255840568327,0.8173200260372888
2016-07-27,1.0103885771347416,1.0048800039099284,0.8244940125964181
2016-07-28,1.021998598422651,1.0164267281120893,0.825006450679667
2016-07-29,1.0085058224530892,1.0030075138851247,0.8344863108758459
2016-08-01,1.0191745262499619,0.9923969751718732,0.8234691364299203
2016-08-02,1.0214179824613372,0.9902124629997612,0.8147578844898294
2016-08-03,1.0191646276522681,0.992396975171873,0.8129644000672435
2016-08-04,1.0105113281992932,1.0008230017130126,0.8147578844898294
2016-08-05,1.0146076036361045,1.0048800039099284,0.8216756520073343
2016-08-08,1.0291019687824796,1.0192354036258024,0.825006450679667
2016-08-09,1.0341434923203232,1.0242285913116276,0.8367922333816809
2016-08-10,1.041390674893511,1.0314062911695647,0.8408916403101018
2016-08-11,1.04170583772679,1.0317184323638577,0.8467845316611087
2016-08-12,1.0445417022292895,1.0345271078775709,0.8470407995715185
2016-08-15,1.0423360431939457,1.0323425957054588,0.8493467220773534
2016-08-16,1.0454870705297246,1.0292217789974525,0.8475532376547674
2016-08-17,1.041683027670287,1.032966640000075,0.8449910472385227
2016-08-18,1.0514388950507283,1.023292405822718,0.8480655780004457
2016-08-19,1.0540042208969482,1.020795752456313,0.8401230320540137
2016-08-22,1.0482041265304498,1.0264131034837394,0.8380732797210179
2016-08-23,1.0485228945652767,1.0267252446780324,0.8426851247326878
2016-08-24,1.0434237001775017,1.0217320569922073,0.8429413926430975
2016-08-25,1.0456547116981383,1.0195474257731105,0.8388419857146767
2016-08-26,1.0424539810478712,1.0226682424811167,0.8370484035545199
2016-08-29,1.0389547264681689,1.0261010813364309,0.8396105939707648
2016-08-30,1.0380066931401912,1.0251647768005365,0.8424289545598487
2016-08-31,1.043694410955062,1.030782127827963,0.8416602485661898
2016-09-01,1.0585456875314747,1.04544966873813,0.8462720935778597
2016-09-02,1.0651813181360743,1.0520032052544657,0.8583141441902833
2016-09-06,1.0677092462930164,1.0544998586208707,0.8636945974580412
2016-09-07,1.068341228332252,1.055124021962472,0.8657443497910371
2016-09-08,1.0452744263222753,1.0323425957054584,0.8662567878742861
2016-09-09,1.0376908829279468,1.0398323177107036,0.8475532376547674
2016-09-12,1.0610482709628828,1.0164267281120887,0.8537022991786135
2016-09-13,1.0659349415544366,1.0117455625735718,0.8344863108758459
2016-09-14,1.0593591299074476,1.0179870769425994,0.8306430741202642
2016-09-15,1.085339710025453,0.9930211385134738,0.8357673572151829
2016-09-16,1.0768125280610075,1.0008230017130122,0.8152703225730784
2016-09-19,1.0754694196299617,1.0020713283962148,0.8216756520073343
2016-09-20,1.0915461813645948,1.01705089145369,0.8227005281738321
2016-09-21,1.1099674628667737,1.0342149666832772,0.8349987489590949
2016-09-22,1.1036037846072557,1.0282855935085427,0.8490904541669436
2016-09-23,1.1186757886605823,1.0142422159399767,0.8442224389824347
2016-09-26,1.1193642202871161,1.0136180525983753,0.8326928264532599
2016-09-27,1.107646732261781,1.024228591311627,0.832180388370011
2016-09-28,1.088072298577739,1.0061283305931303,0.8408916403101018
2016-09-29,1.105621737573329,1.0223561012868234,0.826031326846165
2016-09-30,1.1096715982074845,1.0186112402842007,0.8393543260603549
2016-10-03,1.1076317139844598,1.0204837303090044,0.8362797952984319
2016-10-04,1.1164385145897762,1.028597615655851,0.8378171095481788
2016-10-05,1.113051313406218,1.0254769179948295,0.8444786091552737
2016-10-06,1.120503311066177,1.0186112402842007,0.8419165164765997
2016-10-07,1.115010652912139,1.0236044279700258,0.8362797952984319
2016-10-10,1.1014130395132928,1.0111215182789555,0.8403792022268528
2016-10-11,1.106852110808369,1.0061283305931303,0.8301307337745859
2016-10-12,1.1137184648746803,0.9998868162241028,0.826031326846165
2016-10-13,1.1078092859002964,1.005192026057236,0.8209070437512461
2016-10-14,1.1060896453949258,1.0036316772267253,0.8252626208525062
2016-10-17,1.1177833845116696,1.0142422159399767,0.8239815745131691
2016-10-18,1.1198470318382103,1.0161147059647804,0.8326928264532599
2016-10-19,1.1239741952911315,1.0198595669674029,0.8342301407030068
2016-10-20,1.1205349142803906,1.0167388693063815,0.8373046714649298
2016-10-21,1.1167517576486399,1.0201715891147112,0.8347425787862558
2016-10-24,1.116068504442777,1.01954742577311,0.8375608416377689
2016-10-25,1.112310807286366,1.0161147059647804,0.8370484035545199
2016-10-26,1.1106027394303204,1.017675054795291,0.8342301407030068
2016-10-27,1.1119650554540215,1.0189233814784935,0.8355111870423438
2016-10-28,1.1146896875014238,1.0164267281120885,0.8365360632088418
2016-10-31,1.1208500954168845,1.0108093770846622,0.8344863108758459
2016-11-01,1.1291551782688432,1.003319655079417,0.829874465864176
2016-11-02,1.1326674052330348,1.0001988383714107,0.82372540434033
2016-11-03,1.1422093261314807,0.9917728713537635,0.8211632139240853
2016-11-04,1.1220823091771728,1.0092490282541513,0.8142454952753658
2016-11-07,1.1276337314840712,1.0142422159399764,0.828593419524839
2016-11-08,1.1265928811628865,1.013306030451067,0.8326928264532599
2016-11-09,1.1307565471603214,1.0095610504014596,0.8319242181971719
2016-11-10,1.1419417640715757,0.9995746750298093,0.8288495896976782
2016-11-11,1.1504982297091433,0.9920849530245641,0.8206507758408363
2016-11-14,1.1454315721025934,0.9964539773687879,0.8145017143169903
2016-11-15,1.1626506959678433,0.9814744143113125,0.8180886831621623
2016-11-16,1.1589539299038623,0.984595111972334,0.8057904623768996
2016-11-17,1.1736474684479508,0.9721121427577712,0.8083525550555736
2016-11-18,1.1619675296717376,0.981786436458621,0.7981040377345213
2016-11-21,1.1582740395381041,0.9849071936431348,0.8060466325497386
2016-11-22,1.1457957962920442,0.9742966549298834,0.8086087740971981
2016-11-23,1.1377215977204596,0.9811623326405122,0.7998975221571073
2016-11-25,1.1507489661247903,0.9699276305856595,0.805534243335275
2016-11-28,1.137790067215258,0.9808502509697116,0.7963105533119353
2016-11-29,1.1396001469131825,0.9792898426157084,0.8052780242936506
2016-11-30,1.1370580288558534,0.9771053304435965,0.8039969290855282
2016-12-01,1.1377842988240032,0.9764812266254876,0.8022034446629422
2016-12-02,1.1119669198896507,0.9986384895409,0.8016910554484786
2016-12-05,1.130036398244672,1.0148663792815777,0.8198821675847483
2016-12-06,1.149148303168918,1.032030454511165,0.8332052645365089
2016-12-07,1.144978464335232,1.0282855935085424,0.8472969697443576
2016-12-08,1.1453258956727115,1.0285976156558505,0.8442224389824347
2016-12-09,1.1439359052092206,1.029845942339053,0.8444786091552737
2016-12-12,1.158148436923918,1.0426409932244163,0.8455034853217717
2016-12-13,1.1397761753071072,1.0261010813364304,0.8560082216844483
2016-12-14,1.1383896868300225,1.0273492889726479,0.8424289545598487
2016-12-15,1.1387354336936948,1.0270372668253398,0.8434537329887758
2016-12-16,1.1421955311207672,1.0239165691643184,0.8431975628159367
2016-12-19,1.1352331534627773,1.0301579644863612,0.8406354701372627
2016-12-20,1.137984463234634,1.0326546178527662,0.8457596554946107
2016-12-21,1.1372966357916698,1.032030454511165,0.8478094078276066
2016-12-22,1.1410796211331375,1.0354632933664794,0.8472969697443576
2016-12-23,1.142455276019066,1.036711620049682,0.8501153303334414
2016-12-27,1.1345454572094837,1.029533920191745,0.8511402064999394
2016-12-28,1.1269796177162188,1.036399478855389,0.8452473151489325
2016-12-29,1.135463354909719,1.0442013420549272,0.8508839385895296
2016-12-30,1.1378387909677747,1.0463858542270392,0.8572892680237855
2017-01-03,1.1456438136516085,1.0535635540849764,0.8590827524463714
2017-01-04,1.1571817014128314,1.064174092798228,0.8649756437973782
2017-01-05,1.1527702512773317,1.0601172096482971,0.873686895737469
2017-01-06,1.1534489657869986,1.059493046306696,0.870356194802707
2017-01-09,1.1568465367449285,1.05637222959869,0.869843756719458
2017-01-10,1.1506949048677564,1.0619895806261161,0.8672815663032132
2017-01-11,1.149680393163957,1.0629258851620105,0.8718934113148831
2017-01-12,1.155418606723263,1.068231094995144,0.8726621173085418
2017-01-13,1.152718308802246,1.0657345606757238,0.8770176944098019
2017-01-17,1.154406139861742,1.0641740927982284,0.8749680398143768
2017-01-18,1.1588070089006293,1.0601172096482976,0.873686895737469
2017-01-19,1.1482321684316337,1.0697914438256548,0.870356194802707
2017-01-20,1.1475622393241252,1.0691672804840535,0.8782987407491389
2017-01-23,1.1505768564199572,1.0719759559977668,0.87778630266589
2017-01-24,1.1361737000483052,1.0853951702247315,0.8800922251717249
2017-01-25,1.1234334164052473,1.0732242826809693,0.8911093996176507
2017-01-26,1.1253933833556173,1.0713519117031503,0.8811171013382229
2017-01-27,1.136211380948272,1.061053395137207,0.8795798848260467
2017-01-30,1.135543006014882,1.0616775584788083,0.871124803058795
2017-01-31,1.1388808239564585,1.0647982561398297,0.871637241142044
2017-02-01,1.1398822712026058,1.065734560675724,0.874199333820718
2017-02-02,1.1462241762234384,1.0716639338504585,0.8749680398143768
2017-02-03,1.1298685627186906,1.0563722295986901,0.8798360549988858
2017-02-06,1.1345415587687349,1.0520032052544663,0.8672815663032132
2017-02-07,1.1352146928874993,1.051379041912865,0.8636945974580412
2017-02-08,1.1254428521728348,1.0604292317956059,0.8631821593747923
2017-02-09,1.122793258385008,1.0579326974761858,0.8706123649755461
2017-02-10,1.1181563744971035,1.0623017218204096,0.868562710380121
2017-02-13,1.121441154998607,1.065422419481431,0.872149679225293
2017-02-14,1.1260398978232493,1.0697914438256548,0.874711771903967
2017-02-15,1.121441154998607,1.0741604681698786,0.8782987407491389
2017-02-16,1.115902428877997,1.0688552583367452,0.8818857095943109
2017-02-17,1.1139475185658376,1.070727748361549,0.8775301324930509
2017-02-21,1.112973544085505,1.0716639338504585,0.8790674467427977
2017-02-22,1.1126494943679084,1.0719759559977668,0.8798360549988858
2017-02-23,1.1039038861660566,1.0635500485036122,0.8800922251717249
2017-02-24,1.1003409200960859,1.0669827683119417,0.8731745553917908
2017-02-27,1.1003409200960859,1.0669827683119417,0.875992818243304
2017-02-28,1.1186852901999036,1.0847710068831304,0.875992818243304
2017-03-01,1.1135359954824964,1.0797778191973053,0.8905969615344017
2017-03-02,1.130914911192072,1.0966298722795844,0.8864975546059808
2017-03-03,1.12512193928888,1.0910125212521582,0.9003330896409903
2017-03-06,1.1293056568431752,1.0869556381022274,0.8957212446293205
2017-03-07,1.133845031012912,1.0825864947110186,0.8923905436945584
2017-03-08,1.1492070537791492,1.0972540356211857,0.8888034771118157
2017-03-09,1.1613004947421195,1.1088007598233467,0.9008455277242393
2017-03-10,1.1616274152642696,1.1091129010176397,0.9103253879204182
2017-03-13,1.149207053779149,1.0972540356211857,0.910581655830828
2017-03-14,1.1328645188137552,1.1128577620202624,0.9008455277242393
2017-03-15,1.119204056365714,1.1262769762472271,0.913656186592751
2017-03-16,1.1161029564102272,1.1231562785862057,0.9246733610386767
2017-03-17,1.11300173815536,1.1200354618781994,0.9221112683600027
2017-03-20,1.113311919130537,1.1203476030724924,0.9195490779437578
2017-03-21,1.1161029564102272,1.1231562785862057,0.9198053458541677
2017-03-22,1.1136221001057138,1.1256528129056258,0.9221112683600027
2017-03-23,1.1160920698275103,1.1281494662720308,0.9241609229554277
2017-03-24,1.1228842510131734,1.1350150249356747,0.9262106752884236
2017-03-27,1.1281328777846715,1.1403203538157929,0.9318472987290206
2017-03-28,1.1253542207349698,1.1375116783020798,0.9362029735678514
2017-03-29,1.1333815045561695,1.1293976739082485,0.9338970510620165
2017-03-30,1.1283707039297537,1.1343908615940737,0.9272354537173507
2017-03-31,1.1324060573962083,1.1303339784441429,0.9313348606457716
2017-04-03,1.1314681557328903,1.1312701639330522,0.9280041597110096
2017-04-04,1.1398956569740737,1.1228441373919127,0.9287727679670976
2017-04-05,1.1443310293551086,1.1272131617361367,0.9218550004495928
2017-04-06,1.1436973874642704,1.1278373250777378,0.9254419692947647
2017-04-07,1.1509840879266606,1.1206516719073953,0.9249295312115158
2017-04-10,1.1484170169121397,1.1231510917121557,0.919036639860509
2017-04-11,1.1490559283322894,1.1225262367609654,0.9210863921935047
2017-04-12,1.1589698975153035,1.1128411637858626,0.9205739541102558
2017-04-13,1.1521370214393016,1.119402081183911,0.9126313104262531
2017-04-17,1.1598544315659598,1.1119039409485256,0.9180118614315818
2017-04-18,1.1611580347955799,1.1106542310461454,0.9118627021701651
2017-04-19,1.1493994522298383,1.1219013818097754,0.9108378260036671
2017-04-20,1.150999816917488,1.1234634595983026,0.9200615160270068
2017-04-21,1.215015381223466,1.1859475245705628,0.9213425623663438
2017-04-24,1.2242976673518327,1.17688730654665,0.9725851978403907
2017-04-25,1.2134150165358164,1.1873485317441563,0.9800154034411444
2017-04-26,1.2156555515185257,1.1895409357327242,0.9713041515010536
2017-04-27,1.2159767596323918,1.1898552436794578,0.9695106670784677
2017-04-28,1.2227267991222976,1.1832502080005391,0.9692544969056285
2017-05-01,1.231083973355059,1.1751628509913448,0.9746349501733864
2017-05-02,1.2291554607102408,1.1770037623076386,0.9812964497804814
2017-05-03,1.2555128628659389,1.1517646753950797,0.9797592332683053
2017-05-04,1.2757629813356564,1.1331879074337015,1.0007687059936587
2017-05-05,1.2561557412863853,1.1506039068372285,1.0169100657969325
2017-05-08,1.2629059033928123,1.156786868580082,1.0012811440769078
2017-05-09,1.2606315779423765,1.1547036493878415,0.9959005930715791
2017-05-10,1.254480620648024,1.1603377561001376,0.997694077494165
2017-05-11,1.2431498773437324,1.1498573317362628,0.9928260623096561
2017-05-12,1.2517343031506494,1.1419171266711095,1.001793484422586
2017-05-15,1.2650878948341624,1.1297350725342252,1.0087112519400907
2017-05-16,1.2421960926823836,1.150177661440484,1.0194722562131773
2017-05-17,1.2428319895515916,1.1495888700425305,1.001024876166498
2017-05-18,1.2250272410685497,1.1331199177930826,1.0015373142497468
2017-05-19,1.2265720184979234,1.131691036854685,1.0158852873680053
2017-05-22,1.2271899530414656,1.1311209023874518,1.0171663337073424
2017-05-23,1.2274988613837552,1.1308361765534278,1.0176787717905913
2017-05-24,1.2302795079002133,1.1333978536139453,1.0179349419634305
2017-05-25,1.2358660540728499,1.1385444722485905,1.0156290194575956
2017-05-26,1.239311214321581,1.1417183341281014,1.0110171744459258
2017-05-30,1.2333271694546388,1.1362055188982538,1.0081988138568418
2017-05-31,1.239253584807534,1.1307457949920496,1.0130669267789216
2017-06-01,1.2532899569460738,1.1179384333937674,1.0179349419634305
2017-06-02,1.2439324151829136,1.1262853889575182,1.029464554492605
2017-06-05,1.2520423719685583,1.1336283327712344,1.0217781787190123
2017-06-06,1.2514103320580592,1.133056069111453,1.0151165813743466
2017-06-07,1.2517260933298602,1.1327701714995835,1.0156290194575956
2017-06-08,1.2526732567176229,1.1336273226278626,1.0158852873680053
2017-06-09,1.2631068685552074,1.143069391730361,1.0151165813743466
2017-06-12,1.2534624020735905,1.1343414727322514,1.0066615973446658
2017-06-13,1.252195929644472,1.1354875878435178,1.0143479731182585
2017-06-14,1.2344657987466476,1.1515652184192986,1.0133230969517606
2017-06-15,1.2423810702624503,1.1589489396865849,0.9989752215710728
2017-06-16,1.2353258146897474,1.1523674799711092,0.992569892136817
2017-06-19,1.2229598925884309,1.1639029682770767,0.998206515577414
2017-06-20,1.2235940579467899,1.1632994268629668,0.9882142172979862
2017-06-21,1.2251794108653506,1.1648066588812653,0.9887266553812352
2017-06-22,1.2220004781019695,1.1617843733138749,0.9874456090418982
2017-06-23,1.2172566390948407,1.1572742948591108,0.9900077017205722
2017-06-26,1.2203946592972206,1.1542909058182729,0.993850938476154
2017-06-27,1.232633105677418,1.1427153656842792,0.996413031154828
2017-06-28,1.2119218611014382,1.1619157727724942,1.0064053294342559
2017-06-29,1.2166288914050079,1.1664285824908247,0.9894952636373232
2017-06-30,1.214098922731569,1.1640030049015095,0.9856521246193122
2017-07-03,1.2137840342324036,1.164304900531573,0.9877017792147372
2017-07-05,1.218508202704049,1.1688364912819424,0.9874456090418982
2017-07-06,1.2131122971339046,1.1636605463683996,0.9836023722863163
2017-07-07,1.2159437361370142,1.1609445291743181,0.9879580471251471
2017-07-10,1.2216066141432336,1.1555377927889752,0.9902639696309821
2017-07-11,1.230415482147652,1.1472053396302027,0.9948758146426518
2017-07-12,1.2345053651547717,1.1433920459157567,1.0020497523329959
2017-07-13,1.2414265671531755,1.1369816668793247,1.0053805510053286
2017-07-14,1.2360783601538714,1.1418799133562216,1.0110171744459258
2017-07-17,1.238280577154976,1.1439143048960103,1.0066615973446658
2017-07-18,1.234491889189464,1.140414343384465,1.0048681129220798
2017-07-19,1.2260192564011094,1.1325873887947404,1.0079426436840027
2017-07-20,1.2173526598371835,1.1405935256647985,1.0148604112015076
2017-07-21,1.2185907787958936,1.1417535760880642,1.0076864735111637
2017-07-24,1.2145588762610855,1.1379759017303899,1.0066615973446658
2017-07-25,1.2231859602719524,1.1298927911472354,1.0099922982794278
2017-07-26,1.2204129899708887,1.1324542652443879,1.0171663337073424
2017-07-27,1.2238021889537003,1.1293093357202122,1.0148604112015076
2017-07-28,1.2238021889537003,1.1293093357202122,1.0176787717905913
2017-07-31,1.2315048711751437,1.1222013970179623,1.0176787717905913
2017-08-01,1.2318129267492162,1.121920683231379,1.0240841012248472
2017-08-02,1.2352021257320278,1.1188338407767884,1.0243402713976864
2017-08-03,1.2416723505899758,1.1129731752405976,1.0271586319867703
2017-08-04,1.2413642950159034,1.113249300895053,1.0325390852545282
2017-08-07,1.2472184087257066,1.1184992408369094,1.032282915081689
2017-08-08,1.254994084886459,1.1254724283892652,1.0274148021596095
2017-08-09,1.2751495548762843,1.1435477532278104,1.0210094727253536
2017-08-10,1.2751495548762843,1.1435477532278104,1.00461184501167
2017-08-11,1.261815937555851,1.1315902317975808,1.00461184501167
2017-08-14,1.2630898849079446,1.1304477621738052,1.0151165813743466
2017-08-15,1.2685041004091895,1.1256021151058968,1.0161414575408445
2017-08-16,1.2513061756268442,1.1408626258950976,1.0204971323796752
2017-08-17,1.246210507708776,1.1362167149302735,1.0066615973446658
2017-08-18,1.248737735099604,1.138520882633985,1.0107610042730866
2017-08-21,1.2389051106834605,1.1295561113179462,1.0087112519400907
2017-08-22,1.2382806482553141,1.1301254570619572,1.0166538956240936
2017-08-23,1.2395295731116072,1.1312652970296113,1.0161414575408445
2017-08-24,1.249853829542722,1.121842792499255,1.0151165813743466
2017-08-25,1.248289580813788,1.123246829612037,1.0235716631415983
2017-08-28,1.2423452685614997,1.1285956925635758,1.0222906168022612
2017-08-29,1.2476637381087807,1.1334272011417361,1.0174225038801816
2017-08-30,1.2404062246544199,1.1268341882083845,1.0130669267789216
2017-08-31,1.2438370881250091,1.1237174558211278,1.0189598181299284
2017-09-01,1.233544497713241,1.1330160718712055,1.0217781787190123
2017-09-05,1.2491392451406613,1.1186922274498696,1.0133230969517606
2017-09-06,1.260055639726944,1.1089158267619903,1.0261337558202723
2017-09-07,1.259119873975932,1.1097393502785107,1.035101275670773
2017-09-08,1.2722195236837748,1.0981938278416727,1.0343325696771142
2017-09-11,1.277521680699427,1.0936169478296631,1.0450935739502007
2017-09-12,1.271907562107277,1.0984228899379327,1.0494491510514607
2017-09-13,1.2765860339268953,1.094382548729422,1.0448373060397909
2017-09-14,1.2793930932229702,1.0967889644548263,1.0486805427953727
2017-09-15,1.275320554828337,1.093297687854841,1.0463746202895379
2017-09-18,1.280301054903864,1.0890280403561636,1.0497054189618706
2017-09-19,1.2759431321808388,1.0927349029139204,1.0538048258902915
2017-09-20,1.2737641708193261,1.0908688110233233,1.0502178570451195
2017-09-21,1.2725233799700801,1.0898061810094999,1.0520113414677055
2017-09-22,1.260758041594137,1.099882175435687,1.0530361198966327
2017-09-25,1.2663311463445461,1.104744138139538,1.0433000895276148
2017-09-26,1.2625827896217532,1.1014740810702517,1.0386882445159449
2017-09-27,1.2582354993957077,1.097681515904435,1.041762775277868
2017-09-28,1.272113120603388,1.085574713726536,1.04534974412304
2017-09-29,1.2684124608286242,1.088732721147828,1.0568793566522146
2017-10-02,1.2650201403509855,1.0858209472425067,1.0538048258902915
2017-10-03,1.270848387327519,1.090823581153985,1.0566231864793754
2017-10-04,1.2677524616311515,1.0881662155793237,1.0517550735572958
2017-10-05,1.2674444325602918,1.0879018210397977,1.0543172639735405
2017-10-06,1.2692920614914285,1.0894877200560797,1.0545734341463795
2017-10-09,1.2575564810285573,1.0794145688957355,1.0530361198966327
2017-10-10,1.261194509865914,1.0762918929854703,1.0627722480032213
2017-10-11,1.2575564810285575,1.0793965536174852,1.0658467787651444
2017-10-12,1.2566470027319314,1.0801771847491901,1.0627722480032213
2017-10-13,1.2545248096059025,1.0820013601869896,1.0620036397471333
2017-10-16,1.2572533601466327,1.0843546778526134,1.0602101553245473
2017-10-17,1.250859026198297,1.07883969881305,1.0579042328187125
2017-10-18,1.2511603874208665,1.0785797810734954,1.0632846860864704
2017-10-19,1.2577913691327374,1.0842961087921463,1.0635408562593096
2017-10-20,1.2632746053950603,1.0890230069795017,1.0579042328187125
2017-10-23,1.2577433523881052,1.0842547153062,1.0532923878070426
2017-10-24,1.256220315172242,1.0855676701946129,1.0579042328187125
2017-10-25,1.257438675224758,1.084514819617613,1.0566231864793754
2017-10-26,1.2550018389194348,1.0866165404714214,1.0576479649083026
2017-10-27,1.2476912138031744,1.0802867918398542,1.0555983103128774
2017-10-30,1.2413683667749258,1.0748122897708525,1.0617473718367236
2017-10-31,1.2449449063338973,1.0717156193741184,1.0671279228420523
2017-11-01,1.2485214458928688,1.0686367415144173,1.0702024536039751
2017-11-02,1.255376527420957,1.074504155335053,1.0732769843658982
2017-11-03,1.2559792183788576,1.0750200116733721,1.0673840930148912
2017-11-06,1.2677426942616323,1.08508862729676,1.0668716549316424
2017-11-07,1.2668207370909566,1.0842995040422674,1.0568793566522146
2017-11-08,1.2778686114137505,1.0937556206799182,1.0576479649083026
2017-11-09,1.2809914099715862,1.096428492088118,1.0484242748849628
2017-11-10,1.2863262016364048,1.1009946566502917,1.0458621822062888
2017-11-13,1.2809467898101752,1.096390300718596,1.0415066051050288
2017-11-14,1.285026271733719,1.0998820182891542,1.0458621822062888
2017-11-15,1.2774468057101547,1.0933945879766949,1.042531383533956
2017-11-16,1.2718289016505602,1.0982030746135363,1.0486805427953727
2017-11-17,1.2743258008142488,1.1003591054562103,1.0440686977837028
2017-11-20,1.2827858097901683,1.0930540286046342,1.042018945450707
2017-11-21,1.2840391710148464,1.0919860470870062,1.048936712968212
2017-11-22,1.3025258307339802,1.0762644282094571,1.0499615891347098
2017-11-24,1.294379221827783,1.0829958919312426,1.0650781705090564
2017-11-27,1.3015858695790243,1.0769661521319827,1.0584166709019613
2017-11-28,1.297512505362373,1.080336560100577,1.0643095622529684
2017-11-29,1.296885824750034,1.0808583477320781,1.0609787635806354
2017-11-30,1.2868591740068196,1.0892148190179651,1.0604663254973865
2017-12-01,1.2843524515574636,1.087093095604748,1.0522675116405447
2017-12-04,1.2784221941486382,1.0921125448038174,1.0543172639735405
2017-12-05,1.2824796008298534,1.0955786491598019,1.0494491510514607
2017-12-06,1.2777681387643456,1.0915538075623554,1.0461184501166987
2017-12-07,1.270908437606614,1.0856937984650064,1.0499615891347098
2017-12-08,1.2699829388408095,1.086484420543504,1.0555983103128774
2017-12-11,1.2721422398392213,1.0883317263791081,1.0548296043192187
2017-12-12,1.2727611832758197,1.088861239320184,1.0530361198966327
2017-12-13,1.2848444578064735,1.0991986140401062,1.0525237795509546
2017-12-14,1.2845286261590008,1.098928416579968,1.042531383533956
2017-12-15,1.267170155615354,1.084078053450405,1.042787651444366
2017-12-18,1.2653269568388616,1.0856549303464456,1.0568793566522146
2017-12-19,1.2576471377139202,1.0922442418695253,1.0553420424024678
2017-12-20,1.2545751397530998,1.0895762661050032,1.048936712968212
2017-12-21,1.2573264056276583,1.0919656917389702,1.0514989033844566
2017-12-22,1.2560982198790678,1.090899034191224,1.0491929808786216
2017-12-26,1.2576305141393658,1.0922298045897496,1.0502178570451195
2017-12-27,1.2551730654384252,1.0943640552176095,1.048936712968212
2017-12-28,1.250565187997274,1.0983815852151024,1.0468870583727867
2017-12-29,1.2450357819411686,1.093525062862254,1.0430438216172049
2018-01-02,1.240164039752206,1.0892461720378248,1.0476556666288748
2018-01-03,1.2622181006083077,1.0698759108502822,1.0517550735572958
2018-01-04,1.2749068062457944,1.059120764418081,1.0704586237768143
2018-01-05,1.269770865911605,1.0633874143615152,1.081219628049901
2018-01-08,1.2688644557078934,1.0626283284281774,1.0768639532110702
2018-01-09,1.2733896958000288,1.0664180541890425,1.077632659204729
2018-01-10,1.2812894616022499,1.0598022845600437,1.073789422449147
2018-01-11,1.2992159735936895,1.044974598130029,1.0804509220562422
2018-01-12,1.3025582223234289,1.042286388398779,1.0955675034305887
2018-01-16,1.3074196434106624,1.038396356505648,1.0983858640196726
2018-01-17,1.3092427197829077,1.036948408349054,1.1024852709480935
2018-01-18,1.3192693500667045,1.0290071013959694,1.1040225851978405
2018-01-19,1.3305114805040867,1.0202384355778018,1.1124775692275213
2018-01-22,1.3338537292338262,1.017675593644225,1.121957527161271
2018-01-23,1.335980593715402,1.016052883427617,1.1247758877503549
2018-01-24,1.330815268613417,1.019981266435874,1.1265693721729408
2018-01-25,1.3432726673935413,1.010433499977283,1.12221369733411
2018-01-26,1.3320306528615806,1.0188899424897075,1.1327184336967868
2018-01-29,1.3432726673935413,1.0274891256356289,1.1232385735006079
2018-01-30,1.3411095969048643,1.0258345610345256,1.113758713304429
2018-01-31,1.3417256466358092,1.0253633354860858,1.115552197727015
2018-02-01,1.3759156429566834,1.0514917535838764,1.116064635810264
2018-02-02,1.433934258182035,1.0958302969939344,1.0876249574841568
2018-02-05,1.3933777753707266,1.0648365311706036,1.041762775277868
2018-02-06,1.420372223457123,1.085466022303068,1.071227329770473
2018-02-07,1.4622904939447696,1.1175004831131385,1.0504740272179587
2018-02-08,1.4578805091912848,1.1141303182157067,1.0194722562131773
2018-02-09,1.437789475093407,1.0987765014442843,1.0225467869751004
2018-02-12,1.4420537658791321,1.1020353252094086,1.036638492182949
2018-02-13,1.415958114292864,1.082092705479906,1.0335639614210261
2018-02-14,1.4252668394419765,1.074978862577708,1.0522675116405447
2018-02-15,1.4280249071612443,1.0728986454438192,1.0591852791580494
2018-02-16,1.4152685644835026,1.0824826959117995,1.0612349337534746
2018-02-20,1.4256115485875682,1.0903936335230138,1.0517550735572958
2018-02-21,1.4151162755342928,1.0823662161450363,1.0440686977837028
2018-02-22,1.4251134746356289,1.0747197557442636,1.0517550735572958
2018-02-23,1.4368342970120855,1.0658807407565145,1.0591852791580494
2018-02-26,1.4113242254266118,1.084804769821536,1.0678965310981403
2018-02-27,1.4247686710781893,1.0951387515584603,1.048936712968212
2018-02-28,1.4377689891151872,1.1051313576242063,1.038944414688784
2018-03-01,1.438484669496529,1.1056814604831808,1.029464554492605
2018-03-02,1.4284554375984555,1.0979725595767376,1.0289521164093562
2018-03-05,1.4217440125292051,1.0928138683304212,1.0361260540997002
2018-03-06,1.4301421300990789,1.0863587123618716,1.04099416702178
2018-03-07,1.4311919949095673,1.0855612183508414,1.047143228545626
2018-03-08,1.4360909190729392,1.0818453772181957,1.0479119345392847
2018-03-09,1.4378405157761902,1.0805273596189826,1.0514989033844566
2018-03-12,1.4259430713141423,1.0894682081412894,1.0527799497237935
2018-03-13,1.4217440125292056,1.08625998675971,1.0440686977837028
2018-03-14,1.4227877122964263,1.08546256522297,1.047143228545626
2018-03-15,1.4193090669438617,1.0828086631156757,1.0479119345392847
2018-03-16,1.4293481139884954,1.0904675778387118,1.0504740272179587
2018-03-19,1.4314546578142995,1.0920746865065405,1.0430438216172049
2018-03-20,1.4349761519532356,1.0947612784896112,1.0415066051050288
2018-03-21,1.4657635192274237,1.1182493465753014,1.038944414688784
2018-03-22,1.4831251784512298,1.131494773840893,1.0166538956240936
2018-03-23,1.4517302117962747,1.1075431605778194,1.00461184501167
2018-03-26,1.4332390656345049,1.1216502875744894,1.0258775856474331
2018-03-27,1.4423033150014004,1.114556622495995,1.0128106588685117
2018-03-28,1.4600693046166822,1.10082774787236,1.0192159883027676
2018-03-29,1.4379525140319418,1.1175028308239574,1.0317704769984402
2018-04-02,1.4223619940561238,1.1053866795345506,1.0161414575408445
2018-04-03,1.4166853240349822,1.1009750631867394,1.0271586319867703
2018-04-04,1.4008465792732214,1.0886660043442213,1.031258038915191
2018-04-05,1.392241870716626,1.0953531418376898,1.042787651444366
2018-04-06,1.406009325628719,1.0845215289475332,1.03638232201011
2018-04-09,1.421153696718684,1.0728399588540394,1.0466307904623768
2018-04-10,1.4135815111737013,1.0785562605090055,1.0579042328187125
2018-04-11,1.4221862197302966,1.071990907036134,1.0522675116405447
2018-04-12,1.4208094348498574,1.0709531379646158,1.0586728410748005
2018-04-13,1.4263057909771049,1.0668101897989677,1.0596977172412985
2018-04-16,1.440390211743393,1.0562757001502934,1.0637971241697193
2018-04-17,1.445199506974301,1.0527489185560834,1.0743018605323962
2018-04-18,1.4397031508470537,1.0567527138390427,1.0778888293775681
2018-04-19,1.4355809165124849,1.0597784641942967,1.073789422449147
2018-04-20,1.4362679774088238,1.060285668165285,1.0707148916872242
2018-04-23,1.4438327536794455,1.06587015796021,1.0702024536039751
2018-04-24,1.4455701914039356,1.0671527739814415,1.0645657324258073
2018-04-25,1.4427834862899502,1.0650955649228002,1.0632846860864704
2018-04-26,1.4466002624642191,1.062277933993318,1.0653344384194663
2018-04-27,1.443477349328116,1.0645711740820547,1.0681527012709793
2018-04-30,1.451458097927915,1.0704570128247937,1.0658467787651444
2018-05-01,1.4490021727036388,1.0686457566934229,1.0599538874141377
2018-05-02,1.4521491423215254,1.066324852148247,1.0617473718367236
2018-05-03,1.4545967705370222,1.0645275389667435,1.0640532943425585
2018-05-04,1.453198087732243,1.063503931329132,1.0658467787651444
2018-05-07,1.4458693107760874,1.0688674004738434,1.0668716549316424
2018-05-08,1.44063439401914,1.0649974574409617,1.0614912016638844
2018-05-09,1.4305867802811911,1.057569699830364,1.0653344384194663
2018-05-10,1.429561801580893,1.0583274213690699,1.0727645462826492
2018-05-11,1.4299034177016308,1.0580745175017738,1.0719959380265611
2018-05-14,1.4186282609840977,1.0664177075773917,1.0722521081994003
2018-05-15,1.4210199648435162,1.0682156101126168,1.0637971241697193
2018-05-16,1.4162204009329118,1.064607660035993,1.0620036397471333
2018-05-17,1.4111125572122727,1.0684473516176682,1.0655906085923053
2018-05-18,1.4046426045130818,1.0635485192805805,1.0617473718367236
2018-05-21,1.4059921512448006,1.0625266875181036,1.0666154847588032
2018-05-22,1.384397858991681,1.0788457770640099,1.0676402631877304
2018-05-23,1.3887841111160033,1.0822639343160803,1.0512426354740467
2018-05-24,1.4040641572344605,1.0941715034597133,1.0479119345392847
2018-05-25,1.454395283583195,1.1333939876347148,1.03638232201011
2018-05-29,1.4234427002895704,1.1092729854541201,0.999231391743912
2018-05-30,1.43130509339196,1.115400060514976,1.0204971323796752
2018-05-31,1.4175737766561158,1.1046993988679092,1.0148604112015076
2018-06-01,1.4250178672481533,1.0988983022776915,1.0245965393080962
2018-06-04,1.421118543064466,1.1019052545580577,1.0299769925758542
2018-06-05,1.437779242676886,1.0889869005353516,1.0271586319867703
2018-06-06,1.42537228979932,1.098384037980509,1.039200682599194
2018-06-07,1.427853653329999,1.0964719129069196,1.0302331627486931
2018-06-08,1.4455777558200902,1.082861287954884,1.0320266471712791
2018-06-11,1.4349433213708696,1.0908273882479962,1.0448373060397909
2018-06-12,1.439551625881061,1.0873242082281043,1.037150930266198
2018-06-13,1.4409695865340693,1.0862531921446157,1.0404817289385309
2018-06-14,1.4055213815538872,1.1129752868892633,1.0415066051050288
2018-06-15,1.4236000418193155,1.1272910435611707,1.0158852873680053
2018-06-18,1.4366939838720332,1.1376596043699172,1.002818360589084
2018-06-19,1.4400282459102163,1.140299871033387,0.9935946705657441
2018-06-20,1.4545438870814669,1.1517942176217635,0.9912887480599092
2018-06-21,1.4347954927685023,1.1361562663856362,0.9812964497804814
2018-06-22,1.415945845710084,1.1510825361798465,0.9946195467322421
2018-06-25,1.4200114917990831,1.1543876726195723,0.9815527176908913
2018-06-26,1.4341372999886755,1.16587114224924,0.9787343571018073
2018-06-27,1.431862043294293,1.1640214894152954,0.9689982289952187
2018-06-28,1.414852038179778,1.1501933335667014,0.9705355432449655
2018-06-29,1.4082077964243653,1.1555947199784655,0.9820651557741402
2018-07-02,1.4000871660196605,1.1489308187826328,0.9774533107624703
2018-07-03,1.4263593707808457,1.1273714855781818,0.9830899342030675
2018-07-05,1.4347518497029104,1.1207382053376824,1.0015373142497468
2018-07-06,1.4420496998248966,1.1150375822994674,1.0074302056007538
2018-07-09,1.4446039264883548,1.1130625749721796,1.0125544886956725
2018-07-10,1.4146828662636333,1.1361166534839169,1.0143479731182585
2018-07-11,1.4037361606781107,1.1273254715073198,0.993338500392905
2018-07-12,1.3997839765047484,1.1241515147399974,1.001024876166498
2018-07-13,1.3965685408106636,1.12156923278312,1.0038432367555818
2018-07-16,1.3951459785601439,1.1227116772856829,1.0061491592614167
2018-07-17,1.3901671463463272,1.1187050764341597,1.0051242830949187
2018-07-18,1.382398968180006,1.1249563393647712,1.0087112519400907
2018-07-19,1.3760431003269076,1.1197841177427303,1.0030746284994938
2018-07-20,1.377092804383238,1.1206383365752144,1.0076864735111637
2018-07-23,1.3704350181248337,1.1152204224781082,1.0069177675175047
2018-07-24,1.3829281099001727,1.105053905347792,1.0117858804395845
2018-07-25,1.3742522744995875,1.1119864897120386,1.0210094727253536
2018-07-26,1.3801519114110115,1.1072127544514594,1.0146041432910977
2018-07-27,1.382581134732556,1.1052639348883468,1.0189598181299284
2018-07-30,1.388133664093621,1.10082512815504,1.0207533025525144
2018-07-31,1.3784167708074433,1.1085308704576085,1.0248527094809352
2018-08-01,1.393339218287069,1.120531590446134,1.0176787717905913
2018-08-02,1.395467043805251,1.1222428002368205,1.0066615973446658
2018-08-03,1.4000913672396416,1.1259617083280211,1.0051242830949187
2018-08-06,1.3864843023861195,1.1150188267802204,1.001793484422586
2018-08-07,1.3822701018468482,1.1184079116281542,1.0115296125291746
2018-08-08,1.3738415668012856,1.1252275196525174,1.0084550817672517
2018-08-09,1.415983974095059,1.1597437241241628,1.0023059225058348
2018-08-10,1.423078779567395,1.1655546346082888,0.9715603216738927
2018-08-13,1.4223244136153557,1.1649367807380644,0.9666923064893838
2018-08-14,1.4505825145481108,1.1880812200904762,0.9672047445726327
2018-08-15,1.4403892978176265,1.1797325951426751,0.9479887562698651
2018-08-16,1.4291785024902015,1.1705505353444838,0.9546502558769602
2018-08-17,1.4390743605794707,1.1624454582222743,0.9620804614777139
2018-08-20,1.4596270173995456,1.145843576325583,0.9687420588223795
2018-08-21,1.4683811015515806,1.1389714021518726,0.9825774961198185
2018-08-22,1.4584852434623115,1.1466472700525976,0.9884704852083961
2018-08-23,1.4428803704968993,1.134378866881901,0.9818088878637303
2018-08-24,1.4629980242607488,1.1185625582345675,0.9923136242264071
2018-08-27,1.4600175679478915,1.120841321966802,1.0061491592614167
2018-08-28,1.4656058524765094,1.1165512501511687,1.0040994069284208
2018-08-29,1.4846057640650479,1.1310260661469547,1.0079426436840027
2018-08-30,1.5056342900086128,1.1470463535192037,0.9948758146426518
2018-08-31,1.521760461608593,1.1593318510352548,0.9807840116972325
2018-09-04,1.5358247302793897,1.1700465167417988,0.9702792753345557
2018-09-05,1.5436020380101627,1.1759715494884486,0.9613118532216258
2018-09-06,1.5601421703505851,1.1885724171850112,0.9564438380371169
2018-09-07,1.5423989575310124,1.1750549995096409,0.9461952718472791
2018-09-10,1.5440508282921963,1.173796544952864,0.956956178382795
2018-09-11,1.5403341978450658,1.1709711405699437,0.9579810545492929
2018-09-12,1.55841704042784,1.1572244570037922,0.9602869770551279
2018-09-13,1.552252509826093,1.1618020157658107,0.9715603216738927
2018-09-14,1.556773259665415,1.1584184063061065,0.9677171826558817
2018-09-17,1.5662256653410365,1.1513847290184676,0.9705355432449655
2018-09-18,1.571979289945805,1.147155047655793,0.9764284345959724
2018-09-19,1.6048572568119912,1.123162285226648,0.9800154034411444
2018-09-20,1.6060902883519506,1.1222993458491433,1.0005124380832489
2018-09-21,1.598281663438754,1.1277558352480392,1.0012811440769078
2018-09-24,1.604446350815013,1.1234059998466257,0.996413031154828
2018-09-25,1.60567922558046,1.1225427619403792,1.00025626791041
2018-09-26,1.598281663438754,1.1277144548326343,1.001024876166498
2018-09-27,1.623762068163234,1.1456929009226422,0.996413031154828
2018-09-28,1.622913466536004,1.1450941451818282,0.9805278415243933
2018-10-01,1.6097741248977377,1.154364992637199,0.9810402796076423
2018-10-02,1.6021448506155347,1.1488940591600183,0.9730976359236396
2018-10-03,1.583671539900689,1.162141223999795,0.9777094809353094
2018-10-04,1.5971067040859934,1.172000312679211,0.9664361363165446
2018-10-05,1.6107717745955654,1.1820281128687837,0.9582373224597028
2018-10-08,1.6099031115252456,1.1813906642954208,0.950038508602861
2018-10-09,1.6424483240132237,1.2052732258766463,0.9505508489485393
2018-10-10,1.657810984377014,1.1939996881074522,0.9313348606457716
2018-10-11,1.65735051083958,1.194331333430869,0.9226236087056809
2018-10-12,1.652289168101048,1.1979786730746715,0.9228798766160907
2018-10-15,1.6239355149291008,1.2185362561294504,0.9256982372051746
2018-10-16,1.6062599589045952,1.2052732258766463,0.9415834268356094
2018-10-17,1.6380757237554722,1.181399948501482,0.9313348606457716
2018-10-18,1.6252028865593537,1.1906839937870664,0.9128875783366629
2018-10-19,1.640137827551329,1.179742101341289,0.9200615160270068
2018-10-22,1.6304572856429973,1.17277894089147,0.9116065319973259
2018-10-23,1.6760933975598382,1.1399531370685074,0.9062259809919972
2018-10-24,1.6502549034616478,1.1575265446406868,0.8808609311653837
2018-10-25,1.6417459837383799,1.151558193675488,0.8944401982899834
2018-10-26,1.6436368948607083,1.1502318653530814,0.8898283532783136
2018-10-29,1.6526393461484543,1.1565318616416973,0.8888034771118157
2018-10-30,1.6403204401008533,1.1651527427660786,0.8936715900338954
2018-10-31,1.6627266175067996,1.1810683031780653,0.9003330896409903
2018-11-01,1.6659941739158874,1.1833893144994614,0.9126313104262531
2018-11-02,1.6664610694420254,1.1837209598228784,0.9144247948488391
2018-11-05,1.6720625692763948,1.1876998183044674,0.9146810627592489
2018-11-06,1.6501231093281175,1.2032838598786675,0.9177555935211719
2018-11-07,1.6246595881374193,1.184715642821868,0.9297976441335956
2018-11-08,1.6273878783044378,1.1827261503382582,0.915449671015337
2018-11-09,1.6638865922903157,1.1562002163182807,0.9139123567655901
2018-11-12,1.6505257498405228,1.1654843880894958,0.8934153221234855
2018-11-13,1.645360670587434,1.1691316012476678,0.9005893575514002
2018-11-14,1.6542268804367555,1.1754315975362835,0.9034076204029133
2018-11-15,1.6556269113648177,1.1744367880516633,0.908275733324993
2018-11-16,1.6715192635917224,1.1631633767680996,0.9075070273313343
2018-11-19,1.6391180791555415,1.140616301229711,0.8987958731288143
2018-11-20,1.617676273902315,1.1555370521570774,0.8813733692486326
2018-11-21,1.602358340333605,1.1445951597113,0.8929028840402367
2018-11-23,1.5782208241277638,1.1618370484456932,0.8844479000105556
2018-11-26,1.5705638417157328,1.1562002163182807,0.8977709969623163
2018-11-27,1.5462419048531213,1.174105269213877,0.8934153221234855
2018-11-28,1.5396918160051873,1.1691316012476678,0.9072508571584952
2018-11-29,1.5318319425936173,1.1631633767680998,0.9034076204029133
2018-11-30,1.5117452477709492,1.1784157730188831,0.8987958731288143
2018-12-03,1.4730370905014172,1.1482424993551028,0.910581655830828
2018-12-04,1.453470203082538,1.1329899766186888,0.8872662605996395
2018-12-06,1.4709101385058732,1.1193954275280984,0.875480380160055
2018-12-07,1.4765740688239162,1.115085050208723,0.8649756437973782
2018-12-10,1.4735006304974148,1.1174060615301191,0.8616449428626162
2018-12-11,1.5023584990218402,1.1392899729073045,0.8634384272852021
2018-12-12,1.5014839979400059,1.1386268087461013,0.8803484930821347
2018-12-13,1.4796219712762282,1.1220480841729115,0.8798360549988858
2018-12-14,1.4896784835262824,1.11442188604752,0.8670253961303741
2018-12-17,1.4865759236530487,1.116742897368916,0.8611325047793672
2018-12-18,1.474217270440952,1.1074588520833315,0.8629259892019532
2018-12-19,1.4671551588377507,1.102153665279336,0.8557520515116093
2018-12-20,1.492755418633119,1.082922284061333,0.8516526445831883
2018-12-21,1.5192647629613187,1.0636910293289608,0.8367922333816809
2018-12-24,1.4775893034129828,1.092869493508121,0.8219319199177441
2018-12-26,1.4766926874155362,1.093532657669324,0.8444786091552737
2018-12-27,1.4699763090213256,1.0985063256355332,0.8449910472385227
2018-12-28,1.4761880741715148,1.1031483482783253,0.8488342839941044
2018-12-31,1.4695325147917944,1.0981746803121162,0.8524212528392764
2019-01-02,1.4890552294435184,1.0835854482225362,0.8485780160836947
2019-01-03,1.438934101384334,1.1200585916893016,0.8373046714649298
2019-01-04,1.4402121285361473,1.121053401173922,0.8654880818806272
2019-01-07,1.449583406841579,1.1283479539758967,0.8662567878742861
2019-01-08,1.4683262884434531,1.1429373125511073,0.8718934113148831
2019-01-09,1.46704826129164,1.1419425030664871,0.8831668536712186
2019-01-10,1.4794013321254593,1.1323269389431163,0.8823981476775599
2019-01-11,1.4845999328639583,1.1283479539758967,0.8749680398143768
2019-01-14,1.4828548444526557,1.1296742822983032,0.8718934113148831
2019-01-15,1.4841605044352355,1.1286795992993137,0.872918287481381
2019-01-16,1.4815445818608395,1.130668965297293,0.872149679225293
2019-01-17,1.4598210532955052,1.1472476898704829,0.873686895737469
2019-01-18,1.442100758601547,1.133321621942106,0.8864975546059808
2019-01-22,1.4328186075062705,1.1406163012297112,0.8757366480704649
2019-01-23,1.434068107717679,1.1416109842287008,0.8813733692486326
2019-01-24,1.45656006485483,1.1595160371242972,0.8821419775047207
2019-01-25,1.4536444584357882,1.1571950258029011,0.8959775125397303
2019-01-28,1.4469801924938877,1.1625002126068966,0.8941840281171444
2019-01-29,1.458123526750741,1.171452739054695,0.8982834350455653
2019-01-30,1.4548217281094107,1.1688000824098819,0.90520120256307
2019-01-31,1.4515199294680803,1.171452739054695,0.9031514502300743
2019-02-01,1.4506982181310337,1.1707895748934916,0.90520120256307
2019-02-04,1.4371403728832959,1.181731467339269,0.904688764479821
2019-02-05,1.4310918944806326,1.1767579258586904,0.9131437485095021
2019-02-06,1.405687854484746,1.1558686974804946,0.9093006094914909
2019-02-07,1.4113331625231413,1.1512266748377022,0.8931591519506464
2019-02-08,1.4121461610345203,1.1505635106764989,0.8895721831054745
2019-02-11,1.3942400412101323,1.1651527427660788,0.8890597450222255
2019-02-12,1.3942400412101323,1.1651527427660788,0.9003330896409903
2019-02-13,1.389875577403258,1.1615054031222762,0.9003330896409903
2019-02-14,1.3652758998290013,1.1820631126626857,0.8975147290519064
2019-02-15,1.371020310806295,1.1870366541432642,0.9134000164199119
2019-02-19,1.3767648678737439,1.1920103221094736,0.917243155437923
2019-02-20,1.3756158688061613,1.1910155126248534,0.9210863921935047
2019-02-21,1.3809775235778525,1.1956576617532764,0.920317686199846
2019-02-22,1.3840411802143782,1.1983101919124588,0.9239047527825887
2019-02-25,1.3947641975774507,1.2075942371980433,0.9259544073780137
2019-02-26,1.3882538359184866,1.2019575315562614,0.9331283450683576
2019-02-27,1.3951472459633634,1.2079258825214603,0.9287727679670976
2019-02-28,1.4051043126447658,1.2165467636458414,0.9333846129787675
2019-03-01,1.3989768532815594,1.2112415768418459,0.9400461125858625
2019-03-04,1.400125852349142,1.212236386326466,0.9359467056574415
2019-03-05,1.4031896550758225,1.209583729681653,0.9367154116511003
2019-03-06,1.3797262077957795,1.1893576654646605,0.9346656593181045
2019-03-07,1.3743411831867693,1.1939996881074528,0.919036639860509
2019-03-08,1.3647997971325736,1.2022890503940478,0.9226236087056809
2019-03-11,1.3651761266370368,1.2019575315562614,0.9290289381399367
2019-03-12,1.3806167336332256,1.2155520806468518,0.9287727679670976
2019-03-13,1.3836296050771733,1.218204737291665,0.9392775043297744
2019-03-14,1.4001999670340337,1.232793969381245,0.9413272566627702
2019-03-15,1.4062255662603118,1.2380991561852406,0.952600601281535
2019-03-18,1.410744729764616,1.2420780146668295,0.9567000082099559
2019-03-19,1.4111214105259184,1.2424096599902466,0.9597745389718789
2019-03-20,1.4054723483993252,1.2374359920240374,0.9600308068822888
2019-03-21,1.448028223744574,1.199968039072652,0.956187570126707
2019-03-22,1.4452274075631617,1.202289050394048,0.9272354537173507
2019-03-25,1.442437253253475,1.2046101882010747,0.9290289381399367
2019-03-26,1.4464075675136154,1.2079258825214603,0.9308225203000935
2019-03-27,1.4420401309527924,1.2042785428776577,0.9333846129787675
2019-03-28,1.4317170715439778,1.2128995504876696,0.9305662523896836
2019-03-29,1.448546849709802,1.2271571372538328,0.9372278497343492
2019-04-01,1.4532436778211608,1.2311361222210524,0.9482449264427043
2019-04-02,1.468507995921259,1.2440675071504395,0.951319554942198
2019-04-03,1.4708564099769383,1.2460569996340491,0.9613118532216258
2019-04-04,1.4720305423524143,1.2470516826330387,0.9628491674713726
2019-04-05,1.471247737667188,1.2477148467942418,0.9636177757274608
2019-04-08,1.4630371003688252,1.2407516863444228,0.9641302138107097
2019-04-09,1.4563904081888188,1.2463885184718353,0.958749662805381
2019-04-10,1.4544532331695013,1.2480463656320282,0.9631053376442118
2019-04-11,1.4660455516436373,1.2579935750788158,0.9643863839835488
2019-04-12,1.4664320457885605,1.2576619297553988,0.9720727597571417
2019-04-15,1.467591233414676,1.2566677710754954,0.9723290276675515
2019-04-16,1.479570046033735,1.2464105636110578,0.9730976359236396
2019-04-17,1.4803428869192543,1.2457595116069409,0.9810402796076423
2019-04-18,1.4803428869192543,1.2457595116069409,0.9815527176908913
2019-04-22,1.479183551888812,1.2467351319541418,0.9815527176908913
2019-04-23,1.4903893762180251,1.2561800009535955,0.9807840116972325
2019-04-24,1.4919586559470843,1.2575026739697897,0.9733539038340494
2019-04-25,1.4903860680428145,1.256177212646321,0.9723290276675515
2019-04-26,1.4990167880857288,1.2489027794782253,0.9733539038340494
2019-04-29,1.5123553368659635,1.2377897947683514,0.9789905272746465
2019-04-30,1.5009783085657358,1.2471013429088798,0.9877017792147372
2019-05-01,1.4947013532370619,1.2523166077632055,0.9802715736139835
2019-05-02,1.4813628044568272,1.241141073517002,0.9761721666855626
2019-05-03,1.494079942969854,1.2517959670371008,0.9848834186256534
2019-05-06,1.530148074411434,1.2820151943880733,0.9764284345959724
2019-05-07,1.5198620557846914,1.2733971838897657,0.9528567714543742
2019-05-08,1.526357186819219,1.2788390472068234,0.95926210088863
2019-05-09,1.5165307839551743,1.2706061199571326,0.955162693960209
2019-05-10,1.550078846646446,1.298713939606572,0.9613118532216258
2019-05-13,1.534869542973168,1.2859710170546454,0.9400461125858625
2019-05-14,1.524098439917141,1.276946584707823,0.9492698026092022
2019-05-15,1.5065331016657342,1.2622296884090571,0.9559313999538679
2019-05-16,1.4993477172990988,1.2682498717426787,0.9669485743997935
2019-05-17,1.515714392294682,1.2820939142049528,0.9623367293881238
2019-05-20,1.5067385317064048,1.2745015232548607,0.951831993025447
2019-05-21,1.5027066462802177,1.2779119650860953,0.957468616466044
2019-05-22,1.5208504383112003,1.2933415693843269,0.95490652378737
2019-05-23,1.5018501717429924,1.309499525461411,0.9433769112581953
2019-05-24,1.4845273162353785,1.3246037425755126,0.955162693960209
2019-05-28,1.4704273890443813,1.3371847278648907,0.9441455195142834
2019-05-29,1.463175954009674,1.343779074689331,0.9351780974013535
2019-05-30,1.4787331438751148,1.32949136982044,0.9397899424130234
2019-05-31,1.4665088726216835,1.3404819012771108,0.9297976441335956
2019-06-03,1.4929613358116942,1.3646611263826622,0.9374840199071884
2019-06-04,1.4905565108340004,1.3668592885748725,0.954394085704121
2019-06-05,1.4957668885067594,1.3620813059440704,0.9528567714543742
2019-06-06,1.5198145267190764,1.340182948176703,0.956187570126707
2019-06-07,1.5202154073276029,1.339829448886917,0.9715603216738927
2019-06-10,1.529433673738696,1.3317050049786818,0.9718165895843026
2019-06-11,1.5174098546325376,1.3421743573654956,0.9777094809353094
2019-06-12,1.515806637980742,1.3407562854630546,0.9700231051617166
2019-06-13,1.5042080813823555,1.3510154024717393,0.9710479813282145
2019-06-14,1.503808199547566,1.3506562457003752,0.9636177757274608
2019-06-17,1.475027131761306,1.3248063208395229,0.9638739459002998
2019-06-18,1.481567348520464,1.3189321777030187,0.9823213259469793
2019-06-19,1.4961868551281188,1.305917489098931,0.9866769030482394
2019-06-20,1.4646395991790322,1.3334528956130223,0.996413031154828
2019-06-21,1.4623312096851628,1.3313512668870693,0.9754035584294746
2019-06-24,1.451976368747399,1.3407786322538209,0.9769408726792214
2019-06-25,1.4546609408833144,1.338299654610621,0.9700231051617166
2019-06-26,1.4573455130192299,1.33582982685812,0.9718165895843026
2019-06-27,1.445840182965562,1.3252838287291684,0.9736100740068886
2019-06-28,1.4473502334140458,1.323899688584553,0.9812964497804814
2019-07-01,1.452257825368449,1.3194106856396275,0.9823213259469793
2019-07-02,1.4643379409436441,1.3084356140681381,0.9856521246193122
2019-07-03,1.4537677318105957,1.3178804544230334,0.993850938476154
2019-07-05,1.46131769604034,1.32472470476114,0.9866769030482394
2019-07-08,1.4643693297455098,1.32749109469132,0.9815527176908913
2019-07-09,1.4616880478355039,1.3250604388549894,0.9795029653578954
2019-07-10,1.4605431690359902,1.326098302992119,0.9812964497804814
2019-07-11,1.4609247467742308,1.3257518499725383,0.9805278415243933
2019-07-12,1.4593981446516853,1.324366497583508,0.9807840116972325
2019-07-15,1.4567322410617527,1.326785736920788,0.9818088878637303
2019-07-16,1.4514004338818876,1.33164192498257,0.9800154034411444
2019-07-17,1.4540663374718203,1.3291959914514484,0.9764284345959724
2019-07-18,1.4654916593259388,1.3396401449389308,0.9782219190185584
2019-07-19,1.4604623592930075,1.3350427443449508,0.9705355432449655
2019-07-22,1.4735262226693757,1.3231007617921262,0.9738662441797277
2019-07-23,1.473910535853332,1.3227556813594632,0.9825774961198185
2019-07-24,1.489279838615836,1.336548806554722,0.9828337640302283
2019-07-25,1.4841795231676793,1.3319715468963746,0.9725851978403907
2019-07-26,1.4814519801571806,1.3295237232832537,0.9759159965127234
2019-07-29,1.4542764686132905,1.3539122878630696,0.9777094809353094
2019-07-30,1.4663112301137875,1.365116492722797,0.9597745389718789
2019-07-31,1.4726264269762543,1.3709958580408106,0.951831993025447
2019-08-01,1.4901435719815794,1.3873040899230218,0.947732586097026
2019-08-02,1.5182748179385956,1.361114269489208,0.9364591437406905
2019-08-05,1.5110772737497415,1.3675667772862021,0.9187804696876698
2019-08-06,1.521562128904788,1.3770558615466768,0.9231360467889298
2019-08-07,1.5077220433067537,1.3895815222706323,0.9295413762231857
2019-08-08,1.499897108468886,1.382369725565833,0.9379964579904374
2019-08-09,1.5118401572022129,1.371362497865553,0.9331283450683576
2019-08-12,1.4938470293374129,1.3876837343769244,0.9256982372051746
2019-08-13,1.448900774148918,1.3459316767556744,0.9367154116511003
2019-08-14,1.448900774148918,1.3459316767556744,0.9085319034978322
2019-08-15,1.4317394313695753,1.3618734136050783,0.9085319034978322
2019-08-16,1.443710466048893,1.3732602857592608,0.9192929077709188
2019-08-19,1.4377248725992517,1.367566777286202,0.9269792835445116
2019-08-20,1.4568785585301534,1.3857858016912812,0.9231360467889298
2019-08-21,1.451691206575093,1.3808515821260277,0.9354342675741926
2019-08-22,1.4297442842930161,1.3599756257113702,0.9321035666394305
2019-08-23,1.4153791340098134,1.3736397854212283,0.9180118614315818
2019-08-26,1.415770314320765,1.374019429875131,0.9272354537173507
2019-08-27,1.4153791340098134,1.373639785421228,0.9274917216277606
2019-08-28,1.3966065072566816,1.3918588098263074,0.9272354537173507
2019-08-29,1.3962257131030908,1.39147931016434,0.9395336745026135
2019-08-30,1.3901319896448479,1.3854063020293135,0.9392775043297744
2019-09-03,1.3699465579305106,1.4055231143281008,0.9351780974013535
2019-09-04,1.3814152408441915,1.417289630936186,0.9487573645259533
2019-09-05,1.382155169528329,1.418048775052056,0.9567000082099559
2019-09-06,1.3869646354117393,1.422983139409245,0.9572124462932049
2019-09-09,1.388444351653048,1.4245012828490502,0.9605432449655378
2019-09-10,1.3939937462205958,1.4301947913221091,0.9615680233944649
2019-09-11,1.3806753121600541,1.4438590958239024,0.9654112601500467
2019-09-12,1.3843047922113103,1.4400635200364864,0.9746349501733864
2019-09-13,1.367245931367671,1.4578094986190366,0.9771970428520605
2019-09-16,1.3581720927837417,1.4481346275712539,0.9651549922396369
2019-09-17,1.358530200429754,1.4485164555335157,0.9715603216738927
2019-09-18,1.3538715252033353,1.4435491992117064,0.9713041515010536
2019-09-19,1.3510242013752,1.4465851239323948,0.9746349501733864
2019-09-20,1.344262010935188,1.4538256190217962,0.9725851978403907
2019-09-23,1.3496006752290053,1.4595994092937603,0.9677171826558817
2019-09-24,1.358210491502082,1.468910965650368,0.9638739459002998
2019-09-25,1.3513068499613319,1.4614446452047702,0.9577248843764539
2019-09-26,1.3487891212448155,1.4641675805254464,0.9625928995609628
2019-09-27,1.357421431991389,1.4547968424752389,0.9607994151383769
2019-09-30,1.3426746764206827,1.4706014650746806,0.9669485743997935
2019-10-01,1.3085053245746292,1.5080263899413762,0.9564438380371169
2019-10-02,1.2987940264369555,1.4968343117761909,0.9321035666394305
2019-10-03,1.288517178236112,1.4849904483992256,0.9390213341569352
2019-10-04,1.2888660662932625,1.4845883618448668,0.9464514420201183
2019-10-07,1.2749134713669874,1.5006597447346777,0.9467077099305281
2019-10-08,1.2599144783928742,1.4830049113100405,0.9364591437406905
2019-10-09,1.272520400973784,1.4681668842695623,0.9474763181866163
2019-10-10,1.2984137948866918,1.4382924528379035,0.956956178382795
2019-10-11,1.2980730205111477,1.4386699389786055,0.9764284345959724
2019-10-14,1.3154488745782675,1.419412070957744,0.9761721666855626
2019-10-15,1.3178337753377005,1.4168386855595005,0.9892390934644841
2019-10-16,1.320900094880878,1.4135420025996577,0.9910325778870701
2019-10-17,1.322944351232111,1.4113543714322834,0.993338500392905
2019-10-18,1.328736215942922,1.405175446694645,0.9948758146426518
2019-10-21,1.3212407392890786,1.4131021214016932,0.999231391743912
2019-10-22,1.3127231994432906,1.4039923859331345,0.9935946705657441
2019-10-23,1.3123867906120228,1.40363258773816,1.0
2019-10-24,1.3110421012698257,1.4050707687642061,1.00025626791041
2019-10-25,1.3076805061509666,1.4014680781768067,0.999231391743912
2019-10-28,1.3066772115109218,1.4025433296655418,1.001793484422586
2019-10-29,1.2999882828889846,1.3953636588649323,1.001024876166498
2019-10-30,1.2966778219210564,1.398916996221537,1.0061491592614167
2019-10-31,1.3049537849191164,1.3899884982536037,1.003586968845172
2019-11-01,1.3125677820047645,1.3818783502184047,1.0099922982794278
2019-11-04,1.3112435976175933,1.3832724585924001,1.0158852873680053
2019-11-05,1.3132297479171764,1.3811772056485305,1.0148604112015076
2019-11-06,1.3165402088851046,1.3776954590338628,1.0163976277136837
2019-11-07,1.3165402088851046,1.3776954590338628,1.0189598181299284
2019-11-08,1.3168713181224843,1.3780419487876157,1.0189598181299284
2019-11-11,1.3172024676046838,1.3783884806556201,1.0187035502195185
2019-11-12,1.313557358789763,1.3822029101945807,1.0184473800466796
2019-11-13,1.3138886748600886,1.3825515406015698,1.0156290194575956
2019-11-14,1.3042741430343638,1.3724345603412489,1.0153728492847565
2019-11-15,1.3039474758788616,1.37277829888451,1.0228029571479396
2019-11-18,1.3052543937699703,1.374154204396447,1.0225467869751004
2019-11-19,1.2973974016813634,1.382425939595349,1.0215219108086024
2019-11-20,1.2954332161015305,1.3803330256645665,1.0153728492847565
2019-11-21,1.2970651303043286,1.3820718918918447,1.0169100657969325
2019-11-22,1.301318910701677,1.3775393281954662,1.0156290194575956
2019-11-25,1.3003373170796588,1.3765002409989953,1.0189598181299284
2019-11-26,1.3003373170796588,1.3765002409989953,1.0197284263860165
2019-11-27,1.3029509956715175,1.3792670071021687,1.0197284263860165
2019-11-29,1.3186966115390395,1.395934869934097,1.0176787717905913
2019-12-02,1.3200408793654426,1.397357873767569,1.0053805510053286
2019-12-03,1.3072445289993253,1.3838120198329709,1.0043556748388307
2019-12-04,1.3059233825728727,1.3852105480075612,1.0140918029454193
2019-12-05,1.3138500091486724,1.3768026682732366,1.0130669267789216
2019-12-06,1.30460223614642,1.3864935450524942,1.0192159883027676
2019-12-09,1.3079049762210937,1.3829834883718868,1.0120420506124237
2019-12-10,1.2970057071900465,1.3714585615772714,1.0146041432910977
2019-12-11,1.308699241942095,1.3590937753146553,1.0230592250583492
2019-12-12,1.3155204292444755,1.3520099221986688,1.032282915081689
2019-12-13,1.3288380385100989,1.338322913265308,1.037663368349447
2019-12-16,1.321042307372419,1.3461742881543883,1.0481681047121238
2019-12-17,1.3161700838316939,1.3511392026162956,1.042018945450707
2019-12-18,1.3164949730797748,1.35147272379641,1.038175806432696
2019-12-19,1.3132450961116027,1.348136501351212,1.0379195385222861
2019-12-20,1.3135684215616268,1.3478045855174625,1.0404817289385309
2019-12-23,1.3113047733327277,1.350127232296137,1.04073789911137
2019-12-24,1.3035436055768046,1.3421362875861145,1.038944414688784
2019-12-26,1.2990695848593548,1.337529809114192,1.0450935739502007
2019-12-27,1.2882783839362848,1.3486404940836267,1.0486805427953727
2019-12-30,1.2946261705511422,1.3419952827819814,1.039969290855282
2019-12-31,1.2797090112412801,1.3265323191236615,1.0450935739502007
2020-01-02,1.2632707116435042,1.3435720801133384,1.0571355268250537
2020-01-03,1.2610996199349536,1.341262980269506,1.043556259700454
2020-01-06,1.2682087459330733,1.3488240066726709,1.04534974412304
2020-01-07,1.2744607232232152,1.3421746146974474,1.039456852772033
2020-01-08,1.2691466200368513,1.336578165731502,1.044581135866952
2020-01-09,1.265116684025035,1.340822217914009,1.048936712968212
2020-01-10,1.2682166529966223,1.3375367444676198,1.0456060120334496
2020-01-13,1.2725566568593392,1.3421139707828547,1.0481681047121238
2020-01-14,1.2747415618538576,1.344418301597652,1.044581135866952
2020-01-15,1.2684774517766522,1.337811798379251,1.042787651444366
2020-01-16,1.274060002385701,1.331924108330544,1.0479119345392847
2020-01-17,1.2613441006466137,1.3452175294046995,1.0525237795509546
2020-01-21,1.2659961472811752,1.3501789151813581,1.042018945450707
2020-01-22,1.2697453620819579,1.3541774350689375,1.038175806432696
2020-01-23,1.2719454062525817,1.3565237717920178,1.035101275670773
2020-01-24,1.3028531848632925,1.3894867717860506,1.033307791248187
2020-01-27,1.2882849865313215,1.3739498570314128,1.0081988138568418
2020-01-28,1.2863424393539802,1.3718781396362028,1.0194722562131773
2020-01-29,1.2850513485078348,1.3732550819292684,1.0210094727253536
2020-01-30,1.3079699657283537,1.3977467939572856,1.0199846942964264
2020-01-31,1.3022830732118256,1.3916695628351394,1.001793484422586
2020-02-03,1.2797327071082716,1.367571378052851,1.0061491592614167
2020-02-04,1.2935070611531023,1.3528515758330244,1.0235716631415983
2020-02-05,1.3005543169870961,1.3454810005600777,1.034588837587524
2020-02-06,1.2915850156360682,1.3547601397690137,1.040225461028121
2020-02-07,1.2896629701190339,1.3527440814981475,1.033051523337777
2020-02-10,1.2835947634137714,1.346379061414572,1.034588837587524
2020-02-11,1.2905553849805296,1.3390779759014233,1.039456852772033
2020-02-12,1.281063705103387,1.3489265260881944,1.0450935739502007
2020-02-13,1.281063705103387,1.3489265260881944,1.037407198176608
2020-02-14,1.2867587371683242,1.3549232456804465,1.037407198176608
2020-02-18,1.2800552356169306,1.347864634134178,1.032795353164938
2020-02-19,1.272473414254453,1.3558480934353552,1.038175806432696
2020-02-20,1.280686943597255,1.364599787557262,1.0320266471712791
2020-02-21,1.3360489576109624,1.4235892173625253,1.0253651475641843
2020-02-24,1.370243978126961,1.4600247553095118,0.9810402796076423
2020-02-25,1.3698767806097278,1.4596334983700128,0.9559313999538679
2020-02-26,1.3309681182153075,1.5010915242388707,0.956187570126707
2020-02-27,1.3416128207372735,1.5130968251285668,0.9290289381399367
2020-02-28,1.312520345703889,1.4802857704578494,0.9215988302767537
2020-03-02,1.2946629260344482,1.5004257129130583,0.9415834268356094
2020-03-03,1.3418065030624675,1.4457895340674956,0.9287727679670976
2020-03-04,1.2964486407531322,1.4946623949940447,0.9625928995609628
2020-03-05,1.320020429267142,1.5218380691913473,0.9300538143064346
2020-03-06,1.4433556000384289,1.6640299277326327,0.9131437485095021
2020-03-09,1.3977900379777608,1.716561998790445,0.827824811268751
2020-03-10,1.4732782926966508,1.6238583266474322,0.8539585670890233
2020-03-11,1.6569124193637979,1.4214554221023135,0.80784016584111
2020-03-12,1.554255945414409,1.5095238074942783,0.7071483793156025
2020-03-13,1.7324305634929664,1.336477129645431,0.7509608091888954
2020-03-16,1.6429717137366344,1.4054898273333922,0.6648732148232709
2020-03-17,1.7694004828770489,1.2973355922826855,0.6992057845003851
2020-03-18,1.743410952314882,1.3163912799866888,0.645401007478879
2020-03-19,1.738636373396058,1.3199964047829984,0.6548808676750577
2020-03-20,1.7522036232025187,1.330296845542983,0.6566743520976437
2020-03-23,1.9170451002326634,1.4554467390850663,0.6617986351925625
2020-03-24,1.9882728382493733,1.5095238074942778,0.724058445112535
2020-03-25,2.0717112046014043,1.5728713511733023,0.7509608091888954
2020-03-26,1.989629589107396,1.510553871216733,0.7824750671457111
2020-03-27,1.9570683448361506,1.5352748111619565,0.7514732472721444
2020-03-30,1.9767637162163805,1.5198242482542625,0.7637714680574071
2020-03-31,2.0772430639400903,1.442571237251227,0.7560850922838143
2020-04-01,2.046837161323384,1.4636870524001409,0.7176531156782792
2020-04-02,2.0814072140267634,1.4389661124549173,0.728157852040956
2020-04-03,1.9547647725725896,1.5265194659856547,0.7158596312556932
2020-04-06,1.9653167992857687,1.534759779300729,0.7594158420873618
2020-04-07,1.9877398874987942,1.552270469653333,0.7635152490157827
2020-04-08,2.0378620772814346,1.5914120070160782,0.7722265009558734
2020-04-09,2.0134605626784885,1.5723563193120746,0.7916987083002655
2020-04-13,1.9738905253991073,1.6032574451274624,0.7822188481040866
2020-04-14,1.8870216534313111,1.5326997500881017,0.7975915996512724
2020-04-15,1.8952647592315786,1.5260044341244265,0.7624904217180701
2020-04-16,1.8268227617169537,1.5811116644883765,0.7591596230457373
2020-04-17,1.8030204205430984,1.560510782968407,0.786574474074132
2020-04-20,1.8488396662574291,1.5208543119767173,0.7763259078842943
2020-04-21,1.8281787473741595,1.5378499704680937,0.7565975303670632
2020-04-22,1.8085867638079889,1.5213693438379448,0.7650525632655295
2020-04-23,1.788382516158196,1.5383650023293214,0.7568537494086877
2020-04-24,1.823707006171735,1.5687510962834814,0.765308782307154
2020-04-27,1.8338852838968005,1.5775064414597837,0.7804253148127153
2020-04-28,1.8973498928635135,1.6320986399625064,0.7847809407827606
2020-04-29,1.8602290816905842,1.6001673521923803,0.8119395727695309
2020-04-30,1.9015409282449258,1.5646309396259446,0.7960543342703108
2020-05-01,1.9103037517044343,1.5574206900333252,0.7783756113485049
2020-05-04,1.9140940032175797,1.554330597098243,0.7747886425033329
2020-05-05,1.940097258397039,1.5332147819493294,0.7732513771223714
2020-05-06,1.9049057710206452,1.5610258148296348,0.7627466407596946
2020-05-07,1.9369579780921258,1.5872918503585407,0.7765821269259189
2020-05-08,1.925016931566208,1.5775064414597835,0.789649004836055
2020-05-11,1.9532982061314166,1.5543305970982428,0.7847809407827606
2020-05-12,1.9895422731028876,1.5254895004954823,0.7732513771223714
2020-05-13,2.002304396118058,1.515704091596725,0.7589034528728982
2020-05-14,1.9975418852373221,1.5193092163930348,0.7540353888196039
2020-05-15,1.8844606953815026,1.6053175725723725,0.7558288732421898
2020-05-18,1.8584639461956696,1.5831716937010036,0.7986164758177703
2020-05-19,1.9062254370837919,1.6238583266474318,0.7875993013718445
2020-05-20,1.8880881138940324,1.6084076655074546,0.80784016584111
2020-05-21,1.8850652843525169,1.6058326044336002,0.8001537411987317
2020-05-22,1.830048956439335,1.6526994232501926,0.7988726948593947
2020-05-26,1.8796638093476685,1.6975061146218746,0.8221880900905831
2020-05-27,1.8973427650032744,1.7134718076230795,0.8444786091552737
2020-05-28,1.9024753509970318,1.7181069961418443,0.8524212528392764
2020-05-29,1.9406844330806836,1.7526132467535414,0.8547271753451113
2020-06-01,1.977753133874153,1.7860896301073501,0.8718934113148831
2020-06-02,2.056452713262774,1.8571624552402215,0.8885473069389765
2020-06-03,2.0598742922272897,1.8602524499430202,0.9239047527825887
2020-06-04,2.1208949159603048,1.915359582074687,0.9254419692947647
2020-06-05,2.1448470564468347,1.8937286368322621,0.9528567714543742
2020-06-08,2.103216177851683,1.9304853774749862,0.9636177757274608
2020-06-09,2.115762547513531,1.9420013516423842,0.9449142255079421
2020-06-10,2.250233975754354,1.8185736561725598,0.9392775043297744
2020-06-11,2.210905782341712,1.8503575583159415,0.8795798848260467
2020-06-12,2.2317931146105816,1.867838643871665,0.8949526363732324
2020-06-15,2.20141114529721,1.893266008078916,0.9034076204029133
2020-06-16,2.2100344301946078,1.8858497777172682,0.9157059389257468
2020-06-17,2.1989472824788425,1.876388977120848,0.9192929077709188
2020-06-18,2.2131141412341226,1.8643002209143467,0.9146810627592489
2020-06-19,2.224968909576766,1.8742865324327187,0.908788171408242
2020-06-22,2.2006352999179133,1.8947848668915757,0.913656186592751
2020-06-23,2.1389809862906644,1.8416994417673602,0.9236484848721788
2020-06-24,2.1060171831881167,1.8700818435566213,0.8977709969623163
2020-06-25,2.1438996361471574,1.8364433300470373,0.9116065319973259
2020-06-26,2.1770338036291568,1.8648257318362984,0.8952088065460715
2020-06-29,2.180101730084649,1.8674536874463794,0.9090443415810812
2020-06-30,2.1794880043528795,1.8679793988684923,0.9103253879204182
2020-07-01,2.1396269413848628,1.902143222799867,0.910581655830828
2020-07-02,2.1833773582956013,1.9410376475296127,0.9272354537173507
2020-07-06,2.144947934988429,1.9752016719611487,0.9461952718472791
2020-07-07,2.12543754993111,1.9931680498658089,0.9295413762231857
2020-07-08,2.15504633640523,1.965401867228531,0.9379964579904374
2020-07-09,2.1293767901035454,1.9888124887914973,0.9249295312115158
2020-07-10,2.1328741186828393,1.9855460256703465,0.9359467056574415
2020-07-13,2.169718231424291,2.019845134549926,0.9344094891452654
2020-07-14,2.140476744622913,2.0470667682106236,0.9505508489485393
2020-07-15,2.1342148937549372,2.0530553531609277,0.9633615078170509
2020-07-16,2.1438924773193717,2.0437457870058218,0.9605432449655378
2020-07-17,2.128522005927506,2.029093309568755,0.9648988220667978
2020-07-20,2.1201043537738786,2.0210688674349,0.9718165895843026
2020-07-21,2.1273419517176193,2.0141693561664726,0.9756598263398844
2020-07-22,2.1061856021205836,2.034200207817891,0.9789905272746465
2020-07-23,2.121774748392915,2.049256546895963,0.9692544969056285
2020-07-24,2.099737707816147,2.027972690204597,0.9620804614777139
2020-07-27,2.0847948990967264,2.0424047823107365,0.9720727597571417
2020-07-28,2.0604435614268968,2.0185485801806986,0.9651549922396369
2020-07-29,2.0999114919584136,2.0572140096195386,0.9764284345959724
2020-07-30,2.1465388417062705,2.102893285865254,0.9577248843764539
2020-07-31,2.1013176125620188,2.058591539584982,0.9364591437406905
2020-08-03,2.1125787360648896,2.0475593884096215,0.956187570126707
2020-08-04,2.124402819088274,2.036099218054521,0.9613118532216258
2020-08-05,2.1266550867464615,2.033940568867804,0.9666923064893838
2020-08-06,2.1153939632435907,2.044710747862161,0.9677171826558817
2020-08-07,2.1165200970726845,2.0457992533528113,0.9625928995609628
2020-08-10,2.1013014178000726,2.0310890870113782,0.9620804614777139
2020-08-11,2.151861544320291,1.9822183632098203,0.9689982289952187
2020-08-12,2.135748922959156,1.9970607372583682,0.9923136242264071
2020-08-13,2.1179695517837054,2.0136855772505338,0.9848834186256534
2020-08-14,2.106857391812343,2.003120554610058,0.9766846047688116
2020-08-17,2.1101563045953236,2.0062570364759567,0.9818088878637303
2020-08-18,2.107398693253535,2.0088788693450574,0.9802715736139835
2020-08-19,2.0952651612712136,2.0204451648390425,0.9789905272746465
2020-08-20,2.1167750346785863,2.041186940403076,0.9733539038340494
2020-08-21,2.0745521266882676,2.000471773716142,0.9633615078170509
2020-08-24,2.0848303531440333,1.9905605732964902,0.9825774961198185
2020-08-25,2.101599743497016,1.9745494445135048,0.9874456090418982
2020-08-26,2.073470403610024,2.000978250769433,0.9953881549883301
2020-08-27,2.089157864527824,1.985839250930486,0.9820651557741402
2020-08-28,2.117287410771756,2.0125776597365097,0.9894952636373232
2020-08-31,2.119510335660399,2.0104646688655516,0.9761721666855626
2020-09-01,2.0767199855080523,1.969875818836248,0.9771970428520605
2020-09-02,2.028684746158012,2.01543971628413,0.996925469238077
2020-09-03,2.0308196909290226,2.0133187103014523,0.9738662441797277
2020-09-04,2.0665790996455216,2.048769955411898,0.9748911203462256
2020-09-08,2.0123991501062664,1.9950569120443356,0.9577248843764539
2020-09-09,1.987742475391912,2.0195011031056884,0.9828337640302283
2020-09-10,2.0055791804809946,2.001379416796162,0.9707917134178047
2020-09-11,2.0087269049516627,1.9982382837874768,0.9795029653578954
2020-09-14,2.020268161099409,1.9867572906168403,0.9810402796076423
2020-09-15,2.006628421971217,2.000170782784286,0.9866769030482394
2020-09-16,2.0003331731522325,1.9938957930451688,0.9800154034411444
2020-09-17,2.0222288284399985,2.0157209847433326,0.9830899342030675
2020-09-18,2.104290335280458,2.0975184050212228,0.9723290276675515
2020-09-21,2.1112255891576157,2.104431340183706,0.9328721748955185
2020-09-22,2.1443861819150007,2.137485217048449,0.9297976441335956
2020-09-23,2.152190333773619,2.1452642539449194,0.9151935008424978
2020-09-24,2.1575933314495503,2.139878643947313,0.91852420177726
2020-09-25,2.110531573219497,2.18655400668374,0.9162182792714251
2020-09-28,2.1145747194247693,2.1823652242713263,0.9362029735678514
2020-09-29,2.099557130375237,2.1978642576197496,0.9379964579904374
2020-09-30,2.09147061762975,2.206329403471206,0.9313348606457716
2020-10-01,2.085165793461781,2.199678332770882,0.9349219272285143
2020-10-02,2.046190715554518,2.240793832871395,0.9321035666394305
2020-10-05,2.020792614460868,2.2686074222228996,0.949526070519612
2020-10-06,2.0417735812354287,2.292161336963863,0.9377401900800275
2020-10-07,2.0252097487799574,2.3107564332543173,0.9474763181866163
2020-10-08,2.0431368664637257,2.3312112046884517,0.955162693960209
2020-10-09,2.0583476034821353,2.3138558130106244,0.9636177757274608
2020-10-12,2.02901243303456,2.346832436857321,0.9707917134178047
2020-10-13,2.0393339749783737,2.3348941514935895,0.956956178382795
2020-10-14,2.073359402627318,2.2959374268990165,0.952088163198286
2020-10-15,2.051797529102244,2.319813997626479,0.9362029735678514
2020-10-16,2.0412385168555365,2.3317522829902106,0.9459390039368694
2020-10-19,2.0573550713362163,2.31334198336381,0.9410709887523604
2020-10-20,2.0306795046088295,2.343336664058576,0.9485011943531141
2020-10-21,2.0317910130556234,2.3420540202490177,0.9362029735678514
2020-10-22,2.010093388601831,2.36706496293718,0.9356905354846025
2020-10-23,1.9436529551702537,2.4453045228452095,0.9456828337640302
2020-10-26,1.9774176736496318,2.4028252219028317,0.9144247948488391
2020-10-27,2.059739544715248,2.302793210079242,0.8985396052184044
2020-10-28,2.054224017492717,2.308959581293816,0.8611325047793672
2020-10-29,2.0609292367985734,2.301422876324399,0.8634384272852021
2020-10-30,2.0228889295731878,2.3439021772667763,0.8606200666961182
2020-11-02,2.089116384053907,2.4206392993513517,0.876505256326553
2020-11-03,2.1151341675913815,2.4507858578645814,0.90520120256307
2020-11-04,2.1784048660781585,2.524097014879829,0.9164745471818349
2020-11-05,2.18490936835473,2.516560309910412,0.9438893493414442
2020-11-06,2.294302573066198,2.3905621329891944,0.9467077099305281
2020-11-09,2.3362858915819453,2.346817366000227,0.9941071086489931
2020-11-10,2.3487036802775876,2.334343600583392,1.0122982207852627
2020-11-11,2.3877304683682055,2.3731317771403817,1.0176787717905913
2020-11-12,2.352275299741491,2.3378933830056243,1.0007687059936587
2020-11-13,2.333286213221565,2.3190203966127756,1.0156290194575956
2020-11-16,2.3373735337071784,2.3149580661880207,1.0238278333144375
2020-11-17,2.35197117051073,2.329415711309067,1.0256213177370235
2020-11-18,2.3649786251223226,2.3165329984951155,1.0192159883027676
2020-11-19,2.367934803295338,2.319428620558874,1.0248527094809352
2020-11-20,2.36556385064873,2.3171062359142973,1.0235716631415983
2020-11-23,2.4028306339981294,2.280602847486342,1.0245965393080962
2020-11-24,2.406971387703618,2.276672726670559,1.04073789911137
2020-11-25,2.424717732903316,2.2598870597030842,1.042531383533956
2020-11-27,2.385676179641455,2.2962745945529837,1.0502178570451195
2020-11-30,2.4460129409654785,2.238198912141306,1.033307791248187
2020-12-01,2.4471960456890685,2.237116324367162,1.0594414493308886
2020-12-02,2.4489705899473773,2.2387385327454274,1.0599538874141377
2020-12-03,2.471481751934021,2.218159843085681,1.0591852791580494
2020-12-04,2.4578566403578455,2.2303884081285683,1.0689214072646382
2020-12-07,2.4525250553078943,2.22555024739246,1.0630285159136312
2020-12-08,2.4619625967456917,2.234114368943924,1.0653344384194663
2020-12-09,2.466123534208312,2.230338515409104,1.0612349337534746
2020-12-10,2.485144217600325,2.2475406393782213,1.0630285159136312
2020-12-11,2.4821258838508706,2.2448108872306154,1.0548296043192187
2020-12-14,2.5176536520906936,2.212679913752337,1.0561107483961265
2020-12-15,2.5284926478050718,2.2031538901539216,1.071227329770473
2020-12-16,2.553181420330517,2.1816417986397236,1.075839174782143
2020-12-17,2.535116274334638,2.1970780999104877,1.0863439111448197
2020-12-18,2.476706385993682,2.247699480788102,1.0786574376336562
2020-12-21,2.478513038417994,2.2493390823731167,1.0538048258902915
2020-12-22,2.4429334003365364,2.2170492903757357,1.0530361198966327
2020-12-23,2.4505511494811634,2.2101359110208056,1.0681527012709793
2020-12-24,2.4675445039068467,2.1948097168000245,1.0714834999433123
2020-12-28,2.471646317246555,2.191161272056581,1.078913705544066
2020-12-29,2.4728182958481946,2.1901222908295046,1.080707189966652
2020-12-30,2.4446914800050266,2.2150336102141943,1.081219628049901
2020-12-31,2.4265263705097655,2.198574957498989,1.0689214072646382
2021-01-04,2.4421143612269094,2.1844513252793067,1.0768639532110702
2021-01-05,2.4813729555734905,2.1493348336806464,1.083781720728575
2021-01-06,2.4825276460230588,2.148334654969179,1.1012042246087566
2021-01-07,2.4940743302840565,2.1383423626425953,1.1017166626920054
2021-01-08,2.455970426387043,2.171011473942003,1.1068409457869244
2021-01-11,2.451929119930897,2.1674390682681626,1.0899308799899916
2021-01-12,2.457108044872636,2.172017097934318,1.0917243644125776
2021-01-13,2.4415054980770545,2.1582248682918155,1.0894184419067428
2021-01-14,2.3941473772409623,2.200088167057485,1.0963362094242475
2021-01-15,2.37531818192297,2.1827851847063866,1.0750704687884842
2021-01-19,2.3899216041749782,2.1693654525710104,1.0835255505557357
2021-01-20,2.395538469857687,2.1642669445937974,1.0901870501628308
2021-01-21,2.380934833344161,2.177460707989701,1.0927492405790755
2021-01-22,2.4039634469894744,2.1985213017824825,1.08608764323441
2021-01-25,2.3833481940686556,2.179667823479885,1.075582906871733
2021-01-26,2.3169251523538277,2.240414367826104,1.0848065968950729
2021-01-27,2.288779802974052,2.213198449748702,1.0545734341463795
2021-01-28,2.338225442019234,2.261011267538964,1.0673840930148912
2021-01-29,2.306100576648398,2.229947247249754,1.044324867956542
2021-02-01,2.3407031880932365,2.19648730238854,1.0586728410748005
2021-02-02,2.3468424057320787,2.190726335488118,1.0745580307052351
2021-02-03,2.3546558780356404,2.1834326290572084,1.077376391294319
2021-02-04,2.3312152482238027,2.1616965289101606,1.080963360139491
2021-02-05,2.344892877975217,2.149013493836553,1.0917243644125776
2021-02-08,2.349269610969555,2.1450023689139197,1.0981296938468335
2021-02-09,2.337233438707076,2.1559920049672368,1.1001793484422586
2021-02-10,2.316990605112121,2.1373189076780124,1.0945427250016615
2021-02-11,2.3320464078221783,2.1234306114840282,1.1040225851978405
2021-02-12,2.3175282244432247,2.11021116829173,1.1111965228881844
2021-02-16,2.296817073992561,2.129069579821825,1.118114290405689
2021-02-17,2.3000034827471922,2.1320232699633612,1.1081219921262613
2021-02-18,2.287222637322542,2.120175870574813,1.1065846778765145
2021-02-19,2.283009374653195,2.1240814185971955,1.1127338371379312
2021-02-22,2.285642764271248,2.1216313480816145,1.1106840848049353
2021-02-23,2.2682635580087447,2.105499225692375,1.1119652288818431
2021-02-24,2.2252117795173056,2.145461727385952,1.120420212911524
2021-02-25,2.2034263872520325,2.166466346250307,1.0991545700133314
2021-02-26,2.161930637541205,2.1256666418530794,1.0883935657402448
2021-03-01,2.159432875697055,2.1232107772017317,1.1088906003823493
2021-03-02,2.14647517578934,2.135951126022681,1.1101717444592571
2021-03-03,2.1240485337280477,2.1582678114910374,1.1035101471145914
2021-03-04,2.114579401461792,2.1486461276883886,1.0919805345854168
2021-03-05,2.1254460673854525,2.137604395397978,1.0968486475074966
2021-03-08,2.1555767537706507,2.1073013504787594,1.1024852709480935
2021-03-09,2.1797801507042944,2.083640002788299,1.118114290405689
2021-03-10,2.2010198086995936,2.0633371291107636,1.1306687791013617
2021-03-11,2.2010198086995936,2.0633371291107636,1.1416859535472874
2021-03-12,2.2108987500689405,2.072598102793561,1.1416859535472874
2021-03-15,2.214387529051418,2.0758686445584984,1.1365616704523687
2021-03-16,2.2368864239920003,2.054777146375984,1.1347681860297827
2021-03-17,2.2098877500633014,2.0795778057103735,1.1462977985589573
2021-03-18,2.2108877221412353,2.0786367987567207,1.1324622635239476
2021-03-19,2.2108877221412353,2.0786367987567207,1.1329747016071967
2021-03-22,2.237386505393553,2.103550477293594,1.1329747016071967
2021-03-23,2.243019495871218,2.1088465134408207,1.1193953367450262
2021-03-24,2.228608236247647,2.0952973068167142,1.116577073893513
2021-03-25,2.2001537183727415,2.0685448818277257,1.123751011583857
2021-03-26,2.196191360416719,2.072270219380941,1.1380988869645448
2021-03-29,2.2041162652733997,2.0647924810463314,1.1360492323691196
2021-03-30,2.204611489163664,2.0643285606165596,1.1401486392975406
2021-03-31,2.242750152831639,2.028616720657213,1.1404048094703796
2021-04-01,2.2823748660596785,1.9927752981500477,1.160133235856396
2021-04-05,2.259095375379901,2.0131009662381585,1.1806303682360715
2021-04-06,2.2556282413141426,2.010011370723989,1.1685883176236478
2021-04-07,2.2447648226795915,2.0003308770236345,1.1703818020462338
2021-04-08,2.248677169673786,1.996844548115123,1.1760185232244016
2021-04-09,2.2569910236363664,2.0042273214998025,1.1780681778198268
2021-04-12,2.2431958978438002,1.9919771318767876,1.1737126007185665
2021-04-13,2.2441693182096487,1.992841537482351,1.1808865384089104
2021-04-14,2.261218500806691,1.977701717601642,1.1803741003256616
2021-04-15,2.2928814808550886,1.9500087149113836,1.1893415224385915
2021-04-16,2.2875231132325458,1.9545658032951063,1.205995418062685
2021-04-19,2.2441693182096487,1.991609295754107,1.2031770574736012
2021-04-20,2.212019298296544,1.9630774563790367,1.1803741003256616
2021-04-21,2.218173051223722,1.968538662641013,1.1972841661225941
2021-04-22,2.2419731920376273,1.9474170024790045,1.1939533674502614
2021-04-23,2.245305197225121,1.9445227646810155,1.206764026318773
2021-04-26,2.2429252194598632,1.9465839191956433,1.208557510741359
2021-04-27,2.234357154240404,1.9391478897506513,1.207276464402022
2021-04-28,2.2338848535721496,1.9395577887869067,1.2118883094136919
2021-04-29,2.1951497116237775,1.9731893549554114,1.2116321392408527
2021-04-30,2.1677517678986944,1.9485617267714495,1.1906226665154993
2021-05-03,2.123982036405373,1.9879057258593256,1.205482979979436
2021-05-04,2.0889661809083413,1.955133217219743,1.1811427085817496
2021-05-05,2.1085808253571114,1.9367752163788345,1.2006149647949271
2021-05-06,2.140231786872712,1.9077031518410223,1.2118883094136919
2021-05-07,2.1161593227939686,1.9291602276013546,1.2300794215499615
2021-05-10,2.0894118948493716,1.9535440599647997,1.2162439842525226
2021-05-11,2.110809735172098,1.9735504665338361,1.200871134967766
2021-05-12,2.087603925983102,1.9518536575850634,1.1885729141825034
2021-05-13,2.038641003628323,1.906074638924125,1.2016398409614248
2021-05-14,2.030571441314948,1.913619463169967,1.2298232513771223
2021-05-17,2.033544446483909,1.9164212363258746,1.2249552361926135
2021-05-18,2.0058568271566286,1.942514170637614,1.2231617517700275
2021-05-19,1.969650090336416,1.907450801012421,1.206507856145934
2021-05-20,1.9758130133122498,1.901482496071098,1.2282859371273755
2021-05-21,1.9914256365826248,1.8864572230992378,1.2321291738829574
2021-05-24,1.993890680389245,1.8841221122074072,1.241865301989546
2021-05-25,1.9819759362880838,1.8953809204475403,1.2434025185017221
2021-05-26,1.9774566370660664,1.8910590750798073,1.235972410638539
2021-05-27,1.9880904109267934,1.8808899041433917,1.2387906734900522
2021-05-28,1.9966791202644065,1.8727643095557656,1.245452270834718
2021-06-01,2.0003600179828864,1.8693118500171586,1.250832724102476
2021-06-02,1.9856364271089681,1.8830708647185088,1.2531386466083108
2021-06-03,1.9721397501357036,1.8702713416880639,1.2439149565849712
2021-06-04,1.9636670101002953,1.8622362504260441,1.2523700383522227
2021-06-07,1.96126687327149,1.8645124111934217,1.2577504916199806
2021-06-08,1.9572667978165785,1.868315152387409,1.2562131773702339
2021-06-09,1.9584667899344326,1.8671696961527082,1.2536510846915598
2021-06-10,1.9496664408219109,1.8587795895331238,1.2544196929476479
2021-06-11,1.9544236162789752,1.854244177496339,1.2600564141258157
2021-06-14,1.9564057601170952,1.8523636339743608,1.2631309448877386
2021-06-15,1.936980538784485,1.8707558173915049,1.2644119912270757
2021-06-16,1.9492700725454393,1.8826251760742525,1.2518576002689739
2021-06-17,1.9910258437486206,1.9229533313261578,1.2439149565849712
2021-06-18,1.9868349965900105,1.9189057678402137,1.2172687626814498
2021-06-21,1.9860003482194317,1.918099655820257,1.2198309530976945
2021-06-22,2.005597714733135,1.9370269948807057,1.2203433911809436
2021-06-23,1.9813570427857883,1.9136151034574518,1.20830134056852
2021-06-24,1.9805267882660091,1.9144169718509085,1.2229054838596176
2021-06-25,1.9659977300570215,1.9284610513276865,1.2223930457763685
2021-06-28,1.96641293649434,1.928868330252981,1.2134256236634386
2021-06-29,1.9448178328235708,1.9500511198827806,1.213169355753029
2021-06-30,1.9398343595473748,1.945054236637915,1.1998463565388389
2021-07-01,1.9377685398152105,1.942982858016127,1.202920887300762
2021-07-02,1.9130311320048063,1.9677868314215126,1.204201933640099
2021-07-06,1.9002502061226259,1.9546400837164857,1.1888291820929133
2021-07-07,1.9340160792242773,1.9893724199180653,1.1967717280393453
2021-07-08,1.8914408187979594,1.9455785498604194,1.1755060851411525
2021-07-09,1.9015252762697992,1.9352054501846603,1.2013835730510152
2021-07-12,1.8849867721710467,1.9520368873836396,1.207788902485271
2021-07-13,1.895474694112661,1.9411759037394671,1.1972841661225941
2021-07-14,1.8736922290431015,1.9634835591507518,1.20394576346726
2021-07-15,1.8898274225486884,1.9803919855619108,1.1901102284322502
2021-07-16,1.9357906088628731,2.0285578258505126,1.1798616622424127
2021-07-19,1.9185567074146683,2.0104980390674636,1.1511658137434662
2021-07-20,1.8817346862633781,1.971911428083768,1.1614143799333039
2021-07-21,1.8870296541223386,1.9663627140654523,1.1837048989979944
2021-07-22,1.906580125401577,1.9459903167997707,1.1870356976703273
2021-07-23,1.910653081986418,1.9418331696810904,1.19933391845559
2021-07-26,1.9029144023258864,1.9496981374222428,1.201896011134264
2021-07-27,1.8915099995896643,1.9380133539416784,1.1970279959497552
2021-07-28,1.9059981858521828,1.923168971169583,1.204201933640099
2021-07-29,1.8927172972708457,1.9365695048210712,1.2134256236634386
2021-07-30,1.8975467950397422,1.9316281128253767,1.2049705418961871
2021-08-02,1.9096202324178122,1.9193378277484134,1.2080451703956807
2021-08-03,1.9104251487126283,1.9185288154293225,1.2157315461692737
2021-08-04,1.919278920911434,1.9096374871822555,1.2162439842525226
2021-08-05,1.9160594092542553,1.9128408257298644,1.2218806076931197
2021-08-06,1.9124373626886257,1.9164567880063825,1.2198309530976945
2021-08-09,1.9152544929594393,1.913633736890811,1.2175250305918597
2021-08-10,1.9273279303375095,1.9015705164823244,1.2193185150144457
2021-08-11,1.9329621908791366,1.89601155396251,1.2270048907880384
2021-08-12,1.9446332468708414,1.8845636026721893,1.2305918596332104
2021-08-13,1.9333647257875874,1.8954840395841968,1.2380220652339642
2021-08-16,1.9530847912053675,1.9148177269947455,1.2308481275436203
2021-08-17,1.9641748815552682,1.9256905276491694,1.2182936388479477
2021-08-18,1.9849466130724795,1.9460552757177798,1.211375871330443
2021-08-19,1.9739143263437615,1.9352391461300824,1.1985652124619313
2021-08-20,1.9520938260608585,1.9138461779692837,1.2052268098065968
2021-08-23,1.951272909976092,1.9146510097300782,1.2185499067583576
2021-08-24,1.949220698051042,1.9126373141499324,1.2180374686751085
2021-08-25,1.939800234364724,1.9218809725930535,1.2193185150144457
2021-08-26,1.9189114072767555,1.9011851098908301,1.2134256236634386
2021-08-27,1.9221183517020586,1.8980077902050367,1.2264924527047896
2021-08-30,1.9217174071911323,1.89840370537046,1.2285422050377854
2021-08-31,1.9401570318055712,1.8801877847763613,1.2282859371273755
2021-09-01,1.9473725038469762,1.8731953392313634,1.24007181756696
2021-09-02,1.9349458235722172,1.8851486761131424,1.24468366257863
2021-09-03,1.93254061525324,1.8828053674669472,1.236741018894627
2021-09-07,1.9109479468900459,1.9038423338164632,1.238278333144374
2021-09-08,1.915746419327982,1.9086229637545322,1.2244427981093644
2021-09-09,1.9221764412819673,1.9150290765025477,1.2213681696098706
2021-09-10,1.9399782168420037,1.8972934945451987,1.2172687626814498
2021-09-13,1.9339094016581038,1.9032287795231682,1.2285422050377854
2021-09-14,1.9306728134067035,1.906414020725393,1.2246989682822036
2021-09-15,1.929459112104476,1.905215569510111,1.2226493136867784
2021-09-16,1.9617850978138602,1.937135381071241,1.2234179219428665
2021-09-17,2.0085837597613456,1.9833460205272595,1.202920887300762
2021-09-20,1.982287727842259,1.957380396734416,1.1742250388018156
2021-09-21,2.007050229294795,1.932929034686152,1.1895977903490014
2021-09-22,2.035655370390532,1.9053802932753947,1.204458103812938
2021-09-23,2.014735182850956,1.9249616593795629,1.2216244375202805
2021-09-24,2.0138812810263693,1.9241458061164667,1.209069948824608
2021-09-27,2.065497348671666,1.9734619405994809,1.209582386907857
2021-09-28,2.0767228777405338,1.984187277233174,1.1785806159030756
2021-09-29,2.0976035470840104,2.0041375358331637,1.1721752864688197
2021-09-30,2.0864880611012544,1.993517338933689,1.160389503766806
2021-10-01,2.068157499466629,2.0110311187306036,1.166538565290652
2021-10-04,2.0484520189686344,1.9918699404831894,1.1562900968383851
2021-10-05,2.0340643104266345,2.0058602335883564,1.1673072712843107
2021-10-06,2.0111339535362647,1.9832478261081157,1.159108457427469
2021-10-07,2.0058588950378704,1.988449741316766,1.1721752864688197
2021-10-08,1.9931106832832552,2.0010873094071364,1.1691007557068966
2021-10-11,1.9944294059850822,2.0024113097676715,1.161670550106143
2021-10-12,1.964497546271636,1.9723596597906292,1.160901941850055
2021-10-13,1.9952527775349287,1.9414813430493456,1.1783244457302364
2021-10-14,2.010630474640408,1.9265180700417837,1.1967717280393453
2021-10-15,1.9978157813683972,1.9387966754155468,1.205995418062685
2021-10-18,1.9896998469839124,1.9309205004702512,1.198309042289092
2021-10-19,1.9973264778750472,1.9235191741046012,1.2031770574736012
2021-10-20,1.9913946897661876,1.92923176455514,1.207788902485271
2021-10-21,1.9761414279839176,1.9144546451349382,1.204201933640099
2021-10-22,1.967379014864894,1.9229435327523698,1.2134256236634386
2021-10-25,1.9794794219079692,1.911116427099954,1.2080451703956807
2021-10-26,1.9748897001588859,1.915547638929394,1.2154752782588638
2021-10-27,1.9990906734169367,1.892073863568409,1.2126570154073506
2021-10-28,1.9924145263969328,1.898392618117095,1.2275173288712875
2021-10-29,1.9728032748879654,1.8797068202555487,1.2234179219428665
2021-11-01,1.9744396583285724,1.8781476576400888,1.2354599725552902
2021-11-02,1.9940778203058316,1.8594672346844594,1.2364847509842174
2021-11-03,1.9903956844437203,1.8629008072960853,1.2487830695070508
2021-11-04,2.004715014980266,1.8494987020639664,1.246477147001216
2021-11-05,2.0030784754706614,1.851008531479256,1.2554445691141458
2021-11-08,2.002669418627759,1.8513865334973216,1.2544196929476479
2021-11-09,1.9740306014856701,1.8778619566994628,1.2541635227748087
2021-11-10,1.967893656359152,1.872023984494388,1.2362285808113782
2021-11-11,1.973179209298826,1.8669959272909866,1.24007181756696
2021-11-12,1.9630144696587513,1.8766136687614823,1.2434025185017221
2021-11-15,1.9630144696587513,1.8766136687614823,1.2369971890674663
2021-11-16,1.9634211461012605,1.8762248919172093,1.2369971890674663
2021-11-17,1.9687066990409343,1.8711740723247576,1.2372534569778761
2021-11-18,2.00042063708545,1.9013168552131992,1.2405841579126382
2021-11-19,2.022675475652176,1.9224691563305354,1.2205995613537826
2021-11-22,2.027827649150014,1.9273660835721451,1.2070202942291828
2021-11-23,2.045520966814026,1.9441828482443195,1.20394576346726
2021-11-24,2.1157836997481922,2.010964662001107,1.1934410271045832
2021-11-26,2.1087278796810103,2.0042583976423116,1.1524468600828033
2021-11-29,2.0919066231823735,2.0202463043424346,1.1562900968383851
2021-11-30,2.0905049112222023,2.0188926094040913,1.1470664068150453
2021-12-01,2.1124366049028467,1.9977122074610598,1.1478350150711334
2021-12-02,2.0909716414737334,2.0180114294000857,1.159877065683557
2021-12-03,2.0634404308127627,1.9914408644641106,1.1480912829815433
2021-12-06,2.1234347182007975,1.933539955983861,1.1632078643558899
2021-12-07,2.12161666746083,1.935195421874855,1.1970279959497552
2021-12-08,2.0902560724012678,1.9638004384724903,1.1960031197832572
2021-12-09,2.0807115660847306,1.9548333526034911,1.1783244457302364
2021-12-10,2.100978271208817,1.9738739691741451,1.1837048989979944
2021-12-13,2.08857903416012,1.985523081201354,1.1721752864688197
2021-12-14,2.0578105181098496,1.9562727642188835,1.165257518951315
2021-12-15,2.052013821327878,1.9617834368183327,1.1824238526586575
2021-12-16,2.0154503556493357,1.9967391474550293,1.1790930539863245
2021-12-17,2.0386369726813625,2.0197105026140005,1.158083581260971
2021-12-20,2.008522825821285,1.9898759320133497,1.1447604843092103
2021-12-21,2.0355453257227563,1.9631043058782152,1.161670550106143
2021-12-22,2.051049955672227,1.9481514549491663,1.1772995695637385
2021-12-23,2.070098597603173,1.9300584585353295,1.1862669916766684
2021-12-27,2.0678836746086473,1.9321235441624285,1.1972841661225941
2021-12-28,2.0665547546094905,1.9333652182711838,1.1960031197832572
2021-12-29,2.070098766590965,1.9366808185391353,1.1952345115271692
2021-12-30,2.0740993937347505,1.9329380319742917,1.1931847591941733
2021-12-31,2.092324435263463,1.9159533705778455,1.1954906817000082
2022-01-03,2.099881250787678,1.909033551676705,1.205995418062685
2022-01-04,2.0896572939781417,1.9183283042123438,1.2103510929015158
2022-01-05,2.0807671621638586,1.926489542677935,1.204458103812938
2022-01-06,2.075877657493361,1.921962568306236,1.19933391845559
2022-01-07,2.0966717144473774,1.9412148585192857,1.2021521813071032
2022-01-10,2.0768109467430964,1.9228266592110732,1.1901102284322502
2022-01-11,2.0551082198715114,1.9027330720351663,1.2013835730510152
2022-01-12,2.0381919908013786,1.9183950543067747,1.2139380617466877
2022-01-13,2.038625668140015,1.9179868668222984,1.20394576346726
2022-01-14,2.069855731323367,1.9473688431075031,1.204201933640099
2022-01-18,2.067172192220742,1.9448441065480273,1.1857545535934195
2022-01-19,2.057804383278483,1.9536575610252025,1.1872918678431663
2022-01-20,2.031931192673273,1.9782212925754206,1.1819114145754084
2022-01-21,2.0582503964889765,2.003844802652727,1.167051003373901
2022-01-24,2.081140192289704,2.026129554025695,1.1519344219995544
2022-01-25,2.0717783021679548,2.0170151261137783,1.1391237631310427
2022-01-26,2.0643559059890215,2.0242413265953894,1.1442480462259614
2022-01-27,2.0731699461502915,2.015598560928407,1.1401486392975406
2022-01-28,2.0434801844706745,1.9867332761374201,1.1450166544820495
2022-01-31,2.0673725727243375,1.9635043732340909,1.1614143799333039
2022-02-01,2.0736837566429,1.9575102735793526,1.1749936470579037
2022-02-02,2.0403244205445286,1.989000727667716,1.1785806159030756
2022-02-03,2.0434800125038097,1.992076941744278,1.1596207977731472
2022-02-04,2.0421233029881325,1.9907543598123345,1.1578273133505612
2022-02-07,2.0308333690658555,1.979748420481992,1.15859601934422
2022-02-08,1.9959961685754037,1.9457875383655479,1.1650013487784758
2022-02-09,1.9735546783839713,1.9676645202176761,1.1849859453373315
2022-02-10,2.027068861846148,2.021018988315397,1.1716628483855709
2022-02-11,2.0489389410035654,2.0428237952881836,1.1398924691247014
2022-02-14,1.9921403019555046,1.9861946742024512,1.1275941506018679
2022-02-15,2.000068355591015,1.9782902821813746,1.1588521895170592
2022-02-16,1.9617495416974302,2.016191855364355,1.163464034528729
2022-02-17,1.9705585088498945,2.0252452882565084,1.1411735154640383
2022-02-18,2.018111440646165,2.0741179051469296,1.1360492323691196
2022-02-22,2.037700319761397,2.094250413241553,1.1086344302095104
2022-02-23,2.075268053770635,2.1328607239483834,1.0978734259364236
2022-02-24,2.0195132481524873,2.0755586155011114,1.077632659204729
2022-02-25,1.9517131059930732,2.145240341689296,1.1065846778765145
2022-02-28,2.032138328556066,2.2336403382880197,1.069433845347887
2022-03-01,1.9910080232582212,2.188431649613442,1.0253651475641843
2022-03-02,2.047573697877223,2.2506062421675095,1.0461184501166987
2022-03-03,2.154417083946596,2.368043964614979,1.0163976277136837
2022-03-04,2.2346346134375024,2.456215673789921,0.9633615078170509
2022-03-07,2.1692007133084763,2.3842935035489052,0.9274917216277606
2022-03-08,2.3211495979233807,2.217277728458987,0.9546502558769602
2022-03-09,2.2518703175643844,2.28345674833823,1.0215219108086024
2022-03-10,2.271082347611719,2.3029382608030833,0.9910325778870701
2022-03-11,2.3196426319939714,2.253696833262171,0.9825774961198185
2022-03-14,2.3421462500437213,2.2318329771508236,1.003586968845172
2022-03-15,2.454071789068814,2.125179044256189,1.0133230969517606
2022-03-16,2.4570329638456663,2.1226147237623154,1.0617473718367236
2022-03-17,2.465323711046648,2.1154524014252756,1.0630285159136312
2022-03-18,2.5050011488160995,2.14949893682981,1.0666154847588032
2022-03-21,2.4683066552522055,2.1180120151809416,1.0494491510514607
2022-03-22,2.4112907393045857,2.1669364042055568,1.0648220003362172
2022-03-23,2.389909799144254,2.147722156485713,1.040225461028121
2022-03-24,2.387575849385213,2.145624723515058,1.0494491510514607
2022-03-25,2.4062105699504066,2.128878400180128,1.0504740272179587
2022-03-28,2.4854082434241755,2.058808798413604,1.0586728410748005
2022-03-29,2.4597855581828822,2.080033564990012,1.0935178488351636
2022-03-30,2.3963109718378814,2.1337086789373405,1.0822445042163988
2022-03-31,2.368358890990091,2.108819756672988,1.0543172639735405
2022-04-01,2.364376561051346,2.105273834606715,1.0666154847588032
2022-04-04,2.414272337096534,2.14970172883293,1.0684089691813892
2022-04-05,2.462770685808985,2.192885334290664,1.0458621822062888
2022-04-06,2.4609236829524255,2.191240737211496,1.0248527094809352
2022-04-07,2.4603087817613116,2.190693220623045,1.0256213177370235
2022-04-08,2.476899303292942,2.205465652163091,1.0258775856474331
2022-04-11,2.4607062154711836,2.219884203190122,1.0189598181299284
2022-04-12,2.4320569610746,2.194038766271122,1.0122982207852627
2022-04-13,2.446051756437531,2.2066639325578254,1.0240841012248472
2022-04-14,2.4429739998342717,2.20944047825917,1.0181912098738404
2022-04-18,2.425739455095499,2.193853451638012,1.0169100657969325
2022-04-19,2.3905399547405533,2.162018810375358,1.0240841012248472
2022-04-20,2.3681377906649663,2.182279463215938,1.038944414688784
2022-04-21,2.330997627064272,2.216504758976079,1.0292082865821954
2022-04-22,2.3539892211658806,2.238367062545578,1.0130669267789216
2022-04-25,2.435161397732133,2.315552261520722,1.0030746284994938
2022-04-26,2.434517037506342,2.3149395506837918,0.9684857909119697
2022-04-27,2.3875136982205207,2.2702448997733136,0.9687420588223795
2022-04-28,2.351583177106336,2.304410602096392,0.9874456090418982
2022-04-29,2.3509637912980157,2.305017563073736,0.9725851978403907
2022-05-02,2.332379144932603,2.2867961270676376,0.9723290276675515
2022-05-03,2.382990359599474,2.2371740362777053,0.9800154034411444
2022-05-04,2.301280858681762,2.3138836936348754,1.0012811440769078
2022-05-05,2.334818522670499,2.3476050247507123,0.9669485743997935
2022-05-06,2.399482688226645,2.4126233199659177,0.9528567714543742
2022-05-09,2.3736033522800395,2.3866022572942143,0.9264668454612627
2022-05-10,2.3703563383491058,2.3898670533139827,0.9364591437406905
2022-05-11,2.3658104692995416,2.3944503400099393,0.9351780974013535
2022-05-12,2.2930763167752324,2.3208356872293505,0.9333846129787675
2022-05-13,2.2906335696671434,2.3233080055825845,0.9620804614777139
2022-05-16,2.356586343866434,2.2564144568645945,0.9610555853112159
2022-05-17,2.2753667496713654,2.3341816335264722,0.9887266553812352
2022-05-18,2.2515503147972753,2.309749578840251,0.9546502558769602
2022-05-19,2.247962332952282,2.306068852941791,0.9646426518939586
2022-05-20,2.3057858879774056,2.246750644066521,0.9661798684061348
2022-05-23,2.2938634750215607,2.2583678064088875,0.9910325778870701
2022-05-24,2.2998247952000397,2.2524987328038657,0.9859082947921513
2022-05-25,2.2563081812021526,2.209877608755314,0.9884704852083961
2022-05-26,2.299356542351572,2.167715101793597,1.0071740354279146
2022-05-27,2.287302834823716,2.1790787173788573,1.0263900237306822
2022-05-31,2.249420285770438,2.2151688472668924,1.0210094727253536
2022-06-01,2.1880046413803558,2.154688365674216,1.0040994069284208
2022-06-02,2.1570269456561677,2.185194370693563,1.0315142090880303
2022-06-03,2.1396359658572144,2.1675762916825203,1.0169100657969325
2022-06-06,2.1417751160976546,2.165409207459075,1.0251088796537744
2022-06-07,2.172791978581657,2.1967683352706473,1.0261337558202723
2022-06-08,2.2366490418110074,2.261330049354838,1.0112734423563357
2022-06-09,2.3090439378320866,2.3345238096328615,0.9815527176908913
2022-06-10,2.3937566756425124,2.4201713368008817,0.9497822406924511
2022-06-13,2.4158775094385527,2.4425362698970763,0.9149372329320881
2022-06-14,2.35647076016431,2.382473978157483,0.906482248902407
2022-06-15,2.289514566883813,2.450169020618415,0.9287727679670976
2022-06-16,2.2778134508571264,2.4626911999528183,0.9023828419739862
2022-06-17,2.2926130191504392,2.4466904310639843,0.906994686985656
2022-06-21,2.305650142585244,2.4327771343627567,0.9011016978970784
2022-06-22,2.314880614459339,2.423037720520248,0.8959775125397303
2022-06-23,2.237119892729213,2.5044316208147475,0.8923905436945584
2022-06-24,2.2178557194246933,2.525997655308248,0.9223674385328418
2022-06-27,2.1973489103426274,2.5493536162959125,0.9144247948488391
2022-06-28,2.178706291980635,2.5277245403150026,0.9059698108191582
2022-06-29,2.1954847196225544,2.5082582894235967,0.8982834350455653
2022-06-30,2.198640010167839,2.5118630895823113,0.8913656675280605
2022-07-01,2.2752191885788484,2.5993519057557553,0.8900846211887234
2022-07-05,2.2738620329886023,2.6009024047088327,0.8590827524463714
2022-07-06,2.239296473504579,2.640439388693715,0.8595951905296203
2022-07-07,2.239296473504579,2.640439388693715,0.8726621173085418
2022-07-08,2.284003526468947,2.5877236071988308,0.8726621173085418
2022-07-11,2.2894775965230494,2.581521611386521,0.8552396134283603
2022-07-12,2.283977224028245,2.5877236071988308,0.8531898610953645
2022-07-13,2.3202418679654437,2.5466361242608713,0.8552396134283603
2022-07-14,2.267974502470861,2.6040034026149885,0.8416602485661898
2022-07-15,2.2814784211597825,2.619508096418326,0.8606200666961182
2022-07-18,2.375330256820755,2.7272652599739926,0.8657443497910371
2022-07-19,2.347647339413088,2.695480770754498,0.9013579658074883
2022-07-20,2.37668067444623,2.72881575892707,0.8908532294448115
2022-07-21,2.3908596731649756,2.7125359635109128,0.9018704038907372
2022-07-22,2.4127251869997797,2.7373433553052777,0.8964899506229793
2022-07-25,2.356011331288736,2.6729989795260307,0.904688764479821
2022-07-26,2.284948280996881,2.7536231507214355,0.8834230238440578
2022-07-27,2.3055333807487113,2.7784305425158005,0.9100692177475791
2022-07-28,2.3473470026535987,2.8288207234447875,0.9182680316044208
2022-07-29,2.344130381434957,2.8249443281983755,0.9349219272285143
2022-08-01,2.3016735825225885,2.773779045656568,0.9336407831516066
2022-08-02,2.259859960617701,2.824169226585555,0.916730717354674
2022-08-03,2.282812081524461,2.852852717898895,0.9333846129787675
2022-08-04,2.2629615602045257,2.82804532610453,0.9428644731749464
2022-08-05,2.256758124393996,2.835797820869917,0.9346656593181045
2022-08-08,2.2388668753661616,2.8133160296414492,0.9372278497343492
2022-08-09,2.2888386763392243,2.876109610740181,0.9297976441335956
2022-08-10,2.2851372009148765,2.871458409608386,0.9505508489485393
2022-08-11,2.30796382895619,2.900141900921726,0.949013632436363
2022-08-12,2.328939719285329,2.8737840101742838,0.9584934926325419
2022-08-15,2.3157464305648494,2.890063805590441,0.9497822406924511
2022-08-16,2.343078117330371,2.855953715805049,0.955162693960209
2022-08-17,2.355162309043746,2.841224419341969,0.9438893493414442
2022-08-18,2.4007877387249987,2.7861827415537497,0.9390213341569352
2022-08-19,2.4742675091811823,2.70090736922655,0.920830124283095
2022-08-22,2.4671658164601182,2.7086595682645003,0.8926467138673975
2022-08-23,2.4608107704192377,2.71563666568963,0.8952088065460715
2022-08-24,2.43130619031757,2.748196552249382,0.8975147290519064
2022-08-25,2.5184080212967954,2.6497420866847423,0.908275733324993
2022-08-26,2.5095664101233783,2.65904478467577,0.8757366480704649
2022-08-29,2.522004360678977,2.6458659871657675,0.8788111788323879
2022-08-30,2.500575015508398,2.6233841959373003,0.8744556017311279
2022-08-31,2.538260862288148,2.5838475076798555,0.8670253961303741
2022-09-01,2.5588228652011775,2.562916215404466,0.8539585670890233
2022-09-02,2.5588228652011775,2.562916215404466,0.8470407995715185
2022-09-06,2.6184204059058445,2.6226090943244804,0.8470407995715185
2022-09-07,2.633900336456622,2.607104400521143,0.866769225957535
2022-09-08,2.5587132466177254,2.6815265759042375,0.8616449428626162
2022-09-09,2.620110381909767,2.7458706559560473,0.8862413844331416
2022-09-12,2.520247445702496,2.641214490306535,0.9075070273313343
2022-09-13,2.502493890594242,2.6598201820160274,0.872918287481381
2022-09-14,2.529481053979943,2.6311363949752504,0.8790674467427977
2022-09-15,2.5406600870950395,2.6195080964183255,0.8695874888090481
2022-09-16,2.544419514811615,2.6156319968993507,0.8657443497910371
2022-09-19,2.597208356335084,2.5613657164513888,0.8644633034517001
2022-09-20,2.6357264077475495,2.523379231419584,0.8465283614882695
2022-09-21,2.6454432852001935,2.5140765334285566,0.8339738727925969
2022-09-22,2.7474107250824704,2.417172566816995,0.830899342030674
2022-09-23,2.7844188297281236,2.3846128281209613,0.7988726948593947
2022-09-26,2.80523856482131,2.3667825337517265,0.7881117394550935
2022-09-27,2.7335686464791773,2.427250514284561,0.7822188481040866
2022-09-28,2.770237412357786,2.3946907755885274,0.8022034446629422
2022-09-29,2.78189583080539,2.384612828120961,0.791442489258641
2022-09-30,2.7158755880249523,2.4412047091348206,0.7881117394550935
2022-10-03,2.8737051261324504,2.5830721103395984,0.8068152896746121
2022-10-04,2.8340322047887376,2.547411521601129,0.8537022991786135
2022-10-05,2.7702102769305874,2.490044243247012,0.8419165164765997
2022-10-06,2.8348943520560916,2.4319020111437935,0.8229566983466713
2022-10-07,2.8475462129269764,2.42104866633597,0.803740758912689
2022-10-10,2.877635551600981,2.3954660250650663,0.8001537411987317
2022-10-11,2.878566846568935,2.3946907755885274,0.7916987083002655
2022-10-12,2.790970393782921,2.467562599882263,0.791442489258641
2022-10-13,2.7444980020563174,2.426475264808022,0.8155265416147028
2022-10-14,2.838319474779194,2.509425036569324,0.8019472256213177
2022-10-17,2.8777771816454876,2.5443105236949735,0.829362027780927
2022-10-18,2.8470880399086806,2.517177531334711,0.8408916403101018
2022-10-19,2.8435809483434444,2.520278233513429,0.8319242181971719
2022-10-20,2.9013097422193757,2.5714435160552362,0.8329489966260991
2022-10-21,2.87856790403774,2.591599706717806,0.8498590624230317
2022-10-24,2.9526202561709107,2.6582696830629504,0.8565206597676973
2022-10-25,2.981035502644466,2.6838521764701353,0.8785550086595487
2022-10-26,2.9526202561709107,2.6582696830629504,0.8870099926892298
2022-10-27,2.996534847438542,2.6978063713203952,0.8785550086595487
2022-10-28,3.0421716246247796,2.656719184109873,0.8916218377008995
2022-10-31,3.0155404850215146,2.67997607695116,0.8780425705762999
2022-11-01,2.944011925597838,2.6164070985121706,0.8857289463498926
2022-11-02,2.970180853940846,2.593150205670883,0.8647194736245392
2022-11-03,2.8103505654779304,2.7326918584460445,0.8570330978509463
2022-11-04,2.8374575050832624,2.7590497491934864,0.9031514502300743
2022-11-07,2.863767011803168,2.7846322426006713,0.9118627021701651
2022-11-08,2.8302821297720997,2.7520726517683562,0.920317686199846
2022-11-09,2.6540871744032075,2.923398793763013,0.9095567796643301
2022-11-10,2.7195420124324783,2.99549536858021,0.9661798684061348
2022-11-11,2.6963162493973005,2.9699128751730246,0.9900077017205722
2022-11-14,2.713911630190455,2.989293668495337,0.9815527176908913
2022-11-15,2.722357337795592,2.9985963664863644,0.9879580471251471
2022-11-16,2.725876360257382,3.0024724660053392,0.9910325778870701
2022-11-17,2.7125039675088978,2.987743169542259,0.9923136242264071
2022-11-18,2.687414224897298,3.0153787815123394,0.9971816394109161
2022-11-21,2.6539609688856527,2.977842983191606,0.9879580471251471
2022-11-22,2.628808235772857,2.949620680495316,1.00025626791041
2022-11-23,2.6374798389153025,2.939890819026556,1.0097361281065886
2022-11-25,2.596790302388345,2.9852457798876952,1.0130669267789216
2022-11-28,2.582115320832809,2.9683755587079945,0.997437907321326
2022-11-29,2.522756501211297,2.900137216316136,1.0030746284994938
2022-11-30,2.5353545844713294,2.885654577940563,1.0261337558202723
2022-12-01,2.5378742491810264,2.882786781045823,1.031258038915191
2022-12-02,2.503859496465475,2.9214243453461735,1.032282915081689
2022-12-05,2.5133081189826125,2.9324487003031976,1.0184473800466796
2022-12-06,2.5075960451713812,2.9257840326099416,1.0146041432910977
2022-12-07,2.4981190170514935,2.914726534890899,1.0169100657969325
2022-12-08,2.5075246812821574,2.925700767473199,1.0207533025525144
2022-12-09,2.5188966949753717,2.9124322603122086,1.0169100657969325
2022-12-12,2.4734086402025146,2.859837456228505,1.0215219108086024
2022-12-13,2.467315092802456,2.86688301870158,1.039969290855282
2022-12-14,2.3838320522072682,2.963885672367543,1.037407198176608
2022-12-15,2.405769194773772,2.9911607408797485,1.0023059225058348
2022-12-16,2.420665466509354,3.0096816959646104,0.9930822324824952
2022-12-19,2.414381384211017,3.001868519079614,0.9869331709586492
2022-12-20,2.374370958136202,2.952122427076756,0.9894952636373232
2022-12-21,2.3477606676231577,2.9852077523269642,1.0058928913510068
2022-12-22,2.3453414873840464,2.9821317336749513,0.9946195467322421
2022-12-23,2.339909652890481,2.975225086560889,0.99564442289874
2022-12-27,2.3116744700496126,3.0111264830990048,0.997950345404575
2022-12-28,2.3585326635584596,2.950090230264652,0.9859082947921513
2022-12-29,2.324890977620538,2.992169786994367,1.0058928913510068
2022-12-30,2.2906484163384118,2.948099093665536,0.9915450159703191
2023-01-03,2.353645506152009,2.8670208880106025,1.0061491592614167
2023-01-04,2.32739684852959,2.898994883027698,1.033820131593865
2023-01-05,2.397393565541557,2.8118072920611503,1.0222906168022612
2023-01-06,2.4236424456781127,2.781021027495643,1.0530361198966327
2023-01-09,2.4440583402350504,2.757594703963794,1.0645657324258073
2023-01-10,2.4720570715426646,2.726004151520534,1.073533252276308
2023-01-11,2.506472220496341,2.6880536365413734,1.0858314730615708
2023-01-12,2.522804758130582,2.6705378879834356,1.1009480544359174
2023-01-13,2.517554982103271,2.676095086073846,1.1081219921262613
2023-01-17,2.5018056540213376,2.692836209818367,1.1058160696204264
2023-01-18,2.483723265216039,2.71229931689731,1.0988983021029215
2023-01-19,2.4592244587646777,2.6855458951560816,1.0909557561564895
2023-01-20,2.4426389391244685,2.66743401682385,1.1017166626920054
2023-01-23,2.4437674652483,2.6662016328954,1.1091468682927592
2023-01-24,2.4296612115669314,2.650811413844636,1.109659306376008
2023-01-25,2.4224103099534724,2.6429005278881426,1.116064635810264
2023-01-26,2.4091035276729458,2.657418506848681,1.1193953367450262
2023-01-27,2.4318361412840455,2.68249425283687,1.11324627522118
2023-01-30,2.4030203345015875,2.6507082970429954,1.1027415388585033
2023-01-31,2.3688097703962154,2.612971526854807,1.1158083678998543
2023-02-01,2.3795356880094687,2.601140050274003,1.1316935575302889
2023-02-02,2.350575976407505,2.632796757955184,1.1368178406252076
2023-02-03,2.3795358925893315,2.665233732636894,1.1229824033277689
2023-02-06,2.3619463628284594,2.6455323243892193,1.1091468682927592
2023-02-07,2.3792777571122943,2.6649446042471383,1.117345682149601
2023-02-08,2.370483946300605,2.655094968741856,1.1091468682927592
2023-02-09,2.3492069088783825,2.6789266234964213,1.11324627522118
2023-02-10,2.3137452492136386,2.638487791212121,1.1032539769417524
2023-02-13,2.323273386017133,2.627622345831925,1.119907774828275
2023-02-14,2.331742818517217,2.618043417141192,1.124519619839945
2023-02-15,2.343917615115638,2.631713083382428,1.1286190267683658
2023-02-16,2.3380337180350326,2.6251067381643005,1.122726135417359
2023-02-17,2.3747566873825514,2.6663386988225035,1.125544496006443
2023-02-21,2.3846423698953707,2.6774381845038158,1.107865821953422
2023-02-22,2.359721753200557,2.6494577160015287,1.1032539769417524
2023-02-23,2.3011491282655014,2.7152221193131325,1.1147834917333563
2023-02-24,2.2615583246320066,2.6685072739227884,1.0871125194009077
2023-02-27,2.245314437030239,2.687674116426907,1.1058160696204264
2023-02-28,2.2584142883545417,2.6719934034039525,1.0978734259364236
2023-03-01,2.2683703032892466,2.6602141623821005,1.1042787553706794
2023-03-02,2.2322147855938055,2.617813051733543,1.1091468682927592
2023-03-03,2.2332299133337647,2.6166225683338307,1.1268255423457798
2023-03-06,2.1895803885946195,2.667765682102621,1.1273379804290289
2023-03-07,2.1773990493309294,2.6529240443993443,1.1053036315371774
2023-03-08,2.201994004669655,2.682890323850547,1.111452790798594
2023-03-09,2.187618727399883,2.7004050365191334,1.0988983021029215
2023-03-10,2.2148291296172267,2.73399366248631,1.0917243644125776
2023-03-13,2.1690378061089604,2.6774686752562133,1.0781450972879778
2023-03-14,2.0902554569554344,2.774717912419149,1.1004356163526685
2023-03-15,2.0503592562056996,2.721757542197702,1.0604663254973865
2023-03-16,2.080497249084557,2.761764340604596,1.080707189966652
2023-03-17,2.0459558583890614,2.7159122342681488,1.0648220003362172
2023-03-20,2.088569901955901,2.6593440527991974,1.082500674389238
2023-03-21,2.0851801673828585,2.663660149889818,1.1050474613643384
2023-03-22,2.0905067611928687,2.6568558286669752,1.1032539769417524
2023-03-23,2.070652522382184,2.6820888731551036,1.1060722397932654
2023-03-24,2.0537036647902904,2.6601352416942294,1.0955675034305887
2023-03-27,2.058467460426299,2.6539647601039023,1.1045350232810893
2023-03-28,2.094672961477723,2.6072853125247386,1.1070971159597633
2023-03-29,2.1313547694018853,2.561626662799269,1.1265693721729408
2023-03-30,2.138976951455792,2.552465736116248,1.1462977985589573
2023-03-31,2.1504101336730748,2.5388223886063432,1.1503972054873781
2023-04-03,2.15660321338161,2.5315106999325194,1.156546267011224
2023-04-04,2.141835156146535,2.548846060779537,1.159877065683557
2023-04-05,2.1304017922020972,2.5352400255215906,1.1519344219995544
2023-04-06,2.1299305434907296,2.5346792258642643,1.158083581260971
2023-04-10,2.125219242148404,2.529072640393356,1.15833975143381
2023-04-11,2.143980725415973,2.5067459302430937,1.160901941850055
2023-04-12,2.173999241783661,2.4716482295760143,1.1711504103023218
2023-04-13,2.1702470166999355,2.4759141834489107,1.1875480380160055
2023-04-14,2.152892595473204,2.4957128779432116,1.1854983834205803
2023-04-17,2.135069213207684,2.4750513527272795,1.1760185232244016
2023-04-18,2.1323013017210823,2.4782600182950114,1.1857545535934195
2023-04-19,2.1369147808424755,2.4836220188915306,1.1842173370812434
2023-04-20,2.118844627339434,2.462620043741538,1.1816551466649987
2023-04-21,2.1252227191055835,2.4552071280319683,1.1916474449444263
2023-04-24,2.0874105285255227,2.4988904366113815,1.1952345115271692
2023-04-25,2.0823992576018777,2.492891321049188,1.1739687708914057
2023-04-26,2.108242212826102,2.461954084324026,1.1767871314804896
2023-04-27,2.10008126139184,2.471484245324178,1.1913912747715873
2023-04-28,2.1041617371089707,2.4762863601916916,1.1867794297599175
2023-05-01,2.0809491270119373,2.5036041603179826,1.1844735072540824
2023-05-02,2.075942441360796,2.497580582488571,1.1714066782127317
2023-05-03,2.083642950172908,2.506845117430015,1.1742250388018156
2023-05-04,2.049873802437336,2.4662172242904217,1.169869363962985
2023-05-05,2.048548338441404,2.4678118991104316,1.1888291820929133
2023-05-08,2.029109941278936,2.49122863129927,1.1880604760992544
2023-05-09,2.03176070074391,2.4944830867329015,1.1767871314804896
2023-05-10,2.0406195125974396,2.5053594445289193,1.1752498172307428
2023-05-11,2.047321686202744,2.513588001512357,1.1701255341358239
2023-05-12,2.056766670284467,2.501991973969501,1.166282395117813
2023-05-15,2.0698098415807564,2.517858581674648,1.1716628483855709
2023-05-16,2.0852969824969914,2.4990189617838823,1.164232642784817
2023-05-17,2.0884854961773076,2.4951978484298136,1.1729438947249078
2023-05-18,2.1048836658251995,2.475606293832715,1.1747373791474938
2023-05-19,2.1053392670715096,2.4750704498185514,1.1839610691708335
2023-05-22,2.06434384295178,2.5232653248220753,1.1842173370812434
2023-05-23,2.098506638464567,2.5650228051036277,1.161158112022894
2023-05-24,2.0933274369245516,2.5586922222887516,1.1419421237201266
2023-05-25,2.0614683660602067,2.519750604559942,1.1447604843092103
2023-05-26,2.0369270347104638,2.549747686020572,1.162182988189392
2023-05-30,2.0014785605603302,2.5941207359124205,1.1483474531543822
2023-05-31,1.972847180684873,2.5570115418914185,1.1283628565955268
2023-06-01,1.9520896113723398,2.530107610946634,1.1445042163988006
2023-06-02,1.9326292253217991,2.5553302598309844,1.156546267011224
2023-06-05,1.9378187715802482,2.5484686205598512,1.1450166544820495
2023-06-06,1.944738001624056,2.5575682540775406,1.1480912829815433
2023-06-07,1.9695644300575759,2.5249184651750394,1.1439918760531222
2023-06-08,1.9547556686981298,2.543902822544726,1.15859601934422
2023-06-09,1.9765332491590948,2.5155616598664565,1.1498847674041293
2023-06-12,1.9926486121782778,2.495051410740552,1.162695426272641
2023-06-13,2.0070218950343963,2.47705421873793,1.1721752864688197
2023-06-14,2.0314126788148346,2.4469512617093403,1.1806303682360715
2023-06-15,2.0344615267873896,2.443278752193669,1.1949782436167593
2023-06-16,1.9721776333770502,2.5180783546288548,1.1967717280393453
2023-06-20,1.9730487565334596,2.519190605537316,1.160133235856396
2023-06-21,1.9826392475731809,2.531435753990821,1.1596207977731472
2023-06-22,2.0121324136859666,2.5690926576800233,1.15398417433255
2023-06-23,2.0039695906695956,2.5586703571720344,1.1368178406252076
2023-06-26,1.9738312377200606,2.5201896782909756,1.1414296856368775
2023-06-27,1.9755770918754227,2.5179605699771224,1.15859601934422
2023-06-28,1.9764501022079513,2.5168478796126057,1.1596207977731472
2023-06-29,1.9458954066082266,2.477938968759523,1.160133235856396
2023-06-30,1.9458954066082266,2.477938968759523,1.1780681778198268
2023-07-03,1.9078070762562969,2.5264413485449513,1.1780681778198268
2023-07-05,1.9530901326930408,2.5864080965427534,1.155009050499048
2023-07-06,1.9340074381889854,2.5611375600001893,1.1275941506018679
2023-07-07,1.918775506351097,2.540966452086608,1.1386113250477936
2023-07-10,1.938053256387226,2.5154376104105607,1.1475788448982942
2023-07-11,1.9886035648764029,2.4498273663305983,1.159108457427469
2023-07-12,2.023303514941435,2.4070793351085458,1.1893415224385915
2023-07-13,2.0155924149269837,2.4162530598407344,1.2100948249911059
2023-07-14,2.0100232508233833,2.422929265658153,1.205482979979436
2023-07-17,2.004454086719783,2.4162160643624273,1.2021521813071032
2023-07-18,2.0197910624124926,2.434703615308583,1.205482979979436
2023-07-19,2.0314711765156956,2.4487830993520063,1.1962592899560962
2023-07-20,2.017029357592198,2.4313745914132325,1.1893415224385915
2023-07-21,2.0023600465899394,2.4490573236502127,1.1977966042058432
2023-07-24,2.0096946197984873,2.458028133002324,1.1890853522657523
2023-07-25,2.0118678650502924,2.460686197524279,1.1847297751644923
2023-07-26,2.0092544240809893,2.4574897360503805,1.1834486310875847
2023-07-27,2.0444435882495657,2.4144503833790423,1.1849859453373315
2023-07-28,2.043140175390828,2.415989690061099,1.2057392478898459
2023-07-31,2.0122954445460683,2.4524632284953354,1.2049705418961871
2023-08-01,2.0570420305806687,2.5069976444768387,1.1867794297599175
2023-08-02,2.0656718164050187,2.5175151022693165,1.160389503766806
2023-08-03,2.0578853791938307,2.5080254664441286,1.1555213908447264
2023-08-04,2.081068902027584,2.4797707996600535,1.159877065683557
2023-08-07,2.056067016075083,2.5095626756815714,1.1729438947249078
2023-08-08,2.0487937370087437,2.50068516851279,1.1588521895170592
2023-08-09,2.0686543727951205,2.476443978952762,1.16295159644548
2023-08-10,2.046085593718688,2.503461695295888,1.1742250388018156
2023-08-11,2.0492453812006186,2.507327812603284,1.1614143799333039
2023-08-14,2.0782227528719805,2.5427827027761634,1.1596207977731472
2023-08-15,2.0921955286502865,2.559878912751608,1.1432231700594635
2023-08-16,2.1157988177190656,2.5887584133199546,1.1355367942858707
2023-08-17,2.1129017196918,2.5852137063140295,1.122726135417359
2023-08-18,2.097011716061806,2.565771696875166,1.1242634496671058
2023-08-21,2.0932171722699664,2.570414462096306,1.1327184336967868
2023-08-22,2.105075415650921,2.5558528577461903,1.1306687791013617
2023-08-23,2.1420732580403548,2.600773358217779,1.1370741085356175
2023-08-24,2.1234037590833865,2.578106002973833,1.1170894142391912
2023-08-25,2.0982975531208314,2.5476235947049974,1.1268255423457798
2023-08-28,2.128946915171989,2.5104110278752594,1.1401486392975406
2023-08-29,2.128475286902812,2.5109671623657728,1.156802534921634
2023-08-30,2.1020698597803196,2.5421177051138164,1.156546267011224
2023-08-31,2.117158906544792,2.560365496810551,1.1421983916305363
2023-09-01,2.141076201922487,2.5892896449568115,1.1339994800361237
2023-09-05,2.151350974761513,2.601715341385778,1.1211888211676122
2023-09-06,2.1671588201678023,2.6208324052169627,1.1158083678998543
2023-09-07,2.161644390478431,2.614163583397491,1.1076095540430124
2023-09-08,2.136706176555174,2.5840047973546465,1.1104279146320963
2023-09-11,2.121597101583777,2.6022768099682967,1.1232385735006079
2023-09-12,2.1342690910358844,2.6178198290753483,1.1152959298166052
2023-09-13,2.1110865380549813,2.5893849203110824,1.1086344302095104
2023-09-14,2.1139824705323185,2.5929369698134987,1.1206764808219338
2023-09-15,2.094623582986844,2.616681904272905,1.119139166572187
2023-09-18,2.093655620147567,2.6154726889914017,1.1088906003823493
2023-09-19,2.0946226887743626,2.616680787189321,1.1094030384655984
2023-09-20,2.0617127047686323,2.6577931666722776,1.1088906003823493
2023-09-21,2.0631645560977234,2.659664775908888,1.091468096502168
2023-09-22,2.0825507195107975,2.6846558488785055,1.0906994882460797
2023-09-25,2.1131691515183046,2.724126653503976,1.0804509220562422
2023-09-26,2.1182549203412107,2.7306828150843603,1.0645657324258073
2023-09-27,2.091680891198552,2.6964257273228363,1.0620036397471333
2023-09-28,2.093674247621624,2.693856053542523,1.075326736698894
2023-09-29,2.056794587241463,2.7413077984739744,1.0763515151278211
2023-10-02,2.073241061008472,2.763227754445546,1.0573917947354634
2023-10-03,2.055516607149996,2.739604499168947,1.048936712968212
2023-10-04,2.0619881864030747,2.7309791406693895,1.0579042328187125
2023-10-05,2.094346842288076,2.688122050204584,1.0612349337534746
2023-10-06,2.0764251368689925,2.711124797668169,1.0778888293775681
2023-10-09,2.0450621523855963,2.670175108005853,1.0686651393542284
2023-10-10,2.059069471572294,2.6518861797311875,1.0848065968950729
2023-10-11,2.0315379458624365,2.6873441735215255,1.0922368024958267
2023-10-12,2.061484666382997,2.7269580754281626,1.077632659204729
2023-10-13,2.038601245664944,2.6966875961284047,1.0617473718367236
2023-10-16,2.0356821264947325,2.692826148248556,1.073533252276308
2023-10-17,2.0744939516526655,2.744166923061221,1.0750704687884842
2023-10-18,2.0785259099056512,2.7495004486008803,1.0545734341463795
2023-10-19,2.0987647974052273,2.776272705802039,1.0525237795509546
2023-10-20,2.084319085092144,2.7571637342487403,1.0422752133611168
2023-10-23,2.0736329251946413,2.743027946336749,1.0494491510514607
2023-10-24,2.0585226914523607,2.763015955268882,1.0548296043192187
2023-10-25,2.0675888701251384,2.7751848744798377,1.047143228545626
2023-10-26,2.0853734111444777,2.7990558625421063,1.042531383533956
2023-10-27,2.052288688653818,2.7546484744200734,1.0335639614210261
2023-10-30,2.0608024307713304,2.743221053480091,1.0499615891347098
2023-10-31,2.0783304424235634,2.719888777725713,1.0543172639735405
2023-11-01,2.1284106940482275,2.654349289105816,1.0632846860864704
2023-11-02,2.1439356408266326,2.6349880673454202,1.0889060038234937
2023-11-03,2.1319162963786735,2.6497603527604223,1.0968486475074966
2023-11-06,2.12340274530216,2.660341851734873,1.0906994882460797
2023-11-07,2.1033707592768938,2.63524443160848,1.0863439111448197
2023-11-08,2.1053365713695182,2.632781529931337,1.0965923795970867
2023-11-09,2.122045599216505,2.611886429120905,1.0976172557635846
2023-11-10,2.12892575407053,2.6034180987984494,1.1063285077036753
2023-11-13,2.063563908016972,2.5234884851605126,1.1099154765488473
2023-11-14,2.0677233942487643,2.5184019377706632,1.1439918760531222
2023-11-15,2.0686475678098653,2.517276332434095,1.1462977985589573
2023-11-16,2.0954531849262388,2.4846573660169313,1.1468101389046355
2023-11-17,2.106545206978254,2.4715051398093424,1.161670550106143
2023-11-20,2.0926801353378073,2.4877723415336024,1.1678197093675597
2023-11-21,2.094991098145688,2.4850250753562846,1.160133235856396
2023-11-22,2.1171749659480095,2.4587111364541325,1.1614143799333039
2023-11-24,2.108855993484425,2.468372100034869,1.1737126007185665
2023-11-27,2.1093180802649756,2.46783123706441,1.1691007557068966
2023-11-28,2.0973017083501495,2.4537724859234413,1.1693569258797358
2023-11-29,2.0895338338651026,2.462860637909218,1.1760185232244016
2023-11-30,2.0749121370390586,2.4456265539290154,1.1716628483855709
2023-12-01,2.0798685236901244,2.45146847397421,1.1798616622424127
2023-12-04,2.073982909025309,2.4445313052847406,1.1770433016533288
2023-12-05,2.074883291223036,2.4434700561975435,1.1803741003256616
2023-12-06,2.086587916332806,2.429686196114559,1.1808865384089104
2023-12-07,2.10324472939525,2.410290498261478,1.1875480380160055
2023-12-08,2.1104476152467266,2.402036086834584,1.1970279959497552
2023-12-11,2.1172002241341668,2.3943505086137686,1.201127402878176
2023-12-12,2.1451115570726893,2.3627854665097465,1.2049705418961871
2023-12-13,2.1536649303555846,2.353364144800009,1.2208558292641924
2023-12-14,2.1320562728011554,2.376976471485135,1.2257238444487015
2023-12-15,2.136107906825757,2.3814935374136503,1.2134256236634386
2023-12-18,2.1166764060233785,2.359829840820776,1.2111197011576038
2023-12-19,2.1490699654100696,2.3959446139025666,1.2221368756035296
2023-12-20,2.114296928916105,2.3571770210192633,1.2034333253840108
2023-12-21,2.1089813333663363,2.363103246192078,1.2229054838596176
2023-12-22,2.1244852241280516,2.345731212590843,1.2198309530976945
2023-12-26,2.13334466269749,2.3359491433430364,1.2287983752106244
2023-12-27,2.1156257855586134,2.355350788373626,1.2339226583055434
2023-12-28,2.1134107991814517,2.3528848182832176,1.2236740921157057
2023-12-29,2.0829096787204056,2.3868420703712734,1.2249552361926135
2024-01-02,2.1116424154448583,2.4197674081866687,1.207276464402022
2024-01-03,2.102099851159762,2.4088324194410777,1.1906226665154993
2024-01-04,2.1052520865305686,2.4124446202367333,1.1960031197832572
2024-01-05,2.0781517213081306,2.3813898450363613,1.1942096353606713
2024-01-08,2.055261658454094,2.4076199622476944,1.209582386907857
2024-01-09,2.0438165430668995,2.3942126726390494,1.1962592899560962
2024-01-10,2.046428508931567,2.3972724393264757,1.202920887300762
2024-01-11,2.049047159442893,2.3942048419627606,1.2013835730510152
2024-01-12,2.0115140012080794,2.4380603817270954,1.202920887300762
2024-01-16,2.0241705622845645,2.4534007970117786,1.1808865384089104
2024-01-17,1.9954431828950145,2.4185817077494414,1.1734563328081569
2024-01-18,2.0023166080734587,2.410250756235176,1.1901102284322502
2024-01-19,2.001027892063558,2.411802023764453,1.1942096353606713
2024-01-22,1.9971615801584715,2.4164620182173913,1.1934410271045832
2024-01-23,1.9572099089730906,2.3681225663959102,1.1911351045987482
2024-01-24,1.9675283926537523,2.355637735850584,1.214962840175615
2024-01-25,1.9852761971802961,2.334389047279011,1.2213681696098706
2024-01-26,1.991880020438017,2.326623934946085,1.2323853440557964
2024-01-29,1.9960075083788213,2.3218028050910022,1.2364847509842174
2024-01-30,1.9749577134996343,2.3462884207973187,1.2390469414004621
2024-01-31,1.9510187557856675,2.3178484704599986,1.2259800146215405
2024-02-01,1.963507264763551,2.3326850635716094,1.240840425823048
2024-02-02,1.9708520676462902,2.341410833161011,1.2328977821390454
2024-02-05,1.954818720885926,2.3223629033783477,1.2282859371273755
2024-02-06,1.9544143156434255,2.321882462034565,1.238278333144374
2024-02-07,1.9612874404669907,2.3137170552119297,1.238534503317213
2024-02-08,1.9754382365285406,2.2970234602207547,1.2428900804184733
2024-02-09,1.9750338443445494,2.2974936841521236,1.2518576002689739
2024-02-12,1.936220523124535,2.3426439789783595,1.251601332358564
2024-02-13,1.9099405834605343,2.310847733826264,1.2270048907880384
2024-02-14,1.8871189574021532,2.2832357215385897,1.243658786412132
2024-02-15,1.882892893850969,2.288348859331895,1.2585190998760687
2024-02-16,1.8951869635249246,2.2734074251128704,1.2557007392869848
2024-02-20,1.9074808866437563,2.2586600167357385,1.2638996508813973
2024-02-21,1.937831426906115,2.2227217526844876,1.2720984647382392
2024-02-22,1.938984082955153,2.2213996388834687,1.292339231469934
2024-02-23,1.9412891019429817,2.218758890879298,1.2931079374635928
2024-02-26,1.9505096175596672,2.208220480612359,1.2946451539757688
2024-02-27,1.946283554008483,2.2130049123332185,1.3007943132371855
2024-02-28,1.9443626560002514,2.210820771836551,1.2979759526481018
2024-02-29,1.9520312425049218,2.2021012717562387,1.2992569989874387
2024-03-01,1.9458964025544099,2.1951805122095283,1.3043812820823575
2024-03-04,1.9329415351617678,2.2097949965167376,1.3084806890107785
2024-03-05,1.9093180047456435,2.182787889284576,1.2997694370706878
2024-03-06,1.9420385876760324,2.1453807669648453,1.3156546267011224
2024-03-07,1.9241910356702936,2.1650970563596594,1.3382014136762228
2024-03-08,1.920100945074028,2.1696992205658416,1.3259031928909601
2024-03-11,1.8977913986870532,2.1444896056593032,1.3230848323018762
2024-03-12,1.9054203122291564,2.1358689923480445,1.3384576815866327
2024-03-13,1.8905257073501058,2.1525650066133806,1.3438381348543906
2024-03-14,1.8934319007359635,2.1492559957067705,1.3333333984917137
2024-03-15,1.8799904618406094,2.1645135252358423,1.335383053087139
2024-03-18,1.8847131819968552,2.159076055279697,1.3259031928909601
2024-03-19,1.8585568871979956,2.1291121168223763,1.329233991563293
2024-03-20,1.8500768549629925,2.1388266106358045,1.3476812738724016
2024-03-21,1.8405367176078522,2.1498557198263537,1.3415322123485556
2024-03-22,1.8348833178552892,2.143252214621465,1.3346144448310509
2024-03-25,1.8310203841732229,2.138740079659825,1.3387138517594717
2024-03-26,1.8460574222710016,2.1211759299992994,1.3415322123485556
2024-03-27,1.8376646040818128,2.1308195324750376,1.3525493867944813
2024-03-28,1.833468261686878,2.1259537651744003,1.3464002275330647
2024-04-01,1.8125820228866991,2.1501718980679136,1.3494747582949875
2024-04-02,1.7972654566193322,2.132002651133346,1.3341020067478018
2024-04-03,1.8181438836717354,2.1567696446029396,1.3453753513665667
2024-04-04,1.8209463480237567,2.1534452267178628,1.3297464296465418
2024-04-05,1.8090355738484052,2.139359583929836,1.331796084241967
2024-04-08,1.7983168522219448,2.1520355092518915,1.3405073361820576
2024-04-09,1.7761879976755288,2.1785169831390525,1.332564692498055
2024-04-10,1.7768795408674014,2.179365169586681,1.3161670647843713
2024-04-11,1.8145971460909316,2.225626288145261,1.3156546267011224
2024-04-12,1.813513926368384,2.2242977054923383,1.2877273864582641
2024-04-15,1.8081047028407322,2.230932186378374,1.2884960924519229
2024-04-16,1.8055804352110996,2.2278176156938705,1.284652855696341
2024-04-17,1.8045016618598488,2.2291486615051728,1.286446340118927
2024-04-18,1.8066593457410574,2.2318141055096907,1.285677731862839
2024-04-19,1.78683370162769,2.207322962623604,1.2841404176130922
2024-04-22,1.8192767766097686,2.167245173447797,1.2982321228209408
2024-04-23,1.8115186236640972,2.17648720838308,1.3218037859625391
2024-04-24,1.8027025896883806,2.187079418104892,1.3161670647843713
2024-04-25,1.7833073418462047,2.1635486662175274,1.3097617353501154
2024-04-26,1.7777852030287935,2.170248249510169,1.3238534405579643
2024-04-29,1.7429267264297945,2.2128020674239877,1.3197540336295432
2024-04-30,1.7484488652472057,2.2198129187733153,1.2938765457196808
2024-05-01,1.7345556945698082,2.202174290406538,1.28977713879126
2024-05-02,1.7509645615748377,2.1813417595363553,1.3000257049810975
2024-05-03,1.7680571476725038,2.1600479123326317,1.3123239257663604
2024-05-06,1.78104741921435,2.1441776057865245,1.3251345846348719
2024-05-07,1.7899356370125425,2.1334772070477617,1.33487061500389
2024-05-08,1.8073700174534855,2.1126966535347695,1.3415322123485556
2024-05-09,1.8138652836304914,2.1051041146614553,1.3545990413899065
2024-05-10,1.8155745161590413,2.1031204434035975,1.359467154311986
2024-05-13,1.8271974799216975,2.0896566651424355,1.3607482006513232
2024-05-14,1.8432644221773669,2.0712818625598177,1.3694594525914139
2024-05-15,1.8244626035511509,2.0924095235915527,1.3815014054662669
2024-05-16,1.8193347755594178,2.0865286049559186,1.3674097002584182
2024-05-17,1.8217143136383227,2.0892576102686933,1.3712529370139999
2024-05-20,1.8196693115989966,2.091602948416223,1.3694594525914139
2024-05-21,1.8363697065351943,2.1107990710664266,1.367922138341667
2024-05-22,1.84331252944166,2.118779438031419,1.3553677473835652
2024-05-23,1.8608012628643922,2.098677166614362,1.3502434642886465
2024-05-24,1.8622003935610383,2.0970991777636665,1.363054123157158
2024-05-28,1.8286219239837727,2.1349132503975943,1.364078999323656
2024-05-29,1.815330449222531,2.119395474299143,1.33948246001556
2024-05-30,1.8060228143250252,2.10852882504162,1.3492185881221486
2024-05-31,1.8114821639008563,2.102155042908131,1.3561363556396533
2024-06-03,1.7981750074448408,2.1175974836940457,1.3602357625680743
2024-06-04,1.7684898022613325,2.082639086686369,1.3502434642886465
2024-06-05,1.7767429748035017,2.072919845046689,1.372533983353337
2024-06-06,1.751653385686012,2.102191781349948,1.3789393127875929
2024-06-07,1.7628777053806988,2.115662296011257,1.359467154311986
2024-06-10,1.7849471095843648,2.142148198139701,1.3507559023718954
2024-06-11,1.7523751875300404,2.1030580291571224,1.3338458365749628
2024-06-12,1.7130368715015984,2.1502686732964884,1.3581860102350785
2024-06-13,1.7579950190221898,2.2067018405161933,1.3276966773135461
2024-06-14,1.7311686814487934,2.173028406941593,1.2928516695531829
2024-06-17,1.725761952435492,2.166241676185404,1.3125800959391993
2024-06-18,1.7297917168534565,2.1611833634702093,1.3166795028676204
2024-06-20,1.7150158285849857,2.179644201035325,1.3197540336295432
2024-06-21,1.7355006672074824,2.205678747754062,1.3084806890107785
2024-06-24,1.7341248920024452,2.2039302505112923,1.2928516695531829
2024-06-25,1.748203920539367,2.2218235389551846,1.2938765457196808
2024-06-26,1.7478549665595324,2.2213800471191925,1.2833718093570041
2024-06-27,1.7454128644041929,2.2244837582992893,1.283627979529843
2024-06-28,1.7258759140768898,2.1995844181052884,1.281834495107257
2024-07-01,1.7180294885185359,2.2095844854654088,1.2961824682255159
2024-07-02,1.6886906006944515,2.1718512848479925,1.2902895768745088
2024-07-03,1.7002298259857387,2.1570105074641863,1.3123239257663604
2024-07-05,1.690339043483475,2.169558529771733,1.3212913478792903
2024-07-08,1.6689089099218013,2.1970642122808828,1.3136049721056973
2024-07-09,1.6448412930513148,2.165379978715666,1.296951076481604
2024-07-10,1.6406771035414656,2.159897958881717,1.3156546267011224
2024-07-11,1.6674480637119602,2.124654861928183,1.3189854253734552
2024-07-12,1.646095098191799,2.1518627150519563,1.3405073361820576
2024-07-15,1.647051286409568,2.153112694944764,1.323341100212286
2024-07-16,1.6690672327338114,2.1818931062853757,1.3225723942186272
2024-07-17,1.681848210510131,2.1986010775131506,1.3048937201656066
2024-07-18,1.6978214269037186,2.219482112171826,1.2949014218861787
2024-07-19,1.66424492791078,2.175589133956745,1.282603201100916
2024-07-22,1.653160823348786,2.1900788626260623,1.3079682509275294
2024-07-23,1.6280585828889689,2.2233338765721578,1.2992569989874387
2024-07-24,1.6349046145524875,2.2326830574170984,1.2795285726014223
2024-07-25,1.611234127340614,2.2003578102507837,1.2741481193336643
2024-07-26,1.5901555493008062,2.229143455385687,1.292595499380344
2024-07-29,1.585684354236442,2.222875555858586,1.2756854335834111
2024-07-30,1.597752484511238,2.2059579696308536,1.279272402428583
2024-07-31,1.5539262059379317,2.2664672972239956,1.289008530535172
2024-08-01,1.56917010258349,2.288701167209197,1.2536510846915598
2024-08-02,1.5928128980125686,2.3231851873963847,1.241352863906297
2024-08-05,1.592145316573398,2.3222114915449783,1.2226493136867784
2024-08-06,1.5841413060716425,2.3105373026552187,1.2231617517700275
2024-08-07,1.60989429266519,2.272975479129054,1.2293108132938735
2024-08-08,1.6128658008066548,2.268780070043902,1.2492954098527291
2024-08-09,1.6188088170895842,2.277139970100009,1.251601332358564
2024-08-12,1.6450849727435308,2.2401779251268747,1.246989487346894
2024-08-13,1.656726370164051,2.224325369209604,1.2672303518161596
2024-08-14,1.683002398937665,2.1890471008994044,1.2761978716666602
2024-08-15,1.696306816881022,2.1717423142000847,1.2964386383983548
2024-08-16,1.7185915710237618,2.1432116598092,1.3066872045881925
2024-08-19,1.7182590176713277,2.1436263786024625,1.3238534405579643
2024-08-20,1.7352220300127914,2.1224640507218844,1.323597270385125
2024-08-21,1.719256804608963,2.1419921666604815,1.336664099426476
2024-08-22,1.7475286610185128,2.106768752215436,1.3243658786412131
2024-08-23,1.7558438905130276,2.1167933464079765,1.3461440573602255
2024-08-26,1.7608806577755618,2.1107211690997634,1.3397387279259696
2024-08-27,1.7672606142122,2.1183686544925315,1.3435818669439807
2024-08-28,1.7625253911052252,2.1126926675321616,1.3387138517594717
2024-08-29,1.7672353067736601,2.1070470159304233,1.3423008206046436
2024-08-30,1.7356114956173276,2.144751591361833,1.3458877894498156
2024-09-03,1.7433492325491247,2.1543133646272885,1.3218037859625391
2024-09-04,1.7518351613450338,2.164799702920834,1.3159108946115323
2024-09-05,1.7843971789530886,2.2050376474488442,1.3095055651772765
2024-09-06,1.7698118006971293,2.1870140210185776,1.28516529377959
2024-09-09,1.7820607908783352,2.202150496693033,1.2956700301422668
2024-09-10,1.7628989502334458,2.178471586798552,1.286702608029337
2024-09-11,1.7754018012787134,2.163021406995289,1.3005380453267759
2024-09-12,1.783737079470476,2.152866305682979,1.3097617353501154
2024-09-13,1.793808835310803,2.1407102855849147,1.3159108946115323
2024-09-16,1.7927668427338623,2.141953787224025,1.323341100212286
2024-09-17,1.7882520273445452,2.1473479777519007,1.3225723942186272
2024-09-18,1.7455340412630487,2.096051863097441,1.319241693283865
2024-09-19,1.7230195561858468,2.123087444917777,1.3507559023718954
2024-09-20,1.7197085282022564,2.127167260446565,1.3333333984917137
2024-09-23,1.6942141810912248,2.0956324162496016,1.330771208075469
2024-09-24,1.6784645824586706,2.1151136422986263,1.3504996344614855
2024-09-25,1.729570650628669,2.0507124371017516,1.3379452435033836
2024-09-26,1.729570650628669,2.0507124371017516,1.3786831426147537
2024-09-27,1.711249618889677,2.0724352661946424,1.3786831426147537
2024-09-30,1.7379276856119126,2.104744150707311,1.364078999323656
2024-10-01,1.7419068778762432,2.1095632129227453,1.3428132586878927
2024-10-02,1.7602286877268523,2.131752123561949,1.3397387279259696
2024-10-03,1.7473009327012452,2.116095766282421,1.325647022718121
2024-10-04,1.7546762527431403,2.1250277614662756,1.335383053087139
2024-10-07,1.7550142838962388,2.12461838362039,1.3297464296465418
2024-10-08,1.7479144689484833,2.1160233553652263,1.330002599819381
2024-10-09,1.7522741021954027,2.121301122633128,1.335383053087139
2024-10-10,1.741151829466597,2.1078365113623874,1.3320523521523768
2024-10-11,1.730835325999641,2.09534736348382,1.3405073361820576
2024-10-14,1.6857802414019458,2.149890999903302,1.3484499798660605
2024-10-15,1.69465958242867,2.161214904935284,1.3133487041952874
2024-10-16,1.6923331331308455,2.158247962813003,1.3064310344153534
2024-10-17,1.7152024536633204,2.1290825086338847,1.3082245188379393
2024-10-18,1.6933274129348437,2.156236018408303,1.3259031928909601
2024-10-21,1.6996247290840982,2.1642548455982515,1.3089931270940274
2024-10-22,1.7103099820962435,2.1778611495147877,1.3041251119095185
2024-10-23,1.6967844768869975,2.1606381474677123,1.2959262980526767
2024-10-24,1.690127784204212,2.169114594737423,1.3061747665049435
2024-10-25,1.7074351343931136,2.1469022944357303,1.3010504834100247
2024-10-28,1.700778441710328,2.1552723159411773,1.3143735803617853
2024-10-29,1.7170872054690078,2.175939221267752,1.3092492972668666
2024-10-30,1.7293012429031283,2.191417178949975,1.2966949063087647
2024-10-31,1.7231067204859458,2.1835673130598563,1.287471216285425
2024-11-01,1.72003156944826,2.1874642273999725,1.2920830612970948
2024-11-04,1.735748950155689,2.1674755198340083,1.28977713879126
2024-11-05,1.6872300452740587,2.2280623567557045,1.3015629214932738
2024-11-06,1.6564786652388717,2.1874537909785583,1.2651806972207345
2024-11-07,1.6867880800343276,2.227478721989125,1.288239824541513
2024-11-08,1.6929392624779795,2.2356016321344403,1.2646682591374856
2024-11-11,1.6578274525556866,2.2819683396172454,1.2600564141258157
2024-11-12,1.666433284458761,2.2938141055373418,1.2339226583055434
2024-11-13,1.6521724329762608,2.274184311418007,1.2275173288712875
2024-11-14,1.6473855303754434,2.280773392907191,1.2380220652339642
2024-11-15,1.6528562948382794,2.273199225357683,1.2344350963887922
2024-11-18,1.6627720961875803,2.2868365827107837,1.238534503317213
2024-11-19,1.6707312393101366,2.2977829172694553,1.2311042977164595
2024-11-20,1.6742249778225509,2.302587910725223,1.2252114063654524
2024-11-21,1.6749266807793668,2.303552973824082,1.2226493136867784
2024-11-22,1.6661482391966118,2.291479845223559,1.2221368756035296
2024-11-25,1.655029012510657,2.3067722923455647,1.2285422050377854
2024-11-26,1.6626733980124775,2.2961175808363947,1.2203433911809436
2024-11-27,1.6376550716932603,2.261567789534432,1.2259800146215405
2024-11-29,1.6423754898924015,2.25504898961323,1.24442739466822
2024-12-02,1.6535023001804476,2.2397714221799014,1.248014363513392
2024-12-03,1.6653033456783002,2.2237861741067353,1.2564694452806437
2024-12-04,1.6865453561961845,2.195420357498915,1.2654368673935736
2024-12-05,1.6922772558317845,2.1879589932961054,1.2815783249344181
2024-12-06,1.6916028920002288,2.1888308837649526,1.2859339020356781
2024-12-09,1.6767672735712498,2.2080272684192166,1.285421463952429
2024-12-10,1.6713724915405528,2.200923226004561,1.2741481193336643
2024-12-11,1.681757767111148,2.214598929252921,1.2782475262620852
2024-12-12,1.6712426242572407,2.200752212109342,1.2703049803156532
2024-12-13,1.6625330575605575,2.2122212818279046,1.2782475262620852
2024-12-16,1.6621981282897267,2.2117756139012013,1.2715860266549903
2024-12-17,1.6200070147230043,2.267916500190268,1.2718421968278295
2024-12-18,1.624025313337244,2.2735418867763157,1.239559379483711
2024-12-19,1.6233522662834472,2.2725996596718416,1.2364847509842174
2024-12-20,1.6193173297559071,2.2669509809655994,1.2369971890674663
2024-12-23,1.6136297063608394,2.2589886358477616,1.24007181756696
2024-12-24,1.6066529560387726,2.2492215872922166,1.24442739466822
2024-12-26,1.6000657133956173,2.2584433475348553,1.249807847935978
2024-12-27,1.613240449969127,2.2770390813980748,1.24468366257863
2024-12-30,1.6142449174640392,2.278456856251137,1.2344350963887922
2024-12-31,1.6306723877433238,2.301643723301955,1.2336664881327042
2025-01-02,1.6210923147373848,2.2881217460681293,1.2211119994370316
2025-01-03,1.5794998478586117,2.229415263363376,1.2282859371273755
2025-01-06,1.5843183834723458,2.222614049131616,1.2598001462154058
2025-01-07,1.5772512305829898,2.232528441000767,1.2636433829709877
2025-01-08,1.5904217557146847,2.2511707291596137,1.2580066617928198
2025-01-10,1.5966279162814694,2.259955271346747,1.2475019254301432
2025-01-13,1.5814846713385218,2.2385206866917233,1.242633910245634
2025-01-14,1.5976354546403138,2.2156599766370775,1.2544196929476479
2025-01-15,1.6221847142626284,2.181614154830074,1.2672303518161596
2025-01-16,1.6289680136764138,2.1724915549883588,1.286702608029337
2025-01-17,1.6654688184402595,2.123811845237173,1.2920830612970948
2025-01-21,1.6690218872612677,2.11928095905939,1.321035177706451
2025-01-22,1.6819425631909806,2.1028746179053206,1.3238534405579643
2025-01-23,1.6848497091141312,2.099239913899292,1.3341020067478018
2025-01-24,1.6874338935883528,2.0960201470774686,1.3364079292536368
2025-01-27,1.697770508264542,2.1088596145648717,1.3384576815866327
2025-01-28,1.6938464494963816,2.1039854051113154,1.3302587699922201
2025-01-29,1.711748337246786,2.0817488496301553,1.3333333984917137
2025-01-30,1.6964502994885007,2.1003536128491063,1.3474251036995626
2025-01-31,1.7276972443798604,2.139040059255967,1.335383053087139
2025-02-03,1.6905497788163475,2.0930482529955436,1.3107866115166134
2025-02-04,1.7005779604061266,2.0806324884790413,1.3389700219323108
2025-02-05,1.714811400990756,2.063218080205666,1.3469126656163135
2025-02-06,1.696696135410499,2.0850139135266477,1.3581860102350785
2025-02-07,1.681815703426433,2.06672784150789,1.3438381348543906
2025-02-10,1.664333235907465,2.0452442138511278,1.3556239175564044
2025-02-11,1.6855032158497203,2.0192291238138047,1.369715622764253
2025-02-12,1.7016920310267587,1.9998349590456082,1.3871381266444347
2025-02-13,1.7132109522787597,1.9862978788981824,1.4004612235961953
2025-02-14,1.722550740128835,1.975469322863511,1.409941083792374
2025-02-18,1.6945316140992805,2.007602439546443,1.4176275573035377
2025-02-19,1.68301269284728,1.9939553560609267,1.3945683322451883
2025-02-20,1.672263570901588,2.006690417042733,1.4040481924413672
2025-02-21,1.6679639221233113,2.011849929065928,1.3950807703284374
2025-02-24,1.6851625172364184,1.9911054801606478,1.3914938014832654
2025-02-25,1.690076418291112,1.9852994553892132,1.4058416768639532
2025-02-26,1.6538363540790049,2.0278699444895314,1.409941083792374
2025-02-27,1.647386763754947,2.019961707171994,1.379707921043681
2025-02-28,1.6150851377231237,1.9803547071042318,1.3850884720490095
2025-03-03,1.6197733340330076,1.9746062227591923,1.412247006298209
2025-03-04,1.6716365685847698,1.9113816569964357,1.41634641322663
2025-03-05,1.6569859411444556,1.9281334684123659,1.4616961573496698
2025-03-06,1.6774968419159788,1.9042661842895183,1.448885498481158
2025-03-07,1.7229137646258694,1.9558227106267925,1.4668204404445886
2025-03-10,1.7201298777391878,1.952662489083162,1.4271074174997165
2025-03-11,1.7198216072370498,1.9523125455970303,1.4294133400055515
2025-03-12,1.7000960732946608,1.9747046397667238,1.4296695101783907
2025-03-13,1.6594121301451197,1.9274492095805262,1.413271882464707
2025-03-14,1.6785095172803601,1.905267110829896,1.4470920140585721
2025-03-17,1.6849731569242237,1.8979302682901749,1.4637459096826657
2025-03-18,1.687911276833084,1.8946208109946823,1.4693825331232626
2025-03-19,1.661762626072208,1.9239717482097825,1.4719447235395076
2025-03-20,1.6779220053764028,1.9426809120591118,1.449141766391568
2025-03-21,1.6821160432923097,1.9475367262015915,1.4350499634461487
2025-03-24,1.6658578685873393,1.9287131780491356,1.4314629946009767
2025-03-25,1.633668800410392,1.9659813514945972,1.4452985296359862
2025-03-26,1.6348500774900265,1.967402917915481,1.4173712893931278
2025-03-27,1.6428350680660866,1.9770121744309084,1.41634641322663
2025-03-28,1.6607536022262017,1.9985756051557015,1.4094286457091252
2025-03-31,1.654343811066852,1.99086196706511,1.3940558941619394
2025-04-01,1.6455601928100176,1.9802916301111042,1.3994363474296974
2025-04-02,1.6854179928157704,2.028257099919444,1.4068665530304512
2025-04-03,1.7895377330199633,2.153556345098444,1.3727902512637469
2025-04-04,1.8386637318365926,2.2126753033124817,1.287983654368674
2025-04-07,1.8638611413071582,2.242998240931576,1.252626208525062
2025-04-08,1.6949463551085064,2.0397236729317316,1.2354599725552902
2025-04-09,1.6681958593070665,2.0719156177590152,1.3474251036995626
2025-04-10,1.7001030608967214,2.03228656046112,1.3261593630637991
2025-04-11,1.711705679656596,2.0184169035478448,1.3515245106279834
2025-04-14,1.7229859351478274,2.0051154004737834,1.3607482006513232
2025-04-15,1.7178292293596125,2.011116488457578,1.369715622764253
2025-04-16,1.702681352318047,1.9933823943097115,1.3656162158358323
2025-04-17,1.6824151254820385,2.0171087008902044,1.3776582664482557
2025-04-21,1.6364993873588214,1.9620586520209629,1.361260638734572
2025-04-22,1.6571879599496198,1.9372543696831295,1.3984115690007701
2025-04-23,1.6808749509884844,1.909564253653032,1.416090243053791
2025-04-24,1.691968813301408,1.8969610300192636,1.4363311075230563
2025-04-25,1.6997644725104428,1.888220879724179,1.4458109677192352
2025-04-28,1.6943674336818921,1.8942162994247098,1.45247246732633
2025-04-29,1.702163092890927,1.9029314484797326,1.4478606223146602
2025-04-30,1.7006500821176442,1.9012399796690216,1.4411991227075653
2025-05-01,1.7341797917930646,1.8637554758243355,1.4424801690469022
2025-05-02,1.7381067248332345,1.8595351273971146,1.4709198473730096
2025-05-05,1.7359922490185944,1.8617973256828568,1.4742506460453424
2025-05-06,1.7438461150989342,1.8702203511156688,1.4724571616227564
2025-05-07,1.7426268275223034,1.8689127033708746,1.4657955642780907
2025-05-08,1.7578462757976074,1.8525903216820458,1.4668204404445886
2025-05-09,1.7660647918000927,1.8439288457529948,1.4796310993131003
2025-05-12,1.7806754482105636,1.8286740199188911,1.486548866830605
2025-05-13,1.7764140212719064,1.8330503147334998,1.498847087615868
2025-05-14,1.7846325372743916,1.8245697729427908,1.495260118770696
2025-05-15,1.7794579805960724,1.8192794179221097,1.5021778862882007
2025-05-16,1.7591817834484957,1.798549471755041,1.5065334633894607
2025-05-19,1.7668727923871195,1.7906863502777886,1.5236997970968031
2025-05-20,1.7597734168810881,1.7978814097460887,1.5303612967038982
2025-05-21,1.75888591031093,1.7987881353212158,1.5242122351800522
2025-05-22,1.7784093622163246,1.8187544978021855,1.5234435291863935
2025-05-23,1.7490716194502938,1.7887511966811291,1.5065334633894607
2025-05-27,1.7280019575554222,1.8102988465938086,1.5313861728703961
2025-05-28,1.7201008343448452,1.802021428751564,1.5129387928237166
2025-05-29,1.716331195995534,1.805970597863321,1.5198565603412213
2025-05-30,1.694873382254878,1.7833920997270245,1.5165257616688885
2025-06-02,1.6838438547854164,1.7949976700066115,1.535485579798817
2025-06-03,1.6728143273159548,1.7832400619287054,1.5254932815193891
2025-06-04,1.6728143273159548,1.7832400619287054,1.535485579798817
2025-06-05,1.6786759905136897,1.776991458916974,1.535485579798817
2025-06-06,1.6764430215959838,1.7793552067260887,1.5408660330665749
2025-06-09,1.6736517838291276,1.7763926226181375,1.5388163784711497
2025-06-10,1.67142623823207,1.7787547882837267,1.541378471149824
2025-06-11,1.6806067862729195,1.7689847228071893,1.5393288165543988
2025-06-12,1.6469445999149455,1.8044170999045137,1.5477838005840798
2025-06-13,1.6308090494303036,1.7867387498177143,1.5167820295792984
2025-06-16,1.6040744867914356,1.816029535911268,1.531642343043235
2025-06-17,1.6062568469733722,1.8185002631630436,1.5065334633894607
2025-06-18,1.6122748725140852,1.8253134830102489,1.5044838087940358
2025-06-20,1.5987703016819186,1.8406024859231225,1.498847087615868
2025-06-23,1.5731392568363571,1.8110944541502545,1.4862925989201954
2025-06-24,1.560861641723472,1.8252291981308064,1.5101204322346327
2025-06-25,1.5512530379599072,1.813993157937543,1.4983346495326189
2025-06-26,1.534116449940135,1.7939540974763672,1.5075583395559586
2025-06-27,1.5403054675964012,1.7867168283732,1.5242122351800522
2025-06-30,1.5343742846872037,1.7935968560942983,1.5303612967038982
2025-07-01,1.5207067805213428,1.7776203158542867,1.5244684053528912
2025-07-02,1.5179201958565969,1.780877675902489,1.538047672477491
2025-07-03,1.5257731926729348,1.7900910895966502,1.535229311888407
2025-07-07,1.5083679548600961,1.7696706488190201,1.527286765941975
2025-07-08,1.532135589395684,1.741785619112599,1.5447092698221567
2025-07-09,1.521627751885584,1.7537312983264624,1.569049541219843
2025-07-10,1.5031140838241293,1.775068973776957,1.5582885369467565
2025-07-11,1.5041148484323608,1.7762508043680232,1.5393288165543988
2025-07-14,1.522903757811483,1.798439146855731,1.5383039403879009
2025-07-15,1.518794053559322,1.7935858834954075,1.5190879520851333
2025-07-16,1.5141955104200213,1.7881553367797647,1.5231873590135543
2025-07-17,1.5240988361670331,1.7998504479226285,1.5277992040252242
2025-07-18,1.5295015936142404,1.793470182299023,1.5178069057457964
2025-07-21,1.5292442633685261,1.7937719238105192,1.5231873590135543
2025-07-22,1.4929684519986957,1.7512211466015764,1.5229310911031444
2025-07-23,1.4733402900840757,1.7742445749719382,1.5590571452028446
2025-07-24,1.479719501202864,1.7665625202583832,1.53856011056074
2025-07-25,1.5084257640484933,1.800833480395457,1.5452217079054056
2025-07-28,1.5048549373918103,1.7965704504543718,1.5152447153295516
2025-07-29,1.493939146304619,1.8096022631715303,1.5188316841747236
2025-07-30,1.518816966482495,1.839736663095394,1.5078145097287978
2025-07-31,1.5377135328596994,1.8626259952123978,1.4827056300750234
2025-08-01,1.517802689482199,1.83850807359109,1.4642583477659146
2025-08-04,1.521473296709261,1.8340618823511485,1.4832180681582723
2025-08-05,1.534058278637708,1.8188913001957043,1.4868050370034442
2025-08-06,1.5550333485349985,1.7940217286230662,1.499103257788707
2025-08-07,1.561325789490949,1.7867622214159133,1.5196003901683823
2025-08-08,1.5490030509453183,1.8008642133550183,1.5257494516922283
2025-08-11,1.5337962352879833,1.7831848355773767,1.5137074988173753
2025-08-12,1.5173425199520796,1.7640558176538312,1.5285678122813122
2025-08-13,1.5236333264991362,1.7567421533089997,1.544965439994996
2025-08-14,1.5339502453967058,1.7448467937074381,1.5513707694292518
2025-08-15,1.5248914686105297,1.755151024680838,1.5618755057919285
2025-08-18,1.5206136702436843,1.750227276111513,1.5526518157685887
2025-08-19,1.5241167965250992,1.7461951755922451,1.5570074906074194
2025-08-20,1.51210603693752,1.7599560176056963,1.5605944594525913
2025-08-21,1.4885849780101401,1.7325796113296257,1.5482962386673287
2025-08-22,1.4604481297552092,1.7653283830381339,1.5723802421546051
2025-08-25,1.4543841530405348,1.772658263497696,1.5426595174891609
2025-08-26,1.4565671883589755,1.7753190292855043,1.536254188054905
2025-08-27,1.4487819693163606,1.765830110666459,1.5339482655490702
2025-08-28,1.4393946276207534,1.7772717568052772,1.542147079405912
2025-08-29,1.455521580416732,1.7971842791793542,1.5321547811264842
2025-09-02,1.4510907614765607,1.7917133893964037,1.5149885451567124
2025-09-03,1.4457082594362272,1.7850674226311645,1.5196003901683823
2025-09-04,1.4474082281753595,1.7829684107482968,1.5252370136089795
2025-09-05,1.4610080707297661,1.7662156459141316,1.5270304980315654
2025-09-08,1.4602795391676662,1.767096369210123,1.541378471149824
2025-09-09,1.4678080383276435,1.7762066684195335,1.5406098628937357
2025-09-10,1.4523496525594715,1.7575003477240068,1.532667219209733
2025-09-11,1.4518691288619117,1.7580818334317099,1.5488086767505775
2025-09-12,1.4355316897469754,1.7382986764365054,1.5482962386673287
2025-09-15,1.4322429717240939,1.7422810156820814,1.5657187425475103
2025-09-16,1.4235512573940838,1.752854227888303,1.5621317737023384
2025-09-17,1.4052282590209868,1.7302926622270376,1.5526518157685887
2025-09-18,1.4031678035708093,1.7328297524993128,1.572636510065015
2025-09-19,1.4031678035708093,1.7328297524993128,1.5703305875591802
2025-09-22,1.3990468926704542,1.727740669784215,1.5703305875591802
2025-09-23,1.391536106479724,1.7370160492098528,1.5749424325708499
2025-09-24,1.4026883754744908,1.7509371182635487,1.5664873508035984
2025-09-25,1.3827987220884992,1.7261094138412114,1.5539329598454965
2025-09-26,1.3879693993234634,1.7196550004051574,1.575967210999777
2025-09-29,1.3965120709339673,1.7090708708422269,1.5818602000883548
2025-09-30,1.4135975856704572,1.6881613805791373,1.5915962304573728
2025-10-01,1.423489140788918,1.676348583560999,1.61106848667055
2025-10-02,1.4266364498830764,1.672642206750076,1.622341831289315
2025-10-03,1.4189929481868027,1.6816037354882494,1.625928800134487
2025-10-06,1.4345047226184724,1.699986249553367,1.6172175481943962
2025-10-07,1.4250838237796049,1.6888218398222687,1.5995388741413754
2025-10-08,1.4400512824677039,1.7065593024874885,1.610043610504052
2025-10-09,1.4652950282046033,1.7364748684408844,1.5931335447071195
2025-10-10,1.4523426521238736,1.7211254165435828,1.5652063044642612
2025-10-13,1.4431521160526073,1.710234002454225,1.579041839499271
2025-10-14,1.4468751750119204,1.7058219228442286,1.5890341377786987
2025-10-15,1.4599059257518798,1.690459063167575,1.5931335447071195
2025-10-16,1.4640942894119706,1.685609259365734,1.607481517825378
2025-10-17,1.4752635550546371,1.6727501028730494,1.6120932650994773
2025-10-20,1.4636289847111927,1.6859421380671673,1.6243915836223108
2025-10-21,1.4552520798615565,1.6955914255711093,1.611580924753799
2025-10-22,1.4452463422650161,1.683933209712849,1.6023572347304593
2025-10-23,1.4459348546552138,1.6831309873890508,1.613374409176385
2025-10-24,1.4590171153836131,1.6679026675610995,1.6141430174324731
2025-10-27,1.4571810531589389,1.6700015963879467,1.6287471607235708
2025-10-28,1.4530498037128716,1.6747362126904666,1.6266975061281457
2025-10-29,1.4640664397182377,1.6874336159130348,1.6220856611164758
2025-10-30,1.4722222027287404,1.6968336733789997,1.6097874403312131
2025-10-31,1.4708083846333428,1.695204154310576,1.6008199204807125
2025-11-03,1.4868005518185765,1.7136361870159074,1.6023572347304593
2025-11-04,1.4740620702513794,1.698954242652567,1.5849347308502777
2025-11-05,1.484694047534958,1.7112083012015677,1.5985139979748775
2025-11-06,1.4902071078976489,1.704854133706032,1.5869843854457029
2025-11-07,1.470551725970996,1.6823676223012516,1.5928772767967099
2025-11-10,1.4847925866914817,1.6660755309951623,1.613886847259634
2025-11-11,1.4990335364691114,1.6500958593728052,1.6295157689796589
2025-11-12,1.487594146326426,1.6626880328292153,1.6451447884372545
2025-11-13,1.4756877405207727,1.6759958550574454,1.6325903974791525
2025-11-14,1.4990335364691112,1.7025105818306205,1.619523470700231
2025-11-17,1.5175877323583766,1.7235833024004605,1.5939021529632076
2025-11-18,1.520304688598853,1.7266690550786008,1.5741737265771911
2025-11-19,1.541871119631516,1.751162888039746,1.571355463725678
2025-11-20,1.5265696605701409,1.7337844269608826,1.5490648469234167
2025-11-21,1.5245695235683168,1.7360560602018158,1.5644376962081732
2025-11-24,1.499818352715543,1.7078714353016167,1.5623879438751773
2025-11-25,1.518212082071929,1.6869261488943912,1.5877530914393616
2025-11-26,1.5266829525886596,1.6775139375523038,1.6072252499149684
2025-11-28,1.524262664301926,1.6801733419342066,1.616192769765469
2025-12-01,1.5363638287619201,1.6668343981889988,1.6136305793492243
2025-12-02,1.5460447972597389,1.656331305758769,1.6264412382177358
2025-12-03,1.544834699278651,1.6576277256119736,1.6366898044075735
2025-12-04,1.5450766819450454,1.6573680750635231,1.6354087580682364
2025-12-05,1.544108566630352,1.6584065500041538,1.6356649282410756
2025-12-08,1.5397521400387895,1.6630854479457837,1.6346400520745776
2025-12-09,1.5237786066445793,1.64583244322548,1.6300282070629077
2025-12-10,1.5396611345804498,1.6286777334511697,1.6469382728598405
2025-12-11,1.5275715463137938,1.6414662898252066,1.664104508829612
2025-12-12,1.5344461138212566,1.6340791590241266,1.651037777525832
2025-12-15,1.5299420431783939,1.638875683256539,1.6584679831265858
2025-12-16,1.5124000589229125,1.6576666770465076,1.653599870204506
2025-12-17,1.5007844072575904,1.6449353374884432,1.6346400520745776
2025-12-18,1.5084879629483747,1.6364918522557863,1.6471945407702502
2025-12-19,1.499617137086106,1.646115418769376,1.655649622537502
2025-12-22,1.496348994326456,1.6425280096538384,1.6459133966933426
2025-12-23,1.4928625910650082,1.6387010180685937,1.6495003655385145
2025-12-24,1.4972581829192173,1.633876018842531,1.6533436022940962
2025-12-26,1.4880043889373533,1.6439741784270043,1.658211715216176
2025-12-29,1.4785192015680468,1.6334947717608603,1.6479631490263382
2025-12-30,1.4707530596219631,1.6420749459325763,1.6584679831265858
2025-12-31,1.493137637185441,1.617082882341888,1.6497566334489242
2026-01-02,1.507527610734142,1.6014983981500486,1.6748656108402695
2026-01-05,1.5077560728028354,1.6012556950416974,1.6910069706435433
2026-01-06,1.5018172788753008,1.607562768028952,1.691263238553953
2026-01-07,1.4986195069755894,1.6109857004448547,1.6846016412092875
2026-01-08,1.4803463753210975,1.5913424530023188,1.6810146723641155
2026-01-09,1.4908230094266726,1.5800802829489369,1.7015118047437907
2026-01-12,1.488148196492035,1.5829152399839932,1.713553659881073
2026-01-13,1.4856961712573193,1.5855234130960567,1.7104792268567206
2026-01-14,1.491045967193541,1.591232673762043,1.7076608662676367
2026-01-15,1.4950871859640367,1.5869199164823082,1.7015118047437907
2026-01-16,1.5240502815961559,1.6176620121494283,1.7061234542803192
2026-01-20,1.5077129079939011,1.6003211481544546,1.6730721264176835
2026-01-21,1.4994890054618901,1.5915921089106044,1.6910069706435433
2026-01-22,1.5069458184953066,1.5836772760986415,1.7002306606668829
2026-01-23,1.520955400368603,1.5689543469872709,1.7086857424341346
2026-01-26,1.5442295388705534,1.5449457134887679,1.7245708343269985
2026-01-27,1.5229891550122248,1.5661959481001209,1.75096076032011
2026-01-28,1.5216334335137556,1.5648017651470336,1.7268768545704043
2026-01-29,1.5067465072908868,1.580111029466605,1.7284140710825804
2026-01-30,1.4936641091220828,1.5663916403468199,1.7115041030232185
2026-02-02,1.487013880366512,1.5733656733074448,1.7263643187495845
2026-02-03,1.49189081626325,1.5785258158132813,1.7186780407135624
2026-02-04,1.476271327645819,1.5950523375557852,1.7130413195353946
2026-02-05,1.4463711150811203,1.5627463494548093,1.6951064753095348
2026-02-06,1.4673703528315094,1.5400575099214548,1.7294389472490783
2026-02-09,1.4609419713722696,1.5468043254911155,1.7545479246404234
2026-02-10,1.4656560959783078,1.541813142764895,1.74686145112926
2026-02-11,1.4504424342373405,1.5578173225217742,1.7524981723074278
2026-02-12,1.4472282435077206,1.5612694567659877,1.734307060171158
2026-02-13,1.440157056598663,1.5536410621477093,1.7304638234155763
2026-02-17,1.4316694477979197,1.5444846319570846,1.738918905182828
2026-02-18,1.4213938508220945,1.5555699433309897,1.749167275897524
2026-02-19,1.402100847522338,1.534455727849947,1.7366128849394222
2026-02-20,1.3984272144560748,1.5384761428653917,1.7601844503434498
2026-02-23,1.4008763550697847,1.5357817270489913,1.75557260533178
2026-02-24,1.4151626193782512,1.5201196855038317,1.7586472338312737
2026-02-25,1.4114891420205908,1.5240656102824877,1.7765820780571335
2026-02-26,1.3990396163909546,1.5375080756274901,1.771970428520605
2026-02-27,1.4398576923678332,1.5823660772957502,1.7563414090630094
2026-03-02,1.48745639062621,1.634675806129876,1.7050987735889627
2026-03-03,1.4694266439835217,1.614861584473908,1.6487317572824265
2026-03-04,1.5016894266109504,1.650317541725389,1.668716353841282
2026-03-05,1.516305530682697,1.666380259164723,1.6320779593959036
2026-03-06,1.499719470069629,1.6481526108289144,1.616192769765469
2026-03-09,1.49854360635989,1.6468603672581248,1.6338714438184896
2026-03-10,1.4997176276287438,1.6455701484818492,1.6351524901578267
2026-03-11,1.4727147801567857,1.6751991125649885,1.6364335364971636
2026-03-12,1.491969015596645,1.6971006229976713,1.6069690797421292
2026-03-13,1.4683481930397309,1.670232161080568,1.5859596070167756
2026-03-16,1.4748866105755152,1.6627947730668757,1.61106848667055
2026-03-17,1.4433619956516892,1.698335786553892,1.618242424360894
2026-03-18,1.435188973731959,1.6887189782602108,1.5836536845109408
2026-03-19,1.48506040185098,1.747400328715778,1.5926211066238707
2026-03-20,1.443478703045745,1.6984731106239985,1.537279064221403
2026-03-23,1.4308412222199947,1.7133430365351139,1.5803228858386078
2026-03-24,1.4144593125504177,1.6937267224244756,1.5664873508035984
2026-03-25,1.3828947045732387,1.7315233699062638,1.5844222927670288
2026-03-26,1.3979908062574307,1.7504252087622643,1.5490648469234167
2026-03-27,1.3972894124262802,1.7495469930845784,1.5321547811264842
2026-03-30,1.449836647621705,1.6837525653064218,1.532923487120143
2026-03-31,1.4722567799235617,1.6577151801018988,1.5905714520284455
2026-04-01,1.4584777235753963,1.6732299674591826,1.615167893598971
2026-04-02,1.4486689491019666,1.6619769087886962,1.6000513122246245
2026-04-06,1.4484385648456541,1.6622412157681319,1.6108122187601404
2026-04-07,1.5138785931606364,1.587141646572535,1.6105560485873012
2026-04-08,1.5154915466529424,1.585450635369134,1.6833204971323796
2026-04-09,1.5194088701046105,1.581352477930308,1.6851139815549656
2026-04-10,1.5304690723950674,1.5698413707868963,1.689469754131367
2026-04-13,1.546829079473813,1.5530604920342208,1.7017678771790592
2026-04-14,1.5362296456959814,1.5637026257106084,1.7199589893153289
2026-04-15,1.5272431654104555,1.5728498146466785,1.708173206613315
2026-04-16,1.4965968732578954,1.541288360633684,1.6981809083338872
2026-04-17,1.491062940186799,1.5469875484266127,1.7322573078381622
2026-04-20,1.4571952968128463,1.5821254498404147,1.7258519784039064
2026-04-21,1.4547603527509851,1.5794817500030394,1.6866513935422833
2026-04-22,1.4393169364848881,1.5962491812186852,1.689469754131367
2026-04-23,1.4218880319050409,1.5769199605585962,1.6715347144303658
2026-04-24,1.4128438038134812,1.5869503029522356,1.6917755788996314
2026-04-27,1.4029381971954173,1.5980765897937337,1.6810146723641155
2026-04-28,1.4165047036239122,1.6135300975619336,1.6692288896621017
2026-04-29,1.3846705682958949,1.5772680679688051,1.6530873343836865
2026-04-30,1.3846705682958949,1.5772680679688051,1.6902383623874553
2026-05-01,1.3846705682958949,1.5772680679688051,1.6902383623874553
2026-05-04,1.3846705682958949,1.5772680679688051,1.6902383623874553
2026-05-05,1.3846705682958949,1.5772680679688051,1.6902383623874553
2026-05-06,1.3846705682958949,1.5772680679688051,1.6902383623874553
2026-05-07,1.3846705682958949,1.5772680679688051,1.6902383623874553
2026-05-08,1.3846705682958949,1.5772680679688051,1.6902383623874553
2026-05-11,1.3846705682958949,1.5772680679688051,1.6902383623874553
2026-05-12,1.3846705682958949,1.5772680679688051,1.6902383623874553
2026-05-13,1.3846705682958949,1.5772680679688051,1.6902383623874553
2026-05-14,1.3846705682958949,1.5772680679688051,1.6902383623874553
2026-05-15,1.3846705682958949,1.5772680679688051,1.6902383623874553
2026-05-18,1.3846705682958949,1.5772680679688051,1.6902383623874553
2026-05-19,1.3846705682958949,1.5772680679688051,1.6902383623874553
