feature_1,feature_2,correlation
STOCHk_14_3_3,STOCHFd_14_3,1.0
TOS_STDEVALL_LR,TOS_STDEVALL_U_1,1.0
TOS_STDEVALL_L_1,TOS_STDEVALL_U_1,1.0
TOS_STDEVALL_LR,TOS_STDEVALL_U_3,1.0
TOS_STDEVALL_LR,TOS_STDEVALL_L_2,1.0
TOS_STDEVALL_L_1,TOS_STDEVALL_L_2,1.0
TOS_STDEVALL_U_1,TOS_STDEVALL_L_2,1.0
TOS_STDEVALL_LR,TOS_STDEVALL_U_2,1.0
TOS_STDEVALL_L_1,TOS_STDEVALL_U_2,1.0
CMO_14,RSI_14,1.0
TOS_STDEVALL_L_2,TOS_STDEVALL_U_2,1.0
TOS_STDEVALL_LR,TOS_STDEVALL_L_3,1.0
STOCHFk_14_3,WILLR_14,1.0
TOS_STDEVALL_L_1,TOS_STDEVALL_L_3,1.0
TOS_STDEVALL_U_1,TOS_STDEVALL_L_3,1.0
TOS_STDEVALL_L_2,TOS_STDEVALL_L_3,1.0
SQZ_ON,SQZ_OFF,1.0
TOS_STDEVALL_U_2,TOS_STDEVALL_L_3,1.0
SQZ_20_2.0_20_1.5,SQZPRO_20_2.0_20_2.0_1.5_1.0,1.0
SQZ_ON,SQZPRO_ON_NORMAL,1.0
SQZ_OFF,SQZPRO_ON_NORMAL,1.0
SQZPRO_ON_WIDE,SQZPRO_OFF,1.0
MACD_12_26_9,STCmacd_10_12_26_0.5,1.0
TOS_STDEVALL_L_3,TOS_STDEVALL_U_3,1.0
TOS_STDEVALL_U_2,TOS_STDEVALL_U_3,1.0
TOS_STDEVALL_L_2,TOS_STDEVALL_U_3,1.0
TOS_STDEVALL_U_1,TOS_STDEVALL_U_3,1.0
HWMA_0.2_0.1_0.1,HWM_1,1.0
TOS_STDEVALL_L_1,TOS_STDEVALL_U_3,1.0
TOS_STDEVALL_LR,TOS_STDEVALL_L_1,1.0
MEDIAN_30,QTL_30_0.5,1.0
PIVOTS_TRAD_D_R3,PIVOTS_TRAD_D_R4,1.0
PIVOTS_TRAD_D_S3,PIVOTS_TRAD_D_S4,1.0
HLC3,VWAP_D,1.0
TOS_STDEVALL_U_1,TOS_STDEVALL_U_2,0.9999999999999999
AMATe_LR_8_21_2,AMATe_SR_8_21_2,0.9999999999999999
AOBV_LR_2,AOBV_SR_2,0.9999999999999999
WCP,VWAP_D,0.9999943034648539
HLC3,WCP,0.9999943034648539
RMA_10,KCBe_20_2,0.9999903397354544
HL2,OHLC4,0.9999900819902684
ABER_ZG_5_15,BBM_5_2.0_2.0,0.9999847831924809
OHLC4,VWAP_D,0.9999790631264214
HLC3,OHLC4,0.9999790631264212
AGl_13_8_5,EMA_10,0.9999778717901121
HL2,VWAP_D,0.9999771777236799
HL2,HLC3,0.9999771777236799
ALMA_9_6.0_0.85,BBM_5_2.0_2.0,0.9999724249664331
ALMA_9_6.0_0.85,ABER_ZG_5_15,0.9999674129878804
OHLC4,WCP,0.9999564597077276
Close,WCP,0.9999488492159554
HL2,WCP,0.9999486772798349
EMA_10,FAMA_0.5_0.05,0.999946466009677
AGl_13_8_5,FAMA_0.5_0.05,0.9999435584369692
AGt_13_8_5,SMMA_7,0.999943257699523
SWMA_10,TRIMA_10,0.9999423240308912
FWMA_10,MAMA_0.5_0.05,0.9999199304036926
Close,HLC3,0.9999090136132706
Close,VWAP_D,0.9999090136132706
PWMA_10,SWMA_10,0.9999063308401798
SMA_10,SWMA_10,0.999893936837626
SMA_10,TRIMA_10,0.9998896319246157
SSF3_20,TRIMA_10,0.9998895851464883
MIDPOINT_2,MIDPRICE_2,0.9998802323386802
TEMA_10,ZL_EMA_10,0.9998700364332245
High,HL2,0.9998653221651733
SSF_20,TRIMA_10,0.9998645845341281
AGl_13_8_5,WMA_10,0.9998644521796303
Low,HL2,0.9998635739422641
High,OHLC4,0.9998577099943724
PIVOTS_TRAD_D_P,PIVOTS_TRAD_D_R1,0.9998526484367958
Low,OHLC4,0.9998513378745337
PIVOTS_TRAD_D_S1,PIVOTS_TRAD_D_S2,0.9998497729019723
HMA_10,ZL_EMA_10,0.9998474882067142
FAMA_0.5_0.05,WMA_10,0.9998448696867771
OBV_max_2,OBVe_4,0.9998430190548292
PIVOTS_TRAD_D_R1,PIVOTS_TRAD_D_R2,0.9998423938790407
Low,HLC3,0.9998419130061489
Low,VWAP_D,0.9998419130061489
High,VWAP_D,0.9998413521802919
High,HLC3,0.9998413521802919
EMA_10,SMMA_7,0.9998398906335585
PIVOTS_TRAD_D_P,PIVOTS_TRAD_D_S1,0.99983919098081
SSF_20,SSF3_20,0.9998346260690106
MAMA_0.5_0.05,ZL_EMA_10,0.9998339445074366
SMA_10,SSF_20,0.9998287881826711
SMA_10,VWMA_10,0.9998217754788256
Close,OHLC4,0.9998205107817039
AGt_13_8_5,RMA_10,0.9998186746727715
MAMA_0.5_0.05,MIDPOINT_2,0.9998183442259349
Low,WCP,0.9998139950878553
High,WCP,0.9998122806566355
Open,OHLC4,0.9998110641662832
OBV,OBV_min_2,0.9998106052281523
JMA_7_0.0,ZL_EMA_10,0.9998073474551039
OBV_min_2,OBVe_4,0.999805977451276
PWMA_10,TRIMA_10,0.9998024633989959
SINWMA_14,SSF_20,0.9997996018157925
FAMA_0.5_0.05,SMA_10,0.9997955369148933
AGj_13_8_5,KCBe_20_2,0.999795314395756
Close,HL2,0.9997950583862234
OBV,OBV_max_2,0.9997899041877971
OBV_min_2,OBV_max_2,0.9997845001862381
DEMA_10,FWMA_10,0.9997819506000191
MAMA_0.5_0.05,MIDPRICE_2,0.9997810010247653
Close,LDECAY_1,0.9997776659052405
Open,HL2,0.9997770196427317
FWMA_10,BBM_5_2.0_2.0,0.9997738067754727
SMA_10,SSF3_20,0.9997691841516554
WCP,LDECAY_1,0.9997635440610955
FWMA_10,ZL_EMA_10,0.9997579903944969
EMA_10,WMA_10,0.9997554873167785
HMA_10,TEMA_10,0.9997540396193393
ITS_9,VWMA_10,0.9997488157033255
SSF3_20,T3_10_0.7,0.9997471408777796
SSF3_20,SWMA_10,0.9997407792839945
LDECAY_1,VWAP_D,0.9997360700303077
HLC3,LDECAY_1,0.9997360700303077
SSF_20,SWMA_10,0.9997336655329692
LOGRET_1,PCTRET_1,0.9997296627302116
WMA_10,ABER_ZG_5_15,0.9997268830772499
AGt_13_8_5,KCBe_20_2,0.9997260068022686
FWMA_10,JMA_7_0.0,0.9997207762777758
FWMA_10,ABER_ZG_5_15,0.9997199236623671
FAMA_0.5_0.05,VWMA_10,0.9997172471825121
FAMA_0.5_0.05,SMMA_7,0.9997163495511823
JMA_7_0.0,MAMA_0.5_0.05,0.9997114027041102
MIDPRICE_2,ZL_EMA_10,0.9997036869532556
ALMA_9_6.0_0.85,WMA_10,0.9997029421008141
EMA_10,SMA_10,0.9997022150265886
AGl_13_8_5,SMMA_7,0.9997004056932957
DEMA_10,BBM_5_2.0_2.0,0.9997003114918395
ABER_ZG_5_15,ABER_SG_5_15,0.9996982473708241
AGj_13_8_5,RMA_10,0.9996974364819949
WMA_10,BBM_5_2.0_2.0,0.9996959860999024
SSF_20,T3_10_0.7,0.9996957240037102
MCGD_10,RMA_10,0.9996931376046074
DEMA_10,ZL_EMA_10,0.9996931053289144
SINWMA_14,T3_10_0.7,0.999691816110975
MIDPOINT_2,ZL_EMA_10,0.9996901818125439
ABER_ZG_5_15,ABER_XG_5_15,0.99969010107299
SINWMA_14,SSF3_20,0.9996868323144557
SWMA_10,VWMA_10,0.9996857872713588
ABER_SG_5_15,BBM_5_2.0_2.0,0.9996821555429797
ITS_9,SMA_10,0.99968152448857
MAMA_0.5_0.05,TEMA_10,0.9996790038148711
MIDPOINT_2,OHLC4,0.9996783338912701
OBV,OBVe_4,0.9996776378519244
ABER_XG_5_15,BBM_5_2.0_2.0,0.999675780385565
ALMA_9_6.0_0.85,FWMA_10,0.999673957743821
OHLC4,LDECAY_1,0.999668149716984
FAMA_0.5_0.05,SWMA_10,0.9996674178870367
ALMA_9_6.0_0.85,ABER_XG_5_15,0.999665428206657
SMMA_7,SSF_20,0.9996654221009839
DEMA_10,MAMA_0.5_0.05,0.9996644740028413
Open,VWAP_D,0.999664348728665
Open,HLC3,0.9996643487286648
JMA_7_0.0,TEMA_10,0.9996625623112636
Low,Close,0.9996621309263324
HL2,MIDPOINT_2,0.9996584773270211
ALMA_9_6.0_0.85,ABER_SG_5_15,0.9996578707074144
MCGD_10,KCBe_20_2,0.9996576444855702
High,Close,0.9996569598213536
HLC3,MIDPOINT_2,0.9996568235388966
MIDPOINT_2,VWAP_D,0.9996568235388966
Open,High,0.9996550550343184
ABER_ATR_5_15,ATRr_14,0.9996523613689909
HMA_10,JMA_7_0.0,0.9996520639846738
DEMA_10,ABER_ZG_5_15,0.9996514418262495
HL2,LDECAY_1,0.9996468633560125
DEMA_10,JMA_7_0.0,0.999645584346219
High,LDECAY_1,0.999642201813428
MIDPOINT_2,TEMA_10,0.9996397950931053
MIDPOINT_2,WCP,0.9996389044794436
AGl_13_8_5,SMA_10,0.9996319573639333
Open,Low,0.9996278587615601
EMA_10,VWMA_10,0.9996224822143307
ALMA_9_6.0_0.85,DEMA_10,0.9996218742710157
AGt_13_8_5,MCGD_10,0.9996213474954015
TRIMA_10,VWMA_10,0.999616579772934
DEMA_10,LINREG_14,0.9996145344659014
SMA_10,SMMA_7,0.999612815024159
MIDPRICE_2,TEMA_10,0.9996096560019226
PWMA_10,SMA_10,0.999607601581803
DEMA_10,TEMA_10,0.9996032072569688
AGl_13_8_5,VWMA_10,0.9996026398406123
MIDPRICE_2,OHLC4,0.9996007572882102
AGt_13_8_5,EMA_10,0.9995956742637598
HL2,MIDPRICE_2,0.9995956364315979
FWMA_10,MIDPRICE_2,0.9995920783061544
Open,WCP,0.9995909647023528
MIDPRICE_2,PIVOTS_TRAD_D_P,0.9995892439679006
AGt_13_8_5,SSF_20,0.9995815525321617
ITS_9,FAMA_0.5_0.05,0.9995785623344294
FWMA_10,MIDPOINT_2,0.9995738526374761
High,MIDPOINT_2,0.9995621980525039
RMA_10,SMMA_7,0.9995620956004365
WMA_10,VWMA_10,0.9995475135460551
SINWMA_14,TRIMA_10,0.9995419934060932
T3_10_0.7,TRIMA_10,0.9995407805257571
HLC3,MIDPRICE_2,0.9995401488344235
MIDPRICE_2,VWAP_D,0.9995401488344235
MIDPOINT_2,LDECAY_1,0.9995364865997618
SSF_20,VWMA_10,0.9995345351608893
JMA_7_0.0,BBM_5_2.0_2.0,0.9995345335100299
Open,MIDPRICE_2,0.9995310907795808
PWMA_10,SSF3_20,0.9995292246448406
JMA_7_0.0,MIDPRICE_2,0.9995268386078073
FAMA_0.5_0.05,SSF_20,0.999526797713379
ITS_9,EMA_10,0.9995259618263133
PIVOTS_TRAD_D_P,ZL_EMA_10,0.9995180769617179
DEMA_10,ABER_XG_5_15,0.99951785622606
Close,MIDPOINT_2,0.9995170139494324
High,MIDPRICE_2,0.9995161298512447
ITS_9,AGl_13_8_5,0.999513107139091
FWMA_10,TEMA_10,0.9995121834898794
FAMA_0.5_0.05,TRIMA_10,0.9995060383273073
SMA_10,WMA_10,0.9995049498627574
WMA_10,ABER_SG_5_15,0.9995009851042708
MIDPRICE_2,WCP,0.9994953360682094
MAMA_0.5_0.05,OHLC4,0.9994940292083214
PIVOTS_TRAD_D_R2,PIVOTS_TRAD_D_R4,0.9994919390876248
PIVOTS_TRAD_D_R2,PIVOTS_TRAD_D_R3,0.9994919390876248
Open,MIDPOINT_2,0.9994912017251951
MAMA_0.5_0.05,BBM_5_2.0_2.0,0.9994854320922388
Low,MIDPOINT_2,0.9994834971935378
SSF3_20,VWMA_10,0.9994810429592449
PIVOTS_TRAD_D_P,PIVOTS_TRAD_D_R2,0.9994789215280109
EMA_10,SSF_20,0.9994776117390941
JMA_7_0.0,MIDPOINT_2,0.9994756752924495
PIVOTS_TRAD_D_S1,PIVOTS_TRAD_D_R1,0.999473141896933
ITS_9,SWMA_10,0.9994729585694369
JMA_7_0.0,ABER_ZG_5_15,0.9994697098455914
HLC3,MAMA_0.5_0.05,0.9994695833975858
MAMA_0.5_0.05,VWAP_D,0.9994695833975857
ZL_EMA_10,BBM_5_2.0_2.0,0.9994693851211677
EMA_10,SWMA_10,0.9994693810782744
MAMA_0.5_0.05,LDECAY_1,0.9994692098211277
PIVOTS_TRAD_D_P,PIVOTS_TRAD_D_S2,0.9994677199677973
HL2,MAMA_0.5_0.05,0.9994657313276444
PWMA_10,SSF_20,0.999464425616459
High,MAMA_0.5_0.05,0.9994592945581989
PIVOTS_TRAD_D_S2,PIVOTS_TRAD_D_S4,0.9994585364601501
PIVOTS_TRAD_D_S2,PIVOTS_TRAD_D_S3,0.9994585364601501
High,Low,0.9994578345991856
MAMA_0.5_0.05,WCP,0.9994544183002102
MIDPOINT_2,PIVOTS_TRAD_D_P,0.9994540632418143
ALMA_9_6.0_0.85,JMA_7_0.0,0.9994522089182615
MIDPRICE_2,PIVOTS_TRAD_D_R1,0.9994500757471213
ACCBU_20,KCUe_20_2,0.99944849521441
HMA_10,MAMA_0.5_0.05,0.999440553786174
FWMA_10,WMA_10,0.9994402624026317
ITS_9,WMA_10,0.9994343261673693
FWMA_10,ABER_SG_5_15,0.9994309055362998
SMMA_7,KCBe_20_2,0.9994247032157225
MCGD_10,SMMA_7,0.9994234291576866
AGt_13_8_5,FAMA_0.5_0.05,0.999422452254182
OBVe_4,OBVe_12,0.9994214775050129
MIDPRICE_2,PIVOTS_TRAD_D_S1,0.9994184902989119
AGl_13_8_5,ABER_ZG_5_15,0.9994177110010636
DEMA_10,HMA_10,0.9994164420323893
ITS_9,TRIMA_10,0.9994122776604549
AGl_13_8_5,ALPHAT_14_1_50,0.9994061664836252
SWMA_10,WMA_10,0.9994051140691882
Low,MIDPRICE_2,0.9994037921921876
AGl_13_8_5,SWMA_10,0.9994036648192933
SMMA_7,VWMA_10,0.9994024517623551
ACCBM_20,KCBe_20_2,0.9994021323419147
MAMA_0.5_0.05,ABER_ZG_5_15,0.9994004740481163
SMA_10,T3_10_0.7,0.9993998831905404
FWMA_10,ABER_XG_5_15,0.9993972919512205
JMA_7_0.0,PIVOTS_TRAD_D_P,0.9993962380671133
MIDPOINT_2,PIVOTS_TRAD_D_R1,0.9993955828837907
AGt_13_8_5,AGl_13_8_5,0.9993895775237346
PIVOTS_TRAD_D_R1,ZL_EMA_10,0.9993871188114164
AGl_13_8_5,ALMA_9_6.0_0.85,0.9993861696922275
AGl_13_8_5,BBM_5_2.0_2.0,0.9993832700776566
ALMA_9_6.0_0.85,ZL_EMA_10,0.9993810465350484
Low,LDECAY_1,0.9993796759722282
MAMA_0.5_0.05,PIVOTS_TRAD_D_P,0.9993777731462403
AGt_13_8_5,SMA_10,0.9993770791659089
SMMA_7,TRIMA_10,0.9993751286491974
ZL_EMA_10,ABER_ZG_5_15,0.9993750596247557
LINREG_14,TEMA_10,0.9993736640033591
FWMA_10,HMA_10,0.9993735364849001
PWMA_10,VWMA_10,0.9993731322159044
SINWMA_14,SMA_10,0.9993715665461961
HMA_10,PIVOTS_TRAD_D_P,0.9993682220806975
EMA_10,ALPHAT_14_1_50,0.9993646343510801
FAMA_0.5_0.05,PWMA_10,0.9993610622459194
PIVOTS_TRAD_D_S1,ZL_EMA_10,0.999355361837228
FWMA_10,PIVOTS_TRAD_D_P,0.9993540119963135
SMMA_7,SWMA_10,0.9993531213874836
MIDPOINT_2,PIVOTS_TRAD_D_S1,0.9993526390166846
ITS_9,SSF_20,0.9993474481052784
RMA_10,ACCBM_20,0.9993474143854886
FWMA_10,PIVOTS_TRAD_D_R1,0.9993469098263329
HMA_10,MIDPRICE_2,0.9993446771870509
MAMA_0.5_0.05,PIVOTS_TRAD_D_R1,0.9993437012231502
Close,MAMA_0.5_0.05,0.9993407926325588
SSF_20,ALPHATl_14_1_50_2,0.9993405364909713
WMA_10,ABER_XG_5_15,0.999340280717402
EMA_10,TRIMA_10,0.9993389213651531
ALMA_9_6.0_0.85,MAMA_0.5_0.05,0.9993371331599537
MIDPRICE_2,LDECAY_1,0.9993371256906415
AGj_13_8_5,ACCBM_20,0.999335801875932
DEMA_10,MIDPRICE_2,0.9993203084110825
AGt_13_8_5,SINWMA_14,0.9993172930284158
Open,MAMA_0.5_0.05,0.9993157612287036
AGl_13_8_5,ABER_SG_5_15,0.9993106718747442
Open,Close,0.9993028760804018
FAMA_0.5_0.05,ABER_ZG_5_15,0.999301471094814
AGl_13_8_5,SSF_20,0.9993003369311846
ITS_9,SMMA_7,0.9992956494583325
SWMA_10,T3_10_0.7,0.9992951869581528
Close,MIDPRICE_2,0.9992928680545
HMA_10,BBM_5_2.0_2.0,0.9992927875245732
FAMA_0.5_0.05,ALPHAT_14_1_50,0.9992906748623507
ALMA_9_6.0_0.85,FAMA_0.5_0.05,0.9992881904256734
JMA_7_0.0,PIVOTS_TRAD_D_R1,0.9992870321053268
ITS_9,SSF3_20,0.9992821779920392
HMA_10,MIDPOINT_2,0.9992800221843644
PIVOTS_TRAD_D_P,TEMA_10,0.9992794477815852
HILO_13_21,ACCBM_20,0.9992777580087361
DEMA_10,MIDPOINT_2,0.9992698916539292
LINREG_14,BBM_5_2.0_2.0,0.9992656663945455
OHLC4,TEMA_10,0.9992607359895426
WMA_10,ALPHAT_14_1_50,0.9992594577469253
ITS_9,ALPHAT_14_1_50,0.9992554122647317
HMA_10,PIVOTS_TRAD_D_S1,0.9992493105593031
DEMA_10,WMA_10,0.9992469863450697
SINWMA_14,SMMA_7,0.9992462834256923
FAMA_0.5_0.05,BBM_5_2.0_2.0,0.9992451250430648
AGj_13_8_5,MCGD_10,0.9992438483484516
FAMA_0.5_0.05,SSF3_20,0.999242952144412
ALMA_9_6.0_0.85,HMA_10,0.999234966014272
MCGD_10,KCLe_20_2,0.9992344941229554
HL2,TEMA_10,0.9992315624131562
SMMA_7,WMA_10,0.9992302212380633
LINREG_14,ABER_ZG_5_15,0.9992302123404846
HLC3,TEMA_10,0.9992243137159469
TEMA_10,VWAP_D,0.9992243137159469
ALMA_9_6.0_0.85,LINREG_14,0.9992185069677972
JMA_7_0.0,ABER_XG_5_15,0.999218249259233
AGl_13_8_5,TRIMA_10,0.9992128026519415
Open,LDECAY_1,0.9992123808607262
OHLC4,ZL_EMA_10,0.9992069371888044
LINREG_14,ZL_EMA_10,0.99920440215256
TEMA_10,WCP,0.99920360680089
AGl_13_8_5,FWMA_10,0.9992008555665587
Low,MAMA_0.5_0.05,0.9992003799181076
SINWMA_14,SWMA_10,0.9991996603058604
AGt_13_8_5,TRIMA_10,0.9991989330968511
JMA_7_0.0,LINREG_14,0.99919866803653
ACCBM_20,DCM_20_20,0.9991982435394189
HMA_10,ABER_ZG_5_15,0.9991979138547591
EMA_10,ABER_ZG_5_15,0.9991946981836142
PIVOTS_TRAD_D_S1,TEMA_10,0.9991946410623764
JMA_7_0.0,PIVOTS_TRAD_D_S1,0.9991899076451974
FAMA_0.5_0.05,ABER_SG_5_15,0.9991835634788118
DEMA_10,PIVOTS_TRAD_D_P,0.9991800502801925
HL2,ZL_EMA_10,0.9991775320914366
SMA_10,ALPHATl_14_1_50_2,0.9991763332630638
DEMA_10,ABER_SG_5_15,0.9991759200855835
SMMA_7,ALPHATl_14_1_50_2,0.9991724235426045
HMA_10,PIVOTS_TRAD_D_R1,0.999169276413964
TRIMA_10,ALPHATl_14_1_50_2,0.9991638082179342
High,FWMA_10,0.9991631275992745
ALMA_9_6.0_0.85,EMA_10,0.9991630599143421
HLC3,ZL_EMA_10,0.9991532915343949
ZL_EMA_10,VWAP_D,0.9991532915343949
SMMA_7,SSF3_20,0.9991489554615671
EMA_10,BBM_5_2.0_2.0,0.9991488667895504
ZL_EMA_10,ABER_XG_5_15,0.9991476177714652
ALPHAT_14_1_50,VWMA_10,0.9991452709164309
FWMA_10,LINREG_14,0.9991414984534519
MAMA_0.5_0.05,PIVOTS_TRAD_D_S1,0.9991408829534412
KAMA_10_2_30,SMMA_7,0.9991396676548859
LINREG_14,ABER_XG_5_15,0.999139253638113
FWMA_10,LDECAY_1,0.9991367531982481
EMA_10,ABER_SG_5_15,0.9991333243211334
FWMA_10,OHLC4,0.9991326929211827
HMA_10,LINREG_14,0.9991264808403559
TEMA_10,BBM_5_2.0_2.0,0.9991261432945852
WCP,ZL_EMA_10,0.9991240965961582
PWMA_10,WMA_10,0.9991220959992685
Open,TEMA_10,0.9991185026526119
FWMA_10,PIVOTS_TRAD_D_R2,0.9991168437041941
Open,ZL_EMA_10,0.9991164544204414
SWMA_10,ALPHATl_14_1_50_2,0.9991135383136718
High,ZL_EMA_10,0.9991120976324142
JMA_7_0.0,ABER_SG_5_15,0.9991106141350825
TEMA_10,LDECAY_1,0.9991086659991918
MAMA_0.5_0.05,ABER_SG_5_15,0.9991033214551336
PIVOTS_TRAD_D_R1,TEMA_10,0.9991032710766705
FWMA_10,HL2,0.9991029875230285
ZL_EMA_10,LDECAY_1,0.9991015010263826
Low,TEMA_10,0.9990994810616756
AGt_13_8_5,SWMA_10,0.9990956113910551
RMA_10,SSF_20,0.9990937170762563
AGt_13_8_5,VWMA_10,0.9990935284990223
High,TEMA_10,0.9990927754500251
ITS_9,PWMA_10,0.9990896966084634
TRIMA_10,WMA_10,0.9990881278011785
T3_10_0.7,VWMA_10,0.9990879643205232
FWMA_10,HLC3,0.9990868413881434
FWMA_10,VWAP_D,0.9990868413881434
MIDPRICE_2,PIVOTS_TRAD_D_R2,0.9990864071968699
MAMA_0.5_0.05,ABER_XG_5_15,0.999086282541532
AGt_13_8_5,ALPHATl_14_1_50_2,0.9990829455398694
EMA_10,SSF3_20,0.9990770428636193
EMA_10,PWMA_10,0.9990762608744299
RMA_10,SINWMA_14,0.9990734333414321
Close,TEMA_10,0.9990733921281755
DEMA_10,PIVOTS_TRAD_D_R1,0.999070336552735
EMA_10,KAMA_10_2_30,0.9990645966259311
FWMA_10,WCP,0.9990616916091571
AGj_13_8_5,AGt_13_8_5,0.9990601917353542
FAMA_0.5_0.05,ALPHATl_14_1_50_2,0.9990580978061644
FWMA_10,PIVOTS_TRAD_D_S1,0.9990482882997034
MAMA_0.5_0.05,PIVOTS_TRAD_D_R2,0.9990454323279444
ALPHATl_14_1_50_2,VWMA_10,0.9990426734736456
PIVOTS_TRAD_D_P,BBM_5_2.0_2.0,0.9990409312690979
MIDPRICE_2,PIVOTS_TRAD_D_S2,0.9990389622202005
SSF3_20,ALPHATl_14_1_50_2,0.9990384350873206
AGt_13_8_5,KAMA_10_2_30,0.999036893185697
SMMA_7,ALPHAT_14_1_50,0.9990359056558993
ALMA_9_6.0_0.85,PIVOTS_TRAD_D_P,0.9990292940096549
PIVOTS_TRAD_D_R1,BBM_5_2.0_2.0,0.9990268033464949
KAMA_10_2_30,FAMA_0.5_0.05,0.9990253432858379
PWMA_10,T3_10_0.7,0.9990211920130381
Open,FWMA_10,0.9990188162210347
TEMA_10,ABER_ZG_5_15,0.999017729556179
PIVOTS_TRAD_D_R2,ZL_EMA_10,0.9990154916201263
EMA_10,ALPHATl_14_1_50_2,0.9990139323201213
AGl_13_8_5,PWMA_10,0.999013102047309
HMA_10,ABER_XG_5_15,0.9990119228823967
ALMA_9_6.0_0.85,PIVOTS_TRAD_D_R1,0.9990075461416271
SINWMA_14,ALPHATl_14_1_50_2,0.9989924680416019
ZL_EMA_10,ABER_SG_5_15,0.9989923204298049
KAMA_10_2_30,ALPHATl_14_1_50_2,0.9989897632194921
PIVOTS_TRAD_D_P,ABER_ZG_5_15,0.9989881514011986
ITS_9,AGt_13_8_5,0.9989857263492263
MCGD_10,SSF_20,0.9989810513047683
ALMA_9_6.0_0.85,TEMA_10,0.9989795682332533
AGt_13_8_5,SSF3_20,0.9989791814127292
LINREG_14,MAMA_0.5_0.05,0.9989783321893652
MAMA_0.5_0.05,WMA_10,0.9989728723897551
PIVOTS_TRAD_D_R1,ABER_ZG_5_15,0.9989719292924527
Low,ZL_EMA_10,0.9989716384118223
MIDPRICE_2,BBM_5_2.0_2.0,0.998968751068392
Close,ZL_EMA_10,0.9989684528960403
PIVOTS_TRAD_D_S2,ZL_EMA_10,0.9989676164579223
AGj_13_8_5,KCUe_20_2,0.9989635084867776
MIDPOINT_2,PIVOTS_TRAD_D_R2,0.9989629897342505
MCGD_10,ACCBM_20,0.998959831519453
JMA_7_0.0,PIVOTS_TRAD_D_R2,0.9989586639086283
SMA_10,ALPHAT_14_1_50,0.9989579017608743
DEMA_10,PIVOTS_TRAD_D_S1,0.9989573904742793
KAMA_10_2_30,SMA_10,0.9989562789007106
AGl_13_8_5,KAMA_10_2_30,0.9989562154735075
ACCBL_20,KCLe_20_2,0.9989542940968905
SINWMA_14,KCBe_20_2,0.9989541867097302
JMA_7_0.0,OHLC4,0.9989512282199249
SINWMA_14,VWMA_10,0.9989509025274135
PIVOTS_TRAD_D_R2,ABER_SG_5_15,0.998950661791748
SSF_20,WMA_10,0.9989436464872453
PWMA_10,SMMA_7,0.9989404391404761
OBV_max_2,OBVe_12,0.9989350435088541
HMA_10,PIVOTS_TRAD_D_S2,0.9989302614165894
AGl_13_8_5,SSF3_20,0.9989291367494869
EMA_10,FWMA_10,0.99892849834747
SSF_20,KCBe_20_2,0.9989241165052881
HL2,JMA_7_0.0,0.9989220517930155
Close,FWMA_10,0.998918173529004
AGl_13_8_5,ABER_XG_5_15,0.998910846687838
EMA_10,RMA_10,0.9988945325116568
MIDPRICE_2,ABER_ZG_5_15,0.9988938931407091
MIDPOINT_2,PIVOTS_TRAD_D_S2,0.9988920356461816
Open,JMA_7_0.0,0.9988897028002105
JMA_7_0.0,VWAP_D,0.9988879640303733
HLC3,JMA_7_0.0,0.9988879640303733
ALPHAT_14_1_50,ABER_ZG_5_15,0.9988878271123078
FWMA_10,FAMA_0.5_0.05,0.9988875102090781
DCM_20_20,KCBe_20_2,0.9988847376760224
MCGD_10,SINWMA_14,0.9988844392416063
High,JMA_7_0.0,0.9988829846672166
ALPHAT_14_1_50,ALPHATl_14_1_50_2,0.9988799975956218
KAMA_10_2_30,ALPHAT_14_1_50,0.9988773166719762
ITS_9,T3_10_0.7,0.9988772687571306
PIVOTS_TRAD_D_R2,BBM_5_2.0_2.0,0.9988710956235437
SMMA_7,T3_10_0.7,0.9988693802553168
PWMA_10,ALPHATl_14_1_50_2,0.9988683618515286
PWMA_10,SINWMA_14,0.9988675694384097
T3_10_0.7,ALPHATl_14_1_50_2,0.9988674080051823
AGt_13_8_5,KCLe_20_2,0.9988661236409413
ALMA_9_6.0_0.85,PIVOTS_TRAD_D_R2,0.9988655418589697
KAMA_10_2_30,VWMA_10,0.998865503058517
KAMA_10_2_30,SSF_20,0.9988630162773734
AGl_13_8_5,ALPHATl_14_1_50_2,0.998854419272637
JMA_7_0.0,WCP,0.9988538539044711
PIVOTS_TRAD_D_S2,TEMA_10,0.9988527748205321
EMA_10,MCGD_10,0.9988484974544914
RMA_10,DCM_20_20,0.9988462266723735
PIVOTS_TRAD_D_R2,ABER_ZG_5_15,0.9988446533753206
MIDPOINT_2,BBM_5_2.0_2.0,0.9988438177337966
JMA_7_0.0,WMA_10,0.9988419735066217
PIVOTS_TRAD_D_R1,ABER_SG_5_15,0.9988369372962571
QTL_30_0.5,HT_TL,0.9988344213996078
MEDIAN_30,HT_TL,0.9988344213996078
TEMA_10,ABER_XG_5_15,0.9988306735757554
ITS_9,ALPHATl_14_1_50_2,0.9988296825158254
AGj_13_8_5,HT_TL,0.998826132984219
ALPHAT_14_1_50,BBM_5_2.0_2.0,0.9988231272135233
AGt_13_8_5,ACCBM_20,0.998817948389036
FAMA_0.5_0.05,T3_10_0.7,0.9988110852995054
SMMA_7,KCLe_20_2,0.9988102241901344
ALMA_9_6.0_0.85,MIDPRICE_2,0.9988100453348081
PIVOTS_TRAD_D_R1,PIVOTS_TRAD_D_R4,0.9988098382414109
PIVOTS_TRAD_D_R1,PIVOTS_TRAD_D_R3,0.9988098382414109
ITS_9,KAMA_10_2_30,0.9988070940011915
CHDLREXTl_22_22_14_2.0,DCU_20_20,0.9988060911588913
FAMA_0.5_0.05,ABER_XG_5_15,0.9988056925465809
PIVOTS_TRAD_D_S2,PIVOTS_TRAD_D_R1,0.9988042406061318
ALMA_9_6.0_0.85,ALPHAT_14_1_50,0.9987901956258971
PIVOTS_TRAD_D_S1,PIVOTS_TRAD_D_S3,0.9987822932295537
PIVOTS_TRAD_D_S1,PIVOTS_TRAD_D_S4,0.9987822932295537
PIVOTS_TRAD_D_S1,PIVOTS_TRAD_D_R2,0.9987811600335402
JMA_7_0.0,PIVOTS_TRAD_D_S2,0.998780200529659
ABER_SG_5_15,ABER_XG_5_15,0.9987769381723062
HMA_10,ABER_SG_5_15,0.998774379757637
ITS_9,SINWMA_14,0.9987723976413029
OBV_min_2,OBVe_12,0.9987711369914544
FAMA_0.5_0.05,SINWMA_14,0.9987708079899271
Low,FWMA_10,0.9987707272380464
AGt_13_8_5,WMA_10,0.9987702844516403
EMA_10,SINWMA_14,0.9987697568837486
AGj_13_8_5,DCM_20_20,0.9987600320588969
DEMA_10,PIVOTS_TRAD_D_R2,0.9987582806631291
ABER_ZG_5_15,VWMA_10,0.9987582779712568
FWMA_10,ALPHAT_14_1_50,0.9987555616727403
HMA_10,PIVOTS_TRAD_D_R2,0.9987544836399591
HT_TL,ACCBM_20,0.9987540231548397
DEMA_10,OHLC4,0.998753956443623
PIVOTS_TRAD_D_P,ABER_XG_5_15,0.9987525393724495
HILO_13_21,DCM_20_20,0.9987513227273718
SSF3_20,WMA_10,0.9987448559402606
KAMA_10_2_30,SWMA_10,0.998735905109505
MCGD_10,DCM_20_20,0.9987338580341378
AGt_13_8_5,T3_10_0.7,0.9987317573642627
ALPHAT_14_1_50,ABER_SG_5_15,0.9987295364081187
ALMA_9_6.0_0.85,VWMA_10,0.9987237379288816
MIDPOINT_2,ABER_ZG_5_15,0.9987235847416657
KAMA_10_2_30,TRIMA_10,0.9987217137697668
ACCBL_20,ACCBM_20,0.9987216802503133
DEMA_10,HL2,0.9987212516753972
JMA_7_0.0,LDECAY_1,0.9987195168534935
AGl_13_8_5,MAMA_0.5_0.05,0.9987187915920204
LINREG_14,ABER_SG_5_15,0.998712883531807
High,DEMA_10,0.9987114614629096
IKS_26,DCM_20_20,0.9987021221911297
DEMA_10,LDECAY_1,0.9987021050082082
AGl_13_8_5,DEMA_10,0.9986996640107197
EMA_10,T3_10_0.7,0.9986971021698526
HILO_13_21,ACCBL_20,0.9986967847440611
DEMA_10,VWAP_D,0.9986946125170226
DEMA_10,HLC3,0.9986946125170226
AGt_13_8_5,ALPHAT_14_1_50,0.9986945203583935
Low,JMA_7_0.0,0.998689689693618
EMA_10,KCBe_20_2,0.9986871582258385
Close,JMA_7_0.0,0.9986835002283895
BBM_5_2.0_2.0,VWMA_10,0.9986834357907083
Open,DEMA_10,0.9986807046912506
ACCBM_20,ACCBU_20,0.998674148541226
LINREG_14,WMA_10,0.9986691986743044
AGt_13_8_5,PWMA_10,0.9986661966820003
Open,PIVOTS_TRAD_D_P,0.9986650938930836
DEMA_10,WCP,0.9986642270656299
PIVOTS_TRAD_D_S1,BBM_5_2.0_2.0,0.9986604234287454
MAMA_0.5_0.05,PIVOTS_TRAD_D_S2,0.9986553970396972
SWMA_10,ALPHAT_14_1_50,0.9986552949580968
PIVOTS_TRAD_D_R2,TEMA_10,0.9986546340214553
RMA_10,KCLe_20_2,0.9986522453951866
RMA_10,SMA_10,0.9986481362691021
ALMA_9_6.0_0.85,MIDPOINT_2,0.9986480281135152
HMA_10,OHLC4,0.9986472788225109
ITS_9,ABER_ZG_5_15,0.9986445931847048
Open,HMA_10,0.9986445400251993
EMA_10,ABER_XG_5_15,0.9986416937104589
AGj_13_8_5,ACCBU_20,0.998640878565271
WMA_10,ZL_EMA_10,0.9986360581278396
ALMA_9_6.0_0.85,PIVOTS_TRAD_D_S1,0.9986349981324909
KCBe_20_2,KCUe_20_2,0.998633043636722
MIDPRICE_2,ABER_XG_5_15,0.9986266519009591
FAMA_0.5_0.05,RMA_10,0.9986264825579887
HL2,HMA_10,0.9986166685618684
SINWMA_14,ACCBM_20,0.9986144208231105
PIVOTS_TRAD_D_P,ABER_SG_5_15,0.998613709365323
KAMA_10_2_30,WMA_10,0.9986117045055112
RMA_10,ALPHATl_14_1_50_2,0.9986024035137147
VIDYA_14,ATRTSe_14_20_3.0,0.9986009523280973
MCGD_10,SMA_10,0.9985982488457309
Open,PIVOTS_TRAD_D_R1,0.9985976260035836
TEMA_10,ABER_SG_5_15,0.9985953558494457
LINREG_14,PIVOTS_TRAD_D_P,0.9985912878656422
KAMA_10_2_30,RMA_10,0.9985907260384603
PIVOTS_TRAD_D_S1,ABER_XG_5_15,0.9985904133167102
SSF_20,ALPHAT_14_1_50,0.9985888236822181
HILO_13_21,KCBe_20_2,0.9985880981206533
FAMA_0.5_0.05,MCGD_10,0.9985868115977776
LINREG_14,MIDPRICE_2,0.9985831648091594
MCGD_10,ALPHATl_14_1_50_2,0.9985808389578824
ITS_9,ALMA_9_6.0_0.85,0.9985797535383099
PIVOTS_TRAD_D_S1,ABER_ZG_5_15,0.9985790112082804
AGl_13_8_5,RMA_10,0.9985779563131466
SMA_10,ABER_ZG_5_15,0.9985730552719169
OBV,OBVe_12,0.9985668895165587
HMA_10,VWAP_D,0.9985644699037434
HLC3,HMA_10,0.9985644699037434
AGl_13_8_5,MCGD_10,0.9985637985636584
ITS_9,BBM_5_2.0_2.0,0.9985637668191536
AGj_13_8_5,SMMA_7,0.9985622355879465
SSF_20,KCLe_20_2,0.9985616358240741
Open,PIVOTS_TRAD_D_S1,0.9985575986248497
ABER_SG_5_15,VWMA_10,0.9985572805017559
RMA_10,TRIMA_10,0.9985538605748894
MIDPRICE_2,ABER_SG_5_15,0.9985507191599402
DEMA_10,PIVOTS_TRAD_D_S2,0.9985482682024799
High,PIVOTS_TRAD_D_R1,0.9985482160051401
KCLe_20_2,KCBe_20_2,0.9985461917082317
ALMA_9_6.0_0.85,SMA_10,0.9985426035401326
HILO_13_21,MCGD_10,0.9985385525666811
FWMA_10,PIVOTS_TRAD_D_S2,0.9985354712775828
HWMA_0.2_0.1_0.1,HWU_1,0.9985321810177457
HWM_1,HWU_1,0.9985321810177457
HILO_13_21,RMA_10,0.9985293044472573
OHLC4,PIVOTS_TRAD_D_P,0.9985247377577354
HMA_10,WCP,0.9985213169945082
High,HMA_10,0.9985190621375031
AGj_13_8_5,HILO_13_21,0.998516752788957
WMA_10,ALPHATl_14_1_50_2,0.9985114594998686
RMA_10,KCUe_20_2,0.9985112034633425
HL2,PIVOTS_TRAD_D_P,0.9985075216066843
Close,DEMA_10,0.9985050473527283
AGl_13_8_5,T3_10_0.7,0.9985008854367701
SWMA_10,ABER_ZG_5_15,0.9984999667928561
HMA_10,LDECAY_1,0.9984972839967304
LINREG_14,MIDPOINT_2,0.9984971198224346
PIVOTS_TRAD_D_R1,ABER_XG_5_15,0.9984936670614386
SMA_10,BBM_5_2.0_2.0,0.9984809192643407
MCGD_10,TRIMA_10,0.9984797809767437
High,PIVOTS_TRAD_D_P,0.9984781903151373
AGl_13_8_5,SINWMA_14,0.9984781811624125
KAMA_10_2_30,SSF3_20,0.9984765682154302
SMMA_7,ABER_SG_5_15,0.998473992637083
ALMA_9_6.0_0.85,SWMA_10,0.9984732951365245
HWM_1,HWL_1,0.9984726020215713
HWMA_0.2_0.1_0.1,HWL_1,0.9984726020215713
KAMA_10_2_30,MCGD_10,0.9984714628420165
DEMA_10,FAMA_0.5_0.05,0.9984707838452002
PIVOTS_TRAD_D_R1,WMA_10,0.9984659297006576
OHLC4,PIVOTS_TRAD_D_R1,0.9984655852132905
SMA_10,ABER_SG_5_15,0.9984625329166386
TRIMA_10,ALPHAT_14_1_50,0.9984605760465606
Low,DEMA_10,0.9984594778823465
PIVOTS_TRAD_D_R2,WMA_10,0.9984545512520712
IKS_26,AGj_13_8_5,0.998453918525155
HL2,PIVOTS_TRAD_D_R1,0.9984464156539652
Low,HMA_10,0.9984433075096618
KAMA_10_2_30,KCBe_20_2,0.9984421268226504
MIDPOINT_2,ABER_XG_5_15,0.9984408939014299
EMA_10,KCLe_20_2,0.998439574749489
ABER_SG_5_15,BBU_5_2.0_2.0,0.9984388450764511
AGj_13_8_5,VIDYA_14,0.9984375497915722
AGl_13_8_5,JMA_7_0.0,0.9984374354618111
ALPHATl_14_1_50_2,KCBe_20_2,0.9984370221200792
AGj_13_8_5,ATRTSe_14_20_3.0,0.99843544218745
ALPHAT_14_1_50,ABER_XG_5_15,0.9984332277213241
ITS_9,ABER_SG_5_15,0.9984302702376329
SMA_10,KCBe_20_2,0.9984288337598537
LINREG_14,PIVOTS_TRAD_D_R1,0.9984211876763436
AGt_13_8_5,DCM_20_20,0.9984079435042331
LINREG_14,PIVOTS_TRAD_D_S1,0.998407137472103
OHLC4,PIVOTS_TRAD_D_S1,0.9984043101803525
FAMA_0.5_0.05,KCBe_20_2,0.9983970727768932
EMA_10,MAMA_0.5_0.05,0.9983962996231299
MIDPOINT_2,ABER_SG_5_15,0.9983957594498877
HLC3,PIVOTS_TRAD_D_P,0.9983943024586339
PIVOTS_TRAD_D_P,VWAP_D,0.9983943024586337
HL2,PIVOTS_TRAD_D_S1,0.9983920680212354
SMMA_7,ABER_ZG_5_15,0.9983913342363036
KAMA_10_2_30,SINWMA_14,0.9983886874171817
MCGD_10,ACCBL_20,0.99838545669253
SWMA_10,BBM_5_2.0_2.0,0.9983833785333509
IKS_26,HT_TL,0.9983664972753934
ALMA_9_6.0_0.85,SMMA_7,0.9983583988757649
KAMA_10_2_30,PWMA_10,0.9983576715071908
PIVOTS_TRAD_D_P,WMA_10,0.9983568444306326
SWMA_10,ABER_SG_5_15,0.998352218853063
TRIMA_10,KCBe_20_2,0.9983504016258653
ABER_XG_5_15,VWMA_10,0.998347037650341
AGl_13_8_5,KCBe_20_2,0.9983469266523235
PIVOTS_TRAD_D_R1,LDECAY_1,0.9983441908912581
SINWMA_14,KCLe_20_2,0.9983410345788115
DEMA_10,EMA_10,0.9983389058599239
HLC3,PIVOTS_TRAD_D_R1,0.9983379230719177
PIVOTS_TRAD_D_R1,VWAP_D,0.9983379230719177
PIVOTS_TRAD_D_S2,ABER_XG_5_15,0.9983319704744417
MAMA_0.5_0.05,ALPHAT_14_1_50,0.9983286394051435
RMA_10,SSF3_20,0.9983251094845669
HT_TL,ACCBU_20,0.9983249498515857
RMA_10,SWMA_10,0.9983239000473605
Close,HMA_10,0.9983238892079541
ITS_9,FWMA_10,0.9983208456934466
PIVOTS_TRAD_D_P,WCP,0.9983206662473787
SMMA_7,BBM_5_2.0_2.0,0.998319189100728
SMMA_7,ACCBM_20,0.9983185591223513
FWMA_10,VWMA_10,0.998316281103575
ABER_XG_5_15,BBL_5_2.0_2.0,0.998310166693648
ACCBL_20,DCM_20_20,0.9983081933954898
Low,PIVOTS_TRAD_D_S1,0.9983078138071698
MAMA_0.5_0.05,FAMA_0.5_0.05,0.9983068587943393
AGl_13_8_5,PIVOTS_TRAD_D_R2,0.9983049716260896
PIVOTS_TRAD_D_P,LDECAY_1,0.9983047367871536
HILO_13_21,HT_TL,0.998296209509742
SMA_10,KCLe_20_2,0.9982892694732832
MCGD_10,SWMA_10,0.9982888119801079
FAMA_0.5_0.05,KCLe_20_2,0.9982864262250521
High,PIVOTS_TRAD_D_R2,0.9982851451278585
High,BBM_5_2.0_2.0,0.9982809048536989
HLC3,PIVOTS_TRAD_D_S1,0.9982695797798063
PIVOTS_TRAD_D_S1,VWAP_D,0.9982695797798062
PIVOTS_TRAD_D_R1,WCP,0.9982666492460889
MIDPRICE_2,WMA_10,0.998265534814009
Low,PIVOTS_TRAD_D_P,0.9982654734336118
PIVOTS_TRAD_D_R3,ABER_SG_5_15,0.9982618617466741
PIVOTS_TRAD_D_R4,ABER_SG_5_15,0.9982618617466741
DEMA_10,ALPHAT_14_1_50,0.9982535694767041
MCGD_10,SSF3_20,0.9982488430844552
ITS_9,ABER_XG_5_15,0.9982469269827225
DCU_20_20,KCUe_20_2,0.9982441436087026
RMA_10,VWMA_10,0.9982430819502045
PWMA_10,ABER_ZG_5_15,0.9982403162600614
AGl_13_8_5,PIVOTS_TRAD_D_R1,0.9982359128640229
LDECAY_1,BBM_5_2.0_2.0,0.9982305886180068
MCGD_10,VWMA_10,0.9982211792006276
AGl_13_8_5,KCLe_20_2,0.9982183747879857
SSF3_20,ALPHAT_14_1_50,0.9982151801340209
AGl_13_8_5,ZL_EMA_10,0.9982100934340913
PWMA_10,ALPHAT_14_1_50,0.9982061788682933
High,PIVOTS_TRAD_D_S1,0.9982059881809218
ALMA_9_6.0_0.85,PWMA_10,0.9982008997851352
Open,BBM_5_2.0_2.0,0.998196320641755
ACCBU_20,KCBe_20_2,0.9981961684782756
PIVOTS_TRAD_D_S1,WCP,0.9981913148051446
High,ABER_ZG_5_15,0.998188773393038
HT_TL,KCBe_20_2,0.9981883478589353
OHLC4,BBM_5_2.0_2.0,0.9981845658901851
ITS_9,MCGD_10,0.9981796644532892
Open,PIVOTS_TRAD_D_R2,0.9981715014137341
TRIMA_10,KCLe_20_2,0.9981686160921136
JMA_7_0.0,ALPHAT_14_1_50,0.998166210761538
PIVOTS_TRAD_D_S2,BBM_5_2.0_2.0,0.9981546697517283
T3_10_0.7,WMA_10,0.9981533852748007
HL2,BBM_5_2.0_2.0,0.9981498995573437
HMA_10,WMA_10,0.9981497097378593
TEMA_10,WMA_10,0.9981447328391021
ITS_9,RMA_10,0.9981416148322504
ALMA_9_6.0_0.85,PIVOTS_TRAD_D_S2,0.9981368962972683
AGj_13_8_5,SINWMA_14,0.9981282060974872
ACCBM_20,KCUe_20_2,0.9981280652917708
High,ABER_SG_5_15,0.9981251138547412
MIDPOINT_2,WMA_10,0.9981241479127602
SSF_20,ACCBM_20,0.9981230536350333
ALPHATl_14_1_50_2,KCLe_20_2,0.9981224075128562
PIVOTS_TRAD_D_R2,ABER_XG_5_15,0.9981222381597503
Open,ABER_ZG_5_15,0.9981198083889471
SSF3_20,KCBe_20_2,0.9981169089027105
Open,PIVOTS_TRAD_D_S2,0.9981064476549141
MEDIAN_30,ACCBU_20,0.9981063673536931
QTL_30_0.5,ACCBU_20,0.9981063673536931
CKSPl_10_3_20,CHDLREXTl_22_22_14_2.0,0.9981045508374045
PWMA_10,BBM_5_2.0_2.0,0.9981017261068101
BBM_5_2.0_2.0,VWAP_D,0.9980969708246149
HLC3,BBM_5_2.0_2.0,0.9980969708246147
SWMA_10,KCBe_20_2,0.9980946097687791
LDECAY_1,ABER_ZG_5_15,0.9980914892985449
JMA_7_0.0,FAMA_0.5_0.05,0.9980853626087148
KCLe_20_2,VWMA_10,0.9980840532723679
EMA_10,JMA_7_0.0,0.9980820725816805
RMA_10,T3_10_0.7,0.9980794017958623
PIVOTS_TRAD_D_S2,ABER_ZG_5_15,0.998075326645746
Low,PIVOTS_TRAD_D_R1,0.9980724041640572
LINREG_14,PIVOTS_TRAD_D_R2,0.9980714289709236
OHLC4,ABER_ZG_5_15,0.998070778880858
SMA_10,ABER_XG_5_15,0.9980702409369909
PWMA_10,ABER_SG_5_15,0.9980650881730304
PIVOTS_TRAD_D_S1,LDECAY_1,0.9980640404741148
LINREG_14,PIVOTS_TRAD_D_S2,0.9980592669455364
ACCBU_20,DCU_20_20,0.9980541856549479
WCP,BBM_5_2.0_2.0,0.9980534611592454
OHLC4,PIVOTS_TRAD_D_R2,0.9980523374529854
PIVOTS_TRAD_D_R2,LDECAY_1,0.9980500545452267
HT_TL,DCM_20_20,0.9980466773711366
EMA_10,PIVOTS_TRAD_D_R2,0.9980463874476905
AGl_13_8_5,PIVOTS_TRAD_D_P,0.9980413988056951
CHDLREXTs_22_22_14_2.0,DCL_20_20,0.998039489399938
HL2,ABER_ZG_5_15,0.9980390285634634
SWMA_10,KCLe_20_2,0.9980382888973173
RMA_10,ACCBU_20,0.9980362478952214
SWMA_10,ABER_XG_5_15,0.9980349221019301
ITS_9,KCLe_20_2,0.9980347731645155
DEMA_10,VWMA_10,0.99803314306262
FWMA_10,SMA_10,0.9980329784291682
Close,PIVOTS_TRAD_D_P,0.9980319086109762
HL2,PIVOTS_TRAD_D_R2,0.9980282495960069
FWMA_10,SMMA_7,0.9980237934123803
MCGD_10,T3_10_0.7,0.9980178711339314
KAMA_10_2_30,T3_10_0.7,0.9980099534777928
SINWMA_14,ACCBL_20,0.9980019773825334
KCBe_20_2,VWMA_10,0.9979975927226552
KAMA_10_2_30,KCLe_20_2,0.9979951005850034
High,ALMA_9_6.0_0.85,0.9979935110199742
AGl_13_8_5,MIDPRICE_2,0.9979911082461242
ITS_9,DEMA_10,0.997989201733642
RMA_10,ACCBL_20,0.9979882607446657
IKS_26,KCBe_20_2,0.9979851251445958
Close,PIVOTS_TRAD_D_R1,0.9979849742077792
Low,PIVOTS_TRAD_D_S2,0.9979838026335707
RMA_10,HT_TL,0.9979803429672233
SMMA_7,DCM_20_20,0.9979786759820726
AGj_13_8_5,CHDLREXTl_22_22_14_2.0,0.9979776587925571
ATRTSe_14_20_3.0,KCBe_20_2,0.9979718603244481
HLC3,ABER_ZG_5_15,0.9979707844968062
ABER_ZG_5_15,VWAP_D,0.9979707844968062
AGt_13_8_5,ABER_SG_5_15,0.9979698166262515
FAMA_0.5_0.05,PIVOTS_TRAD_D_R2,0.9979663175509231
TRIMA_10,ABER_ZG_5_15,0.9979628901719063
AGt_13_8_5,HILO_13_21,0.9979621493879942
PIVOTS_TRAD_D_S1,ABER_SG_5_15,0.9979610713579637
SSF3_20,KCLe_20_2,0.9979604195309244
ACCBL_20,KCBe_20_2,0.997952128352467
Open,ALMA_9_6.0_0.85,0.9979506314586059
OHLC4,PIVOTS_TRAD_D_S2,0.9979448214603847
PIVOTS_TRAD_D_P,PIVOTS_TRAD_D_R4,0.9979423330643621
PIVOTS_TRAD_D_P,PIVOTS_TRAD_D_R3,0.9979423330643621
AGj_13_8_5,MEDIAN_30,0.9979416962685269
AGj_13_8_5,QTL_30_0.5,0.9979416962685269
LDECAY_1,ABER_SG_5_15,0.9979384001735526
HL2,PIVOTS_TRAD_D_S2,0.9979345686938484
ALMA_9_6.0_0.85,TRIMA_10,0.9979329574106297
PIVOTS_TRAD_D_R2,VWAP_D,0.9979289966839404
HLC3,PIVOTS_TRAD_D_R2,0.9979289966839402
EMA_10,PIVOTS_TRAD_D_R1,0.9979272999673182
ALMA_9_6.0_0.85,LDECAY_1,0.9979245474721351
IKS_26,ACCBM_20,0.9979221783555855
WCP,ABER_ZG_5_15,0.997919625354132
HILO_13_21,SINWMA_14,0.9979141331478703
MCGD_10,ALPHAT_14_1_50,0.9979109082118328
CHDLREXTl_22_22_14_2.0,KCUe_20_2,0.9979013168709012
ITS_9,KCBe_20_2,0.9978989172118184
SINWMA_14,WMA_10,0.997895805418747
PIVOTS_TRAD_D_S2,PIVOTS_TRAD_D_R2,0.9978938972877921
AGj_13_8_5,SSF_20,0.997891844433951
Close,PIVOTS_TRAD_D_S1,0.997888695854439
DEMA_10,BBL_5_2.0_2.0,0.9978821895040884
ALMA_9_6.0_0.85,OHLC4,0.9978817593967655
LINREG_14,OHLC4,0.9978764873536712
Open,LINREG_14,0.9978684614147237
TRIMA_10,ABER_SG_5_15,0.997862477379971
PIVOTS_TRAD_D_R2,WCP,0.9978623460461049
T3_10_0.7,KCBe_20_2,0.997862054887864
PWMA_10,RMA_10,0.997861090587441
FWMA_10,PIVOTS_TRAD_D_R4,0.9978609678451711
FWMA_10,PIVOTS_TRAD_D_R3,0.9978609678451711
AGl_13_8_5,MIDPOINT_2,0.997860911242261
FAMA_0.5_0.05,PIVOTS_TRAD_D_R1,0.9978578261741687
DCM_20_20,KCLe_20_2,0.9978576099514751
Close,BBM_5_2.0_2.0,0.9978549962664977
ACCBM_20,KCLe_20_2,0.9978542433067937
PIVOTS_TRAD_D_P,PIVOTS_TRAD_D_S3,0.9978531285599415
PIVOTS_TRAD_D_P,PIVOTS_TRAD_D_S4,0.9978531285599415
T3_10_0.7,ALPHAT_14_1_50,0.9978524357613293
T3_10_0.7,KCLe_20_2,0.997849863684602
PIVOTS_TRAD_D_R2,ALPHAT_14_1_50,0.9978497907271258
ALMA_9_6.0_0.85,HL2,0.9978460957274932
ACCBU_20,CHDLREXTl_22_22_14_2.0,0.997841540746389
HL2,LINREG_14,0.9978392205426793
Open,ABER_XG_5_15,0.9978373275764257
MCGD_10,PWMA_10,0.9978370841812763
TRIMA_10,BBM_5_2.0_2.0,0.9978325128631577
PIVOTS_TRAD_D_S1,WMA_10,0.9978308186194184
RMA_10,ALPHAT_14_1_50,0.9978286943212171
RMA_10,ATRTSe_14_20_3.0,0.9978268912062086
KAMA_10_2_30,ABER_SG_5_15,0.9978224146729773
IKS_26,RMA_10,0.9978194695817693
AGt_13_8_5,ACCBL_20,0.9978185251028909
EMA_10,ZL_EMA_10,0.9978177319894906
MEDIAN_30,ACCBM_20,0.9978171558993862
QTL_30_0.5,ACCBM_20,0.9978171558993862
HLC3,PIVOTS_TRAD_D_S2,0.9978073539232485
PIVOTS_TRAD_D_S2,VWAP_D,0.9978073539232484
PWMA_10,ABER_XG_5_15,0.9978032799908249
FAMA_0.5_0.05,ZL_EMA_10,0.9978016068729952
ZL_EMA_10,ALPHAT_14_1_50,0.9977989780344457
AGl_13_8_5,LINREG_14,0.9977967552465644
KAMA_10_2_30,ABER_ZG_5_15,0.9977966245178221
SSF_20,ABER_ZG_5_15,0.9977964200329243
HLC3,LINREG_14,0.9977955031558888
LINREG_14,VWAP_D,0.9977955031558887
LINREG_14,LDECAY_1,0.9977937622783692
Open,ABER_SG_5_15,0.9977921426733815
PIVOTS_TRAD_D_R1,ALPHAT_14_1_50,0.997790239376955
AGj_13_8_5,KCLe_20_2,0.9977902146953627
High,LINREG_14,0.997789677079915
AGt_13_8_5,ABER_ZG_5_15,0.9977883132034381
AGl_13_8_5,BBU_5_2.0_2.0,0.9977847843438072
AGt_13_8_5,KCUe_20_2,0.997783887612595
ALMA_9_6.0_0.85,VWAP_D,0.9977751752242588
ALMA_9_6.0_0.85,HLC3,0.9977751752242588
ALMA_9_6.0_0.85,SSF_20,0.9977743134333565
WMA_10,BBU_5_2.0_2.0,0.9977715986347583
OHLC4,ABER_SG_5_15,0.9977669176166755
SSF_20,ABER_SG_5_15,0.9977657676789383
OHLC4,ABER_XG_5_15,0.9977642046735211
MCGD_10,WMA_10,0.9977592889994598
VIDYA_14,KCUe_20_2,0.9977588820936742
LINREG_14,WCP,0.9977566006902426
AGt_13_8_5,ALMA_9_6.0_0.85,0.9977541525917791
HT_TL,KCUe_20_2,0.9977541353060807
SINWMA_14,ALPHAT_14_1_50,0.9977523887899328
IKS_26,HILO_13_21,0.9977509032096298
ALMA_9_6.0_0.85,KAMA_10_2_30,0.9977495224038658
Low,BBM_5_2.0_2.0,0.9977465748398426
MIDPRICE_2,ALPHAT_14_1_50,0.9977444313896533
HILO_13_21,KCLe_20_2,0.997737877482069
ABER_ZG_5_15,BBU_5_2.0_2.0,0.9977360800019012
HL2,ABER_SG_5_15,0.9977342926890163
HL2,ABER_XG_5_15,0.9977333602402926
ALMA_9_6.0_0.85,BBU_5_2.0_2.0,0.9977269877270758
PIVOTS_TRAD_D_S2,WCP,0.9977267354490292
ALMA_9_6.0_0.85,WCP,0.9977226822620902
JMA_7_0.0,BBL_5_2.0_2.0,0.9977215366845076
KAMA_10_2_30,BBM_5_2.0_2.0,0.9977210977725579
FAMA_0.5_0.05,BBU_5_2.0_2.0,0.9977118824765925
BBM_5_2.0_2.0,BBU_5_2.0_2.0,0.997711690906176
EMA_10,BBU_5_2.0_2.0,0.9977075732312897
FWMA_10,SWMA_10,0.997705926812283
AGt_13_8_5,BBM_5_2.0_2.0,0.9977032415364461
RMA_10,WMA_10,0.9977020577879603
ITS_9,MAMA_0.5_0.05,0.9976995197823751
Close,ABER_ZG_5_15,0.9976982478517296
MAMA_0.5_0.05,PIVOTS_TRAD_D_R4,0.9976956529782527
MAMA_0.5_0.05,PIVOTS_TRAD_D_R3,0.9976956529782527
EMA_10,PIVOTS_TRAD_D_P,0.9976935444523588
SMMA_7,ABER_XG_5_15,0.9976928611820234
ALMA_9_6.0_0.85,PIVOTS_TRAD_D_R4,0.9976824165169443
ALMA_9_6.0_0.85,PIVOTS_TRAD_D_R3,0.9976824165169443
PIVOTS_TRAD_D_R4,BBM_5_2.0_2.0,0.9976819575572745
PIVOTS_TRAD_D_R3,BBM_5_2.0_2.0,0.9976819575572745
PIVOTS_TRAD_D_R4,ABER_ZG_5_15,0.9976815489896305
PIVOTS_TRAD_D_R3,ABER_ZG_5_15,0.9976815489896305
DEMA_10,SMA_10,0.9976801850377913
High,WMA_10,0.9976793770845399
SSF_20,BBM_5_2.0_2.0,0.99767571302619
HLC3,ABER_SG_5_15,0.9976748732667009
ABER_SG_5_15,VWAP_D,0.9976748732667009
IKS_26,MCGD_10,0.9976702883983497
LINREG_14,FAMA_0.5_0.05,0.9976655515059561
FAMA_0.5_0.05,PIVOTS_TRAD_D_P,0.9976562446274917
HLC3,ABER_XG_5_15,0.997656215240708
ABER_XG_5_15,VWAP_D,0.997656215240708
CHDLREXTl_22_22_14_2.0,KCBe_20_2,0.997645595059629
MAMA_0.5_0.05,VWMA_10,0.9976445634556036
BBL_5_2.0_2.0,BBM_5_2.0_2.0,0.9976397524706018
High,ABER_XG_5_15,0.9976387045830959
LDECAY_1,ABER_XG_5_15,0.997632108896955
PIVOTS_TRAD_D_P,ALPHAT_14_1_50,0.9976317015306401
PWMA_10,KCLe_20_2,0.9976297321402792
WCP,ABER_SG_5_15,0.9976281280302505
PWMA_10,KCBe_20_2,0.9976239676350362
SSF_20,ACCBL_20,0.9976222096853559
Low,LINREG_14,0.9976176970550643
Low,ABER_ZG_5_15,0.9976168732404472
EMA_10,MIDPRICE_2,0.9976162949624807
High,PIVOTS_TRAD_D_S2,0.9976159823158265
ALPHATl_14_1_50_2,ABER_ZG_5_15,0.997613265289249
ZL_EMA_10,BBL_5_2.0_2.0,0.9976040274593339
AGl_13_8_5,HMA_10,0.9976020845374525
WMA_10,LDECAY_1,0.9976017111251414
LINREG_14,BBL_5_2.0_2.0,0.9976015740204227
WCP,ABER_XG_5_15,0.9976006145159768
ALPHAT_14_1_50,KCLe_20_2,0.9976004714654466
Close,PIVOTS_TRAD_D_R2,0.9975945520214997
ACCBM_20,CHDLREXTl_22_22_14_2.0,0.9975912396142225
WMA_10,KCLe_20_2,0.9975889694686326
ALMA_9_6.0_0.85,ALPHATl_14_1_50_2,0.9975870794887589
ALPHAT_14_1_50,KCBe_20_2,0.9975855724176124
ABER_ZG_5_15,BBL_5_2.0_2.0,0.9975843840273068
T3_10_0.7,ACCBM_20,0.9975773112266308
Close,LINREG_14,0.9975719615723869
ALMA_9_6.0_0.85,BBL_5_2.0_2.0,0.9975687668590094
MIDPRICE_2,PIVOTS_TRAD_D_R4,0.9975682325766536
MIDPRICE_2,PIVOTS_TRAD_D_R3,0.9975682325766536
ALPHATl_14_1_50_2,ABER_SG_5_15,0.997567397839085
VIDYA_14,KCBe_20_2,0.9975609508870713
MIDPOINT_2,ALPHAT_14_1_50,0.9975602071666626
SINWMA_14,DCM_20_20,0.997558834328804
Low,ABER_XG_5_15,0.9975572695702346
AGj_13_8_5,KAMA_10_2_30,0.9975471091764572
IKS_26,CKSPs_10_3_20,0.9975459278402525
AGl_13_8_5,PIVOTS_TRAD_D_R4,0.9975443743963526
AGl_13_8_5,PIVOTS_TRAD_D_R3,0.9975443743963526
FWMA_10,BBL_5_2.0_2.0,0.9975374489049259
PIVOTS_TRAD_D_R3,WMA_10,0.997530019463783
PIVOTS_TRAD_D_R4,WMA_10,0.997530019463783
ALPHATl_14_1_50_2,ACCBM_20,0.9975277245286167
IKS_26,ATRTSe_14_20_3.0,0.9975272956135975
AGl_13_8_5,TEMA_10,0.9975270849370729
HMA_10,BBL_5_2.0_2.0,0.9975243747743321
AGj_13_8_5,EMA_10,0.997523479328642
High,AGl_13_8_5,0.9975225326169985
RMA_10,CHDLREXTl_22_22_14_2.0,0.9975150829952437
TEMA_10,BBL_5_2.0_2.0,0.997512670335029
T3_10_0.7,ACCBL_20,0.9975079012493365
ACCBU_20,DCM_20_20,0.9975056313445468
JMA_7_0.0,PIVOTS_TRAD_D_R3,0.9975050623901295
JMA_7_0.0,PIVOTS_TRAD_D_R4,0.9975050623901295
PIVOTS_TRAD_D_S2,LDECAY_1,0.9975050083222415
DEMA_10,SWMA_10,0.9975030929778655
Low,PIVOTS_TRAD_D_R2,0.99749825334213
PIVOTS_TRAD_D_R3,ZL_EMA_10,0.9974976377873326
PIVOTS_TRAD_D_R4,ZL_EMA_10,0.9974976377873326
Close,ALMA_9_6.0_0.85,0.9974973213909533
SMMA_7,ACCBL_20,0.9974905148468353
SSF3_20,ABER_ZG_5_15,0.9974855234830373
EMA_10,MIDPOINT_2,0.9974748300527437
ATRTSe_14_20_3.0,KCUe_20_2,0.9974690611532584
Open,WMA_10,0.9974663683591353
FAMA_0.5_0.05,MIDPRICE_2,0.9974662422885932
ALPHATl_14_1_50_2,BBM_5_2.0_2.0,0.997465801368827
ITS_9,JMA_7_0.0,0.9974633888411355
HILOl_13_21,QTL_30_0.5,0.9974601606211442
HILOl_13_21,MEDIAN_30,0.9974601606211442
CHDLREXTl_22_22_14_2.0,DCM_20_20,0.9974571617416801
MIDPOINT_2,PIVOTS_TRAD_D_R4,0.9974565567569221
MIDPOINT_2,PIVOTS_TRAD_D_R3,0.9974565567569221
ALMA_9_6.0_0.85,SSF3_20,0.9974563990813198
JMA_7_0.0,VWMA_10,0.9974531334637737
OHLC4,WMA_10,0.9974524242178787
TRIMA_10,ABER_XG_5_15,0.9974502064181134
PIVOTS_TRAD_D_R2,BBU_5_2.0_2.0,0.9974473255089373
ALPHATl_14_1_50_2,DCM_20_20,0.9974439332325499
AGj_13_8_5,ACCBL_20,0.997438895570724
PIVOTS_TRAD_D_R3,BBU_5_2.0_2.0,0.9974371110049972
PIVOTS_TRAD_D_R4,BBU_5_2.0_2.0,0.9974371110049972
AGl_13_8_5,PIVOTS_TRAD_D_S1,0.9974341884855277
AGj_13_8_5,ALPHATl_14_1_50_2,0.9974335372385672
HILO_13_21,SMMA_7,0.9974291009914276
Low,ALMA_9_6.0_0.85,0.9974263374843299
AGl_13_8_5,LDECAY_1,0.997425546500697
CKSPl_10_3_20,DCU_20_20,0.9974251618167471
HT_TL,CHDLREXTl_22_22_14_2.0,0.9974249176278641
Close,ABER_SG_5_15,0.9974199967308329
HL2,WMA_10,0.9974171145892172
Close,PIVOTS_TRAD_D_S2,0.997417095905739
WMA_10,KCBe_20_2,0.9974149210683967
HMA_10,PIVOTS_TRAD_D_S3,0.997411378881262
HMA_10,PIVOTS_TRAD_D_S4,0.997411378881262
MIDPRICE_2,PIVOTS_TRAD_D_S3,0.9974066768451698
MIDPRICE_2,PIVOTS_TRAD_D_S4,0.9974066768451698
FWMA_10,KAMA_10_2_30,0.9974060076195914
High,ALPHAT_14_1_50,0.9974027977628132
MAMA_0.5_0.05,BBL_5_2.0_2.0,0.9973879873815069
MAMA_0.5_0.05,SMMA_7,0.9973787508259039
AGt_13_8_5,FWMA_10,0.9973776833724975
SSF3_20,ABER_SG_5_15,0.9973765859316954
EMA_10,PIVOTS_TRAD_D_R4,0.9973742029813645
EMA_10,PIVOTS_TRAD_D_R3,0.9973742029813645
MCGD_10,HT_TL,0.9973704124458745
EMA_10,LINREG_14,0.9973690610716566
Close,ABER_XG_5_15,0.9973659495288402
FWMA_10,BBU_5_2.0_2.0,0.9973645517470626
WMA_10,VWAP_D,0.9973641616775434
HLC3,WMA_10,0.9973641616775434
MCGD_10,ATRTSe_14_20_3.0,0.997361871415632
SSF_20,DCM_20_20,0.9973617756544556
HILO_13_21,SSF_20,0.9973602572008359
PIVOTS_TRAD_D_S2,BBL_5_2.0_2.0,0.997357248888694
SSF3_20,BBM_5_2.0_2.0,0.9973515288371756
PIVOTS_TRAD_D_S4,TEMA_10,0.997345360474832
PIVOTS_TRAD_D_S3,TEMA_10,0.997345360474832
PIVOTS_TRAD_D_S3,ZL_EMA_10,0.9973352277249224
PIVOTS_TRAD_D_S4,ZL_EMA_10,0.9973352277249224
RMA_10,VIDYA_14,0.9973338547459156
SMMA_7,BBU_5_2.0_2.0,0.9973207175836778
WCP,WMA_10,0.9973206524622974
DEMA_10,PIVOTS_TRAD_D_R4,0.9973204899842028
DEMA_10,PIVOTS_TRAD_D_R3,0.9973204899842028
HILO_13_21,ACCBU_20,0.9973166188291905
IKS_26,MEDIAN_30,0.9972990946894195
IKS_26,QTL_30_0.5,0.9972990946894195
CHDLREXTs_22_22_14_2.0,DCM_20_20,0.9972955635682834
FAMA_0.5_0.05,MIDPOINT_2,0.9972928460158327
MCGD_10,KCUe_20_2,0.9972922194225313
MAMA_0.5_0.05,SMA_10,0.9972839375600855
PIVOTS_TRAD_D_S1,BBL_5_2.0_2.0,0.9972601542305624
FAMA_0.5_0.05,PIVOTS_TRAD_D_R3,0.9972519823729501
FAMA_0.5_0.05,PIVOTS_TRAD_D_R4,0.9972519823729501
MIDPOINT_2,PIVOTS_TRAD_D_S3,0.9972480619903533
MIDPOINT_2,PIVOTS_TRAD_D_S4,0.9972480619903533
SMMA_7,KCUe_20_2,0.9972454545692299
ATRTSe_14_20_3.0,DCM_20_20,0.9972381483468971
LINREG_14,VWMA_10,0.9972370096106458
LINREG_14,ALPHAT_14_1_50,0.9972315186780707
FWMA_10,PWMA_10,0.9972240948648824
AGl_13_8_5,OHLC4,0.9972207017950792
HMA_10,FAMA_0.5_0.05,0.9972174756679005
PIVOTS_TRAD_D_S2,ABER_SG_5_15,0.9972156953912132
TRIMA_10,ACCBM_20,0.9972156536072476
Open,AGl_13_8_5,0.9972144479498914
SSF_20,ABER_XG_5_15,0.9972131431036526
PIVOTS_TRAD_D_R2,SMMA_7,0.9972043885001284
PIVOTS_TRAD_D_S2,WMA_10,0.9972009052291088
AGj_13_8_5,SMA_10,0.9971948486851901
HILOl_13_21,HT_TL,0.9971896493340904
AGl_13_8_5,HL2,0.9971874486371922
MEDIAN_30,KCUe_20_2,0.9971832990513433
QTL_30_0.5,KCUe_20_2,0.9971832990513433
ITS_9,PIVOTS_TRAD_D_R2,0.99717789471779
EMA_10,ACCBM_20,0.9971773382804378
AGj_13_8_5,TRIMA_10,0.9971760764100049
EMA_10,HMA_10,0.997165835673083
High,EMA_10,0.997163972964582
FWMA_10,TRIMA_10,0.9971601142101604
IKS_26,CHDLREXTl_22_22_14_2.0,0.9971568760508153
KAMA_10_2_30,ABER_XG_5_15,0.9971561482656045
ACCBM_20,ATRTSe_14_20_3.0,0.997155992528646
DEMA_10,SMMA_7,0.9971556762678511
SSF3_20,ACCBM_20,0.9971552533412588
PIVOTS_TRAD_D_R2,VWMA_10,0.9971510321769291
Open,ALPHAT_14_1_50,0.9971497648290103
VIDYA_14,ACCBU_20,0.9971476146112414
DEMA_10,PWMA_10,0.9971465900480361
ITS_9,LINREG_14,0.9971459133241604
HMA_10,ALPHAT_14_1_50,0.997141017946306
AGl_13_8_5,HLC3,0.9971391826401188
AGl_13_8_5,VWAP_D,0.9971391826401188
TEMA_10,ALPHAT_14_1_50,0.9971371309271431
AGj_13_8_5,FAMA_0.5_0.05,0.9971346563074986
HMA_10,PIVOTS_TRAD_D_R3,0.9971271404474551
HMA_10,PIVOTS_TRAD_D_R4,0.9971271404474551
Close,WMA_10,0.9971222389109363
OHLC4,ALPHAT_14_1_50,0.9971168237749459
SMA_10,ACCBM_20,0.997108128091703
DCM_20_20,KCUe_20_2,0.9971071299217863
AGl_13_8_5,WCP,0.9970980188830469
HL2,ALPHAT_14_1_50,0.9970949785555977
MIDPRICE_2,BBL_5_2.0_2.0,0.9970944653740675
ITS_9,PIVOTS_TRAD_D_R1,0.9970879708244487
AGt_13_8_5,ACCBU_20,0.9970840235239123
AGj_13_8_5,AGl_13_8_5,0.9970833822233245
FAMA_0.5_0.05,TEMA_10,0.9970829737627134
JMA_7_0.0,PIVOTS_TRAD_D_S4,0.9970818737221955
JMA_7_0.0,PIVOTS_TRAD_D_S3,0.9970818737221955
FWMA_10,SSF_20,0.9970812097226479
SMA_10,BBU_5_2.0_2.0,0.9970775946975472
ALPHAT_14_1_50,LDECAY_1,0.9970761159153727
High,PIVOTS_TRAD_D_R3,0.9970736883765152
High,PIVOTS_TRAD_D_R4,0.9970736883765152
ATRTSe_14_20_3.0,CHDLREXTl_22_22_14_2.0,0.9970722086667231
Low,ABER_SG_5_15,0.9970695843824243
KAMA_10_2_30,ACCBM_20,0.9970589858463202
EMA_10,TEMA_10,0.9970570211178261
EMA_10,LDECAY_1,0.9970555789093098
ALPHATl_14_1_50_2,ACCBL_20,0.9970508958662677
KAMA_10_2_30,DCM_20_20,0.9970490773883447
ITS_9,ZL_EMA_10,0.9970459656544124
PIVOTS_TRAD_D_R1,VWMA_10,0.9970455819125879
ALPHATl_14_1_50_2,ABER_XG_5_15,0.997045520202842
PIVOTS_TRAD_D_R3,ALPHAT_14_1_50,0.9970447469194774
PIVOTS_TRAD_D_R4,ALPHAT_14_1_50,0.9970447469194774
ZL_EMA_10,VWMA_10,0.9970365890577083
EMA_10,PIVOTS_TRAD_D_S1,0.9970359631797893
PIVOTS_TRAD_D_S1,ALPHAT_14_1_50,0.9970344037450443
AGt_13_8_5,ATRTSe_14_20_3.0,0.9970297071715761
ALPHAT_14_1_50,VWAP_D,0.997022265250575
HLC3,ALPHAT_14_1_50,0.997022265250575
PIVOTS_TRAD_D_P,BBL_5_2.0_2.0,0.9970181986350127
PIVOTS_TRAD_D_R3,TEMA_10,0.9970164567958345
PIVOTS_TRAD_D_R4,TEMA_10,0.9970164567958345
IKS_26,ACCBU_20,0.9970130252373083
FAMA_0.5_0.05,PIVOTS_TRAD_D_S1,0.99700946200268
PIVOTS_TRAD_D_R1,BBU_5_2.0_2.0,0.9969972049283766
EMA_10,DCM_20_20,0.9969970535904081
JMA_7_0.0,SMA_10,0.9969932085004848
AGt_13_8_5,ABER_XG_5_15,0.9969900412546091
ALPHAT_14_1_50,BBU_5_2.0_2.0,0.9969880939457515
SSF3_20,ABER_XG_5_15,0.996981772687758
AGt_13_8_5,BBU_5_2.0_2.0,0.9969747745136109
SWMA_10,BBU_5_2.0_2.0,0.9969733594137596
WCP,ALPHAT_14_1_50,0.996968889467385
JMA_7_0.0,SMMA_7,0.9969683741088121
WMA_10,BBL_5_2.0_2.0,0.9969675715547502
MIDPOINT_2,BBL_5_2.0_2.0,0.9969567509885744
PIVOTS_TRAD_D_R2,SMA_10,0.9969543804977968
PIVOTS_TRAD_D_R1,SMMA_7,0.9969538732230392
LINREG_14,SWMA_10,0.9969462216403651
MAMA_0.5_0.05,BBU_5_2.0_2.0,0.9969407248883816
HILO_13_21,QTL_30_0.5,0.9969273675630802
HILO_13_21,MEDIAN_30,0.9969273675630802
ITS_9,PIVOTS_TRAD_D_P,0.9969148421454596
AGj_13_8_5,SSF3_20,0.9969135752806673
VIDYA_14,HT_TL,0.9969094180535659
Close,AGl_13_8_5,0.996906648710201
ITS_9,MIDPRICE_2,0.9969064298584143
BBU_5_2.0_2.0,VWMA_10,0.9968902829733052
High,FAMA_0.5_0.05,0.9968901118266151
RMA_10,ABER_SG_5_15,0.9968835301444
Low,WMA_10,0.9968818828663837
DEMA_10,BBU_5_2.0_2.0,0.996879575218596
MEDIAN_30,KCBe_20_2,0.9968782775035182
QTL_30_0.5,KCBe_20_2,0.9968782775035182
HT_TL,ATRTSe_14_20_3.0,0.9968766580616486
LINREG_14,SMA_10,0.9968677555838821
PIVOTS_TRAD_D_P,VWMA_10,0.9968624593921893
MAMA_0.5_0.05,SWMA_10,0.9968596265107823
IKS_26,AGt_13_8_5,0.9968575549880977
MCGD_10,ACCBU_20,0.9968573852151682
DEMA_10,TRIMA_10,0.9968568496275976
MAMA_0.5_0.05,PIVOTS_TRAD_D_S4,0.9968499530721425
MAMA_0.5_0.05,PIVOTS_TRAD_D_S3,0.9968499530721425
ABER_XG_5_15,KCLe_20_2,0.9968378622080213
DEMA_10,PIVOTS_TRAD_D_S3,0.99683431174658
DEMA_10,PIVOTS_TRAD_D_S4,0.99683431174658
PIVOTS_TRAD_D_S3,ABER_XG_5_15,0.9968312742004769
PIVOTS_TRAD_D_S4,ABER_XG_5_15,0.9968312742004769
IKS_26,VIDYA_14,0.9968293701532165
IKS_26,KCUe_20_2,0.996825459010815
SSF3_20,ACCBL_20,0.9968230881700231
HILO_13_21,T3_10_0.7,0.996820545340527
Open,EMA_10,0.9968202359454876
EMA_10,OHLC4,0.9968169610229746
AGj_13_8_5,SWMA_10,0.996815907920168
TRIMA_10,ACCBL_20,0.9968154024437507
ACCBU_20,ATRTSe_14_20_3.0,0.996814335987044
HILO_13_21,ALPHATl_14_1_50_2,0.9968109675993474
VIDYA_14,ACCBM_20,0.9968058309108403
AGt_13_8_5,HT_TL,0.9968051790759406
LINREG_14,PWMA_10,0.996803558969052
FAMA_0.5_0.05,LDECAY_1,0.9967957189468408
FAMA_0.5_0.05,ACCBM_20,0.9967956915771171
FWMA_10,ALPHATl_14_1_50_2,0.9967871241466243
EMA_10,HL2,0.9967835890041455
PIVOTS_TRAD_D_R4,LDECAY_1,0.9967779757192183
PIVOTS_TRAD_D_R3,LDECAY_1,0.9967779757192183
SINWMA_14,KCUe_20_2,0.9967749578694037
KAMA_10_2_30,MAMA_0.5_0.05,0.9967722013855027
PIVOTS_TRAD_D_R4,SMMA_7,0.9967696130814427
PIVOTS_TRAD_D_R3,SMMA_7,0.9967696130814427
T3_10_0.7,ABER_ZG_5_15,0.9967583344554927
PIVOTS_TRAD_D_R1,SMA_10,0.9967526951052559
VIDYA_14,CHDLREXTl_22_22_14_2.0,0.9967510010473383
MIDPRICE_2,VWMA_10,0.9967442278689442
HT_TL,ACCBL_20,0.996742660669083
Close,ALPHAT_14_1_50,0.9967409346378198
QTL_30_0.5,DCM_20_20,0.9967348185503739
MEDIAN_30,DCM_20_20,0.9967348185503739
EMA_10,VWAP_D,0.9967323035651497
EMA_10,HLC3,0.9967323035651497
ALMA_9_6.0_0.85,T3_10_0.7,0.9967269347555333
IKS_26,CHDLREXTs_22_22_14_2.0,0.9967247366638456
JMA_7_0.0,SWMA_10,0.9967227103670084
AGl_13_8_5,PIVOTS_TRAD_D_S2,0.9967181547879971
AGt_13_8_5,CHDLREXTl_22_22_14_2.0,0.9967173260318682
PIVOTS_TRAD_D_S1,PIVOTS_TRAD_D_R3,0.996715080375442
PIVOTS_TRAD_D_S1,PIVOTS_TRAD_D_R4,0.996715080375442
MEDIAN_30,CHDLREXTl_22_22_14_2.0,0.996714862572806
QTL_30_0.5,CHDLREXTl_22_22_14_2.0,0.996714862572806
JMA_7_0.0,BBU_5_2.0_2.0,0.9967095153197117
ZL_EMA_10,BBU_5_2.0_2.0,0.9966962250499946
SWMA_10,ACCBM_20,0.996692567985685
FWMA_10,SSF3_20,0.9966911218624132
ITS_9,MIDPOINT_2,0.996690773350616
EMA_10,WCP,0.9966896382334396
ITS_9,BBU_5_2.0_2.0,0.9966888307121454
PWMA_10,BBU_5_2.0_2.0,0.996687585292356
SMA_10,ACCBL_20,0.9966820326747631
AGt_13_8_5,MAMA_0.5_0.05,0.9966794232600759
MCGD_10,VIDYA_14,0.9966733678668399
AGl_13_8_5,ACCBM_20,0.9966711446047464
PIVOTS_TRAD_D_S4,PIVOTS_TRAD_D_R1,0.9966698046599493
PIVOTS_TRAD_D_S3,PIVOTS_TRAD_D_R1,0.9966698046599493
Open,PIVOTS_TRAD_D_R4,0.9966633904888722
Open,PIVOTS_TRAD_D_R3,0.9966633904888722
DEMA_10,KAMA_10_2_30,0.9966558836536045
VIDYA_14,QTL_30_0.5,0.9966543747142227
VIDYA_14,MEDIAN_30,0.9966543747142227
AGj_13_8_5,VWMA_10,0.9966517706376721
MCGD_10,ABER_ZG_5_15,0.9966410927551143
HILO_13_21,KCUe_20_2,0.9966397689051223
FWMA_10,PIVOTS_TRAD_D_S4,0.996633166214627
FWMA_10,PIVOTS_TRAD_D_S3,0.996633166214627
SSF_20,BBU_5_2.0_2.0,0.9966327416764363
PIVOTS_TRAD_D_S3,BBL_5_2.0_2.0,0.9966237459518652
PIVOTS_TRAD_D_S4,BBL_5_2.0_2.0,0.9966237459518652
Low,PIVOTS_TRAD_D_S4,0.9966235726610492
Low,PIVOTS_TRAD_D_S3,0.9966235726610492
T3_10_0.7,BBM_5_2.0_2.0,0.9966186632174127
MCGD_10,ABER_SG_5_15,0.9966172689731507
SMMA_7,ZL_EMA_10,0.9966142917555313
PIVOTS_TRAD_D_P,SMMA_7,0.9966119870021487
AGt_13_8_5,PIVOTS_TRAD_D_R2,0.9966100710127737
SMA_10,ZL_EMA_10,0.9966059061959125
ABER_SG_5_15,KCBe_20_2,0.996602252142168
Open,FAMA_0.5_0.05,0.9966003398081166
TRIMA_10,BBU_5_2.0_2.0,0.9965992407413999
ALMA_9_6.0_0.85,MCGD_10,0.9965982024038363
CKSPs_10_3_20,CHDLREXTs_22_22_14_2.0,0.9965922380448012
EMA_10,ACCBL_20,0.9965802227127956
Low,AGl_13_8_5,0.996578986809556
AGj_13_8_5,T3_10_0.7,0.9965785116555127
RMA_10,MEDIAN_30,0.996575614962896
RMA_10,QTL_30_0.5,0.996575614962896
ITS_9,AGj_13_8_5,0.9965715515422828
T3_10_0.7,ABER_SG_5_15,0.9965678956113253
OHLC4,PIVOTS_TRAD_D_R4,0.9965652742416327
OHLC4,PIVOTS_TRAD_D_R3,0.9965652742416327
AGl_13_8_5,DCM_20_20,0.9965652388089105
Low,BBL_5_2.0_2.0,0.9965610445367862
MEDIAN_30,CKSPl_10_3_20,0.9965548882942042
QTL_30_0.5,CKSPl_10_3_20,0.9965548882942042
ABER_ZG_5_15,KCLe_20_2,0.9965544760056292
FAMA_0.5_0.05,OHLC4,0.9965519814233519
PIVOTS_TRAD_D_R2,SWMA_10,0.9965514109647974
MIDPOINT_2,VWMA_10,0.9965471843916075
SMA_10,DCM_20_20,0.9965394110834097
LINREG_14,PIVOTS_TRAD_D_R4,0.9965374840477819
LINREG_14,PIVOTS_TRAD_D_R3,0.9965374840477819
T3_10_0.7,DCM_20_20,0.9965356086225774
DEMA_10,SSF_20,0.9965350818893896
HL2,PIVOTS_TRAD_D_R3,0.9965344256658768
HL2,PIVOTS_TRAD_D_R4,0.9965344256658768
FAMA_0.5_0.05,DCM_20_20,0.9965329175374967
MCGD_10,BBM_5_2.0_2.0,0.9965328078948039
ALMA_9_6.0_0.85,KCLe_20_2,0.9965305488971662
HILO_13_21,TRIMA_10,0.9965225024856063
HILO_13_21,ATRTSe_14_20_3.0,0.9965215172929339
ACCBM_20,VWMA_10,0.9965175978807057
HL2,FAMA_0.5_0.05,0.9965159187988291
Low,ALPHAT_14_1_50,0.9965139830265165
RMA_10,ABER_ZG_5_15,0.9965041636168391
SSF_20,KCUe_20_2,0.9965018974093367
ALPHAT_14_1_50,DCM_20_20,0.9964966615147763
Close,EMA_10,0.9964937964361741
PIVOTS_TRAD_D_P,SMA_10,0.9964879412514366
HILO_13_21,CHDLREXTs_22_22_14_2.0,0.9964873050523868
PIVOTS_TRAD_D_R3,ABER_XG_5_15,0.9964791868643716
PIVOTS_TRAD_D_R4,ABER_XG_5_15,0.9964791868643716
SINWMA_14,ACCBU_20,0.9964785475660998
MIDPRICE_2,SMMA_7,0.9964781439179657
SMMA_7,ATRTSe_14_20_3.0,0.99647729372288
ALMA_9_6.0_0.85,RMA_10,0.9964671000075455
Open,PIVOTS_TRAD_D_S4,0.9964667315043958
Open,PIVOTS_TRAD_D_S3,0.9964667315043958
HLC3,FAMA_0.5_0.05,0.9964523377848765
FAMA_0.5_0.05,VWAP_D,0.9964523377848765
BBM_5_2.0_2.0,KCLe_20_2,0.9964520197327106
TRIMA_10,DCM_20_20,0.9964508299188954
PIVOTS_TRAD_D_R3,VWAP_D,0.9964490649745195
HLC3,PIVOTS_TRAD_D_R3,0.9964490649745195
HLC3,PIVOTS_TRAD_D_R4,0.9964490649745195
PIVOTS_TRAD_D_R4,VWAP_D,0.9964490649745195
JMA_7_0.0,KAMA_10_2_30,0.9964469336202595
LINREG_14,PIVOTS_TRAD_D_S3,0.9964464556301227
LINREG_14,PIVOTS_TRAD_D_S4,0.9964464556301227
AGj_13_8_5,DCU_20_20,0.9964328926234876
DEMA_10,SSF3_20,0.996426496184442
KAMA_10_2_30,BBU_5_2.0_2.0,0.996425905368751
HMA_10,BBU_5_2.0_2.0,0.9964249841867874
PIVOTS_TRAD_D_P,BBU_5_2.0_2.0,0.9964247082501743
ITS_9,PIVOTS_TRAD_D_R3,0.9964179363166524
ITS_9,PIVOTS_TRAD_D_R4,0.9964179363166524
PIVOTS_TRAD_D_R3,VWMA_10,0.9964163007510575
PIVOTS_TRAD_D_R4,VWMA_10,0.9964163007510575
ABER_XG_5_15,BBU_5_2.0_2.0,0.9964095903462105
HILO_13_21,SSF3_20,0.9964091366643931
PIVOTS_TRAD_D_R1,BBL_5_2.0_2.0,0.9964083734010083
SINWMA_14,ABER_SG_5_15,0.9964077360437111
High,ITS_9,0.9964064546295737
FAMA_0.5_0.05,WCP,0.9964035342954259
RMA_10,BBM_5_2.0_2.0,0.9964000872695787
PIVOTS_TRAD_D_R3,SMA_10,0.9963954814215952
PIVOTS_TRAD_D_R4,SMA_10,0.9963954814215952
CKSPl_10_3_20,HT_TL,0.9963932989946422
PIVOTS_TRAD_D_R3,WCP,0.996389380280385
PIVOTS_TRAD_D_R4,WCP,0.996389380280385
OHLC4,BBL_5_2.0_2.0,0.996383333895067
ITS_9,ACCBM_20,0.9963797406991484
SMMA_7,ACCBU_20,0.9963783886697467
KAMA_10_2_30,PIVOTS_TRAD_D_R2,0.9963731363861694
ITS_9,TEMA_10,0.9963721530066825
Open,BBL_5_2.0_2.0,0.9963670284833611
KAMA_10_2_30,ACCBL_20,0.9963640831423725
CKSPl_10_3_20,ACCBU_20,0.9963586998849986
IKS_26,ACCBL_20,0.9963553619559922
ALPHATl_14_1_50_2,BBU_5_2.0_2.0,0.9963550140770246
PIVOTS_TRAD_D_S2,ALPHAT_14_1_50,0.9963548611264953
HL2,BBL_5_2.0_2.0,0.9963489657038779
SINWMA_14,ABER_ZG_5_15,0.9963419180524262
SWMA_10,ACCBL_20,0.996340716109962
T3_10_0.7,ABER_XG_5_15,0.9963376253157776
TEMA_10,VWMA_10,0.9963339660875699
PIVOTS_TRAD_D_R1,SWMA_10,0.9963317883259559
AGt_13_8_5,DEMA_10,0.9963259605530773
AGl_13_8_5,BBL_5_2.0_2.0,0.9963253414798361
IKS_26,KCLe_20_2,0.9963233169787842
VIDYA_14,DCM_20_20,0.996322788686432
ITS_9,DCM_20_20,0.996319165996353
FAMA_0.5_0.05,ACCBL_20,0.9963142524515307
MIDPOINT_2,SMMA_7,0.9963132354372276
AGt_13_8_5,PIVOTS_TRAD_D_R4,0.996313172679623
AGt_13_8_5,PIVOTS_TRAD_D_R3,0.996313172679623
AGj_13_8_5,PWMA_10,0.996310243932408
ALMA_9_6.0_0.85,SINWMA_14,0.9963073870645263
HLC3,BBL_5_2.0_2.0,0.9963052311311762
BBL_5_2.0_2.0,VWAP_D,0.9963052311311762
MAMA_0.5_0.05,PWMA_10,0.9962953766233787
LINREG_14,BBU_5_2.0_2.0,0.9962952680257989
HILO_13_21,HILOs_13_21,0.9962940310316576
ITS_9,PIVOTS_TRAD_D_S1,0.9962872633484605
MIDPRICE_2,SMA_10,0.9962872089228239
FAMA_0.5_0.05,PIVOTS_TRAD_D_S2,0.9962864113430102
AGt_13_8_5,PIVOTS_TRAD_D_R1,0.9962847314975609
OHLC4,PIVOTS_TRAD_D_S3,0.9962838268807239
OHLC4,PIVOTS_TRAD_D_S4,0.9962838268807239
HILO_13_21,SMA_10,0.9962833341259217
HL2,PIVOTS_TRAD_D_S4,0.9962806083515572
HL2,PIVOTS_TRAD_D_S3,0.9962806083515572
EMA_10,PIVOTS_TRAD_D_S2,0.9962804444521169
JMA_7_0.0,PWMA_10,0.996278973490201
DCM_20_20,VWMA_10,0.996274728797921
HMA_10,VWMA_10,0.9962716624444147
AGj_13_8_5,ALPHAT_14_1_50,0.9962706484514647
DEMA_10,HWMA_0.2_0.1_0.1,0.9962676032927582
DEMA_10,HWM_1,0.9962676032927582
WCP,BBL_5_2.0_2.0,0.9962663455610342
ABER_SG_5_15,BBL_5_2.0_2.0,0.9962621184436833
SWMA_10,ZL_EMA_10,0.9962590835862806
MAMA_0.5_0.05,TRIMA_10,0.9962511744558041
CKSPl_10_3_20,KCUe_20_2,0.9962489847652387
KAMA_10_2_30,ATRTSe_14_20_3.0,0.9962282058261352
PIVOTS_TRAD_D_S1,VWMA_10,0.9962192245507204
ACCBL_20,VWMA_10,0.996217319762028
EMA_10,HILO_13_21,0.9962147922007336
AGt_13_8_5,JMA_7_0.0,0.9962111819285225
DEMA_10,ALPHATl_14_1_50_2,0.9962097816480229
ITS_9,HMA_10,0.9962078302556686
AGt_13_8_5,VIDYA_14,0.996207261776772
MIDPRICE_2,BBU_5_2.0_2.0,0.9962066911754692
ITS_9,LDECAY_1,0.9962039749008441
MAMA_0.5_0.05,SSF_20,0.9962004683537352
SINWMA_14,BBM_5_2.0_2.0,0.9961932578946747
KAMA_10_2_30,PIVOTS_TRAD_D_R1,0.9961917453024707
Close,FAMA_0.5_0.05,0.9961893189614335
High,VWMA_10,0.9961854469481326
PIVOTS_TRAD_D_S4,BBM_5_2.0_2.0,0.9961844729705159
PIVOTS_TRAD_D_S3,BBM_5_2.0_2.0,0.9961844729705159
FWMA_10,MCGD_10,0.9961786231319463
ABER_ZG_5_15,KCBe_20_2,0.9961740336045035
SSF3_20,DCM_20_20,0.9961708825438297
IKS_26,SMMA_7,0.9961690682351863
HILOs_13_21,CKSPs_10_3_20,0.9961653159146161
ALMA_9_6.0_0.85,PIVOTS_TRAD_D_S3,0.9961605297926487
ALMA_9_6.0_0.85,PIVOTS_TRAD_D_S4,0.9961605297926487
PWMA_10,ACCBM_20,0.9961588712668621
RMA_10,BBU_5_2.0_2.0,0.9961544098569308
EMA_10,KCUe_20_2,0.9961541823511344
LINREG_14,TRIMA_10,0.9961450732990637
Close,PIVOTS_TRAD_D_R4,0.9961425602665639
Close,PIVOTS_TRAD_D_R3,0.9961425602665639
AGl_13_8_5,ACCBL_20,0.9961400239671329
PIVOTS_TRAD_D_S3,VWAP_D,0.9961394149503744
PIVOTS_TRAD_D_S4,VWAP_D,0.9961394149503744
HLC3,PIVOTS_TRAD_D_S3,0.9961394149503744
HLC3,PIVOTS_TRAD_D_S4,0.9961394149503744
Open,ITS_9,0.9961384500430018
ALMA_9_6.0_0.85,KCBe_20_2,0.9961361606281207
Low,EMA_10,0.9961296439891055
MCGD_10,CHDLREXTl_22_22_14_2.0,0.9961275320392551
HILO_13_21,KAMA_10_2_30,0.9961265729973708
ITS_9,ACCBL_20,0.9961258440493117
FAMA_0.5_0.05,BBL_5_2.0_2.0,0.9961215839694391
SMMA_7,CHDLREXTl_22_22_14_2.0,0.996120630264889
SSF3_20,BBU_5_2.0_2.0,0.9961110487758773
TEMA_10,BBU_5_2.0_2.0,0.9961065455321125
HILOl_13_21,ACCBM_20,0.9961053951117359
KAMA_10_2_30,KCUe_20_2,0.9961032291001441
ITS_9,OHLC4,0.9961010726756799
MIDPOINT_2,BBU_5_2.0_2.0,0.9960949190694784
MIDPOINT_2,SMA_10,0.9960878823717467
High,SMMA_7,0.9960853424618467
PIVOTS_TRAD_D_P,SWMA_10,0.9960843761739486
Close,BBL_5_2.0_2.0,0.9960818587367061
QTL_30_0.5,ATRTSe_14_20_3.0,0.9960787996800882
MEDIAN_30,ATRTSe_14_20_3.0,0.9960787996800882
PIVOTS_TRAD_D_S3,ABER_ZG_5_15,0.9960784240749696
PIVOTS_TRAD_D_S4,ABER_ZG_5_15,0.9960784240749696
MCGD_10,CHDLREXTs_22_22_14_2.0,0.996078162024796
SWMA_10,DCM_20_20,0.9960774921730611
ITS_9,HL2,0.99607175560665
FWMA_10,KCLe_20_2,0.9960685671359184
BBM_5_2.0_2.0,KCBe_20_2,0.9960662115291247
LDECAY_1,VWMA_10,0.9960642752208257
ACCBL_20,CHDLREXTs_22_22_14_2.0,0.9960635216934346
PIVOTS_TRAD_D_R2,SSF_20,0.9960520778700915
PIVOTS_TRAD_D_S3,WCP,0.9960518411859945
PIVOTS_TRAD_D_S4,WCP,0.9960518411859945
MCGD_10,ABER_XG_5_15,0.9960516070390992
High,BBU_5_2.0_2.0,0.9960513803069677
LDECAY_1,BBU_5_2.0_2.0,0.9960433390711043
FWMA_10,RMA_10,0.9960389665720876
KAMA_10_2_30,ZL_EMA_10,0.9960300625567095
JMA_7_0.0,TRIMA_10,0.9960190737171764
HILO_13_21,CHDLREXTl_22_22_14_2.0,0.9960178226813826
LINREG_14,SMMA_7,0.9960107123565505
ALPHAT_14_1_50,BBL_5_2.0_2.0,0.9960080550932051
ITS_9,HLC3,0.996005122446317
ITS_9,VWAP_D,0.996005122446317
PIVOTS_TRAD_D_R2,TRIMA_10,0.996000887575027
HILOs_13_21,HT_TL,0.9959992734174693
PIVOTS_TRAD_D_R4,SWMA_10,0.9959935120220786
PIVOTS_TRAD_D_R3,SWMA_10,0.9959935120220786
AGj_13_8_5,CKSPl_10_3_20,0.9959867805761483
SMMA_7,HT_TL,0.9959731327038241
FWMA_10,T3_10_0.7,0.9959727401925248
HILO_13_21,SWMA_10,0.9959699144091184
ALPHATl_14_1_50_2,KCUe_20_2,0.9959697402568036
ITS_9,WCP,0.9959548017325759
PIVOTS_TRAD_D_R2,PWMA_10,0.9959526144936814
SINWMA_14,HT_TL,0.9959514480917517
SMMA_7,LDECAY_1,0.9959460273286658
EMA_10,BBL_5_2.0_2.0,0.9959323951488822
KAMA_10_2_30,PIVOTS_TRAD_D_P,0.9959315081315807
BBU_5_2.0_2.0,KCBe_20_2,0.9959304032336173
MAMA_0.5_0.05,ALPHATl_14_1_50_2,0.9959290581468733
HT_TL,DCU_20_20,0.9959225512491063
ALPHAT_14_1_50,ACCBM_20,0.9959212666736125
AGj_13_8_5,WMA_10,0.9959112178002532
ACCBM_20,DCU_20_20,0.9958945572894718
HILOl_13_21,ACCBU_20,0.9958911988977864
Open,VWMA_10,0.9958894619653788
AGt_13_8_5,PIVOTS_TRAD_D_P,0.9958786531873747
VIDYA_14,CKSPl_10_3_20,0.995877404634671
HILO_13_21,FAMA_0.5_0.05,0.9958751409130061
JMA_7_0.0,SSF_20,0.9958723267873439
High,BBL_5_2.0_2.0,0.9958690095815854
Low,FAMA_0.5_0.05,0.9958682775653535
PWMA_10,ACCBL_20,0.995863062976725
IKS_26,CKSPl_10_3_20,0.9958555773869434
OHLC4,VWMA_10,0.9958544954966337
HMA_10,SMMA_7,0.9958536757553063
KAMA_10_2_30,MIDPRICE_2,0.9958461604898371
DCU_20_20,KCBe_20_2,0.9958424370644857
SSF_20,ACCBU_20,0.9958382308823689
CKSPl_10_3_20,ATRTSe_14_20_3.0,0.9958373666583672
SMA_10,TEMA_10,0.9958293882282961
BBL_5_2.0_2.0,VWMA_10,0.9958264851175438
PIVOTS_TRAD_D_S1,SMMA_7,0.9958221542529353
HL2,VWMA_10,0.9958174726984884
VIDYA_14,DCU_20_20,0.9958152776092863
AGt_13_8_5,ZL_EMA_10,0.9958102223977416
JMA_7_0.0,ALPHATl_14_1_50_2,0.9958050105506123
HMA_10,SMA_10,0.9958033590735965
SMA_10,KCUe_20_2,0.9957918299805608
ITS_9,BBL_5_2.0_2.0,0.9957904340725834
KAMA_10_2_30,PIVOTS_TRAD_D_R3,0.9957903324871915
KAMA_10_2_30,PIVOTS_TRAD_D_R4,0.9957903324871915
HT_TL,KCLe_20_2,0.9957778288566387
LDECAY_1,BBL_5_2.0_2.0,0.9957759954452418
CKSPs_10_3_20,HT_TL,0.9957727177808725
High,SMA_10,0.9957598136149496
VWAP_D,VWMA_10,0.9957593685328806
HLC3,VWMA_10,0.9957593685328806
MIDPRICE_2,SWMA_10,0.9957567853916259
TRIMA_10,KCUe_20_2,0.9957545571761668
PIVOTS_TRAD_D_R2,ALPHATl_14_1_50_2,0.9957538039633553
MEDIAN_30,DCU_20_20,0.9957531956968585
QTL_30_0.5,DCU_20_20,0.9957531956968585
HILO_13_21,VIDYA_14,0.9957499948146096
PIVOTS_TRAD_D_S1,SMA_10,0.9957476363208086
MAMA_0.5_0.05,SSF3_20,0.9957438471082903
PWMA_10,ZL_EMA_10,0.9957386576461063
Close,ITS_9,0.9957360706326468
ACCBL_20,DCL_20_20,0.9957356322800589
PIVOTS_TRAD_D_R1,SSF_20,0.9957344924722856
FAMA_0.5_0.05,KCUe_20_2,0.9957321159324443
KAMA_10_2_30,LINREG_14,0.9957292249183389
HILOl_13_21,CHDLREXTl_22_22_14_2.0,0.9957252331977992
SUPERT_7_3.0,ATRTSe_14_20_3.0,0.9957245516069992
Close,PIVOTS_TRAD_D_S3,0.9957214743039982
Close,PIVOTS_TRAD_D_S4,0.9957214743039982
MCGD_10,MEDIAN_30,0.9957213147709241
MCGD_10,QTL_30_0.5,0.9957213147709241
Low,PIVOTS_TRAD_D_R3,0.9957206418768149
Low,PIVOTS_TRAD_D_R4,0.9957206418768149
AGt_13_8_5,MIDPRICE_2,0.9957198761158802
PIVOTS_TRAD_D_R1,TRIMA_10,0.9957176954996488
PIVOTS_TRAD_D_R1,PWMA_10,0.9957136101850409
WCP,VWMA_10,0.9957133131593711
AGl_13_8_5,KCUe_20_2,0.9956994716620893
FWMA_10,KCBe_20_2,0.9956994275187747
PIVOTS_TRAD_D_R4,SSF_20,0.995688000609396
PIVOTS_TRAD_D_R3,SSF_20,0.995688000609396
AGl_13_8_5,HILO_13_21,0.9956767989342614
IKS_26,HILOs_13_21,0.9956739634490158
KAMA_10_2_30,MIDPOINT_2,0.9956731453946067
High,PIVOTS_TRAD_D_S3,0.9956706264835284
High,PIVOTS_TRAD_D_S4,0.9956706264835284
ABER_SG_5_15,KCLe_20_2,0.9956693801478372
SINWMA_14,ABER_XG_5_15,0.9956617729953363
RMA_10,DCU_20_20,0.9956601281956384
LINREG_14,HWM_1,0.9956567720743603
HWMA_0.2_0.1_0.1,LINREG_14,0.9956567720743603
SMMA_7,TEMA_10,0.9956524634792099
DEMA_10,T3_10_0.7,0.9956486587952729
Open,SMMA_7,0.9956430761285257
SMA_10,LDECAY_1,0.9956388799890495
PIVOTS_TRAD_D_R2,BBL_5_2.0_2.0,0.9956381286828201
CHDLREXTs_22_22_14_2.0,KCLe_20_2,0.9956341690066345
ATRTSe_14_20_3.0,KCLe_20_2,0.9956326916461844
PIVOTS_TRAD_D_S4,LDECAY_1,0.9956227882239482
PIVOTS_TRAD_D_S3,LDECAY_1,0.9956227882239482
OHLC4,SMMA_7,0.9956199167648373
HMA_10,SWMA_10,0.9955957861940549
ITS_9,PIVOTS_TRAD_D_S2,0.9955933168789
HL2,SMMA_7,0.9955866129449231
FWMA_10,SINWMA_14,0.995576610500835
HILO_13_21,VWMA_10,0.9955717063636653
ATRTSe_14_20_3.0,DCU_20_20,0.9955713859919464
SINWMA_14,ATRTSe_14_20_3.0,0.9955673852136683
HILO_13_21,HILOl_13_21,0.9955652889001366
CKSPs_10_3_20,DCM_20_20,0.995562841128179
PIVOTS_TRAD_D_R4,TRIMA_10,0.9955619876150307
PIVOTS_TRAD_D_R3,TRIMA_10,0.9955619876150307
KAMA_10_2_30,CHDLREXTl_22_22_14_2.0,0.9955605775793102
ALPHATl_14_1_50_2,ATRTSe_14_20_3.0,0.995548366651435
AGt_13_8_5,MIDPOINT_2,0.9955448028173278
DCL_20_20,KCLe_20_2,0.9955426841510812
SWMA_10,TEMA_10,0.9955386672039804
SINWMA_14,CHDLREXTl_22_22_14_2.0,0.9955356716267554
HLC3,SMMA_7,0.9955287400809567
SMMA_7,VWAP_D,0.9955287400809567
ALPHAT_14_1_50,ACCBL_20,0.9955157607350532
PIVOTS_TRAD_D_S2,VWMA_10,0.9955151966111196
TRIMA_10,ZL_EMA_10,0.9955146069746719
MIDPOINT_2,SWMA_10,0.995513781378673
HILO_13_21,PWMA_10,0.9955106508600278
Close,VWMA_10,0.9955073796712364
RMA_10,ABER_XG_5_15,0.9955061665886726
PWMA_10,DCM_20_20,0.9955033937140504
SSF3_20,KCUe_20_2,0.9954971833416119
ACCBM_20,CHDLREXTs_22_22_14_2.0,0.995491929132875
PIVOTS_TRAD_D_R2,SSF3_20,0.9954893711674903
SINWMA_14,BBU_5_2.0_2.0,0.9954887222760715
SMMA_7,VIDYA_14,0.9954857957522061
ITS_9,HILO_13_21,0.9954855204289885
MCGD_10,BBU_5_2.0_2.0,0.9954840325528477
SMMA_7,WCP,0.9954828042106113
PIVOTS_TRAD_D_P,PWMA_10,0.9954761383453924
IKS_26,HILOl_13_21,0.9954742715502314
AGj_13_8_5,CKSPs_10_3_20,0.9954718842767025
Low,ITS_9,0.9954639846669421
HILOl_13_21,CKSPl_10_3_20,0.9954621374604792
LINREG_14,SSF3_20,0.9954473477292399
JMA_7_0.0,SSF3_20,0.9954454565445339
AGj_13_8_5,HILOl_13_21,0.9954376366436702
PIVOTS_TRAD_D_R1,ALPHATl_14_1_50_2,0.9954371176316502
HILO_13_21,SUPERT_7_3.0,0.9954344017501612
PIVOTS_TRAD_D_S1,BBU_5_2.0_2.0,0.9954330404699495
LINREG_14,SSF_20,0.9954323662049085
T3_10_0.7,BBU_5_2.0_2.0,0.9954202503514183
SSF_20,ATRTSe_14_20_3.0,0.9954164795831978
MAMA_0.5_0.05,MCGD_10,0.9954149002895982
PIVOTS_TRAD_D_P,TRIMA_10,0.995413909462115
High,KAMA_10_2_30,0.9954125559096586
EMA_10,ATRTSe_14_20_3.0,0.9954087629304126
PIVOTS_TRAD_D_R4,PWMA_10,0.9954046505850243
PIVOTS_TRAD_D_R3,PWMA_10,0.9954046505850243
ABER_XG_5_15,HWM_1,0.9954035437750245
HWMA_0.2_0.1_0.1,ABER_XG_5_15,0.9954035437750245
SSF_20,ZL_EMA_10,0.9953984372851707
Open,BBU_5_2.0_2.0,0.9953935201246207
Open,SMA_10,0.9953909588381301
IKS_26,SINWMA_14,0.9953906440940213
PIVOTS_TRAD_D_P,SSF_20,0.9953892717989289
PIVOTS_TRAD_D_R2,RMA_10,0.9953819937720628
SWMA_10,KCUe_20_2,0.9953778136712724
High,AGt_13_8_5,0.9953697436614342
WMA_10,ACCBM_20,0.9953571297308647
OHLC4,BBU_5_2.0_2.0,0.9953541898639146
SUPERT_7_3.0,ACCBM_20,0.9953458994163861
OHLC4,SMA_10,0.9953406071099166
IKS_26,KAMA_10_2_30,0.9953376669815694
PIVOTS_TRAD_D_R4,ALPHATl_14_1_50_2,0.9953331690448127
PIVOTS_TRAD_D_R3,ALPHATl_14_1_50_2,0.9953331690448127
PIVOTS_TRAD_D_S1,SWMA_10,0.9953262539295561
PIVOTS_TRAD_D_R3,RMA_10,0.9953219980407563
PIVOTS_TRAD_D_R4,RMA_10,0.9953219980407563
PIVOTS_TRAD_D_S2,PIVOTS_TRAD_D_R4,0.9953194150379876
PIVOTS_TRAD_D_S2,PIVOTS_TRAD_D_R3,0.9953194150379876
HL2,BBU_5_2.0_2.0,0.9953193898561477
MAMA_0.5_0.05,KCLe_20_2,0.9953178718888765
KAMA_10_2_30,VIDYA_14,0.9953170918959338
IKS_26,ALPHATl_14_1_50_2,0.9953074377109928
WMA_10,DCM_20_20,0.9953069306459015
HL2,SMA_10,0.995303216475654
DCM_20_20,DCU_20_20,0.9952995471723349
SUPERT_7_3.0,DCM_20_20,0.9952863333664486
ZL_EMA_10,ALPHATl_14_1_50_2,0.9952840338541042
ALPHATl_14_1_50_2,CHDLREXTl_22_22_14_2.0,0.9952797746470489
Close,SMMA_7,0.9952772445404201
KAMA_10_2_30,LDECAY_1,0.995270930760739
HMA_10,KAMA_10_2_30,0.995268825430792
ALPHATl_14_1_50_2,ACCBU_20,0.9952670612301537
MAMA_0.5_0.05,RMA_10,0.9952667261991358
BBU_5_2.0_2.0,VWAP_D,0.9952576521257922
HLC3,BBU_5_2.0_2.0,0.9952576521257922
ABER_ZG_5_15,HWM_1,0.9952498210015254
HWMA_0.2_0.1_0.1,ABER_ZG_5_15,0.9952498210015254
BBM_5_2.0_2.0,HWM_1,0.9952456544681563
HWMA_0.2_0.1_0.1,BBM_5_2.0_2.0,0.9952456544681563
SSF_20,HT_TL,0.9952436510890338
HLC3,SMA_10,0.9952404014369727
SMA_10,VWAP_D,0.9952404014369727
SSF_20,CHDLREXTl_22_22_14_2.0,0.9952323705514298
SMA_10,BBL_5_2.0_2.0,0.995229015925662
PIVOTS_TRAD_D_S3,PIVOTS_TRAD_D_R2,0.9952192184459219
PIVOTS_TRAD_D_S4,PIVOTS_TRAD_D_R2,0.9952192184459219
HILO_13_21,CKSPs_10_3_20,0.9952171507350239
MCGD_10,PIVOTS_TRAD_D_R2,0.9952156208617177
HWMA_0.2_0.1_0.1,WMA_10,0.9952121070275766
WMA_10,HWM_1,0.9952121070275766
KAMA_10_2_30,PIVOTS_TRAD_D_S1,0.9952119780454161
AGt_13_8_5,LDECAY_1,0.9952118258150257
AGj_13_8_5,SUPERT_7_3.0,0.995210094133868
WCP,BBU_5_2.0_2.0,0.9952097899797028
ALMA_9_6.0_0.85,HWM_1,0.9952035453984471
ALMA_9_6.0_0.85,HWMA_0.2_0.1_0.1,0.9952035453984471
MCGD_10,CKSPs_10_3_20,0.9952021745342164
HMA_10,PWMA_10,0.9951967550887667
KAMA_10_2_30,TEMA_10,0.9951953665341494
SMA_10,WCP,0.9951920013559891
PIVOTS_TRAD_D_R1,SSF3_20,0.9951852564695405
Low,VWMA_10,0.9951762804325305
LINREG_14,ALPHATl_14_1_50_2,0.9951727322598191
AGj_13_8_5,ABER_SG_5_15,0.9951661994071997
PIVOTS_TRAD_D_P,ALPHATl_14_1_50_2,0.9951485842364001
HILOs_13_21,ACCBM_20,0.9951427891960212
KCUe_20_2,VWMA_10,0.9951426122087
SWMA_10,BBL_5_2.0_2.0,0.9951387309412049
IKS_26,SUPERT_7_3.0,0.9951362313962273
HILOs_13_21,QTL_30_0.5,0.9951312297579722
HILOs_13_21,MEDIAN_30,0.9951312297579722
ABER_XG_5_15,KCBe_20_2,0.9951267328992448
HILOl_13_21,DCM_20_20,0.9951257995156887
MEDIAN_30,ACCBL_20,0.9951149974846886
QTL_30_0.5,ACCBL_20,0.9951149974846886
High,SWMA_10,0.9951115419905989
BBU_5_2.0_2.0,KCUe_20_2,0.9951091161654928
T3_10_0.7,KCUe_20_2,0.9951031124006581
HILOs_13_21,CHDLREXTs_22_22_14_2.0,0.9950904387540954
AGt_13_8_5,LINREG_14,0.9950896176395412
MIDPRICE_2,TRIMA_10,0.9950853026141618
PIVOTS_TRAD_D_R3,SSF3_20,0.9950846315373911
PIVOTS_TRAD_D_R4,SSF3_20,0.9950846315373911
MIDPRICE_2,PWMA_10,0.9950841991996427
PWMA_10,TEMA_10,0.9950807656539838
MIDPRICE_2,SSF_20,0.9950765082868522
PIVOTS_TRAD_D_R2,KCBe_20_2,0.9950701264729731
PIVOTS_TRAD_D_R3,KCBe_20_2,0.9950626682870757
PIVOTS_TRAD_D_R4,KCBe_20_2,0.9950626682870757
DEMA_10,KCLe_20_2,0.9950546604202414
IKS_26,SSF_20,0.9950374434867898
Open,KAMA_10_2_30,0.9950317528152597
SINWMA_14,VIDYA_14,0.9950210495066233
WMA_10,ACCBL_20,0.9950199632556553
KAMA_10_2_30,OHLC4,0.995014988305536
AGt_13_8_5,PIVOTS_TRAD_D_S1,0.995013582773993
ABER_XG_5_15,HWL_1,0.9950083976348195
Close,BBU_5_2.0_2.0,0.994998476828944
SUPERT_7_3.0,KCBe_20_2,0.9949980479928362
ITS_9,KCUe_20_2,0.9949963124316449
AGt_13_8_5,HMA_10,0.9949939522207529
SWMA_10,LDECAY_1,0.9949906876027602
AGt_13_8_5,QTL_30_0.5,0.9949886983720458
AGt_13_8_5,MEDIAN_30,0.9949886983720458
MAMA_0.5_0.05,T3_10_0.7,0.9949885921554977
KAMA_10_2_30,ACCBU_20,0.9949856821631222
FWMA_10,HWMA_0.2_0.1_0.1,0.9949824644741952
FWMA_10,HWM_1,0.9949824644741952
Close,SMA_10,0.9949790774911575
AGl_13_8_5,ATRTSe_14_20_3.0,0.9949776237615839
HL2,KAMA_10_2_30,0.9949762195804809
CHDLREXTs_22_22_14_2.0,KCBe_20_2,0.9949732347764803
PIVOTS_TRAD_D_S2,SMA_10,0.9949613074786553
PIVOTS_TRAD_D_S4,WMA_10,0.9949597434003443
PIVOTS_TRAD_D_S3,WMA_10,0.9949597434003443
PIVOTS_TRAD_D_S2,SMMA_7,0.9949579132802393
EMA_10,ACCBU_20,0.9949505509313401
CKSPl_10_3_20,ACCBM_20,0.9949502225989811
MCGD_10,PIVOTS_TRAD_D_R1,0.9949455253659416
SSF3_20,ZL_EMA_10,0.9949452134967117
DEMA_10,HWL_1,0.9949445171427876
ACCBL_20,ATRTSe_14_20_3.0,0.994936662784467
RMA_10,CHDLREXTs_22_22_14_2.0,0.9949361343197283
HILO_13_21,ALPHAT_14_1_50,0.9949316935857687
PIVOTS_TRAD_D_R1,RMA_10,0.9949298971085448
HLC3,KAMA_10_2_30,0.9949259911978157
KAMA_10_2_30,VWAP_D,0.9949259911978157
JMA_7_0.0,MCGD_10,0.9949205341998629
EMA_10,CHDLREXTl_22_22_14_2.0,0.9949185918685243
DCL_20_20,DCM_20_20,0.9949148607931675
MAMA_0.5_0.05,KCBe_20_2,0.994913428385969
FAMA_0.5_0.05,ATRTSe_14_20_3.0,0.9948960772408839
RMA_10,SUPERT_7_3.0,0.9948841982103488
JMA_7_0.0,KCLe_20_2,0.9948839129132676
KAMA_10_2_30,WCP,0.9948838848635082
DEMA_10,MCGD_10,0.9948831124513685
CKSPl_10_3_20,KCBe_20_2,0.9948791659843509
Open,AGt_13_8_5,0.9948690783830938
PIVOTS_TRAD_D_P,SSF3_20,0.9948683277055453
PWMA_10,BBL_5_2.0_2.0,0.994862583738342
AGj_13_8_5,HILOs_13_21,0.9948603991099724
HILOs_13_21,DCM_20_20,0.9948537735687557
IKS_26,DCU_20_20,0.9948524818299811
DEMA_10,SINWMA_14,0.9948524085671114
PWMA_10,KCUe_20_2,0.9948482747628766
MIDPOINT_2,TRIMA_10,0.9948375068977625
AGt_13_8_5,OHLC4,0.9948370269815667
MIDPOINT_2,SSF_20,0.9948364875563138
IKS_26,EMA_10,0.9948326474705425
T3_10_0.7,ACCBU_20,0.994830663819595
ACCBL_20,ACCBU_20,0.9948239743063325
MIDPRICE_2,ALPHATl_14_1_50_2,0.9948186346277079
PSARs_0.02_0.2,ACCBM_20,0.994816763006701
Low,SMMA_7,0.9948138823411596
MIDPOINT_2,PWMA_10,0.9948108885862748
TRIMA_10,ACCBU_20,0.9948078441155458
AGj_13_8_5,CHDLREXTs_22_22_14_2.0,0.9948070243211113
AGt_13_8_5,HL2,0.9948039202470149
ACCBL_20,CHDLREXTl_22_22_14_2.0,0.9948022273635441
ALPHAT_14_1_50,KCUe_20_2,0.9948011284772755
SMA_10,ATRTSe_14_20_3.0,0.9947922121259056
MCGD_10,PIVOTS_TRAD_D_R3,0.9947910565216549
MCGD_10,PIVOTS_TRAD_D_R4,0.9947910565216549
Open,SWMA_10,0.9947850517879414
HILO_13_21,PSARs_0.02_0.2,0.9947757606513808
ALPHAT_14_1_50,ATRTSe_14_20_3.0,0.9947566451549053
PIVOTS_TRAD_D_R2,T3_10_0.7,0.9947453607913631
AGt_13_8_5,HLC3,0.9947429557493588
AGt_13_8_5,VWAP_D,0.9947429557493588
AGt_13_8_5,TEMA_10,0.9947398068332661
ABER_SG_5_15,KCUe_20_2,0.9947395832701622
AGj_13_8_5,BBU_5_2.0_2.0,0.9947367887875713
MEDIAN_30,CKSPs_10_3_20,0.9947336508344236
QTL_30_0.5,CKSPs_10_3_20,0.9947336508344236
PIVOTS_TRAD_D_S4,ABER_SG_5_15,0.994730364056303
PIVOTS_TRAD_D_S3,ABER_SG_5_15,0.994730364056303
SUPERT_7_3.0,ACCBU_20,0.9947202960444879
ALPHATl_14_1_50_2,HT_TL,0.9947198147844659
HMA_10,TRIMA_10,0.9947148700088714
SMA_10,ACCBU_20,0.9947056399951485
JMA_7_0.0,HWM_1,0.9947035158164295
HWMA_0.2_0.1_0.1,JMA_7_0.0,0.9947035158164295
JMA_7_0.0,RMA_10,0.9947002066156253
PIVOTS_TRAD_D_S1,PWMA_10,0.9946988307259821
AGt_13_8_5,WCP,0.9946954887157072
Close,KAMA_10_2_30,0.9946898412973191
TEMA_10,TRIMA_10,0.9946863170636735
OHLC4,SWMA_10,0.9946801837226825
CKSPs_10_3_20,KCBe_20_2,0.9946745422030064
SSF3_20,ACCBU_20,0.9946660526447996
SMMA_7,BBL_5_2.0_2.0,0.9946568831778276
TRIMA_10,ATRTSe_14_20_3.0,0.9946559865541288
AGt_13_8_5,DCU_20_20,0.9946555337523338
ZL_EMA_10,HWM_1,0.9946492867756229
HWMA_0.2_0.1_0.1,ZL_EMA_10,0.9946492867756229
DEMA_10,RMA_10,0.9946465570405677
HWMA_0.2_0.1_0.1,VWMA_10,0.9946437107659843
HWM_1,VWMA_10,0.9946437107659843
HL2,SWMA_10,0.9946396466921174
CKSPs_10_3_20,ACCBM_20,0.9946337482888238
TEMA_10,HWM_1,0.9946336024249783
HWMA_0.2_0.1_0.1,TEMA_10,0.9946336024249782
PIVOTS_TRAD_D_P,KCLe_20_2,0.9946173132327565
MCGD_10,PIVOTS_TRAD_D_P,0.9946149379101347
HMA_10,ALPHATl_14_1_50_2,0.9946117262297244
DEMA_10,HWU_1,0.9946105610421923
PIVOTS_TRAD_D_R1,KCLe_20_2,0.9946026656934714
JMA_7_0.0,T3_10_0.7,0.9946000387994107
PIVOTS_TRAD_D_S1,TRIMA_10,0.9945918866494851
PIVOTS_TRAD_D_R1,KCBe_20_2,0.9945901515990628
MAMA_0.5_0.05,HWM_1,0.994584879506772
HWMA_0.2_0.1_0.1,MAMA_0.5_0.05,0.994584879506772
RMA_10,CKSPl_10_3_20,0.9945789047983086
SSF_20,VIDYA_14,0.9945749499287275
Low,SMA_10,0.9945729678815654
MAMA_0.5_0.05,SINWMA_14,0.9945675009044042
HLC3,SWMA_10,0.9945618847936379
SWMA_10,VWAP_D,0.9945618847936377
PIVOTS_TRAD_D_S2,SWMA_10,0.9945575678375992
HMA_10,SSF_20,0.9945561118679487
MIDPRICE_2,SSF3_20,0.9945501336151074
SUPERT_7_3.0,HT_TL,0.9945423560868806
High,SSF_20,0.9945405758179042
HT_TL,CHDLREXTs_22_22_14_2.0,0.9945366614357303
ITS_9,HWMA_0.2_0.1_0.1,0.9945325955995361
ITS_9,HWM_1,0.9945325955995361
PIVOTS_TRAD_D_S1,SSF_20,0.9945324623522181
MIDPOINT_2,ALPHATl_14_1_50_2,0.994532057036028
CHDLREXTl_22_22_14_2.0,KCLe_20_2,0.9945251307476926
PIVOTS_TRAD_D_R2,KCLe_20_2,0.9945221542820536
PIVOTS_TRAD_D_R2,SINWMA_14,0.9945127270473586
SWMA_10,WCP,0.994506028771411
AGj_13_8_5,ABER_ZG_5_15,0.9945004944526908
VIDYA_14,KCLe_20_2,0.9945003259047674
ABER_SG_5_15,HWM_1,0.9944934659013819
HWMA_0.2_0.1_0.1,ABER_SG_5_15,0.9944934659013819
High,TRIMA_10,0.9944931925251137
Close,AGt_13_8_5,0.9944853946094628
VIDYA_14,ALPHATl_14_1_50_2,0.994481544575096
KAMA_10_2_30,HT_TL,0.9944771764960816
WMA_10,KCUe_20_2,0.9944766253427643
AGt_13_8_5,CHDLREXTs_22_22_14_2.0,0.9944765572636431
SINWMA_14,PSARl_0.02_0.2,0.9944736670272194
CKSPl_10_3_20,DCM_20_20,0.9944661007510026
AGj_13_8_5,ALMA_9_6.0_0.85,0.9944581228477011
ZL_EMA_10,KCLe_20_2,0.9944538900827862
HILOl_13_21,KCUe_20_2,0.9944455444405234
MCGD_10,ZL_EMA_10,0.9944435335880362
FAMA_0.5_0.05,ACCBU_20,0.9944390490762918
RMA_10,CKSPs_10_3_20,0.9944371209612092
KAMA_10_2_30,PIVOTS_TRAD_D_S2,0.9944305397643874
MCGD_10,MIDPRICE_2,0.9944286929537355
FAMA_0.5_0.05,CHDLREXTl_22_22_14_2.0,0.9944284547624966
AGl_13_8_5,CHDLREXTl_22_22_14_2.0,0.9944244785230855
PIVOTS_TRAD_D_R1,T3_10_0.7,0.9944140165187773
HILOl_13_21,KCBe_20_2,0.9944131140266795
PIVOTS_TRAD_D_P,RMA_10,0.9944119301599266
TRIMA_10,BBL_5_2.0_2.0,0.994410945140753
ITS_9,ATRTSe_14_20_3.0,0.9944002403534806
PIVOTS_TRAD_D_R3,T3_10_0.7,0.9943900715243892
PIVOTS_TRAD_D_R4,T3_10_0.7,0.9943900715243892
SSF_20,LDECAY_1,0.9943892203845172
SMA_10,CHDLREXTl_22_22_14_2.0,0.9943885763444686
PIVOTS_TRAD_D_R3,SINWMA_14,0.9943804865898496
PIVOTS_TRAD_D_R4,SINWMA_14,0.9943804865898496
High,PWMA_10,0.9943791473199244
MIDPRICE_2,KCLe_20_2,0.9943779657679453
AGj_13_8_5,BBM_5_2.0_2.0,0.9943778024672054
HILO_13_21,WMA_10,0.9943774567361156
SSF_20,TEMA_10,0.9943750601488273
MCGD_10,SUPERT_7_3.0,0.9943721084619643
KCLe_20_2,KCUe_20_2,0.9943637836297426
KAMA_10_2_30,BBL_5_2.0_2.0,0.9943629368651239
PSARs_0.02_0.2,DCM_20_20,0.9943597535059416
AGl_13_8_5,ACCBU_20,0.9943592557191566
HILOs_13_21,MCGD_10,0.9943587949391396
TRIMA_10,LDECAY_1,0.9943576793091933
BBL_5_2.0_2.0,KCLe_20_2,0.9943502899338424
EMA_10,HT_TL,0.9943495650196238
SWMA_10,ATRTSe_14_20_3.0,0.9943449346351748
PIVOTS_TRAD_D_S2,BBU_5_2.0_2.0,0.994336018739974
TRIMA_10,CHDLREXTl_22_22_14_2.0,0.9943327784955333
JMA_7_0.0,KCBe_20_2,0.9943256887554833
SUPERT_7_3.0,CHDLREXTl_22_22_14_2.0,0.9943256583784043
HILOl_13_21,DCU_20_20,0.9943159256404783
Low,BBU_5_2.0_2.0,0.994311962026522
AGl_13_8_5,PIVOTS_TRAD_D_S3,0.9943087719918433
AGl_13_8_5,PIVOTS_TRAD_D_S4,0.9943087719918433
IKS_26,AGl_13_8_5,0.9942992789922583
MIDPOINT_2,SSF3_20,0.9942971081696583
HWMA_0.2_0.1_0.1,FAMA_0.5_0.05,0.9942967436043145
FAMA_0.5_0.05,HWM_1,0.9942967436043144
PIVOTS_TRAD_D_S1,ALPHATl_14_1_50_2,0.9942929779099473
ATRTSe_14_20_3.0,VWMA_10,0.9942920541575223
SSF3_20,ATRTSe_14_20_3.0,0.9942861265078338
SUPERT_7_3.0,KCUe_20_2,0.9942802202737526
Close,SWMA_10,0.9942708098968357
Low,KAMA_10_2_30,0.9942664517991477
PWMA_10,LDECAY_1,0.9942659817451424
SWMA_10,HWM_1,0.9942649331757473
HWMA_0.2_0.1_0.1,SWMA_10,0.994264933175747
LINREG_14,T3_10_0.7,0.9942589070312212
SMA_10,HWM_1,0.9942528036524195
HWMA_0.2_0.1_0.1,SMA_10,0.9942528036524193
LINREG_14,HWL_1,0.9942497712284246
MCGD_10,PSARs_0.02_0.2,0.994238973835168
High,ALPHATl_14_1_50_2,0.9942314489095987
CKSPs_10_3_20,ATRTSe_14_20_3.0,0.9942311088978713
TEMA_10,ALPHATl_14_1_50_2,0.9942291746915434
DEMA_10,KCBe_20_2,0.9942286013762935
RMA_10,ZL_EMA_10,0.9942259388624379
MCGD_10,MIDPOINT_2,0.9942257143371434
BBL_5_2.0_2.0,HWM_1,0.9942250042995049
HWMA_0.2_0.1_0.1,BBL_5_2.0_2.0,0.9942250042995049
IKS_26,FAMA_0.5_0.05,0.9942248064161571
MIDPRICE_2,RMA_10,0.9942212521578311
SWMA_10,ACCBU_20,0.9942178465429683
ACCBL_20,KCUe_20_2,0.9942093233483962
AGl_13_8_5,HWMA_0.2_0.1_0.1,0.9942072858605583
AGl_13_8_5,HWM_1,0.9942072858605583
ALPHAT_14_1_50,CHDLREXTl_22_22_14_2.0,0.9941795774160495
TRIMA_10,HT_TL,0.9941661188339682
PIVOTS_TRAD_D_S1,KCLe_20_2,0.9941633689463286
HMA_10,HWM_1,0.9941559701299723
HMA_10,HWMA_0.2_0.1_0.1,0.9941559701299723
MIDPOINT_2,KCLe_20_2,0.9941512560686162
ABER_SG_5_15,DCM_20_20,0.9941480810936778
EMA_10,VIDYA_14,0.9941450746102826
IKS_26,SMA_10,0.9941445610890575
HILOs_13_21,ACCBL_20,0.9941300173946165
IKS_26,ALPHAT_14_1_50,0.9941241070843967
AGt_13_8_5,SUPERT_7_3.0,0.9941118529968546
HILOl_13_21,RMA_10,0.9941066909028459
HILOs_13_21,KCBe_20_2,0.9941060696969921
Open,TRIMA_10,0.994105264813718
Open,SSF_20,0.9941042458697867
MCGD_10,DCL_20_20,0.994102085391311
T3_10_0.7,ZL_EMA_10,0.9940895882773759
AGt_13_8_5,PIVOTS_TRAD_D_S2,0.9940848538158792
LINREG_14,HWU_1,0.9940838040509757
PWMA_10,HWM_1,0.9940823360952944
HWMA_0.2_0.1_0.1,PWMA_10,0.9940823360952944
HILO_13_21,DCL_20_20,0.9940757008704527
IKS_26,TRIMA_10,0.9940754064561382
PIVOTS_TRAD_D_P,T3_10_0.7,0.9940750081274853
ABER_SG_5_15,ACCBM_20,0.9940749656460868
JMA_7_0.0,SINWMA_14,0.9940740617463374
Open,PWMA_10,0.9940712189550172
PIVOTS_TRAD_D_R1,SINWMA_14,0.9940695250408282
SSF_20,BBL_5_2.0_2.0,0.994061614362844
HILOs_13_21,PSARs_0.02_0.2,0.9940535697648482
PIVOTS_TRAD_D_P,KCBe_20_2,0.9940471796573082
ACCBU_20,KCLe_20_2,0.9940463720374915
SSF3_20,TEMA_10,0.99403491669345
MIDPOINT_2,RMA_10,0.9940328582876786
HMA_10,SSF3_20,0.9940269907597213
PIVOTS_TRAD_D_S1,SSF3_20,0.9940254640602645
SMMA_7,CHDLREXTs_22_22_14_2.0,0.9940204563744597
HWL_1,HWU_1,0.9940146430229485
OHLC4,SSF_20,0.9940131762137352
ALPHATl_14_1_50_2,LDECAY_1,0.9940111164131906
SINWMA_14,PSARs_0.02_0.2,0.9940103215864047
OHLC4,TRIMA_10,0.9940032747569271
SMA_10,HT_TL,0.9939967375712433
AGj_13_8_5,FWMA_10,0.9939934088764147
PIVOTS_TRAD_D_S3,ALPHAT_14_1_50,0.9939926721735952
PIVOTS_TRAD_D_S4,ALPHAT_14_1_50,0.9939926721735952
High,SSF3_20,0.9939820496849366
High,MCGD_10,0.9939774582313343
HILOl_13_21,ACCBL_20,0.9939756107312397
HL2,SSF_20,0.9939753492397839
T3_10_0.7,HT_TL,0.9939707927523594
MIDPRICE_2,HWM_1,0.9939669680703007
HWMA_0.2_0.1_0.1,MIDPRICE_2,0.9939669680703006
ACCBU_20,VWMA_10,0.9939652656906368
Low,AGt_13_8_5,0.9939638745868339
HL2,TRIMA_10,0.9939628902866927
PSARl_0.02_0.2,ACCBM_20,0.9939626398467444
SMMA_7,DCU_20_20,0.9939557660665235
High,RMA_10,0.9939555986188787
SSF3_20,CHDLREXTl_22_22_14_2.0,0.9939520504864741
VIDYA_14,ACCBL_20,0.99395124972825
BBL_5_2.0_2.0,HWL_1,0.993945002436779
HILOl_13_21,VIDYA_14,0.9939432556910884
ABER_ZG_5_15,DCM_20_20,0.9939405838456834
PIVOTS_TRAD_D_S2,PWMA_10,0.9939404318181531
SSF3_20,BBL_5_2.0_2.0,0.9939395343732311
OHLC4,PWMA_10,0.9939360607899934
SMMA_7,MEDIAN_30,0.9939320796179046
SMMA_7,QTL_30_0.5,0.9939320796179046
SSF3_20,HWM_1,0.9939295026623371
HWMA_0.2_0.1_0.1,SSF3_20,0.9939295026623369
SWMA_10,CHDLREXTl_22_22_14_2.0,0.9939258105485964
BBU_5_2.0_2.0,KCLe_20_2,0.9939255230468977
ALPHATl_14_1_50_2,BBL_5_2.0_2.0,0.9939215584057491
T3_10_0.7,PSARl_0.02_0.2,0.9939174240530835
SINWMA_14,MEDIAN_30,0.9939140677972949
SINWMA_14,QTL_30_0.5,0.9939140677972949
CHDLREXTl_22_22_14_2.0,VWMA_10,0.9939115219015802
WMA_10,HWL_1,0.993908416146585
PIVOTS_TRAD_D_R4,KCUe_20_2,0.9939010888530146
PIVOTS_TRAD_D_R3,KCUe_20_2,0.9939010888530146
SSF_20,VWAP_D,0.9938995267268594
HLC3,SSF_20,0.9938995267268594
ABER_ZG_5_15,HWL_1,0.9938946740989141
T3_10_0.7,CHDLREXTl_22_22_14_2.0,0.9938945487879219
Low,SWMA_10,0.9938941814492015
ITS_9,CHDLREXTl_22_22_14_2.0,0.9938927968415998
HL2,PWMA_10,0.993892172603003
ALPHAT_14_1_50,HWM_1,0.993890714716038
HWMA_0.2_0.1_0.1,ALPHAT_14_1_50,0.9938907147160377
VIDYA_14,CKSPs_10_3_20,0.99388995518171
SUPERT_7_3.0,VIDYA_14,0.9938890349689967
TRIMA_10,VWAP_D,0.9938859906719858
HLC3,TRIMA_10,0.9938859906719858
HWMA_0.2_0.1_0.1,PIVOTS_TRAD_D_P,0.993878917521416
PIVOTS_TRAD_D_P,HWM_1,0.993878917521416
ALMA_9_6.0_0.85,DCM_20_20,0.9938738011821537
SSF3_20,HT_TL,0.9938708147812296
BBM_5_2.0_2.0,HWL_1,0.9938703230502998
ALMA_9_6.0_0.85,HWL_1,0.9938663947435257
HILOs_13_21,RMA_10,0.9938632126047834
MIDPRICE_2,KCBe_20_2,0.9938511900688353
SSF_20,WCP,0.9938446509590223
ZL_EMA_10,KCBe_20_2,0.9938362578273721
SSF3_20,LDECAY_1,0.9938336176208796
TRIMA_10,WCP,0.9938305770089295
FAMA_0.5_0.05,PIVOTS_TRAD_D_S3,0.9938305047560971
FAMA_0.5_0.05,PIVOTS_TRAD_D_S4,0.9938305047560971
SINWMA_14,SUPERT_7_3.0,0.9938261232477665
PSARs_0.02_0.2,KCBe_20_2,0.993824418245554
SUPERT_7_3.0,ALPHATl_14_1_50_2,0.9938195777814619
ITS_9,IKS_26,0.9938195388890274
Open,ALPHATl_14_1_50_2,0.9938194592510612
MIDPOINT_2,HWM_1,0.9938162641074046
HWMA_0.2_0.1_0.1,MIDPOINT_2,0.9938162641074045
BBM_5_2.0_2.0,DCM_20_20,0.9938133667970471
PWMA_10,VWAP_D,0.9938077405954308
HLC3,PWMA_10,0.9938077405954308
MCGD_10,PIVOTS_TRAD_D_S1,0.993806470864856
HILOs_13_21,ACCBU_20,0.9938057813727486
ITS_9,ACCBU_20,0.9938016429596598
ABER_SG_5_15,HWU_1,0.9938009622027351
FAMA_0.5_0.05,HT_TL,0.9937897070394117
ACCBM_20,BBU_5_2.0_2.0,0.9937863881573159
LINREG_14,KCLe_20_2,0.9937829650664933
EMA_10,PIVOTS_TRAD_D_S3,0.9937809060364262
EMA_10,PIVOTS_TRAD_D_S4,0.9937809060364262
PWMA_10,ATRTSe_14_20_3.0,0.9937792339791628
RMA_10,PSARs_0.02_0.2,0.9937769641274087
KAMA_10_2_30,SUPERT_7_3.0,0.9937768308055654
EMA_10,HWM_1,0.9937704769360884
EMA_10,HWMA_0.2_0.1_0.1,0.9937704769360884
AGt_13_8_5,BBL_5_2.0_2.0,0.9937696100069665
PSARs_0.02_0.2,ACCBL_20,0.9937691861059162
MIDPRICE_2,T3_10_0.7,0.9937668344572613
PIVOTS_TRAD_D_S2,TRIMA_10,0.9937665857707746
TRIMA_10,VIDYA_14,0.9937639046550926
RMA_10,LDECAY_1,0.9937635613798598
IKS_26,VWMA_10,0.9937554215814953
PSARs_0.02_0.2,CHDLREXTs_22_22_14_2.0,0.9937545640821863
SMA_10,VIDYA_14,0.9937492762216579
PWMA_10,WCP,0.9937485650405946
MCGD_10,LDECAY_1,0.9937458914708613
WMA_10,ATRTSe_14_20_3.0,0.993742852808877
HWMA_0.2_0.1_0.1,TRIMA_10,0.9937335972870857
TRIMA_10,HWM_1,0.9937335972870854
HILOl_13_21,ATRTSe_14_20_3.0,0.9937317052421322
AGj_13_8_5,PIVOTS_TRAD_D_R3,0.9937215932147051
AGj_13_8_5,PIVOTS_TRAD_D_R4,0.9937215932147051
OHLC4,ALPHATl_14_1_50_2,0.9937122817966062
QTL_30_0.5,KCLe_20_2,0.9937091697120849
MEDIAN_30,KCLe_20_2,0.9937091697120849
AGj_13_8_5,PSARs_0.02_0.2,0.9937017302651576
AGl_13_8_5,HT_TL,0.9936950898390908
T3_10_0.7,ATRTSe_14_20_3.0,0.9936925122666496
HWMA_0.2_0.1_0.1,T3_10_0.7,0.9936897448472564
T3_10_0.7,HWM_1,0.9936897448472564
PIVOTS_TRAD_D_S1,HWM_1,0.9936812625854631
HWMA_0.2_0.1_0.1,PIVOTS_TRAD_D_S1,0.993681262585463
TOS_STDEVALL_U_1,NVI_1,0.9936772924848867
TOS_STDEVALL_L_3,NVI_1,0.9936772924848862
TOS_STDEVALL_U_2,NVI_1,0.9936772924848862
TOS_STDEVALL_LR,NVI_1,0.9936772924848862
TOS_STDEVALL_L_2,NVI_1,0.9936772924848862
TOS_STDEVALL_L_1,NVI_1,0.993677292484886
TOS_STDEVALL_U_3,NVI_1,0.9936772924848859
HL2,ALPHATl_14_1_50_2,0.9936721060026116
HILO_13_21,DCU_20_20,0.99366908372614
PIVOTS_TRAD_D_S2,SSF_20,0.9936653357550558
MIDPOINT_2,KCBe_20_2,0.9936603839237039
PIVOTS_TRAD_D_S2,KCLe_20_2,0.9936602611350925
FAMA_0.5_0.05,VIDYA_14,0.9936558016211637
IKS_26,SWMA_10,0.9936476011091853
PIVOTS_TRAD_D_R1,HWM_1,0.9936473848013877
HWMA_0.2_0.1_0.1,PIVOTS_TRAD_D_R1,0.9936473848013876
ABER_ZG_5_15,ACCBM_20,0.9936446842522728
BBM_5_2.0_2.0,HWU_1,0.9936428593868583
PSARl_0.02_0.2,ACCBL_20,0.9936426556061204
HMA_10,KCLe_20_2,0.9936391903314019
PWMA_10,ACCBU_20,0.993630073201355
ABER_ZG_5_15,HWU_1,0.9936272263385668
PIVOTS_TRAD_D_P,SINWMA_14,0.9936167278155913
AGl_13_8_5,VIDYA_14,0.9936141761912521
Close,SSF_20,0.9936124145466733
MCGD_10,DCU_20_20,0.9936096244303407
ALPHATl_14_1_50_2,CHDLREXTs_22_22_14_2.0,0.9936066582302662
High,KCBe_20_2,0.9936060431036463
ALMA_9_6.0_0.85,ACCBM_20,0.9936037097803891
Close,TRIMA_10,0.9935967297479739
HLC3,ALPHATl_14_1_50_2,0.9935932952094066
ALPHATl_14_1_50_2,VWAP_D,0.9935932952094064
IKS_26,SSF3_20,0.9935929540072346
HMA_10,MCGD_10,0.993577920507703
ADX_14,ADXR_14_2,0.9935749818189982
Open,MCGD_10,0.9935662687579786
ALMA_9_6.0_0.85,HWU_1,0.9935634459188022
Open,SSF3_20,0.9935623491428568
FWMA_10,HWL_1,0.9935589240714338
LINREG_14,MCGD_10,0.993548068427195
SWMA_10,HT_TL,0.9935445987409024
WMA_10,HWU_1,0.9935391809698633
WCP,ALPHATl_14_1_50_2,0.9935369317145368
FWMA_10,DCM_20_20,0.9935320989852965
ABER_XG_5_15,ACCBL_20,0.9935228441624149
SINWMA_14,CHDLREXTs_22_22_14_2.0,0.9935202473425618
SSF3_20,VIDYA_14,0.9935179957350927
SINWMA_14,ZL_EMA_10,0.9935126424702132
MIDPOINT_2,T3_10_0.7,0.9935104421086314
MCGD_10,OHLC4,0.9935101902436276
ALPHAT_14_1_50,ACCBU_20,0.9935101031687571
High,KCLe_20_2,0.9935056529672048
SUPERT_7_3.0,ACCBL_20,0.9935049267847565
Close,PWMA_10,0.9935034508258564
BBU_5_2.0_2.0,DCM_20_20,0.9935011172518043
ACCBM_20,BBM_5_2.0_2.0,0.9934994237752124
AGj_13_8_5,PIVOTS_TRAD_D_R2,0.9934971002083979
SMMA_7,SUPERT_7_3.0,0.9934912385116035
CKSPs_10_3_20,ACCBL_20,0.9934880721409826
LDECAY_1,KCLe_20_2,0.9934864850328582
PIVOTS_TRAD_D_S2,ALPHATl_14_1_50_2,0.9934831049166454
Open,KCLe_20_2,0.9934817547169074
HL2,MCGD_10,0.9934787011219969
LINREG_14,SINWMA_14,0.9934783748163947
HWL_1,VWMA_10,0.9934783436705997
SSF_20,PSARl_0.02_0.2,0.9934727957762668
CKSPs_10_3_20,KCLe_20_2,0.9934691665098366
OHLC4,SSF3_20,0.9934681076648958
IKS_26,T3_10_0.7,0.9934472971529139
SUPERT_7_3.0,MEDIAN_30,0.9934346676912217
SUPERT_7_3.0,QTL_30_0.5,0.9934346676912217
FWMA_10,HWU_1,0.9934277098881944
HL2,SSF3_20,0.9934276179167668
PIVOTS_TRAD_D_S1,RMA_10,0.9934195137067439
SINWMA_14,DCU_20_20,0.9934181878892312
PIVOTS_TRAD_D_R3,KCLe_20_2,0.9934112016548534
PIVOTS_TRAD_D_R4,KCLe_20_2,0.9934112016548534
HLC3,MCGD_10,0.9934082315608637
MCGD_10,VWAP_D,0.9934082315608634
LDECAY_1,KCBe_20_2,0.9934059257188755
HILO_13_21,CKSPl_10_3_20,0.9933986383904115
HWMA_0.2_0.1_0.1,PIVOTS_TRAD_D_S2,0.9933977157084833
PIVOTS_TRAD_D_S2,HWM_1,0.9933977157084833
OHLC4,KCLe_20_2,0.9933898474455326
ABER_ZG_5_15,ACCBL_20,0.9933787199057863
CKSPs_10_3_20,ACCBU_20,0.9933751528904249
HL2,KCLe_20_2,0.9933594900906617
SSF3_20,PSARl_0.02_0.2,0.9933590036573591
PWMA_10,CHDLREXTl_22_22_14_2.0,0.9933567669491827
MCGD_10,WCP,0.9933560385611286
SSF3_20,VWAP_D,0.9933534479660575
HLC3,SSF3_20,0.9933534479660575
Open,RMA_10,0.9933527608058235
ALMA_9_6.0_0.85,ACCBL_20,0.9933459701134869
ITS_9,HWL_1,0.993330352902896
HMA_10,RMA_10,0.9933274563511434
SSF_20,CHDLREXTs_22_22_14_2.0,0.9933182305458822
PIVOTS_TRAD_D_R2,HWM_1,0.9933137142420231
HWMA_0.2_0.1_0.1,PIVOTS_TRAD_D_R2,0.9933137142420231
TEMA_10,KCLe_20_2,0.9933118876727612
SWMA_10,VIDYA_14,0.9933107522834826
OHLC4,RMA_10,0.993308780500885
MIDPRICE_2,SINWMA_14,0.9933055713222706
PSARs_0.02_0.2,ACCBU_20,0.9933050525175106
ABER_SG_5_15,ATRTSe_14_20_3.0,0.9933003178223945
Close,ALPHATl_14_1_50_2,0.9933002583050995
SSF3_20,WCP,0.993299407165686
LINREG_14,RMA_10,0.9932799445322725
HL2,RMA_10,0.9932761142921049
HLC3,KCLe_20_2,0.993275971370655
KCLe_20_2,VWAP_D,0.993275971370655
HT_TL,VWMA_10,0.993271658047167
PIVOTS_TRAD_D_R4,BBL_5_2.0_2.0,0.993257271044555
PIVOTS_TRAD_D_R3,BBL_5_2.0_2.0,0.993257271044555
MCGD_10,TEMA_10,0.9932456488018763
AGt_13_8_5,PSARs_0.02_0.2,0.9932440375917185
OHLC4,HWM_1,0.9932408688889234
HWMA_0.2_0.1_0.1,OHLC4,0.9932408688889232
JMA_7_0.0,HWL_1,0.9932327891464103
High,T3_10_0.7,0.9932286233552261
SSF_20,SUPERT_7_3.0,0.9932200693596259
ACCBL_20,BBM_5_2.0_2.0,0.9932179398141181
WCP,KCLe_20_2,0.9932172611924514
KAMA_10_2_30,DCU_20_20,0.9932167293604973
AGj_13_8_5,ABER_XG_5_15,0.9932135538980704
HLC3,RMA_10,0.9932108662266554
RMA_10,VWAP_D,0.9932108662266552
High,HWM_1,0.9932100647125255
High,HWMA_0.2_0.1_0.1,0.9932100647125255
PIVOTS_TRAD_D_S1,T3_10_0.7,0.9932050514935725
TEMA_10,HWU_1,0.9932047226063938
LDECAY_1,HWM_1,0.9932043943379125
HWMA_0.2_0.1_0.1,LDECAY_1,0.9932043943379124
SSF_20,PSARs_0.02_0.2,0.9932010469183518
HL2,HWM_1,0.9931996294525263
HL2,HWMA_0.2_0.1_0.1,0.9931996294525263
JMA_7_0.0,HWU_1,0.9931958458648936
ZL_EMA_10,HWL_1,0.9931954087790095
HT_TL,PSARs_0.02_0.2,0.993187305410073
PIVOTS_TRAD_D_S2,SSF3_20,0.9931871522910005
ITS_9,PIVOTS_TRAD_D_S4,0.993186880522409
ITS_9,PIVOTS_TRAD_D_S3,0.993186880522409
HLC3,HWMA_0.2_0.1_0.1,0.993179201858357
HLC3,HWM_1,0.993179201858357
HWMA_0.2_0.1_0.1,VWAP_D,0.9931792018583568
HWM_1,VWAP_D,0.9931792018583568
Open,HWM_1,0.9931759838174601
Open,HWMA_0.2_0.1_0.1,0.9931759838174601
AGt_13_8_5,CKSPs_10_3_20,0.9931711830633552
T3_10_0.7,BBL_5_2.0_2.0,0.9931673790963634
RMA_10,WCP,0.9931612852929323
Low,TRIMA_10,0.9931588243289944
AGj_13_8_5,MAMA_0.5_0.05,0.9931566198151107
WCP,HWM_1,0.993152014048874
HWMA_0.2_0.1_0.1,WCP,0.993152014048874
ITS_9,VIDYA_14,0.9931489758525338
ITS_9,HT_TL,0.9931446415805942
Low,SSF_20,0.9931361296275563
T3_10_0.7,PSARs_0.02_0.2,0.9931360300592631
Close,MCGD_10,0.9931318744252912
Low,PWMA_10,0.9931317336869212
ZL_EMA_10,HWU_1,0.993125260577364
ABER_XG_5_15,DCM_20_20,0.9931183386246676
MAMA_0.5_0.05,HWL_1,0.9931083339580565
SSF_20,HWM_1,0.9931003438575233
HWMA_0.2_0.1_0.1,SSF_20,0.9931003438575233
T3_10_0.7,LDECAY_1,0.9930879940603368
MAMA_0.5_0.05,HWU_1,0.9930832656769131
PIVOTS_TRAD_D_S3,VWMA_10,0.9930828859608277
PIVOTS_TRAD_D_S4,VWMA_10,0.9930828859608277
TEMA_10,HWL_1,0.9930827151397172
HMA_10,T3_10_0.7,0.9930819805193439
CKSPs_10_3_20,KCUe_20_2,0.9930814702829932
VIDYA_14,VWMA_10,0.9930778891566187
SWMA_10,HWL_1,0.9930742567974813
Close,SSF3_20,0.9930697099390263
HILO_13_21,PSARl_0.02_0.2,0.9930598443385596
AGt_13_8_5,CKSPl_10_3_20,0.9930589215488878
VIDYA_14,ALPHAT_14_1_50,0.9930539587186075
MIDPOINT_2,SINWMA_14,0.993053570410211
WMA_10,CHDLREXTl_22_22_14_2.0,0.9930460293616103
IKS_26,PWMA_10,0.9930417540874938
FWMA_10,ACCBM_20,0.9930411609617577
ABER_ZG_5_15,KCUe_20_2,0.9930390451267358
ATRTSe_14_20_3.0,CHDLREXTs_22_22_14_2.0,0.9930360190274299
IKS_26,PSARs_0.02_0.2,0.9930335073552069
SMA_10,HWL_1,0.993028775853355
PIVOTS_TRAD_D_S1,KCBe_20_2,0.9930267769955229
FAMA_0.5_0.05,HWL_1,0.9930171613875988
Close,HWMA_0.2_0.1_0.1,0.9930027921499124
Close,HWM_1,0.9930027921499124
SSF_20,DCU_20_20,0.9929907959736091
RMA_10,TEMA_10,0.9929888278736397
ALMA_9_6.0_0.85,KCUe_20_2,0.9929877541350697
EMA_10,CHDLREXTs_22_22_14_2.0,0.9929840362529403
Open,KCBe_20_2,0.9929801629255278
PWMA_10,HT_TL,0.9929791249652751
TRIMA_10,PSARl_0.02_0.2,0.9929782272106807
Close,KCLe_20_2,0.9929735777295577
BBU_5_2.0_2.0,CHDLREXTl_22_22_14_2.0,0.9929703342133207
HILOl_13_21,MCGD_10,0.9929608815424706
SSF_20,QTL_30_0.5,0.9929579338819721
SSF_20,MEDIAN_30,0.9929579338819721
T3_10_0.7,TEMA_10,0.9929547285304547
MCGD_10,PIVOTS_TRAD_D_S2,0.9929546089499279
Close,RMA_10,0.9929449615268096
ALPHATl_14_1_50_2,DCU_20_20,0.9929442381482322
Low,KCLe_20_2,0.9929422126104782
RMA_10,PSARl_0.02_0.2,0.9929405629791134
OHLC4,KCBe_20_2,0.9929340590154809
MCGD_10,BBL_5_2.0_2.0,0.9929299572453993
PSARl_0.02_0.2,KCBe_20_2,0.9929286871135367
BBM_5_2.0_2.0,KCUe_20_2,0.9929263192727057
ACCBU_20,BBU_5_2.0_2.0,0.9929228178821127
HMA_10,KCBe_20_2,0.9929217487241666
Low,HWMA_0.2_0.1_0.1,0.9929190010918736
Low,HWM_1,0.9929190010918736
PWMA_10,HWL_1,0.9929106178354017
HL2,KCBe_20_2,0.9929014942781424
AGj_13_8_5,PIVOTS_TRAD_D_R1,0.9928947038696216
AGl_13_8_5,HWL_1,0.9928937525004279
SUPERT_7_3.0,KCLe_20_2,0.9928891444440523
High,SINWMA_14,0.9928751839537979
ALPHATl_14_1_50_2,PSARl_0.02_0.2,0.9928562365505328
ATRTSe_14_20_3.0,BBU_5_2.0_2.0,0.9928518792994523
ALPHATl_14_1_50_2,PSARs_0.02_0.2,0.9928398615604009
ABER_XG_5_15,HWU_1,0.9928393880514906
Low,ALPHATl_14_1_50_2,0.992838890597727
PIVOTS_TRAD_D_R2,KCUe_20_2,0.9928384781291633
LINREG_14,KCBe_20_2,0.9928381448992164
HWU_1,VWMA_10,0.9928368689057253
HLC3,KCBe_20_2,0.9928354692023387
KCBe_20_2,VWAP_D,0.9928354692023387
PIVOTS_TRAD_D_R2,DCM_20_20,0.9928142526786315
WMA_10,ACCBU_20,0.9928116140879466
T3_10_0.7,HWL_1,0.9927972444191473
IKS_26,WMA_10,0.992796276709944
SSF3_20,HWL_1,0.9927951473380342
T3_10_0.7,VIDYA_14,0.9927904241759538
WCP,KCBe_20_2,0.9927855064882634
SUPERT_7_3.0,CKSPl_10_3_20,0.9927759440974808
KAMA_10_2_30,CHDLREXTs_22_22_14_2.0,0.9927707234845111
Open,T3_10_0.7,0.9927661267468497
ITS_9,HWU_1,0.9927622329985637
PWMA_10,VIDYA_14,0.9927614780555349
PIVOTS_TRAD_D_R4,DCM_20_20,0.9927553488760106
PIVOTS_TRAD_D_R3,DCM_20_20,0.9927553488760106
MEDIAN_30,CHDLREXTs_22_22_14_2.0,0.9927477428589393
QTL_30_0.5,CHDLREXTs_22_22_14_2.0,0.9927477428589393
IKS_26,DCL_20_20,0.9927450696703399
ALPHAT_14_1_50,HT_TL,0.9927432591229373
HILOs_13_21,KCUe_20_2,0.9927332120859512
ABER_SG_5_15,CHDLREXTl_22_22_14_2.0,0.9927310286763019
MAMA_0.5_0.05,DCM_20_20,0.9927290952838252
SUPERT_7_3.0,DCU_20_20,0.9927120313129637
SMMA_7,PSARs_0.02_0.2,0.9927091519204254
Low,MCGD_10,0.9927065160469085
HMA_10,HWL_1,0.9927015989034809
FWMA_10,ACCBL_20,0.9926974226366205
SINWMA_14,LDECAY_1,0.9926958272335417
MAD_30,STDEV_30,0.9926933451853303
MCGD_10,CKSPl_10_3_20,0.9926888224812486
OHLC4,T3_10_0.7,0.9926848471964602
HILOs_13_21,KCLe_20_2,0.9926752243249223
HILO_13_21,ABER_SG_5_15,0.9926723203970944
ACCBM_20,DCL_20_20,0.9926684422644616
PSARl_0.02_0.2,DCM_20_20,0.9926645309569544
PIVOTS_TRAD_D_R3,ACCBM_20,0.9926593719736906
PIVOTS_TRAD_D_R4,ACCBM_20,0.9926593719736906
HL2,T3_10_0.7,0.9926464696670724
PIVOTS_TRAD_D_S1,HWL_1,0.9926394708411236
ABER_SG_5_15,ACCBU_20,0.9926393094099678
AGt_13_8_5,PSARl_0.02_0.2,0.9926392926092086
PIVOTS_TRAD_D_S2,HWL_1,0.9926351272032485
PIVOTS_TRAD_D_S1,SINWMA_14,0.9926338995628202
HMA_10,HWU_1,0.9926338902130054
ABER_SG_5_15,ACCBL_20,0.9926329731348124
ALPHAT_14_1_50,HWL_1,0.9926259429535834
HILOl_13_21,SUPERT_7_3.0,0.9926058730330285
FAMA_0.5_0.05,HWU_1,0.9926028976016376
EMA_10,DCU_20_20,0.9925998902037925
Low,SSF3_20,0.9925994119156417
ABER_XG_5_15,ACCBM_20,0.9925968503481971
ALPHAT_14_1_50,CHDLREXTs_22_22_14_2.0,0.9925871780916531
HILO_13_21,ABER_ZG_5_15,0.9925802605273975
FWMA_10,KCUe_20_2,0.9925767170835387
HLC3,T3_10_0.7,0.9925745682189638
T3_10_0.7,VWAP_D,0.9925745682189638
TRIMA_10,HWL_1,0.992568586808892
Close,KCBe_20_2,0.9925680643490923
TEMA_10,KCBe_20_2,0.9925660978714024
PIVOTS_TRAD_D_P,HWL_1,0.9925627539418586
ALMA_9_6.0_0.85,HILO_13_21,0.9925622687973611
SSF3_20,PSARs_0.02_0.2,0.9925494832327605
AGl_13_8_5,HWU_1,0.9925469880033004
HILO_13_21,BBU_5_2.0_2.0,0.9925342961079773
AGl_13_8_5,CHDLREXTs_22_22_14_2.0,0.9925327529276861
T3_10_0.7,WCP,0.9925216740942457
AGj_13_8_5,PSARl_0.02_0.2,0.9925204856518619
MIDPRICE_2,HWL_1,0.992510536903235
SMA_10,HWU_1,0.9925046269878897
T3_10_0.7,CHDLREXTs_22_22_14_2.0,0.9925003978012018
AGt_13_8_5,HILOs_13_21,0.992497206043979
SWMA_10,HWU_1,0.9924840255742262
AGj_13_8_5,JMA_7_0.0,0.9924792509867535
HILOs_13_21,VIDYA_14,0.9924719441673271
PSARs_0.02_0.2,KCUe_20_2,0.9924677229169343
ABER_ZG_5_15,ATRTSe_14_20_3.0,0.9924632624047113
EMA_10,HWL_1,0.9924616467675712
HILOl_13_21,HILOs_13_21,0.9924536261866792
MIDPRICE_2,HWU_1,0.9924474679686051
FAMA_0.5_0.05,CHDLREXTs_22_22_14_2.0,0.9924472480783431
AGt_13_8_5,HILOl_13_21,0.9924422635597394
CKSPs_10_3_20,DCL_20_20,0.9924419270709484
SMA_10,CHDLREXTs_22_22_14_2.0,0.9924398995457008
HMA_10,SINWMA_14,0.9924304827670161
ITS_9,CHDLREXTs_22_22_14_2.0,0.9924291831717935
ALMA_9_6.0_0.85,ATRTSe_14_20_3.0,0.9924140143031469
TRIMA_10,PSARs_0.02_0.2,0.9924115385917192
HILO_13_21,BBM_5_2.0_2.0,0.9923942959190262
ACCBU_20,CHDLREXTs_22_22_14_2.0,0.9923934206448908
PIVOTS_TRAD_D_R2,ACCBM_20,0.9923883765100214
PIVOTS_TRAD_D_S2,RMA_10,0.9923784874008265
PSARs_0.02_0.2,KCLe_20_2,0.9923777119169424
SUPERT_7_3.0,TRIMA_10,0.9923758938980145
ATRTSe_14_20_3.0,BBM_5_2.0_2.0,0.9923613538220958
PIVOTS_TRAD_D_R1,DCM_20_20,0.9923588664720105
TRIMA_10,CHDLREXTs_22_22_14_2.0,0.9923558431377189
AGt_13_8_5,DCL_20_20,0.9923527037123405
PIVOTS_TRAD_D_S4,SMA_10,0.9923486827786253
PIVOTS_TRAD_D_S3,SMA_10,0.9923486827786253
PIVOTS_TRAD_D_S2,T3_10_0.7,0.9923448365401121
ALPHATl_14_1_50_2,HWM_1,0.9923408167159556
HWMA_0.2_0.1_0.1,ALPHATl_14_1_50_2,0.9923408167159556
MEDIAN_30,ALPHATl_14_1_50_2,0.9923375598356864
QTL_30_0.5,ALPHATl_14_1_50_2,0.9923375598356864
KAMA_10_2_30,QTL_30_0.5,0.9923338695424219
KAMA_10_2_30,MEDIAN_30,0.9923338695424219
SUPERT_7_3.0,T3_10_0.7,0.992333831442631
MIDPOINT_2,HWL_1,0.9923291966415043
MIDPOINT_2,HWU_1,0.9923272441564477
HILOs_13_21,ATRTSe_14_20_3.0,0.9923236308668075
SMMA_7,CKSPs_10_3_20,0.9923229768903552
Low,RMA_10,0.9923220879699063
Open,SINWMA_14,0.9923203115199738
SINWMA_14,TEMA_10,0.9923006734239338
Close,T3_10_0.7,0.9922954659507164
CHDLREXTs_22_22_14_2.0,VWMA_10,0.9922931156747626
PWMA_10,HWU_1,0.9922833849528249
SMA_10,PSARl_0.02_0.2,0.9922771735224507
PSARl_0.02_0.2,KCLe_20_2,0.9922694073863262
PIVOTS_TRAD_D_R1,HWU_1,0.9922616273177681
SSF3_20,SUPERT_7_3.0,0.9922543312226336
SINWMA_14,BBL_5_2.0_2.0,0.992242395213086
AGj_13_8_5,PIVOTS_TRAD_D_P,0.9922408792617828
OHLC4,SINWMA_14,0.9922341466774306
VIDYA_14,WMA_10,0.992229453027435
PIVOTS_TRAD_D_P,HWU_1,0.9922221717759966
PSARl_0.02_0.2,CHDLREXTl_22_22_14_2.0,0.9922199019205251
PIVOTS_TRAD_D_S4,SMMA_7,0.9922167579173767
PIVOTS_TRAD_D_S3,SMMA_7,0.9922167579173767
SWMA_10,PSARl_0.02_0.2,0.9922129719870957
SMMA_7,DCL_20_20,0.9922090418613182
SMMA_7,PSARl_0.02_0.2,0.992204544619678
SMMA_7,HWM_1,0.992202626243756
HWMA_0.2_0.1_0.1,SMMA_7,0.992202626243756
RMA_10,DCL_20_20,0.992197643225094
HL2,SINWMA_14,0.9921962900890638
HILOl_13_21,SINWMA_14,0.9921952070565614
PIVOTS_TRAD_D_R2,HWU_1,0.9921942326702347
ABER_SG_5_15,HWL_1,0.992191841403919
BBU_5_2.0_2.0,DCU_20_20,0.9921836871088069
ALPHAT_14_1_50,HWU_1,0.9921835537084396
EMA_10,SUPERT_7_3.0,0.9921763839395509
ALPHATl_14_1_50_2,DCL_20_20,0.9921754963090466
JMA_7_0.0,DCM_20_20,0.9921729793676052
AGj_13_8_5,DEMA_10,0.9921717597656133
HILOs_13_21,SINWMA_14,0.9921558340498913
SMA_10,SUPERT_7_3.0,0.9921554705726029
FWMA_10,ATRTSe_14_20_3.0,0.9921293717701646
HLC3,SINWMA_14,0.9921222791582761
SINWMA_14,VWAP_D,0.9921222791582761
MCGD_10,PSARl_0.02_0.2,0.9921200007875852
CKSPs_10_3_20,PSARs_0.02_0.2,0.9921190459675517
EMA_10,HWU_1,0.9921068636647528
SSF3_20,HWU_1,0.9920943771664608
DCL_20_20,KCBe_20_2,0.992086218160509
High,HWU_1,0.9920844098115025
SMMA_7,CKSPl_10_3_20,0.9920823785179783
PIVOTS_TRAD_D_R3,ATRTSe_14_20_3.0,0.9920761723716985
PIVOTS_TRAD_D_R4,ATRTSe_14_20_3.0,0.9920761723716985
MAMA_0.5_0.05,ACCBM_20,0.9920725959362379
SINWMA_14,WCP,0.9920683388566001
PIVOTS_TRAD_D_R1,HWL_1,0.9920554923712647
AGl_13_8_5,DCU_20_20,0.9920551557987966
FAMA_0.5_0.05,DCU_20_20,0.9920410553317317
AGj_13_8_5,MIDPRICE_2,0.9920289451397881
SMA_10,DCU_20_20,0.9920248354839181
WMA_10,HT_TL,0.9920148027702972
SUPERT_7_3.0,ALPHAT_14_1_50,0.9919954261096932
SMA_10,PSARs_0.02_0.2,0.9919909854901587
RMA_10,BBL_5_2.0_2.0,0.9919822491050665
SWMA_10,CHDLREXTs_22_22_14_2.0,0.9919755933017924
PWMA_10,PSARl_0.02_0.2,0.9919755709117495
TRIMA_10,DCU_20_20,0.991968536321253
SSF3_20,CHDLREXTs_22_22_14_2.0,0.9919618406927339
PIVOTS_TRAD_D_S2,KCBe_20_2,0.9919606746994151
SSF_20,DCL_20_20,0.991960292162859
EMA_10,MEDIAN_30,0.9919566123285868
EMA_10,QTL_30_0.5,0.9919566123285868
SSF_20,HWL_1,0.9919481397281521
PIVOTS_TRAD_D_S3,SWMA_10,0.9919452024332545
PIVOTS_TRAD_D_S4,SWMA_10,0.9919452024332545
TRIMA_10,HWU_1,0.9919291044550047
AGj_13_8_5,ZL_EMA_10,0.9919270673727411
Low,KCBe_20_2,0.9919223432017512
LDECAY_1,HWU_1,0.9919178567283475
SINWMA_14,DCL_20_20,0.9919158353547668
KAMA_10_2_30,HWM_1,0.9918953262266574
HWMA_0.2_0.1_0.1,KAMA_10_2_30,0.9918953262266574
High,AGj_13_8_5,0.9918816852767455
HILO_13_21,ABER_XG_5_15,0.9918758378252411
QTL_30_0.5,PSARs_0.02_0.2,0.9918735143120991
MEDIAN_30,PSARs_0.02_0.2,0.9918735143120991
VIDYA_14,ABER_SG_5_15,0.9918640221054197
PIVOTS_TRAD_D_R3,ACCBU_20,0.9918479275998954
PIVOTS_TRAD_D_R4,ACCBU_20,0.9918479275998954
PIVOTS_TRAD_D_P,DCM_20_20,0.9918457424075057
KAMA_10_2_30,PIVOTS_TRAD_D_S4,0.991844373202726
KAMA_10_2_30,PIVOTS_TRAD_D_S3,0.991844373202726
HILOl_13_21,PSARl_0.02_0.2,0.9918433970190106
HWMA_0.2_0.1_0.1,PIVOTS_TRAD_D_S4,0.9918411865206987
HWMA_0.2_0.1_0.1,PIVOTS_TRAD_D_S3,0.9918411865206987
PIVOTS_TRAD_D_S3,HWM_1,0.9918411865206985
PIVOTS_TRAD_D_S4,HWM_1,0.9918411865206985
Close,SINWMA_14,0.9918390267594644
OHLC4,HWU_1,0.9918330638608633
AGj_13_8_5,MIDPOINT_2,0.9918290774418144
ACCBL_20,BBU_5_2.0_2.0,0.9918223531538746
PIVOTS_TRAD_D_R1,KCUe_20_2,0.9918163377125062
PIVOTS_TRAD_D_R4,CHDLREXTl_22_22_14_2.0,0.9918161755124927
PIVOTS_TRAD_D_R3,CHDLREXTl_22_22_14_2.0,0.9918161755124927
PIVOTS_TRAD_D_R2,ATRTSe_14_20_3.0,0.9918158367582066
SUPERT_7_3.0,SWMA_10,0.9918141765480388
IKS_26,ABER_SG_5_15,0.9918136949325448
HLC3,HWU_1,0.9917980903347484
HWU_1,VWAP_D,0.9917980903347484
Low,T3_10_0.7,0.9917905748651603
HL2,HWU_1,0.9917901158489136
FWMA_10,HILO_13_21,0.991788412036552
WCP,HWU_1,0.9917851159941209
FAMA_0.5_0.05,SUPERT_7_3.0,0.9917711540294922
T3_10_0.7,DCL_20_20,0.9917611697004781
MAMA_0.5_0.05,KCUe_20_2,0.9917586665884046
SUPERT_7_3.0,CKSPs_10_3_20,0.9917574290111919
PIVOTS_TRAD_D_S1,HWU_1,0.9917561314909887
PIVOTS_TRAD_D_R1,ACCBM_20,0.9917527714164784
HWMA_0.2_0.1_0.1,PIVOTS_TRAD_D_R4,0.9917398599632794
HWMA_0.2_0.1_0.1,PIVOTS_TRAD_D_R3,0.9917398599632794
PIVOTS_TRAD_D_R3,HWM_1,0.9917398599632793
PIVOTS_TRAD_D_R4,HWM_1,0.9917398599632793
DEMA_10,DCM_20_20,0.9917394501279959
SWMA_10,PSARs_0.02_0.2,0.9917355858575909
MIDPRICE_2,DCM_20_20,0.9917304502703568
ALPHAT_14_1_50,DCU_20_20,0.9917116521185719
PSARl_0.02_0.2,VWMA_10,0.9917108578697824
HILOl_13_21,CKSPs_10_3_20,0.9917074210869612
MAMA_0.5_0.05,ACCBL_20,0.9917031160041856
Open,HWL_1,0.9916894399023278
SUPERT_7_3.0,CHDLREXTs_22_22_14_2.0,0.9916889088760029
Open,HWU_1,0.9916883491500129
Close,HWU_1,0.9916785781560655
OHLC4,HWL_1,0.9916726962576179
HILOs_13_21,SUPERT_7_3.0,0.9916673511278347
HWMA_0.2_0.1_0.1,BBU_5_2.0_2.0,0.9916602258699503
BBU_5_2.0_2.0,HWM_1,0.9916602258699502
PIVOTS_TRAD_D_S2,SINWMA_14,0.9916589831327813
VIDYA_14,CHDLREXTs_22_22_14_2.0,0.9916500383720732
SINWMA_14,CKSPs_10_3_20,0.9916492981175734
SSF3_20,DCU_20_20,0.9916465480706644
Low,HWL_1,0.9916445850162705
AGj_13_8_5,LDECAY_1,0.9916427634657783
PIVOTS_TRAD_D_S3,HWL_1,0.9916377491527814
PIVOTS_TRAD_D_S4,HWL_1,0.9916377491527814
PSARl_0.02_0.2,ACCBU_20,0.9916370830255093
HL2,HWL_1,0.9916333244379837
EMA_10,DCL_20_20,0.991626439173741
PIVOTS_TRAD_D_S4,KCLe_20_2,0.9916235122546195
PIVOTS_TRAD_D_S3,KCLe_20_2,0.9916235122546195
HWMA_0.2_0.1_0.1,SINWMA_14,0.9916217503210836
SINWMA_14,HWM_1,0.9916217503210834
T3_10_0.7,HWU_1,0.9916182357580833
AGl_13_8_5,SUPERT_7_3.0,0.9916153282688452
PIVOTS_TRAD_D_S3,PIVOTS_TRAD_D_R4,0.9916007057356734
PIVOTS_TRAD_D_S4,PIVOTS_TRAD_D_R4,0.9916007057356734
PIVOTS_TRAD_D_S3,PIVOTS_TRAD_D_R3,0.9916007057356734
PIVOTS_TRAD_D_S4,PIVOTS_TRAD_D_R3,0.9916007057356734
ABER_ZG_5_15,CHDLREXTl_22_22_14_2.0,0.9915995508533204
TRIMA_10,MEDIAN_30,0.9915942529962619
TRIMA_10,QTL_30_0.5,0.9915942529962619
HT_TL,PSARl_0.02_0.2,0.9915940320718316
HLC3,HWL_1,0.9915839862938769
HWL_1,VWAP_D,0.9915839862938768
ITS_9,DCL_20_20,0.9915835930779209
T3_10_0.7,DCU_20_20,0.9915696331986474
CHDLREXTs_22_22_14_2.0,KCUe_20_2,0.9915695902640845
VIDYA_14,BBU_5_2.0_2.0,0.9915662762511199
ITS_9,PSARl_0.02_0.2,0.991562620545913
BBL_5_2.0_2.0,HWU_1,0.9915514652119447
SUPERT_7_3.0,VWMA_10,0.9915478338342056
KAMA_10_2_30,PSARl_0.02_0.2,0.99154536341592
KAMA_10_2_30,PSARs_0.02_0.2,0.9915432119778994
WCP,HWL_1,0.9915423818721123
BBL_5_2.0_2.0,KCBe_20_2,0.9915383565645962
ALPHAT_14_1_50,DCL_20_20,0.991534403611413
ALMA_9_6.0_0.85,CHDLREXTl_22_22_14_2.0,0.9915331732775016
ITS_9,SUPERT_7_3.0,0.9915329446226586
HILOl_13_21,KCLe_20_2,0.9915321766592404
HILOs_13_21,SMMA_7,0.9915314272393871
LDECAY_1,HWL_1,0.9915126298047324
T3_10_0.7,QTL_30_0.5,0.9915091223714606
T3_10_0.7,MEDIAN_30,0.9915091223714606
MIDPOINT_2,DCM_20_20,0.9915068298983616
SWMA_10,DCU_20_20,0.9914948637006344
High,DCM_20_20,0.9914928701989126
ZL_EMA_10,DCM_20_20,0.9914887091751193
IKS_26,BBU_5_2.0_2.0,0.9914876293501325
BBM_5_2.0_2.0,CHDLREXTl_22_22_14_2.0,0.9914784264956864
PIVOTS_TRAD_D_R2,HWL_1,0.9914512088609521
EMA_10,PSARs_0.02_0.2,0.9914349591502619
DCL_20_20,VWMA_10,0.9914292965690784
CKSPs_10_3_20,CHDLREXTl_22_22_14_2.0,0.9914282601981997
KAMA_10_2_30,CKSPl_10_3_20,0.9914272431704826
SMA_10,MEDIAN_30,0.9914245079235082
SMA_10,QTL_30_0.5,0.9914245079235082
SINWMA_14,CKSPl_10_3_20,0.9914198529737199
PSARs_0.02_0.2,VWMA_10,0.9914086081194261
ALPHATl_14_1_50_2,CKSPs_10_3_20,0.991393792694039
PWMA_10,CHDLREXTs_22_22_14_2.0,0.9913920664795949
DCU_20_20,VWMA_10,0.9913795169897968
MAMA_0.5_0.05,ATRTSe_14_20_3.0,0.9913748411501617
High,HWL_1,0.9913541701162797
PWMA_10,PSARs_0.02_0.2,0.9913507447597668
IKS_26,ABER_ZG_5_15,0.9913503732293152
Close,HWL_1,0.9913500702512292
PWMA_10,SUPERT_7_3.0,0.991340410138614
DEMA_10,ACCBL_20,0.9913345750154728
PIVOTS_TRAD_D_S4,PWMA_10,0.9913197572775702
PIVOTS_TRAD_D_S3,PWMA_10,0.9913197572775702
ITS_9,DCU_20_20,0.9913178956341728
AGl_13_8_5,DCL_20_20,0.991316369305159
SSF3_20,MEDIAN_30,0.9913149622301999
SSF3_20,QTL_30_0.5,0.9913149622301999
DEMA_10,ACCBM_20,0.9913123738654557
JMA_7_0.0,ACCBM_20,0.9913022685802776
SMA_10,DCL_20_20,0.9912954715386056
HILOl_13_21,SMMA_7,0.9912949625536889
SSF_20,HWU_1,0.9912851744351714
IKS_26,ALMA_9_6.0_0.85,0.9912795217207021
HILOs_13_21,DCL_20_20,0.9912711811757465
FAMA_0.5_0.05,DCL_20_20,0.9912654204815581
KAMA_10_2_30,CKSPs_10_3_20,0.9912614332334192
PIVOTS_TRAD_D_R2,ACCBL_20,0.9912556143171557
Low,SINWMA_14,0.9912431517339348
FAMA_0.5_0.05,MEDIAN_30,0.991233118584156
FAMA_0.5_0.05,QTL_30_0.5,0.991233118584156
ALPHATl_14_1_50_2,HWL_1,0.9912313854062855
Low,HWU_1,0.9912241758502613
AGj_13_8_5,DCL_20_20,0.991218977793052
PIVOTS_TRAD_D_R1,ATRTSe_14_20_3.0,0.9912153002342153
IKS_26,BBM_5_2.0_2.0,0.9912109781872882
WMA_10,CHDLREXTs_22_22_14_2.0,0.9912106015928687
ACCBL_20,DCU_20_20,0.9912080598255192
ITS_9,PSARs_0.02_0.2,0.9912079147242966
AGt_13_8_5,PIVOTS_TRAD_D_S4,0.9912037143605263
AGt_13_8_5,PIVOTS_TRAD_D_S3,0.9912037143605263
HILO_13_21,PIVOTS_TRAD_D_R4,0.9912022529191
HILO_13_21,PIVOTS_TRAD_D_R3,0.9912022529191
PIVOTS_TRAD_D_S2,HWU_1,0.9911997176394605
AGl_13_8_5,QTL_30_0.5,0.9911847191266985
AGl_13_8_5,MEDIAN_30,0.9911847191266985
FWMA_10,CHDLREXTl_22_22_14_2.0,0.991177232382423
TRIMA_10,DCL_20_20,0.991174200080441
LDECAY_1,DCM_20_20,0.9911688973919676
FAMA_0.5_0.05,PSARs_0.02_0.2,0.9911596957713413
HT_TL,BBU_5_2.0_2.0,0.9911577992977536
PIVOTS_TRAD_D_S4,BBU_5_2.0_2.0,0.9911571859810538
PIVOTS_TRAD_D_S3,BBU_5_2.0_2.0,0.9911571859810538
PIVOTS_TRAD_D_R3,HWU_1,0.9911520356638601
PIVOTS_TRAD_D_R4,HWU_1,0.9911520356638601
Open,AGj_13_8_5,0.9911518368709356
ABER_SG_5_15,DCU_20_20,0.9911314877702966
CKSPl_10_3_20,ACCBL_20,0.9911238834268371
VIDYA_14,PSARs_0.02_0.2,0.9911209857388672
BBU_5_2.0_2.0,HWU_1,0.9911191424567096
HILOs_13_21,SSF_20,0.9911143320903631
SSF_20,CKSPs_10_3_20,0.9911122481197611
PIVOTS_TRAD_D_R2,CHDLREXTl_22_22_14_2.0,0.991109367820484
AGj_13_8_5,OHLC4,0.9910985687091032
AGj_13_8_5,PIVOTS_TRAD_D_S1,0.9910976878652912
KAMA_10_2_30,DCL_20_20,0.9910905275201944
PIVOTS_TRAD_D_P,ACCBM_20,0.991086209483407
HILO_13_21,PIVOTS_TRAD_D_R2,0.9910804033015335
FAMA_0.5_0.05,PSARl_0.02_0.2,0.9910757576403698
PIVOTS_TRAD_D_R1,ACCBL_20,0.991068049542973
AGj_13_8_5,HL2,0.991066428617481
AGt_13_8_5,HWMA_0.2_0.1_0.1,0.9910496095715075
AGt_13_8_5,HWM_1,0.9910496095715075
PIVOTS_TRAD_D_S3,TRIMA_10,0.9910335230291528
PIVOTS_TRAD_D_S4,TRIMA_10,0.9910335230291528
PSARs_0.02_0.2,ATRTSe_14_20_3.0,0.9910284530202963
JMA_7_0.0,ACCBL_20,0.9910274723059935
JMA_7_0.0,KCUe_20_2,0.991023439277503
EMA_10,PSARl_0.02_0.2,0.99102255511926
ABER_ZG_5_15,ACCBU_20,0.9910139942218891
TOS_STDEVALL_U_1,AD,0.991013010524262
TOS_STDEVALL_LR,AD,0.9910130105242618
TOS_STDEVALL_L_3,AD,0.9910130105242618
TOS_STDEVALL_L_2,AD,0.9910130105242618
TOS_STDEVALL_U_2,AD,0.9910130105242616
TOS_STDEVALL_L_1,AD,0.9910130105242614
TOS_STDEVALL_U_3,AD,0.9910130105242612
ABER_XG_5_15,ATRTSe_14_20_3.0,0.9910039285206015
AGj_13_8_5,VWAP_D,0.9909977477756335
AGj_13_8_5,HLC3,0.9909977477756335
IKS_26,FWMA_10,0.990955302202243
ALMA_9_6.0_0.85,ACCBU_20,0.9909518272255211
AGj_13_8_5,HMA_10,0.9909505030697576
AGj_13_8_5,WCP,0.9909464896471455
High,KCUe_20_2,0.9909444439645126
SSF3_20,DCL_20_20,0.9909407679627898
HT_TL,ABER_SG_5_15,0.9909343325871197
SWMA_10,DCL_20_20,0.9909089356856804
Open,DCM_20_20,0.9909059661365439
HILOs_13_21,CHDLREXTl_22_22_14_2.0,0.9908844858466136
PWMA_10,DCU_20_20,0.9908752957834714
SMMA_7,HWL_1,0.9908749372585506
ACCBU_20,BBM_5_2.0_2.0,0.9908645729894163
PIVOTS_TRAD_D_P,ACCBL_20,0.9908635260870989
OHLC4,DCM_20_20,0.9908565132463996
PIVOTS_TRAD_D_S4,SSF_20,0.990855111941804
PIVOTS_TRAD_D_S3,SSF_20,0.990855111941804
AGl_13_8_5,PSARs_0.02_0.2,0.9908526833610247
PIVOTS_TRAD_D_S1,DCM_20_20,0.9908514042502008
SWMA_10,QTL_30_0.5,0.9908371183310833
SWMA_10,MEDIAN_30,0.9908371183310833
HILOl_13_21,SSF_20,0.9908357131939153
HL2,DCM_20_20,0.9908336206127826
MIDPRICE_2,ACCBM_20,0.9908270677309439
PSARl_0.02_0.2,KCUe_20_2,0.9908109187787499
PSARs_0.02_0.2,DCL_20_20,0.9907967966105519
PIVOTS_TRAD_D_R4,DCU_20_20,0.9907771583922379
PIVOTS_TRAD_D_R3,DCU_20_20,0.9907771583922379
HLC3,DCM_20_20,0.9907569827187106
DCM_20_20,VWAP_D,0.9907569827187105
SSF_20,CKSPl_10_3_20,0.9907480110921256
EMA_10,CKSPs_10_3_20,0.9907425499020847
PIVOTS_TRAD_D_P,KCUe_20_2,0.9907341550652042
PIVOTS_TRAD_D_S4,ALPHATl_14_1_50_2,0.9907320363190553
PIVOTS_TRAD_D_S3,ALPHATl_14_1_50_2,0.9907320363190553
JMA_7_0.0,ATRTSe_14_20_3.0,0.9907318005598934
Close,AGj_13_8_5,0.9907252912435909
ALPHATl_14_1_50_2,CKSPl_10_3_20,0.9907146244245085
BBL_5_2.0_2.0,BBU_5_2.0_2.0,0.9907142460255504
ABER_XG_5_15,KCUe_20_2,0.9907042978595633
HILO_13_21,MAMA_0.5_0.05,0.9907030477813009
WCP,DCM_20_20,0.9907017533148115
ZL_EMA_10,ACCBM_20,0.9906985001798811
AGj_13_8_5,LINREG_14,0.9906981385819426
VIDYA_14,ABER_ZG_5_15,0.990679317802483
HILOs_13_21,ALPHATl_14_1_50_2,0.9906757309878079
DEMA_10,KCUe_20_2,0.9906669045061078
High,ACCBM_20,0.9906514662188948
PIVOTS_TRAD_D_R2,ACCBU_20,0.9906376884923803
PIVOTS_TRAD_D_R3,ACCBL_20,0.9906291260841282
PIVOTS_TRAD_D_R4,ACCBL_20,0.9906291260841282
CHDLREXTl_22_22_14_2.0,CHDLREXTs_22_22_14_2.0,0.9906197628912515
HILOl_13_21,CHDLREXTs_22_22_14_2.0,0.9906178448970088
CKSPl_10_3_20,KCLe_20_2,0.9906177032857973
ALMA_9_6.0_0.85,VIDYA_14,0.9906142569092227
IKS_26,PIVOTS_TRAD_D_R3,0.990610271400133
IKS_26,PIVOTS_TRAD_D_R4,0.990610271400133
MIDPOINT_2,ACCBM_20,0.9906074331734145
MIDPRICE_2,KCUe_20_2,0.9905807534068055
LDECAY_1,KCUe_20_2,0.9905694172624091
SMMA_7,HWU_1,0.9905621495125114
MEDIAN_30,VWMA_10,0.9905600481879654
QTL_30_0.5,VWMA_10,0.9905600481879654
VIDYA_14,BBM_5_2.0_2.0,0.9905408557598996
KAMA_10_2_30,HWL_1,0.9905334151725674
AGj_13_8_5,TEMA_10,0.9905297368433147
WMA_10,DCU_20_20,0.9905285739118225
PIVOTS_TRAD_D_P,ATRTSe_14_20_3.0,0.9905250581716937
MIDPRICE_2,ACCBL_20,0.9905183605289887
DCU_20_20,KCLe_20_2,0.9905140748152179
HILO_13_21,PIVOTS_TRAD_D_R1,0.9905128325279947
SINWMA_14,HWL_1,0.9905016311872484
ALPHATl_14_1_50_2,HWU_1,0.9904859684777668
HMA_10,DCM_20_20,0.99048376454075
ZL_EMA_10,KCUe_20_2,0.9904777598779803
Close,DCM_20_20,0.9904686716383332
IKS_26,PIVOTS_TRAD_D_R2,0.9904572063357723
ZL_EMA_10,ACCBL_20,0.990456115608462
ITS_9,MEDIAN_30,0.9904537255055811
ITS_9,QTL_30_0.5,0.9904537255055811
FWMA_10,ACCBU_20,0.9904501543394534
AGl_13_8_5,PSARl_0.02_0.2,0.9904432861716799
LDECAY_1,ACCBM_20,0.9904373790611202
MIDPOINT_2,KCUe_20_2,0.9904252924126705
ALPHAT_14_1_50,PSARs_0.02_0.2,0.9904239188137091
PIVOTS_TRAD_D_S4,SSF3_20,0.9904205719404736
PIVOTS_TRAD_D_S3,SSF3_20,0.9904205719404736
PIVOTS_TRAD_D_R3,VIDYA_14,0.990415027679549
PIVOTS_TRAD_D_R4,VIDYA_14,0.990415027679549
ABER_XG_5_15,DCL_20_20,0.9904077066213416
HILOl_13_21,ALPHATl_14_1_50_2,0.9904026763323264
PWMA_10,DCL_20_20,0.9903878520315971
MAMA_0.5_0.05,CHDLREXTl_22_22_14_2.0,0.9903855932151144
MIDPRICE_2,ATRTSe_14_20_3.0,0.9903839268129236
WMA_10,DCL_20_20,0.9903496198696303
High,ATRTSe_14_20_3.0,0.9903296599121185
EMA_10,CKSPl_10_3_20,0.9903099355646026
HT_TL,DCL_20_20,0.9903016009374827
IKS_26,PSARl_0.02_0.2,0.9902951462960697
KAMA_10_2_30,HWU_1,0.9902893091695004
IKS_26,ABER_XG_5_15,0.9902704686662637
PIVOTS_TRAD_D_R1,CHDLREXTl_22_22_14_2.0,0.9902608238636786
SUPERT_7_3.0,WMA_10,0.9902498555100979
MIDPOINT_2,ACCBL_20,0.9902478029738156
MIDPOINT_2,ATRTSe_14_20_3.0,0.9902301506061592
MCGD_10,PIVOTS_TRAD_D_S3,0.9902093048247573
MCGD_10,PIVOTS_TRAD_D_S4,0.9902093048247573
ALPHAT_14_1_50,PSARl_0.02_0.2,0.9902010470696336
ZL_EMA_10,ATRTSe_14_20_3.0,0.9901770359115443
HWL_1,KCLe_20_2,0.9901745158393246
FWMA_10,VIDYA_14,0.9901648892005476
PWMA_10,QTL_30_0.5,0.990164789749659
PWMA_10,MEDIAN_30,0.990164789749659
HT_TL,ABER_ZG_5_15,0.9901560523039747
IKS_26,MAMA_0.5_0.05,0.9901485188280416
MEDIAN_30,ALPHAT_14_1_50,0.9901440838903246
QTL_30_0.5,ALPHAT_14_1_50,0.9901440838903246
PIVOTS_TRAD_D_S1,ACCBL_20,0.9901406623841358
AGl_13_8_5,CKSPs_10_3_20,0.9901275913331606
SUPERT_7_3.0,PSARs_0.02_0.2,0.9901245742581638
ALMA_9_6.0_0.85,HT_TL,0.9901232367682369
DEMA_10,ATRTSe_14_20_3.0,0.9900917805652877
DEMA_10,HILO_13_21,0.9900869197026078
TRIMA_10,CKSPs_10_3_20,0.9900778554433578
MEDIAN_30,PSARl_0.02_0.2,0.9900757174504001
QTL_30_0.5,PSARl_0.02_0.2,0.9900757174504001
HILOl_13_21,KAMA_10_2_30,0.9900711567451933
HILO_13_21,JMA_7_0.0,0.9900699063793278
SMA_10,CKSPs_10_3_20,0.9900693213096254
FAMA_0.5_0.05,CKSPs_10_3_20,0.9900657286695438
PSARl_0.02_0.2,ATRTSe_14_20_3.0,0.9900566330060657
HILOs_13_21,T3_10_0.7,0.990036917232795
HT_TL,BBM_5_2.0_2.0,0.989995042940348
HILOs_13_21,TRIMA_10,0.9899855339104273
ACCBL_20,BBL_5_2.0_2.0,0.9899828308999705
Low,AGj_13_8_5,0.9899763526281902
HILOs_13_21,KAMA_10_2_30,0.9899466273057831
LDECAY_1,ATRTSe_14_20_3.0,0.989938005212782
HILO_13_21,PIVOTS_TRAD_D_P,0.9899306347994035
AGj_13_8_5,PIVOTS_TRAD_D_S2,0.9899205195747713
PIVOTS_TRAD_D_S1,ACCBM_20,0.9899101184424367
HILOl_13_21,T3_10_0.7,0.9899041916861273
TEMA_10,DCM_20_20,0.989902212357177
Low,DCM_20_20,0.9899006242277268
IKS_26,PIVOTS_TRAD_D_R1,0.9898939475554346
Open,ACCBM_20,0.9898899327059828
LINREG_14,DCM_20_20,0.9898835041943749
ALPHAT_14_1_50,CKSPs_10_3_20,0.9898652653707999
PIVOTS_TRAD_D_R2,VIDYA_14,0.9898623406178289
ABER_ZG_5_15,CHDLREXTs_22_22_14_2.0,0.9898595229713959
ABER_XG_5_15,CHDLREXTl_22_22_14_2.0,0.9898423792193521
OHLC4,ACCBM_20,0.9898350089454544
PSARl_0.02_0.2,DCU_20_20,0.9898266832337075
PIVOTS_TRAD_D_S2,DCM_20_20,0.9898165870003705
ABER_XG_5_15,CHDLREXTs_22_22_14_2.0,0.9898147510153684
CKSPl_10_3_20,CKSPs_10_3_20,0.9898063978651696
HILOs_13_21,SSF3_20,0.9898048961524104
HL2,ACCBM_20,0.9898039834537309
ALMA_9_6.0_0.85,CHDLREXTs_22_22_14_2.0,0.9897970196304644
High,ACCBL_20,0.9897899958072548
PSARs_0.02_0.2,CHDLREXTl_22_22_14_2.0,0.9897837067480896
SINWMA_14,HWU_1,0.9897795116828583
LDECAY_1,ACCBL_20,0.9897784378051984
HWMA_0.2_0.1_0.1,KCLe_20_2,0.989777338515832
HWM_1,KCLe_20_2,0.989777338515832
VIDYA_14,PSARl_0.02_0.2,0.9897650951533841
PIVOTS_TRAD_D_R4,HT_TL,0.9897619883396068
PIVOTS_TRAD_D_R3,HT_TL,0.9897619883396068
Open,KCUe_20_2,0.9897365654440121
OHLC4,KCUe_20_2,0.9897350046402154
HLC3,ACCBM_20,0.9897337427884889
ACCBM_20,VWAP_D,0.9897337427884889
BBM_5_2.0_2.0,CHDLREXTs_22_22_14_2.0,0.9897167136008491
ITS_9,CKSPs_10_3_20,0.9897058513544086
HL2,KCUe_20_2,0.9897003898473449
AGt_13_8_5,HWL_1,0.9896844794058823
WCP,ACCBM_20,0.9896817269754762
JMA_7_0.0,CHDLREXTl_22_22_14_2.0,0.9896629221453218
SUPERT_7_3.0,PSARl_0.02_0.2,0.9896518885384713
KCUe_20_2,VWAP_D,0.9896515115259743
HLC3,KCUe_20_2,0.9896515115259743
EMA_10,HILOs_13_21,0.9896431239400473
AGl_13_8_5,CKSPl_10_3_20,0.9896322516919434
FAMA_0.5_0.05,CKSPl_10_3_20,0.9896239804171785
SSF3_20,CKSPs_10_3_20,0.9896204588389206
WCP,KCUe_20_2,0.9896101698772483
Open,ATRTSe_14_20_3.0,0.989600495523334
HILOs_13_21,SMA_10,0.9895970854368912
TRIMA_10,CKSPl_10_3_20,0.9895966325734515
WMA_10,PSARs_0.02_0.2,0.9895832238028863
CKSPs_10_3_20,VWMA_10,0.9895728000473434
SMA_10,CKSPl_10_3_20,0.9895715136490575
SWMA_10,CKSPs_10_3_20,0.9895643437971294
OHLC4,ATRTSe_14_20_3.0,0.9895642195246863
HMA_10,ACCBM_20,0.989558364765791
Open,ACCBL_20,0.9895427972307655
HL2,ATRTSe_14_20_3.0,0.9895334971086253
PIVOTS_TRAD_D_S3,T3_10_0.7,0.9895297475498471
PIVOTS_TRAD_D_S4,T3_10_0.7,0.9895297475498471
IKS_26,JMA_7_0.0,0.9895262898916316
PIVOTS_TRAD_D_R1,ACCBU_20,0.9895240265438988
FWMA_10,HT_TL,0.9895205372618088
MAMA_0.5_0.05,ACCBU_20,0.9894902941650773
BBL_5_2.0_2.0,DCM_20_20,0.9894752546076357
ATRTSe_14_20_3.0,VWAP_D,0.9894691839546914
HLC3,ATRTSe_14_20_3.0,0.9894691839546914
High,CHDLREXTl_22_22_14_2.0,0.9894691462420424
HMA_10,KCUe_20_2,0.9894690059012716
Close,ACCBM_20,0.9894583444449421
AGt_13_8_5,HWU_1,0.9894492559444035
FWMA_10,CHDLREXTs_22_22_14_2.0,0.9894370372221145
HILO_13_21,MIDPRICE_2,0.989424879296077
HILOl_13_21,TRIMA_10,0.9894240849313263
WMA_10,PSARl_0.02_0.2,0.9894214206193391
OHLC4,ACCBL_20,0.9894204392504213
WCP,ATRTSe_14_20_3.0,0.9894201340863511
Close,KCUe_20_2,0.9894187774750636
PIVOTS_TRAD_D_S2,ACCBL_20,0.9894179938790465
HL2,ACCBL_20,0.9893907834037862
PIVOTS_TRAD_D_S1,ATRTSe_14_20_3.0,0.9893845578270644
PIVOTS_TRAD_D_P,CHDLREXTl_22_22_14_2.0,0.9893671666624712
HILO_13_21,ZL_EMA_10,0.9893657189293434
HMA_10,ACCBL_20,0.9893598856437722
AGj_13_8_5,BBL_5_2.0_2.0,0.9893553534514524
LINREG_14,ACCBL_20,0.9893433001378923
PIVOTS_TRAD_D_R4,HWL_1,0.9893397831117425
PIVOTS_TRAD_D_R3,HWL_1,0.9893397831117425
LINREG_14,ACCBM_20,0.9893277811672913
HILOl_13_21,SSF3_20,0.9893131541404799
ABER_SG_5_15,CHDLREXTs_22_22_14_2.0,0.9893023116007953
MAMA_0.5_0.05,VIDYA_14,0.9892984034885972
HLC3,ACCBL_20,0.9892967588316351
ACCBL_20,VWAP_D,0.9892967588316351
MIDPRICE_2,CHDLREXTl_22_22_14_2.0,0.9892837981554363
T3_10_0.7,CKSPs_10_3_20,0.9892805509595465
IKS_26,PIVOTS_TRAD_D_P,0.989276470503331
HILOs_13_21,CKSPl_10_3_20,0.9892620896176912
PIVOTS_TRAD_D_S4,RMA_10,0.9892574866515204
PIVOTS_TRAD_D_S3,RMA_10,0.9892574866515204
PIVOTS_TRAD_D_R2,DCU_20_20,0.98924386461947
HMA_10,ATRTSe_14_20_3.0,0.9892367336107476
WCP,ACCBL_20,0.9892328679044553
BBU_5_2.0_2.0,HWL_1,0.9892127105368833
Close,ATRTSe_14_20_3.0,0.9892056568865405
HILOs_13_21,SWMA_10,0.9891928675911806
SUPERT_7_3.0,ABER_SG_5_15,0.9891832627411994
ABER_ZG_5_15,DCL_20_20,0.9891812642472461
PIVOTS_TRAD_D_R2,HT_TL,0.989176724923032
LDECAY_1,CHDLREXTl_22_22_14_2.0,0.9891763892284154
PIVOTS_TRAD_D_S1,KCUe_20_2,0.9891672963872076
LINREG_14,KCUe_20_2,0.9891651473639718
HILO_13_21,MIDPOINT_2,0.9891609599582553
WMA_10,QTL_30_0.5,0.9891507825989806
WMA_10,MEDIAN_30,0.9891507825989806
IKS_26,MIDPRICE_2,0.9891408723294066
SSF3_20,CKSPl_10_3_20,0.9891294740876018
ALMA_9_6.0_0.85,DCL_20_20,0.9891256117370106
PIVOTS_TRAD_D_S3,HWU_1,0.9890996583283714
PIVOTS_TRAD_D_S4,HWU_1,0.9890996583283714
MCGD_10,HWM_1,0.9890929800169648
HWMA_0.2_0.1_0.1,MCGD_10,0.9890929800169648
EMA_10,HILOl_13_21,0.9890881884853063
TEMA_10,KCUe_20_2,0.9890868536067274
PIVOTS_TRAD_D_R1,VIDYA_14,0.9890846758757784
ISA_9,ISB_26,0.9890836034779428
DEMA_10,CHDLREXTl_22_22_14_2.0,0.9890809638565297
HILOs_13_21,FAMA_0.5_0.05,0.9890749250475245
MIDPOINT_2,CHDLREXTl_22_22_14_2.0,0.9890714579506776
BBM_5_2.0_2.0,DCL_20_20,0.9890458000916063
ZL_EMA_10,CHDLREXTl_22_22_14_2.0,0.9890300648253629
ATRTSe_14_20_3.0,DCL_20_20,0.9890254706350298
ALPHAT_14_1_50,CKSPl_10_3_20,0.989020535791927
CKSPs_10_3_20,DCU_20_20,0.9890162900326297
SWMA_10,CKSPl_10_3_20,0.9890110021027606
HILOl_13_21,SMA_10,0.9889983521596171
TEMA_10,ACCBM_20,0.9889929749978837
High,IKS_26,0.9889909706652743
ABER_ZG_5_15,DCU_20_20,0.9889849569505731
Close,ACCBL_20,0.9889739320895689
High,HILO_13_21,0.9889584473564846
PWMA_10,CKSPs_10_3_20,0.9889518313895014
CKSPl_10_3_20,VWMA_10,0.988922925380635
IKS_26,MIDPOINT_2,0.9889144868294606
ALMA_9_6.0_0.85,DCU_20_20,0.9889081128150362
AGl_13_8_5,HILOs_13_21,0.9888793481632727
VIDYA_14,ABER_XG_5_15,0.9888687727005491
BBM_5_2.0_2.0,DCU_20_20,0.9888668896999127
TEMA_10,ATRTSe_14_20_3.0,0.9888662326697633
SUPERT_7_3.0,BBU_5_2.0_2.0,0.9888645256744891
HILOl_13_21,PSARs_0.02_0.2,0.9888364640482525
HILO_13_21,PIVOTS_TRAD_D_S1,0.9888240111700742
PIVOTS_TRAD_D_S4,KCBe_20_2,0.9887866066201775
PIVOTS_TRAD_D_S3,KCBe_20_2,0.9887866066201775
IKS_26,ZL_EMA_10,0.9887830215751048
ITS_9,CKSPl_10_3_20,0.9887784360100863
T3_10_0.7,CKSPl_10_3_20,0.9887784244332705
TEMA_10,ACCBL_20,0.9887695143956519
HILOs_13_21,DCU_20_20,0.9887579373575156
HT_TL,ABER_XG_5_15,0.9887577020565349
ABER_XG_5_15,ACCBU_20,0.9887567251928331
FWMA_10,DCL_20_20,0.9887559172384909
PIVOTS_TRAD_D_S2,ACCBM_20,0.9887206353359362
Low,ACCBL_20,0.9887198988033454
HWMA_0.2_0.1_0.1,RMA_10,0.9887062446716576
RMA_10,HWM_1,0.9887062446716576
LINREG_14,ATRTSe_14_20_3.0,0.9886868999543361
HILOs_13_21,VWMA_10,0.9886838313149373
Low,ACCBM_20,0.988681816240851
HILO_13_21,LDECAY_1,0.9886689085598982
HILOs_13_21,PWMA_10,0.9886618573785688
MEDIAN_30,BBU_5_2.0_2.0,0.9886320449662304
QTL_30_0.5,BBU_5_2.0_2.0,0.9886320449662304
JMA_7_0.0,ACCBU_20,0.9886270704118456
IKS_26,DEMA_10,0.9886264550189172
PIVOTS_TRAD_D_S3,SINWMA_14,0.9886151063588471
PIVOTS_TRAD_D_S4,SINWMA_14,0.9886151063588471
ITS_9,HILOs_13_21,0.9886082729327379
MAMA_0.5_0.05,CHDLREXTs_22_22_14_2.0,0.9886060266636333
FWMA_10,DCU_20_20,0.9885966028012725
IKS_26,LDECAY_1,0.988591636624702
High,ACCBU_20,0.9885752337211146
BBL_5_2.0_2.0,DCL_20_20,0.988559919907706
ACCBM_20,BBL_5_2.0_2.0,0.9885542332172438
CKSPl_10_3_20,PSARl_0.02_0.2,0.9885511958124688
JMA_7_0.0,VIDYA_14,0.9885499522740044
MAMA_0.5_0.05,HT_TL,0.9885141135616297
SUPERT_7_3.0,ABER_ZG_5_15,0.9884949839095288
CKSPl_10_3_20,BBU_5_2.0_2.0,0.9884916301499455
Open,CHDLREXTl_22_22_14_2.0,0.9884764979876943
WMA_10,CKSPs_10_3_20,0.988464115358319
Low,ATRTSe_14_20_3.0,0.9884630554129111
OHLC4,CHDLREXTl_22_22_14_2.0,0.9884502955523221
HILOl_13_21,SWMA_10,0.9884469596666766
HILOl_13_21,FAMA_0.5_0.05,0.9884247985180963
HL2,CHDLREXTl_22_22_14_2.0,0.9884243056416913
ALMA_9_6.0_0.85,SUPERT_7_3.0,0.9884239503903629
Open,HILO_13_21,0.9884192309057361
PIVOTS_TRAD_D_P,ACCBU_20,0.9883861373721479
PIVOTS_TRAD_D_R1,HT_TL,0.9883831491484919
PWMA_10,CKSPl_10_3_20,0.9883609487563886
CHDLREXTl_22_22_14_2.0,VWAP_D,0.9883587068809934
HLC3,CHDLREXTl_22_22_14_2.0,0.9883587068809934
Open,IKS_26,0.9883317088749335
WCP,CHDLREXTl_22_22_14_2.0,0.9883090337033105
DEMA_10,ACCBU_20,0.9883012279330021
PIVOTS_TRAD_D_P,VIDYA_14,0.9882775129650617
SUPERT_7_3.0,BBM_5_2.0_2.0,0.9882760389029888
IKS_26,OHLC4,0.9882650299230935
HILO_13_21,HMA_10,0.9882630156418208
HILO_13_21,LINREG_14,0.988259278427061
PSARs_0.02_0.2,DCU_20_20,0.9882497749070701
MCGD_10,HWL_1,0.9882457719903888
IKS_26,HL2,0.9882430505710866
HILO_13_21,OHLC4,0.988240760341064
QTL_30_0.5,ABER_SG_5_15,0.9882268029057208
MEDIAN_30,ABER_SG_5_15,0.9882268029057208
PIVOTS_TRAD_D_R2,CHDLREXTs_22_22_14_2.0,0.9882215192341681
HILO_13_21,HL2,0.9882109283086704
AGl_13_8_5,HILOl_13_21,0.9882072034972962
MIDPRICE_2,ACCBU_20,0.9881983682998698
High,VIDYA_14,0.9881882728225749
JMA_7_0.0,CHDLREXTs_22_22_14_2.0,0.9881837100455305
Low,KCUe_20_2,0.9881791140287421
IKS_26,PIVOTS_TRAD_D_S1,0.9881744425019994
PIVOTS_TRAD_D_S2,ATRTSe_14_20_3.0,0.9881715884080181
IKS_26,VWAP_D,0.9881599820518995
IKS_26,HLC3,0.9881599820518995
HWM_1,KCBe_20_2,0.9881311531465963
HWMA_0.2_0.1_0.1,KCBe_20_2,0.9881311531465963
MIDPRICE_2,VIDYA_14,0.9881220844345854
LDECAY_1,ACCBU_20,0.9881209338619208
HILOs_13_21,ALPHAT_14_1_50,0.9881186280815408
IKS_26,WCP,0.9881015842734789
HILO_13_21,VWAP_D,0.9880984988028524
HILO_13_21,HLC3,0.9880984988028524
HILOl_13_21,VWMA_10,0.9880932771482205
Close,CHDLREXTl_22_22_14_2.0,0.9880927645502762
PIVOTS_TRAD_D_R1,CHDLREXTs_22_22_14_2.0,0.9880747826651113
SUPERT_7_3.0,DCL_20_20,0.9880369775563567
HILO_13_21,WCP,0.9880254331464055
HMA_10,CHDLREXTl_22_22_14_2.0,0.9880143483966844
MIDPOINT_2,ACCBU_20,0.9879981913040456
PIVOTS_TRAD_D_R1,DCU_20_20,0.9879851834695342
PIVOTS_TRAD_D_S1,CHDLREXTl_22_22_14_2.0,0.987976631312853
ZL_EMA_10,ACCBU_20,0.9879715968923689
DEMA_10,VIDYA_14,0.9879662626008933
PSARs_0.02_0.2,ABER_SG_5_15,0.9879526380944369
MAMA_0.5_0.05,DCL_20_20,0.987952481861383
BBU_5_2.0_2.0,CHDLREXTs_22_22_14_2.0,0.9879326101623855
VIDYA_14,ZL_EMA_10,0.9879185122351509
MIDPOINT_2,VIDYA_14,0.9879090928558175
ITS_9,HILOl_13_21,0.9879084390569814
PIVOTS_TRAD_D_P,CHDLREXTs_22_22_14_2.0,0.9878822383785332
PSARs_0.02_0.2,BBU_5_2.0_2.0,0.9878690913999146
Close,IKS_26,0.9878591859139519
PIVOTS_TRAD_D_R4,SUPERT_7_3.0,0.9878543106641163
PIVOTS_TRAD_D_R3,SUPERT_7_3.0,0.9878543106641163
QTL_30_0.5,DCL_20_20,0.9878146053645659
MEDIAN_30,DCL_20_20,0.9878146053645659
MAMA_0.5_0.05,DCU_20_20,0.9878017149222331
WMA_10,CKSPl_10_3_20,0.9877970989649395
HILOl_13_21,PWMA_10,0.9877959447924639
VIDYA_14,LDECAY_1,0.9877816914584087
IKS_26,HMA_10,0.9877753782950671
Close,HILO_13_21,0.9877390875296258
HILO_13_21,PIVOTS_TRAD_D_S2,0.9877203117517607
MIDPRICE_2,CHDLREXTs_22_22_14_2.0,0.9877151315845195
FWMA_10,SUPERT_7_3.0,0.9877028070806635
JMA_7_0.0,DCL_20_20,0.9876856046058967
JMA_7_0.0,HT_TL,0.987678713288769
CKSPl_10_3_20,ABER_SG_5_15,0.9876410466209412
HILO_13_21,BBL_5_2.0_2.0,0.9876035357214678
HILO_13_21,TEMA_10,0.9876031222999111
HILOl_13_21,ALPHAT_14_1_50,0.9875905387331811
HILOs_13_21,SUPERTs_7_3.0,0.9875790468722978
PIVOTS_TRAD_D_P,HT_TL,0.987559616353197
PIVOTS_TRAD_D_S2,KCUe_20_2,0.9875582238711715
DEMA_10,CHDLREXTs_22_22_14_2.0,0.9875580003706758
PIVOTS_TRAD_D_R4,CHDLREXTs_22_22_14_2.0,0.9875459898833068
PIVOTS_TRAD_D_R3,CHDLREXTs_22_22_14_2.0,0.9875459898833068
PSARs_0.02_0.2,ABER_ZG_5_15,0.9875398996941809
DEC_1,INC_1,0.9875068976851262
DEMA_10,DCL_20_20,0.9874927178128655
TEMA_10,CHDLREXTl_22_22_14_2.0,0.9874817053523701
ALMA_9_6.0_0.85,PSARs_0.02_0.2,0.9874647952519354
MIDPOINT_2,CHDLREXTs_22_22_14_2.0,0.98743753209824
SUPERTs_7_3.0,CKSPs_10_3_20,0.987431720423169
LINREG_14,CHDLREXTl_22_22_14_2.0,0.9874245522020229
ZL_EMA_10,CHDLREXTs_22_22_14_2.0,0.9873964141894453
PIVOTS_TRAD_D_R2,SUPERT_7_3.0,0.9873732041779754
ABER_SG_5_15,DCL_20_20,0.9873700675121607
PIVOTS_TRAD_D_P,DCL_20_20,0.9873397851307087
CKSPl_10_3_20,CHDLREXTs_22_22_14_2.0,0.9873241894321448
Open,ACCBU_20,0.9873089741308502
High,DCU_20_20,0.9873058983291452
PSARs_0.02_0.2,BBM_5_2.0_2.0,0.9873028856974929
OHLC4,ACCBU_20,0.9872906707936011
Open,VIDYA_14,0.9872817307035965
ACCBL_20,HWL_1,0.9872783402277807
PIVOTS_TRAD_D_R4,QTL_30_0.5,0.9872610906025227
PIVOTS_TRAD_D_R4,MEDIAN_30,0.9872610906025227
PIVOTS_TRAD_D_R3,QTL_30_0.5,0.9872610906025227
PIVOTS_TRAD_D_R3,MEDIAN_30,0.9872610906025227
HL2,ACCBU_20,0.9872600473603902
OHLC4,VIDYA_14,0.9872360832724487
RMA_10,HWU_1,0.9872341598590496
Low,IKS_26,0.9872215146371629
MIDPRICE_2,HT_TL,0.9872175990193137
RMA_10,HWL_1,0.9872173582572739
ATRTSe_14_20_3.0,BBL_5_2.0_2.0,0.9872147618914687
HL2,VIDYA_14,0.9872029425689395
PIVOTS_TRAD_D_S1,CHDLREXTs_22_22_14_2.0,0.9872021799420025
ACCBU_20,VWAP_D,0.987201808967447
HLC3,ACCBU_20,0.987201808967447
PIVOTS_TRAD_D_S1,DCL_20_20,0.9871972832423761
PSARl_0.02_0.2,CHDLREXTs_22_22_14_2.0,0.9871940136284937
Low,HILO_13_21,0.9871898047519518
SUPERT_7_3.0,ABER_XG_5_15,0.9871888644190697
CKSPs_10_3_20,ABER_SG_5_15,0.9871724671830457
IKS_26,TEMA_10,0.9871713389974179
PIVOTS_TRAD_D_R4,CKSPl_10_3_20,0.9871564887511575
PIVOTS_TRAD_D_R3,CKSPl_10_3_20,0.9871564887511575
MIDPRICE_2,DCL_20_20,0.9871561583447941
WCP,ACCBU_20,0.9871558328561486
VIDYA_14,VWAP_D,0.9871381231067782
HLC3,VIDYA_14,0.987138123106778
High,HT_TL,0.9871306784435072
DEMA_10,HT_TL,0.9871284524329444
MEDIAN_30,ABER_ZG_5_15,0.987115941249137
QTL_30_0.5,ABER_ZG_5_15,0.987115941249137
Low,CHDLREXTl_22_22_14_2.0,0.9871038791195951
VIDYA_14,WCP,0.9870888601418105
High,CHDLREXTs_22_22_14_2.0,0.9870787170095968
ALMA_9_6.0_0.85,QTL_30_0.5,0.9870599911366693
ALMA_9_6.0_0.85,MEDIAN_30,0.9870599911366693
HILOs_13_21,WMA_10,0.9870543438131647
IKS_26,PIVOTS_TRAD_D_S2,0.9870355418453395
PSARl_0.02_0.2,ABER_SG_5_15,0.987028519287099
ALMA_9_6.0_0.85,PSARl_0.02_0.2,0.9870174293417158
CHDLREXTs_22_22_14_2.0,DCU_20_20,0.9870162580378853
PIVOTS_TRAD_D_S2,DCL_20_20,0.9870161858798469
PIVOTS_TRAD_D_R1,DCL_20_20,0.9870100919003619
PSARl_0.02_0.2,ABER_ZG_5_15,0.9870036037685809
IKS_26,LINREG_14,0.9869957042926099
MIDPOINT_2,HT_TL,0.9869940667666759
MCGD_10,HWU_1,0.9869907001212422
ACCBU_20,DCL_20_20,0.9869863227420249
JMA_7_0.0,DCU_20_20,0.9869728221025791
ZL_EMA_10,HT_TL,0.9869635822978936
PIVOTS_TRAD_D_S1,VIDYA_14,0.9869592842579448
ZL_EMA_10,DCL_20_20,0.986957845421988
Close,ACCBU_20,0.9869507206737598
QTL_30_0.5,BBM_5_2.0_2.0,0.9869466392187989
MEDIAN_30,BBM_5_2.0_2.0,0.9869466392187989
SUPERTs_7_3.0,VIDYA_14,0.9869451209729603
VIDYA_14,DCL_20_20,0.9869136014810036
LDECAY_1,DCU_20_20,0.9868941948217053
PIVOTS_TRAD_D_S3,ACCBL_20,0.9868931446279087
PIVOTS_TRAD_D_S4,ACCBL_20,0.9868931446279087
BBL_5_2.0_2.0,CHDLREXTs_22_22_14_2.0,0.9868925745414105
CKSPs_10_3_20,ABER_ZG_5_15,0.9868916802491566
LDECAY_1,HT_TL,0.9868881400609387
Open,CHDLREXTs_22_22_14_2.0,0.986875491899039
Close,VIDYA_14,0.9868739034363964
QQE_14_5_4.236_RSIMA,SMI_5_20_5_1.0,0.98687221644212
HMA_10,VIDYA_14,0.9868697506531802
MIDPOINT_2,DCL_20_20,0.986866296810766
TRIX_30_9,TRIXs_30_9,0.9868342000840146
ALMA_9_6.0_0.85,CKSPs_10_3_20,0.9868133110680712
SUPERT_7_3.0,SUPERTl_7_3.0,0.9867879935205474
HMA_10,ACCBU_20,0.9867871180755112
PSARl_0.02_0.2,BBM_5_2.0_2.0,0.9867674370623761
OHLC4,CHDLREXTs_22_22_14_2.0,0.9867650926331056
HL2,CHDLREXTs_22_22_14_2.0,0.9867478406764374
PIVOTS_TRAD_D_S1,ACCBU_20,0.9867280994703782
CKSPs_10_3_20,BBM_5_2.0_2.0,0.9867208517674437
SUPERTl_7_3.0,VIDYA_14,0.9867117444710976
PIVOTS_TRAD_D_S4,DCM_20_20,0.9867026729543401
PIVOTS_TRAD_D_S3,DCM_20_20,0.9867026729543401
HWU_1,KCBe_20_2,0.9866993413606462
PIVOTS_TRAD_D_P,DCU_20_20,0.9866665908657597
HLC3,CHDLREXTs_22_22_14_2.0,0.9866456159081551
CHDLREXTs_22_22_14_2.0,VWAP_D,0.9866456159081551
SUPERTl_7_3.0,CKSPl_10_3_20,0.9866426405387337
LDECAY_1,CHDLREXTs_22_22_14_2.0,0.9866425132335084
PIVOTS_TRAD_D_R2,DCL_20_20,0.9866254972440793
MIDPRICE_2,DCU_20_20,0.9866181098030747
MAMA_0.5_0.05,SUPERT_7_3.0,0.9866175405746282
PIVOTS_TRAD_D_R1,SUPERT_7_3.0,0.986616370952183
HWL_1,KCBe_20_2,0.9866029245759703
RWIh_14,RWIl_14,0.9865917671802785
HWMA_0.2_0.1_0.1,ACCBL_20,0.9865861876153055
ACCBL_20,HWM_1,0.9865861876153055
WCP,CHDLREXTs_22_22_14_2.0,0.9865776734436632
PIVOTS_TRAD_D_S2,CHDLREXTl_22_22_14_2.0,0.9865586754407758
FWMA_10,MEDIAN_30,0.9865385653175798
FWMA_10,QTL_30_0.5,0.9865385653175798
TEMA_10,VIDYA_14,0.9865194102587264
PSARs_0.02_0.2,ABER_XG_5_15,0.98651360266841
AGj_13_8_5,PIVOTS_TRAD_D_S4,0.9865127884985999
AGj_13_8_5,PIVOTS_TRAD_D_S3,0.9865127884985999
LINREG_14,VIDYA_14,0.986495314887883
SUPERTl_7_3.0,ATRTSe_14_20_3.0,0.9864952727767502
PIVOTS_TRAD_D_S2,CHDLREXTs_22_22_14_2.0,0.9864932349433171
CKSPs_10_3_20,BBU_5_2.0_2.0,0.9864737651573328
FWMA_10,PSARs_0.02_0.2,0.9864714148420325
SUPERT_7_3.0,SUPERTs_7_3.0,0.986461426322628
MIDPOINT_2,DCU_20_20,0.9864603264281055
HWU_1,KCLe_20_2,0.9864531370435549
PSARl_0.02_0.2,PSARs_0.02_0.2,0.9864352674023716
HMA_10,CHDLREXTs_22_22_14_2.0,0.9864201679884598
FWMA_10,CKSPs_10_3_20,0.9863851800516393
HILOs_13_21,PSARl_0.02_0.2,0.9863731480681412
PSARl_0.02_0.2,ABER_XG_5_15,0.9863706591087154
PIVOTS_TRAD_D_R2,QTL_30_0.5,0.9863639995924337
PIVOTS_TRAD_D_R2,MEDIAN_30,0.9863639995924337
ZL_EMA_10,DCU_20_20,0.9863369297438985
LINREG_14,ACCBU_20,0.9863193003469825
DEMA_10,DCU_20_20,0.986312066805038
Close,CHDLREXTs_22_22_14_2.0,0.9863067782929059
PSARl_0.02_0.2,BBU_5_2.0_2.0,0.9862924612766413
Open,DCL_20_20,0.9862887958617959
IKS_26,BBL_5_2.0_2.0,0.9862869810656055
Open,HT_TL,0.9862797309458968
CKSPl_10_3_20,PSARs_0.02_0.2,0.9862341117442321
PIVOTS_TRAD_D_S1,HT_TL,0.9862256830494636
TEMA_10,ACCBU_20,0.9862170133832266
ABER_XG_5_15,DCU_20_20,0.986200733963967
OHLC4,HT_TL,0.9861836935022813
OHLC4,DCL_20_20,0.986164929130598
HL2,HT_TL,0.9861549522030437
HL2,DCL_20_20,0.9861468326059751
Low,CHDLREXTs_22_22_14_2.0,0.9861464530285005
CHDLREXTl_22_22_14_2.0,DCL_20_20,0.9861059342482451
HT_TL,VWAP_D,0.986069046604205
HLC3,HT_TL,0.9860690466042048
Low,DCL_20_20,0.9860681254298873
BBL_5_2.0_2.0,KCUe_20_2,0.9860584460081352
CKSPl_10_3_20,ABER_ZG_5_15,0.9860520058916372
HILOl_13_21,DCL_20_20,0.9860430126183096
HMA_10,DCL_20_20,0.9860417998692572
DCL_20_20,VWAP_D,0.9860410193676385
HLC3,DCL_20_20,0.9860410193676383
HILOl_13_21,WMA_10,0.9860393214248588
ALMA_9_6.0_0.85,CKSPl_10_3_20,0.9860127811385179
WCP,HT_TL,0.9860092671556063
CKSPs_10_3_20,ABER_XG_5_15,0.9859995027837297
DCL_20_20,KCUe_20_2,0.9859797891241142
JMA_7_0.0,SUPERT_7_3.0,0.9859757999765911
WCP,DCL_20_20,0.9859712944192678
High,DCL_20_20,0.9859585503744474
PIVOTS_TRAD_D_R2,CKSPl_10_3_20,0.9859475615337248
Low,VIDYA_14,0.9859427435476482
CKSPl_10_3_20,BBM_5_2.0_2.0,0.985934714302806
OHLC4,DCU_20_20,0.9858653330802373
PIVOTS_TRAD_D_P,SUPERT_7_3.0,0.9858634458482063
Open,DCU_20_20,0.9858427609986954
HL2,DCU_20_20,0.9858380484098904
HMA_10,HT_TL,0.9858276026542571
DEMA_10,SUPERT_7_3.0,0.9858239674961794
HLC3,DCU_20_20,0.9857901982729499
DCU_20_20,VWAP_D,0.9857901982729499
Close,HT_TL,0.9857628713456619
IKS_26,SUPERTs_7_3.0,0.9857563024878688
WCP,DCU_20_20,0.9857494363348599
PIVOTS_TRAD_D_R3,PSARs_0.02_0.2,0.9857459181848941
PIVOTS_TRAD_D_R4,PSARs_0.02_0.2,0.9857459181848941
SUPERTs_7_3.0,ATRTSe_14_20_3.0,0.9857388963998295
LDECAY_1,DCL_20_20,0.9857290500349961
TEMA_10,CHDLREXTs_22_22_14_2.0,0.9857163543195557
PSARl_0.02_0.2,DCL_20_20,0.9857154156836434
Close,DCL_20_20,0.9856950994041146
LINREG_14,CHDLREXTs_22_22_14_2.0,0.985688113473648
FWMA_10,PSARl_0.02_0.2,0.985675365274617
Low,ACCBU_20,0.9856678428546727
SUPERTs_7_3.0,MEDIAN_30,0.9856593384737031
SUPERTs_7_3.0,QTL_30_0.5,0.9856593384737031
FWMA_10,CKSPl_10_3_20,0.9856317829728632
PIVOTS_TRAD_D_S2,VIDYA_14,0.9856292311932419
PIVOTS_TRAD_D_S3,DCL_20_20,0.9856254939411739
PIVOTS_TRAD_D_S4,DCL_20_20,0.9856254939411739
PIVOTS_TRAD_D_R2,CKSPs_10_3_20,0.9856229616233605
ACCBM_20,HWM_1,0.9856224210570064
HWMA_0.2_0.1_0.1,ACCBM_20,0.9856224210570064
SUPERTs_7_3.0,HT_TL,0.9856156820519261
LINREG_14,DCL_20_20,0.9856074504455019
PIVOTS_TRAD_D_R3,CKSPs_10_3_20,0.985575186271174
PIVOTS_TRAD_D_R4,CKSPs_10_3_20,0.985575186271174
Close,DCU_20_20,0.9855600444229758
HILOs_13_21,BBU_5_2.0_2.0,0.9855590084410831
MAMA_0.5_0.05,QTL_30_0.5,0.985529333071482
MAMA_0.5_0.05,MEDIAN_30,0.985529333071482
MAMA_0.5_0.05,CKSPs_10_3_20,0.9854901169750196
PIVOTS_TRAD_D_R2,PSARs_0.02_0.2,0.9854516243210635
MIDPRICE_2,SUPERT_7_3.0,0.9854197007126426
TEMA_10,DCL_20_20,0.9854125455557298
PIVOTS_TRAD_D_R1,MEDIAN_30,0.9854071464902159
PIVOTS_TRAD_D_R1,QTL_30_0.5,0.9854071464902159
AGj_13_8_5,HWM_1,0.985384392570823
AGj_13_8_5,HWMA_0.2_0.1_0.1,0.985384392570823
QTL_30_0.5,ABER_XG_5_15,0.9853824227138488
MEDIAN_30,ABER_XG_5_15,0.9853824227138488
CKSPs_10_3_20,PSARl_0.02_0.2,0.9853512512749228
BBL_5_2.0_2.0,CHDLREXTl_22_22_14_2.0,0.985318987836137
PIVOTS_TRAD_D_S3,ACCBM_20,0.9852685953786222
PIVOTS_TRAD_D_S4,ACCBM_20,0.9852685953786222
SUPERT_7_3.0,ZL_EMA_10,0.9852580671472442
HMA_10,DCU_20_20,0.985256143833023
LINREG_14,HT_TL,0.985253469098332
AGj_13_8_5,SUPERTs_7_3.0,0.9852463286811121
HWMA_0.2_0.1_0.1,DCM_20_20,0.9852145392274712
DCM_20_20,HWM_1,0.9852145392274712
HILOs_13_21,ABER_SG_5_15,0.9852030387460199
High,SUPERT_7_3.0,0.9852008541581961
MAMA_0.5_0.05,PSARs_0.02_0.2,0.9851930652526537
PIVOTS_TRAD_D_R1,CKSPs_10_3_20,0.9851454241225097
MIDPOINT_2,SUPERT_7_3.0,0.9851240302653693
TEMA_10,HT_TL,0.9851085803670371
PIVOTS_TRAD_D_R4,PSARl_0.02_0.2,0.9850837296768071
PIVOTS_TRAD_D_R3,PSARl_0.02_0.2,0.9850837296768071
PIVOTS_TRAD_D_S2,ACCBU_20,0.9850638908629872
DEMA_10,PSARs_0.02_0.2,0.9849863262736482
BBU_5_2.0_2.0,DCL_20_20,0.9849624006735972
HILOl_13_21,BBU_5_2.0_2.0,0.9849468443282924
PIVOTS_TRAD_D_R3,DCL_20_20,0.9849112711807412
PIVOTS_TRAD_D_R4,DCL_20_20,0.9849112711807412
Low,HT_TL,0.9849047043508001
HILOs_13_21,ABER_ZG_5_15,0.9848799714235456
PIVOTS_TRAD_D_S2,HT_TL,0.9848794688319877
PIVOTS_TRAD_D_R1,CKSPl_10_3_20,0.9848631285036366
PIVOTS_TRAD_D_S1,DCU_20_20,0.9848627270191478
VIDYA_14,BBL_5_2.0_2.0,0.9848595633972931
JMA_7_0.0,CKSPs_10_3_20,0.9848469835101639
ALMA_9_6.0_0.85,HILOs_13_21,0.9848386610412564
JMA_7_0.0,PSARs_0.02_0.2,0.9848022503791299
MAMA_0.5_0.05,CKSPl_10_3_20,0.9847718571386591
PIVOTS_TRAD_D_R1,PSARs_0.02_0.2,0.9847416389314588
PIVOTS_TRAD_D_S3,ATRTSe_14_20_3.0,0.9847323488245346
PIVOTS_TRAD_D_S4,ATRTSe_14_20_3.0,0.9847323488245346
TEMA_10,DCU_20_20,0.9847260354592694
DEMA_10,PSARl_0.02_0.2,0.9846811714621925
PIVOTS_TRAD_D_R2,PSARl_0.02_0.2,0.9846712262110747
SUPERTl_7_3.0,KCUe_20_2,0.9846538375146804
PIVOTS_TRAD_D_P,CKSPs_10_3_20,0.9846506286126534
SUPERT_7_3.0,LDECAY_1,0.9846459678700759
HILOs_13_21,BBM_5_2.0_2.0,0.9846398288953743
SUPERTl_7_3.0,DCU_20_20,0.9846309926543122
PIVOTS_TRAD_D_S1,SUPERT_7_3.0,0.9845676797340479
Open,SUPERT_7_3.0,0.9845435640302496
ISA_9,VIDYA_14,0.9845204172585726
LINREG_14,DCU_20_20,0.9845021125510871
JMA_7_0.0,MEDIAN_30,0.984475374843177
JMA_7_0.0,QTL_30_0.5,0.984475374843177
SUPERTl_7_3.0,ACCBU_20,0.9844750666363884
HILOl_13_21,ABER_SG_5_15,0.9844729728309399
DCL_20_20,HWL_1,0.9844697748920453
MIDPRICE_2,CKSPs_10_3_20,0.9844449873490076
PIVOTS_TRAD_D_P,MEDIAN_30,0.984434007766334
PIVOTS_TRAD_D_P,QTL_30_0.5,0.984434007766334
ACCBM_20,HWL_1,0.98443139541418
HILO_13_21,PIVOTS_TRAD_D_S3,0.9844259347559581
HILO_13_21,PIVOTS_TRAD_D_S4,0.9844259347559581
SUPERTl_7_3.0,CHDLREXTl_22_22_14_2.0,0.9844223605055327
High,MEDIAN_30,0.9843320588879775
High,QTL_30_0.5,0.9843320588879775
DCM_20_20,HWL_1,0.9843271884522458
OHLC4,SUPERT_7_3.0,0.9843142191453339
HL2,SUPERT_7_3.0,0.9842888193038336
MAMA_0.5_0.05,PSARl_0.02_0.2,0.9842060779379165
HWU_1,KCUe_20_2,0.9841983147066301
MIDPRICE_2,QTL_30_0.5,0.9841911719569564
MIDPRICE_2,MEDIAN_30,0.9841911719569564
AGj_13_8_5,HWU_1,0.9841895852656493
HT_TL,BBL_5_2.0_2.0,0.9841768318874251
MIDPOINT_2,CKSPs_10_3_20,0.9841733741513511
SUPERTs_7_3.0,KCUe_20_2,0.9841607130313321
SUPERT_7_3.0,VWAP_D,0.9841553505993027
HLC3,SUPERT_7_3.0,0.9841553505993026
HMA_10,SUPERT_7_3.0,0.9841547550383701
PIVOTS_TRAD_D_P,PSARs_0.02_0.2,0.9841330461200438
ACCBU_20,BBL_5_2.0_2.0,0.9841328497352863
SUPERTl_7_3.0,MEDIAN_30,0.9841321941871525
SUPERTl_7_3.0,QTL_30_0.5,0.9841321941871525
High,CKSPs_10_3_20,0.9841263917678217
Low,DCU_20_20,0.984092579510145
SUPERT_7_3.0,WCP,0.9840718410525655
SUPERTs_7_3.0,ACCBU_20,0.984069945915618
LINREG_14,SUPERT_7_3.0,0.9840688317124252
ZL_EMA_10,CKSPs_10_3_20,0.9840508791081288
QTL_30_0.5,LDECAY_1,0.984039601488726
MEDIAN_30,LDECAY_1,0.984039601488726
PIVOTS_TRAD_D_S4,CHDLREXTs_22_22_14_2.0,0.9840285537082216
PIVOTS_TRAD_D_S3,CHDLREXTs_22_22_14_2.0,0.9840285537082216
AGj_13_8_5,SUPERTl_7_3.0,0.984016496012564
FWMA_10,HILOs_13_21,0.9839722073946865
MIDPOINT_2,QTL_30_0.5,0.9839628890258928
MIDPOINT_2,MEDIAN_30,0.9839628890258928
TMO_14_5_3,TMOs_14_5_3,0.9839495066709862
HILOs_13_21,ABER_XG_5_15,0.9839461853469417
HILO_13_21,HWMA_0.2_0.1_0.1,0.9839452656449965
HILO_13_21,HWM_1,0.9839452656449965
PIVOTS_TRAD_D_R1,PSARl_0.02_0.2,0.983913237772279
High,CKSPl_10_3_20,0.9839103610335121
ACCBM_20,HWU_1,0.9838674822203807
JMA_7_0.0,CKSPl_10_3_20,0.9838641533793663
CKSPl_10_3_20,ABER_XG_5_15,0.983834552710481
DEMA_10,CKSPs_10_3_20,0.9838152599161342
HWMA_0.2_0.1_0.1,KCUe_20_2,0.9837911182660309
HWM_1,KCUe_20_2,0.9837911182660309
ZL_EMA_10,PSARs_0.02_0.2,0.9837723878717582
ZL_EMA_10,QTL_30_0.5,0.9837547535725615
ZL_EMA_10,MEDIAN_30,0.9837547535725615
Close,SUPERT_7_3.0,0.9837544699236558
MIDPRICE_2,PSARs_0.02_0.2,0.983714906595367
IKS_26,PIVOTS_TRAD_D_S3,0.9837110348148435
IKS_26,PIVOTS_TRAD_D_S4,0.9837110348148435
PIVOTS_TRAD_D_P,CKSPl_10_3_20,0.9837021961200463
DEMA_10,MEDIAN_30,0.9836859498390528
DEMA_10,QTL_30_0.5,0.9836859498390528
HILOs_13_21,PIVOTS_TRAD_D_R4,0.9836817383056631
HILOs_13_21,PIVOTS_TRAD_D_R3,0.9836817383056631
HILOl_13_21,PIVOTS_TRAD_D_R3,0.9836763831717198
HILOl_13_21,PIVOTS_TRAD_D_R4,0.9836763831717198
ISA_9,CKSPl_10_3_20,0.9836736577530342
CKSPs_10_3_20,LDECAY_1,0.9836570542599049
HILO_13_21,SUPERTs_7_3.0,0.983654804173962
SUPERTl_7_3.0,HT_TL,0.9836401449106597
PIVOTS_TRAD_D_S1,CKSPs_10_3_20,0.983637881421214
CKSPl_10_3_20,LDECAY_1,0.9836369637244164
AGj_13_8_5,HWL_1,0.9836227090361833
Open,CKSPs_10_3_20,0.9835961255024708
SUPERT_7_3.0,TEMA_10,0.9835610172206343
ISA_9,QTL_30_0.5,0.9835511232805602
ISA_9,MEDIAN_30,0.9835511232805602
HILOl_13_21,ABER_ZG_5_15,0.9835427234363352
MIDPRICE_2,CKSPl_10_3_20,0.9835255762371481
ALMA_9_6.0_0.85,HILOl_13_21,0.9834992660587214
HILO_13_21,HWL_1,0.9834985992154515
HILOl_13_21,SUPERTl_7_3.0,0.9834970080145305
OHLC4,CKSPs_10_3_20,0.9834915346407076
HL2,CKSPs_10_3_20,0.983473070790277
JMA_7_0.0,PSARl_0.02_0.2,0.9834461122640848
High,PSARs_0.02_0.2,0.983379192939049
HLC3,CKSPs_10_3_20,0.9833742659834356
CKSPs_10_3_20,VWAP_D,0.9833742659834356
MIDPOINT_2,CKSPl_10_3_20,0.9833721440588205
SUPERTs_7_3.0,KCBe_20_2,0.9833692272121125
MIDPOINT_2,PSARs_0.02_0.2,0.9833678868396994
HILOl_13_21,BBM_5_2.0_2.0,0.9833169807826319
WCP,CKSPs_10_3_20,0.9833080880884723
HILOs_13_21,PIVOTS_TRAD_D_R2,0.9833063989115846
PIVOTS_TRAD_D_S2,SUPERT_7_3.0,0.9832935920978728
PIVOTS_TRAD_D_S4,KCUe_20_2,0.9832901214783508
PIVOTS_TRAD_D_S3,KCUe_20_2,0.9832901214783508
Open,QTL_30_0.5,0.9832851841286917
Open,MEDIAN_30,0.9832851841286917
PIVOTS_TRAD_D_P,PSARl_0.02_0.2,0.9832337421745059
OHLC4,MEDIAN_30,0.9832272850385528
OHLC4,QTL_30_0.5,0.9832272850385528
HL2,QTL_30_0.5,0.9832002545433541
HL2,MEDIAN_30,0.9832002545433541
IKS_26,SUPERTl_7_3.0,0.9831904513975049
SUPERTs_7_3.0,DCM_20_20,0.9831688473767077
DCM_20_20,HWU_1,0.983163112130455
ZL_EMA_10,CKSPl_10_3_20,0.9831534167497968
SUPERTs_7_3.0,ACCBM_20,0.9831390730828202
QTL_30_0.5,VWAP_D,0.983125582339497
MEDIAN_30,VWAP_D,0.983125582339497
HLC3,QTL_30_0.5,0.983125582339497
HLC3,MEDIAN_30,0.983125582339497
Low,SUPERT_7_3.0,0.9831031824003711
MCGD_10,SUPERTs_7_3.0,0.9830767272287954
WCP,QTL_30_0.5,0.9830714654934148
WCP,MEDIAN_30,0.9830714654934148
SUPERT_7_3.0,BBL_5_2.0_2.0,0.9830490960171847
Close,CKSPs_10_3_20,0.9830427035418401
LINREG_14,PSARs_0.02_0.2,0.9830291384916274
PIVOTS_TRAD_D_S2,DCU_20_20,0.9830169611270793
HMA_10,CKSPs_10_3_20,0.9830165087861421
ACCBL_20,HWU_1,0.9829822790490544
LDECAY_1,PSARs_0.02_0.2,0.9829641539976407
PIVOTS_TRAD_D_S1,MEDIAN_30,0.9829366876272004
PIVOTS_TRAD_D_S1,QTL_30_0.5,0.9829366876272004
RMA_10,SUPERTs_7_3.0,0.9829154945484405
LINREG_14,PSARl_0.02_0.2,0.9828983458821873
PIVOTS_TRAD_D_S1,PSARs_0.02_0.2,0.9828858718077245
Close,MEDIAN_30,0.9828422381503958
Close,QTL_30_0.5,0.9828422381503958
DEMA_10,CKSPl_10_3_20,0.982818995699032
ZL_EMA_10,PSARl_0.02_0.2,0.9827587389897194
HILOs_13_21,MAMA_0.5_0.05,0.9827472780876146
FWMA_10,HILOl_13_21,0.9827469637729752
AD,NVI_1,0.9827314883118263
Open,CKSPl_10_3_20,0.9826837473629878
OHLC4,CKSPl_10_3_20,0.9826664535632461
PIVOTS_TRAD_D_S4,CHDLREXTl_22_22_14_2.0,0.9826622461900107
PIVOTS_TRAD_D_S3,CHDLREXTl_22_22_14_2.0,0.9826622461900107
HL2,CKSPl_10_3_20,0.9826339224268337
PSARl_0.02_0.2,BBL_5_2.0_2.0,0.982627590771781
PIVOTS_TRAD_D_S2,CKSPs_10_3_20,0.9826252287144156
Open,PSARs_0.02_0.2,0.9826064535680301
HILOl_13_21,PIVOTS_TRAD_D_R2,0.982594241953519
HILOs_13_21,PIVOTS_TRAD_D_R1,0.9825857688577803
HLC3,CKSPl_10_3_20,0.9825783154815767
CKSPl_10_3_20,VWAP_D,0.9825783154815765
Low,CKSPs_10_3_20,0.9825480432525686
HMA_10,PSARs_0.02_0.2,0.9825385409193624
WCP,CKSPl_10_3_20,0.9825337331133657
ATRTSe_14_20_3.0,HWM_1,0.9825313638534838
HWMA_0.2_0.1_0.1,ATRTSe_14_20_3.0,0.9825313638534837
HMA_10,QTL_30_0.5,0.9825085651558317
HMA_10,MEDIAN_30,0.9825085651558317
OHLC4,PSARs_0.02_0.2,0.9824902200575287
MIDPRICE_2,PSARl_0.02_0.2,0.9824656787931233
HL2,PSARs_0.02_0.2,0.9824514974096797
HWMA_0.2_0.1_0.1,PSARl_0.02_0.2,0.9824495491445042
PSARl_0.02_0.2,HWM_1,0.9824495491445041
PSARs_0.02_0.2,VWAP_D,0.9823691594782668
HLC3,PSARs_0.02_0.2,0.9823691594782665
TEMA_10,CKSPs_10_3_20,0.9823527437628621
CKSPs_10_3_20,BBL_5_2.0_2.0,0.9823497842836816
Close,CKSPl_10_3_20,0.9823331126189575
WCP,PSARs_0.02_0.2,0.9823112257214365
QQE_14_5_4.236_RSIMA,SMIs_5_20_5_1.0,0.9822720554211752
SUPERTl_7_3.0,KCBe_20_2,0.9822286104731198
LINREG_14,CKSPs_10_3_20,0.9821837714219758
SUPERTs_7_3.0,CKSPl_10_3_20,0.9821572899721303
MIDPOINT_2,PSARl_0.02_0.2,0.9821241270964458
PSARs_0.02_0.2,BBL_5_2.0_2.0,0.9821031294421361
PIVOTS_TRAD_D_S1,CKSPl_10_3_20,0.9820760811616309
HWMA_0.2_0.1_0.1,DCL_20_20,0.9820736362829163
DCL_20_20,HWM_1,0.9820736362829162
Close,PSARs_0.02_0.2,0.9820706128287595
HMA_10,CKSPl_10_3_20,0.9820496091041524
HILOs_13_21,JMA_7_0.0,0.9820473787816691
HILOl_13_21,ABER_XG_5_15,0.9819944385331414
PSARl_0.02_0.2,HWL_1,0.9819893236888773
SUPERTs_7_3.0,CHDLREXTl_22_22_14_2.0,0.9819653213533265
SUPERTl_7_3.0,ACCBM_20,0.9819523491011147
ATRTSe_14_20_3.0,HWU_1,0.9819462758354688
TEMA_10,PSARs_0.02_0.2,0.981940112709677
PIVOTS_TRAD_D_S1,PSARl_0.02_0.2,0.9819384427058597
HILOs_13_21,PIVOTS_TRAD_D_P,0.9819079653450595
PIVOTS_TRAD_D_S3,VIDYA_14,0.981895389402994
PIVOTS_TRAD_D_S4,VIDYA_14,0.981895389402994
High,PSARl_0.02_0.2,0.9818522621029462
RMA_10,SUPERTl_7_3.0,0.9818035329982907
Low,QTL_30_0.5,0.9817937225186086
Low,MEDIAN_30,0.9817937225186086
ISA_9,SUPERTs_7_3.0,0.9817932871273104
LDECAY_1,PSARl_0.02_0.2,0.981778071035009
PIVOTS_TRAD_D_S2,PSARs_0.02_0.2,0.9817582482876206
TEMA_10,MEDIAN_30,0.9816878864103729
TEMA_10,QTL_30_0.5,0.9816878864103729
SUPERTs_7_3.0,CHDLREXTs_22_22_14_2.0,0.9816217132373254
ACCBU_20,HWU_1,0.9816070924520434
ACCBU_20,HWM_1,0.9815282123170294
HWMA_0.2_0.1_0.1,ACCBU_20,0.9815282123170294
HILOl_13_21,PIVOTS_TRAD_D_R1,0.9815262197392672
HILOl_13_21,MAMA_0.5_0.05,0.9815156756730683
DEMA_10,HILOs_13_21,0.9815071685956333
HILOl_13_21,SUPERTs_7_3.0,0.9814959898016526
LINREG_14,QTL_30_0.5,0.9814878912828384
LINREG_14,MEDIAN_30,0.9814878912828384
SUPERTl_7_3.0,DCM_20_20,0.9814877116067039
CKSPl_10_3_20,DCL_20_20,0.9814701436901901
HILO_13_21,HWU_1,0.9814655916999003
CHDLREXTl_22_22_14_2.0,HWM_1,0.9814533707080638
HWMA_0.2_0.1_0.1,CHDLREXTl_22_22_14_2.0,0.9814533707080636
PIVOTS_TRAD_D_S2,QTL_30_0.5,0.9814409425444818
PIVOTS_TRAD_D_S2,MEDIAN_30,0.9814409425444818
HMA_10,PSARl_0.02_0.2,0.9814259543348358
TEMA_10,CKSPl_10_3_20,0.9813876489335366
HILOs_13_21,MIDPRICE_2,0.9813657346329431
SUPERTs_7_3.0,DCU_20_20,0.9813415769178446
Low,PSARs_0.02_0.2,0.9812505982278201
VIDYA_14,HWU_1,0.9812460516202463
VIDYA_14,HWM_1,0.9812260039213709
HWMA_0.2_0.1_0.1,VIDYA_14,0.9812260039213709
Open,PSARl_0.02_0.2,0.9812105991308343
PIVOTS_TRAD_D_S4,HT_TL,0.9811142961290364
PIVOTS_TRAD_D_S3,HT_TL,0.9811142961290364
HILOs_13_21,ZL_EMA_10,0.9810897841557211
Low,CKSPl_10_3_20,0.9810819745261307
LINREG_14,CKSPl_10_3_20,0.9810794402638027
ISA_9,ATRTSe_14_20_3.0,0.9810388413670709
HILOs_13_21,MIDPOINT_2,0.9810322538942011
CHDLREXTs_22_22_14_2.0,HWL_1,0.9810223211265954
TEMA_10,PSARl_0.02_0.2,0.980980005333627
OHLC4,PSARl_0.02_0.2,0.9809744061931569
High,HILOs_13_21,0.9809700927078072
CHDLREXTl_22_22_14_2.0,HWU_1,0.9809684217620432
HL2,PSARl_0.02_0.2,0.9809223975153545
ISA_9,HT_TL,0.9808776382911235
BBL_5_2.0_2.0,DCU_20_20,0.9808663647910159
SUPERTs_7_3.0,PSARs_0.02_0.2,0.980824804511592
HLC3,PSARl_0.02_0.2,0.9808135379037214
PSARl_0.02_0.2,VWAP_D,0.9808135379037214
AGt_13_8_5,SUPERTs_7_3.0,0.9807985197488779
WCP,PSARl_0.02_0.2,0.9807423803515924
PIVOTS_TRAD_D_S2,PSARl_0.02_0.2,0.9807397198849009
PSARs_0.02_0.2,HWM_1,0.9807099949360126
HWMA_0.2_0.1_0.1,PSARs_0.02_0.2,0.9807099949360126
ISA_9,CKSPs_10_3_20,0.9807072581012815
HILOs_13_21,PIVOTS_TRAD_D_S1,0.9806510515366563
PIVOTS_TRAD_D_S4,ACCBU_20,0.9806509063669476
PIVOTS_TRAD_D_S3,ACCBU_20,0.9806509063669476
QTL_30_0.5,BBL_5_2.0_2.0,0.9806119158921082
MEDIAN_30,BBL_5_2.0_2.0,0.9806119158921082
HILOs_13_21,LDECAY_1,0.9805527973706795
DCL_20_20,DCU_20_20,0.9804842036054469
HILOl_13_21,PIVOTS_TRAD_D_P,0.9804807488219922
Close,PSARl_0.02_0.2,0.980462249243259
HWL_1,KCUe_20_2,0.9804000851079809
PIVOTS_TRAD_D_S2,CKSPl_10_3_20,0.980391161389768
HILOl_13_21,JMA_7_0.0,0.9803862154158667
HILO_13_21,SUPERTl_7_3.0,0.980378001063977
CHDLREXTs_22_22_14_2.0,HWM_1,0.980365110643699
HWMA_0.2_0.1_0.1,CHDLREXTs_22_22_14_2.0,0.980365110643699
Open,HILOs_13_21,0.9803387826584317
KAMA_10_2_30,SUPERTs_7_3.0,0.9801992161898432
ATRTSe_14_20_3.0,HWL_1,0.9801563486076306
HILOs_13_21,OHLC4,0.980117082209767
HILOs_13_21,HL2,0.9800908690765198
ISA_9,IKS_26,0.9800864776673403
SUPERTs_7_3.0,ACCBL_20,0.9800383475008432
High,HILOl_13_21,0.9800328987629373
HILOl_13_21,MIDPRICE_2,0.9800300199680428
MOM_10,ROC_10,0.9799963324258516
PSARl_0.02_0.2,HWU_1,0.979987602374723
HILOs_13_21,VWAP_D,0.9799611103783729
HILOs_13_21,HLC3,0.9799611103783729
DEMA_10,HILOl_13_21,0.9799284689783261
HILOs_13_21,WCP,0.97987952608961
HILOs_13_21,HMA_10,0.979846074785465
DCU_20_20,HWU_1,0.9798407519161124
AGt_13_8_5,SUPERTl_7_3.0,0.9798310594003331
SUPERTs_7_3.0,KCLe_20_2,0.9797371328996493
HILOl_13_21,MIDPOINT_2,0.9797326449886391
HILOl_13_21,LDECAY_1,0.9797201148184256
Low,PSARl_0.02_0.2,0.9797197311207245
MCGD_10,SUPERTl_7_3.0,0.9796467551755541
PIVOTS_TRAD_D_S3,SUPERT_7_3.0,0.9796413703727862
PIVOTS_TRAD_D_S4,SUPERT_7_3.0,0.9796413703727862
ISA_9,KCUe_20_2,0.9796243698565129
ISA_9,AGj_13_8_5,0.9795774794431124
Close,HILOs_13_21,0.9795682100185498
HILOl_13_21,ZL_EMA_10,0.9795520753354718
SMMA_7,SUPERTs_7_3.0,0.979539991595452
IKS_26,HWM_1,0.9795372160845227
IKS_26,HWMA_0.2_0.1_0.1,0.9795372160845227
PSARs_0.02_0.2,HWL_1,0.9795329910440727
HILOs_13_21,LINREG_14,0.9795256390741018
PIVOTS_TRAD_D_S4,CKSPs_10_3_20,0.9795228569728202
PIVOTS_TRAD_D_S3,CKSPs_10_3_20,0.9795228569728202
HILOs_13_21,PIVOTS_TRAD_D_S2,0.9794548148169697
HILOs_13_21,BBL_5_2.0_2.0,0.9790940742047821
SINWMA_14,SUPERTs_7_3.0,0.9790926646856558
APO_12_26,PPO_12_26_9,0.9790621405787163
Open,HILOl_13_21,0.9790615624698511
ISA_9,HILOl_13_21,0.9790590119844085
SUPERTs_7_3.0,ALPHATl_14_1_50_2,0.9790533277771664
HILOs_13_21,TEMA_10,0.9790249321196735
CHDLREXTl_22_22_14_2.0,HWL_1,0.9789794663904379
PSARs_0.02_0.2,HWU_1,0.9789558764333527
Low,HILOs_13_21,0.9789393973906801
HWMA_0.2_0.1_0.1,HT_TL,0.9788964907926262
HT_TL,HWM_1,0.9788964907926262
HWMA_0.2_0.1_0.1,SUPERT_7_3.0,0.9788819992359652
SUPERT_7_3.0,HWM_1,0.9788819992359652
HILOl_13_21,OHLC4,0.9788796756301635
HILOl_13_21,PIVOTS_TRAD_D_S1,0.9788732541064492
HILOl_13_21,HL2,0.9788497913064516
HWMA_0.2_0.1_0.1,DCU_20_20,0.9787864475087804
DCU_20_20,HWM_1,0.9787864475087804
HILOl_13_21,VWAP_D,0.9787370615835163
HILOl_13_21,HLC3,0.9787370615835163
CKSPl_10_3_20,BBL_5_2.0_2.0,0.9787196438869785
SUPERTl_7_3.0,CKSPs_10_3_20,0.9787132130848362
HILOl_13_21,WCP,0.9786640060050152
SMMA_7,SUPERTl_7_3.0,0.978655617740129
ISA_9,ACCBU_20,0.9785776751129313
IKS_26,HWL_1,0.9785280991478527
ACCBU_20,HWL_1,0.9784789319842261
SINWMA_14,SUPERTl_7_3.0,0.9784553287522434
ISA_9,DCU_20_20,0.9784537652420487
Close,HILOl_13_21,0.978378329228258
PIVOTS_TRAD_D_S3,PSARs_0.02_0.2,0.978304413080786
PIVOTS_TRAD_D_S4,PSARs_0.02_0.2,0.978304413080786
PIVOTS_TRAD_D_S3,DCU_20_20,0.9782759892752289
PIVOTS_TRAD_D_S4,DCU_20_20,0.9782759892752289
VIDYA_14,HWL_1,0.9782376513485588
SSF_20,SUPERTs_7_3.0,0.9781324105951212
HILOl_13_21,HMA_10,0.9781009220945013
KAMA_10_2_30,SUPERTl_7_3.0,0.9780780678148224
ISA_9,SUPERTl_7_3.0,0.977898967645687
ISA_9,CHDLREXTl_22_22_14_2.0,0.9778555114493944
SUPERTl_7_3.0,ALPHATl_14_1_50_2,0.977787774159654
HT_TL,HWL_1,0.9777110311858003
IKS_26,HWU_1,0.9776219925830721
ISA_9,HILOs_13_21,0.9775420436168332
HILOl_13_21,LINREG_14,0.9775070617731546
SUPERT_7_3.0,HWU_1,0.9774751183396692
SSF_20,SUPERTl_7_3.0,0.9774647168512773
Low,HILOl_13_21,0.9773928075067007
EMA_10,SUPERTs_7_3.0,0.9773692047304067
PIVOTS_TRAD_D_S3,MEDIAN_30,0.9773638728140942
PIVOTS_TRAD_D_S4,QTL_30_0.5,0.9773638728140942
PIVOTS_TRAD_D_S3,QTL_30_0.5,0.9773638728140942
PIVOTS_TRAD_D_S4,MEDIAN_30,0.9773638728140942
SUPERT_7_3.0,HWL_1,0.9773563150165259
HILOl_13_21,PIVOTS_TRAD_D_S2,0.9773064071657878
HILOl_13_21,TEMA_10,0.977232439385587
PIVOTS_TRAD_D_S4,PSARl_0.02_0.2,0.9771667346905166
PIVOTS_TRAD_D_S3,PSARl_0.02_0.2,0.9771667346905166
HT_TL,HWU_1,0.9771560388907319
SUPERTl_7_3.0,ACCBL_20,0.9770968678225436
HILOl_13_21,BBL_5_2.0_2.0,0.9770556670033915
SUPERTs_7_3.0,TRIMA_10,0.9769361766823794
SUPERTl_7_3.0,KCLe_20_2,0.9769149756257229
SUPERTs_7_3.0,ALPHAT_14_1_50,0.9768139039776959
CHDLREXTs_22_22_14_2.0,HWU_1,0.9768139028956994
DCL_20_20,HWU_1,0.9768126613613736
HILOs_13_21,SUPERTl_7_3.0,0.9767350813966528
SMA_10,SUPERTs_7_3.0,0.9767284395007253
EMA_10,SUPERTl_7_3.0,0.9766042342209287
FAMA_0.5_0.05,SUPERTs_7_3.0,0.9765915056386784
AGl_13_8_5,SUPERTs_7_3.0,0.9765635100915784
SSF3_20,SUPERTs_7_3.0,0.9765298447623011
SUPERTl_7_3.0,TRIMA_10,0.9763248697046231
SUPERTl_7_3.0,PSARl_0.02_0.2,0.9762490115333292
SUPERTs_7_3.0,SWMA_10,0.9762243399396994
SMA_10,SUPERTl_7_3.0,0.9761169292430496
SSF3_20,SUPERTl_7_3.0,0.9760474021784158
PIVOTS_TRAD_D_S4,CKSPl_10_3_20,0.9759945236240228
PIVOTS_TRAD_D_S3,CKSPl_10_3_20,0.9759945236240228
ITS_9,SUPERTs_7_3.0,0.9759736012965422
HILOs_13_21,PIVOTS_TRAD_D_S4,0.9759244378966628
HILOs_13_21,PIVOTS_TRAD_D_S3,0.9759244378966628
FAMA_0.5_0.05,SUPERTl_7_3.0,0.975893758287652
AGl_13_8_5,SUPERTl_7_3.0,0.9758325349986271
ISB_26,VIDYA_14,0.9758295412881679
SUPERTs_7_3.0,VWMA_10,0.9757174584900985
ISA_9,KCBe_20_2,0.975649758386506
PWMA_10,SUPERTs_7_3.0,0.9756275417357844
SUPERTs_7_3.0,T3_10_0.7,0.9756256275619828
SUPERTl_7_3.0,SWMA_10,0.9755949389338421
SUPERTl_7_3.0,ALPHAT_14_1_50,0.9755748272700191
SUPERTl_7_3.0,VWMA_10,0.9754297726059729
ITS_9,SUPERTl_7_3.0,0.975344875112069
SUPERTs_7_3.0,DCL_20_20,0.9752634232705453
SUPERTl_7_3.0,T3_10_0.7,0.9752544975578148
SUPERTl_7_3.0,CHDLREXTs_22_22_14_2.0,0.975216320938434
PWMA_10,SUPERTl_7_3.0,0.9749873650004139
ISA_9,RMA_10,0.9747742110391123
DCU_20_20,HWL_1,0.9747504513154436
HWMA_0.2_0.1_0.1,QTL_30_0.5,0.9747261530611541
HWMA_0.2_0.1_0.1,MEDIAN_30,0.9747261530611541
MEDIAN_30,HWM_1,0.9747261530611538
QTL_30_0.5,HWM_1,0.9747261530611538
SUPERTs_7_3.0,WMA_10,0.9745305994245246
SUPERTs_7_3.0,BBU_5_2.0_2.0,0.9744345383405484
ISA_9,ACCBM_20,0.9742117227253095
SUPERTl_7_3.0,BBU_5_2.0_2.0,0.9741635535594116
HWMA_0.2_0.1_0.1,CKSPs_10_3_20,0.974097515108336
CKSPs_10_3_20,HWM_1,0.9740975151083358
SUPERTl_7_3.0,ABER_SG_5_15,0.9740579969090193
SUPERTs_7_3.0,ABER_SG_5_15,0.974056185235935
SUPERTl_7_3.0,WMA_10,0.9738861482110142
CKSPs_10_3_20,HWL_1,0.9737185101519455
MEDIAN_30,HWU_1,0.9735959106840707
QTL_30_0.5,HWU_1,0.9735959106840707
ISA_9,DCM_20_20,0.9735359988367932
SUPERTl_7_3.0,PSARs_0.02_0.2,0.9735252376661979
ISA_9,SUPERT_7_3.0,0.9734138623163197
ISA_9,MCGD_10,0.9733787551719305
PIVOTS_TRAD_D_R4,SUPERTl_7_3.0,0.9733155125215969
PIVOTS_TRAD_D_R3,SUPERTl_7_3.0,0.9733155125215969
SLOPE_1,PCTRET_1,0.9732715975651023
ISA_9,HILO_13_21,0.9732218420392824
HILOs_13_21,HWM_1,0.9731701537370768
HILOs_13_21,HWMA_0.2_0.1_0.1,0.9731701537370768
HILOl_13_21,PIVOTS_TRAD_D_S3,0.9730509626428945
HILOl_13_21,PIVOTS_TRAD_D_S4,0.9730509626428945
SUPERTl_7_3.0,SUPERTs_7_3.0,0.9729359616047957
QTL_30_0.5,HWL_1,0.9729308461110153
MEDIAN_30,HWL_1,0.9729308461110153
CKSPl_10_3_20,HWU_1,0.9729009266855678
CKSPl_10_3_20,HWM_1,0.9728540435059849
HWMA_0.2_0.1_0.1,CKSPl_10_3_20,0.9728540435059845
SUPERTs_7_3.0,PSARl_0.02_0.2,0.9727971980018733
HILOs_13_21,HWL_1,0.9727502013764984
PIVOTS_TRAD_D_R3,SUPERTs_7_3.0,0.9726625441075647
PIVOTS_TRAD_D_R4,SUPERTs_7_3.0,0.9726625441075647
SUPERTs_7_3.0,ABER_ZG_5_15,0.9726500301996699
ALMA_9_6.0_0.85,SUPERTs_7_3.0,0.9725213401435575
SLOPE_1,LOGRET_1,0.972486319647927
SUPERTs_7_3.0,BBM_5_2.0_2.0,0.9723958933309471
Adj Close,ABER_SG_5_15,0.9721867127513006
High,Adj Close,0.9720173096235328
FWMA_10,SUPERTs_7_3.0,0.9719086584115175
SUPERTl_7_3.0,ABER_ZG_5_15,0.971875752472534
PIVOTS_TRAD_D_R2,SUPERTs_7_3.0,0.9718167445662439
ALMA_9_6.0_0.85,SUPERTl_7_3.0,0.9718003327555391
PIVOTS_TRAD_D_R2,SUPERTl_7_3.0,0.9717602522297957
Adj Close,LDECAY_1,0.9717198702406948
SUPERTl_7_3.0,BBM_5_2.0_2.0,0.9716919524892182
AO_5_34,STCmacd_10_12_26_0.5,0.9716544833551135
AO_5_34,MACD_12_26_9,0.9716544833551135
HILOl_13_21,HWMA_0.2_0.1_0.1,0.9716432234135219
HILOl_13_21,HWM_1,0.9716432234135219
Adj Close,BBU_5_2.0_2.0,0.9716248315924658
Adj Close,PIVOTS_TRAD_D_R4,0.971581519331683
Adj Close,PIVOTS_TRAD_D_R3,0.971581519331683
CKSPs_10_3_20,HWU_1,0.971580711549792
Adj Close,WCP,0.9713703820812134
Close,Adj Close,0.9713618034600843
Adj Close,HLC3,0.9713511301008094
Adj Close,VWAP_D,0.9713511301008094
Adj Close,PIVOTS_TRAD_D_R2,0.9712925431697698
Adj Close,HL2,0.9712793519462178
Adj Close,OHLC4,0.9712731206436436
FWMA_10,SUPERTl_7_3.0,0.9712731002903064
Adj Close,MAMA_0.5_0.05,0.9712256603910304
Adj Close,MIDPOINT_2,0.9711297195420734
Adj Close,MIDPRICE_2,0.9710663138835739
Adj Close,FWMA_10,0.9710471957564706
D_9_3,STOCHd_14_3_3,0.9710270795466078
HILOl_13_21,HWL_1,0.9710034762595124
ISA_9,AGt_13_8_5,0.9709855206740124
MAMA_0.5_0.05,SUPERTs_7_3.0,0.9708622942442583
PIVOTS_TRAD_D_R1,SUPERTs_7_3.0,0.9708512297013502
Open,Adj Close,0.9707941958362134
Adj Close,PIVOTS_TRAD_D_R1,0.9707782930264354
HILOs_13_21,HWU_1,0.9706962413915033
SUPERTs_7_3.0,ABER_XG_5_15,0.9706261660963935
Adj Close,JMA_7_0.0,0.9706102015944954
Adj Close,ZL_EMA_10,0.970598729574833
PIVOTS_TRAD_D_R1,SUPERTl_7_3.0,0.9704921961561862
Adj Close,TEMA_10,0.9704297924267883
Adj Close,ALPHAT_14_1_50,0.9703121968400876
SMIs_5_20_5_1.0,TSI_13_25_13,0.9702953551664778
Low,Adj Close,0.9702724565803339
Adj Close,AGl_13_8_5,0.9702572969811204
MAMA_0.5_0.05,SUPERTl_7_3.0,0.9702516108296357
Adj Close,BBM_5_2.0_2.0,0.9702338548365386
ISB_26,CKSPl_10_3_20,0.9701950569509796
Adj Close,ABER_ZG_5_15,0.9701514886572701
Adj Close,KCUe_20_2,0.9701199359378284
Adj Close,EMA_10,0.9700880460357502
JMA_7_0.0,SUPERTs_7_3.0,0.970005656182457
Adj Close,WMA_10,0.9700029419648971
Adj Close,PIVOTS_TRAD_D_P,0.9699940135672649
Adj Close,DEMA_10,0.9699806682391797
Adj Close,ALMA_9_6.0_0.85,0.9699549859810215
PIVOTS_TRAD_D_P,SUPERTs_7_3.0,0.9699537621947582
Adj Close,HMA_10,0.969883066262624
CKSPl_10_3_20,HWL_1,0.9698636392164325
High,SUPERTs_7_3.0,0.9697292946903181
Adj Close,FAMA_0.5_0.05,0.9696544901843018
MIDPRICE_2,SUPERTs_7_3.0,0.9696485730503073
Adj Close,SMMA_7,0.9695889275377126
KST_10_15_20_30_10_10_10_15,MACDs_12_26_9,0.9695789801402639
Adj Close,DCU_20_20,0.9695570181813722
HILOl_13_21,HWU_1,0.969389307264785
High,SUPERTl_7_3.0,0.9693792455155965
Adj Close,KAMA_10_2_30,0.9693457590544851
Adj Close,ITS_9,0.9693395836335392
JMA_7_0.0,SUPERTl_7_3.0,0.9693237972369779
MIDPOINT_2,SUPERTs_7_3.0,0.9693131975071413
Adj Close,AGt_13_8_5,0.9692645845166877
ISB_26,SUPERTl_7_3.0,0.9692615178697016
PIVOTS_TRAD_D_P,SUPERTl_7_3.0,0.9691788385178243
SUPERTs_7_3.0,ZL_EMA_10,0.9691614504352593
ISB_26,ATRTSe_14_20_3.0,0.9690661577785097
SUPERTl_7_3.0,ABER_XG_5_15,0.9690658711651305
SUPERTs_7_3.0,LDECAY_1,0.9690535396555126
Adj Close,LINREG_14,0.9690035536754933
Adj Close,PIVOTS_TRAD_D_S1,0.9689512828846414
Adj Close,ATRTSe_14_20_3.0,0.9689401762179908
ISA_9,SMMA_7,0.9689391772594896
MIDPRICE_2,SUPERTl_7_3.0,0.9688959909603008
SUPERTl_7_3.0,LDECAY_1,0.968836412016217
Open,SUPERTs_7_3.0,0.9688072089810172
ISA_9,CHDLREXTs_22_22_14_2.0,0.9688044595405289
ISA_9,KCLe_20_2,0.9687571488577142
DEMA_10,SUPERTs_7_3.0,0.9687516733900452
Adj Close,VWMA_10,0.9687269631154177
MIDPOINT_2,SUPERTl_7_3.0,0.9687198943257979
Adj Close,SMA_10,0.9686467246452982
Adj Close,RMA_10,0.9686359479651343
OHLC4,SUPERTs_7_3.0,0.9686359105209886
HL2,SUPERTs_7_3.0,0.9686218954688821
SUPERTl_7_3.0,ZL_EMA_10,0.9685066151354775
SUPERTs_7_3.0,VWAP_D,0.9684976801484302
HLC3,SUPERTs_7_3.0,0.9684976801484302
Adj Close,KCBe_20_2,0.9684826692293099
PIVOTS_TRAD_D_S1,SUPERTs_7_3.0,0.968455722997109
SUPERTl_7_3.0,DCL_20_20,0.9684296052802293
SUPERTs_7_3.0,WCP,0.9684190613747992
Adj Close,CHDLREXTl_22_22_14_2.0,0.9683773638717477
ISB_26,SUPERTs_7_3.0,0.9683487849177721
DEMA_10,SUPERTl_7_3.0,0.9683092393099272
COPC_11_14_10,SQZ_20_2.0_20_1.5,0.9682919729859394
COPC_11_14_10,SQZPRO_20_2.0_20_2.0_1.5_1.0,0.9682919729859394
Adj Close,VIDYA_14,0.9682495373459891
ISB_26,QTL_30_0.5,0.9682280509947208
ISB_26,MEDIAN_30,0.9682280509947208
ISA_9,KAMA_10_2_30,0.9681748499185956
Close,SUPERTs_7_3.0,0.9681174133401049
Open,SUPERTl_7_3.0,0.9680958173420131
HMA_10,SUPERTs_7_3.0,0.9680403058234052
OHLC4,SUPERTl_7_3.0,0.9679943721697296
HL2,SUPERTl_7_3.0,0.9679561036450203
Adj Close,SWMA_10,0.9679559792402517
Adj Close,ALPHATl_14_1_50_2,0.9679047291810926
HLC3,SUPERTl_7_3.0,0.9678794499104714
SUPERTl_7_3.0,VWAP_D,0.9678794499104714
SUPERTl_7_3.0,WCP,0.9678246037682902
ISA_9,ACCBL_20,0.9678243203789125
Adj Close,SSF_20,0.9677952258811497
Adj Close,AGj_13_8_5,0.9677362728080995
Adj Close,PIVOTS_TRAD_D_S2,0.9676544508397904
Close,SUPERTl_7_3.0,0.9675942312304814
Adj Close,TRIMA_10,0.9675434529899577
Adj Close,ABER_XG_5_15,0.9674916603221357
SUPERTs_7_3.0,TEMA_10,0.9673806564077868
PIVOTS_TRAD_D_S1,SUPERTl_7_3.0,0.9673749471291064
Adj Close,ACCBU_20,0.9673171422495526
HMA_10,SUPERTl_7_3.0,0.9672906317410146
ISA_9,SINWMA_14,0.9672494437998602
Low,SUPERTs_7_3.0,0.9672438913956427
Adj Close,PWMA_10,0.967208737423786
ISA_9,PSARs_0.02_0.2,0.9671489485823941
LINREG_14,SUPERTs_7_3.0,0.9671418127078053
PIVOTS_TRAD_D_S2,SUPERTs_7_3.0,0.9670437561930237
Adj Close,SSF3_20,0.9670178196869157
Adj Close,HWU_1,0.9669830958647586
Adj Close,MCGD_10,0.9669257587430167
SUPERTl_7_3.0,TEMA_10,0.9667927977292818
ISB_26,KCUe_20_2,0.96669890226631
LINREG_14,SUPERTl_7_3.0,0.9666009930495226
FISHERT_9_1,FISHERTs_9_1,0.9665880565057522
Adj Close,SINWMA_14,0.9665629256750404
ISB_26,DCU_20_20,0.966504901409873
Adj Close,DCM_20_20,0.9664641001174525
Low,SUPERTl_7_3.0,0.9662604954554699
Adj Close,T3_10_0.7,0.9659832366835139
ISA_9,ALPHATl_14_1_50_2,0.9659162622852145
ISA_9,SSF_20,0.9658972258275342
ISB_26,AGj_13_8_5,0.9658808972123871
SUPERTs_7_3.0,BBL_5_2.0_2.0,0.9657705863957422
ISA_9,EMA_10,0.9657375626242516
ISB_26,HT_TL,0.9656647951288364
Adj Close,ACCBM_20,0.9656180833634141
PIVOTS_TRAD_D_S2,SUPERTl_7_3.0,0.9655435428422339
Adj Close,IKS_26,0.9649784491642986
ISB_26,ACCBU_20,0.9649616125032512
FISHERT_9_1,D_9_3,0.964848941161395
ISB_26,IKS_26,0.9648132818279667
ISA_9,AGl_13_8_5,0.9646497826920664
SUPERTl_7_3.0,BBL_5_2.0_2.0,0.9646302419749795
ISB_26,CHDLREXTl_22_22_14_2.0,0.9646112203712691
Adj Close,CKSPl_10_3_20,0.9645276903529797
ISA_9,FAMA_0.5_0.05,0.9645149443116497
ISA_9,TRIMA_10,0.964401199052257
ISB_26,CKSPs_10_3_20,0.9643749290172645
Adj Close,BBL_5_2.0_2.0,0.964276433461569
Adj Close,PIVOTS_TRAD_D_S4,0.9642513616433899
Adj Close,PIVOTS_TRAD_D_S3,0.9642513616433899
ISA_9,SMA_10,0.9642461484658599
Adj Close,KCLe_20_2,0.9640209851855741
Adj Close,HWMA_0.2_0.1_0.1,0.9640088029200107
Adj Close,HWM_1,0.9640088029200107
ISA_9,BBU_5_2.0_2.0,0.9637794222817596
ISB_26,HILOl_13_21,0.963762537590786
ISA_9,SSF3_20,0.9635748368195094
ISA_9,SWMA_10,0.9635502641987564
Adj Close,HILO_13_21,0.9633397944942866
QQE_14_5_4.236_RSIMA,TSI_13_25_13,0.9633192983279174
Adj Close,HT_TL,0.9632936640873666
ISA_9,ALPHAT_14_1_50,0.9632390199695604
PIVOTS_TRAD_D_S4,SUPERTs_7_3.0,0.9630659836370059
PIVOTS_TRAD_D_S3,SUPERTs_7_3.0,0.9630659836370059
ISA_9,ITS_9,0.963060538664118
ISA_9,PSARl_0.02_0.2,0.963055889050701
ISA_9,VWMA_10,0.9629258458609707
ISA_9,PWMA_10,0.9627954362478298
Adj Close,SUPERT_7_3.0,0.9627597921407762
ISA_9,ABER_SG_5_15,0.9625418234634059
SUPERTl_7_3.0,HWU_1,0.9620782992758349
ISA_9,PIVOTS_TRAD_D_R4,0.961924086794904
ISA_9,PIVOTS_TRAD_D_R3,0.961924086794904
High,ICS_26,0.9618729871656828
ISA_9,WMA_10,0.9618448190362383
ICS_26,LDECAY_1,0.961672921605251
ISB_26,KCBe_20_2,0.9614154416058123
ICS_26,HLC3,0.9613971080336794
ICS_26,VWAP_D,0.9613971080336794
ICS_26,WCP,0.9613958659807923
Adj Close,MEDIAN_30,0.9613913898471522
Adj Close,QTL_30_0.5,0.9613913898471522
ICS_26,HL2,0.9613666909276487
ICS_26,OHLC4,0.9613424714606029
Close,ICS_26,0.9613265572377905
ICS_26,ABER_SG_5_15,0.9612159550586037
Adj Close,ACCBL_20,0.9611790606141002
ICS_26,MAMA_0.5_0.05,0.9611638718250215
ICS_26,MIDPOINT_2,0.9611465732974719
ICS_26,MIDPRICE_2,0.9610545375933677
ICS_26,FWMA_10,0.9610234309837422
ISA_9,T3_10_0.7,0.9610155151917348
Open,ICS_26,0.9609362568750168
ICS_26,PIVOTS_TRAD_D_R2,0.9609088097787759
PIVOTS_TRAD_D_S4,SUPERTl_7_3.0,0.960835869984889
PIVOTS_TRAD_D_S3,SUPERTl_7_3.0,0.960835869984889
SMI_5_20_5_1.0,SMIs_5_20_5_1.0,0.9607608168747512
ICS_26,PIVOTS_TRAD_D_R4,0.9607131268467285
ICS_26,PIVOTS_TRAD_D_R3,0.9607131268467285
ICS_26,ZL_EMA_10,0.9606886155671891
SUPERTl_7_3.0,HWM_1,0.9606594725504245
HWMA_0.2_0.1_0.1,SUPERTl_7_3.0,0.9606594725504245
ICS_26,ALPHAT_14_1_50,0.9606564024473693
ICS_26,PIVOTS_TRAD_D_R1,0.9606236145866905
Low,ICS_26,0.9605956516211093
ICS_26,JMA_7_0.0,0.9605807314519684
ISB_26,RMA_10,0.9604707249722807
ICS_26,TEMA_10,0.9604511242707392
ISB_26,HILOs_13_21,0.9604499562996489
ICS_26,BBU_5_2.0_2.0,0.9604349967004054
RSI_14,SMI_5_20_5_1.0,0.960267523693929
CMO_14,SMI_5_20_5_1.0,0.9602675236939286
ICS_26,BBM_5_2.0_2.0,0.9602378989458029
ICS_26,DEMA_10,0.9602076266699636
ICS_26,ABER_ZG_5_15,0.9601938402560596
ICS_26,PIVOTS_TRAD_D_P,0.9601118608304507
ISA_9,PIVOTS_TRAD_D_R2,0.9600662806476516
ICS_26,AGl_13_8_5,0.960062303424434
ICS_26,HMA_10,0.9600230563656168
ICS_26,ALMA_9_6.0_0.85,0.9599680357824126
ICS_26,WMA_10,0.9599138097099144
ICS_26,EMA_10,0.9598447493390332
ICS_26,KAMA_10_2_30,0.9597671101970905
ATRr_14,THERMOma_20_2_0.5,0.959749065891999
ISA_9,ABER_ZG_5_15,0.9597399247606712
ISA_9,ALMA_9_6.0_0.85,0.9596743089683774
ISA_9,BBM_5_2.0_2.0,0.9595707032445504
ISB_26,ACCBM_20,0.9594776584025819
ICS_26,FAMA_0.5_0.05,0.959414064044966
ICS_26,PIVOTS_TRAD_D_S1,0.9593061998967888
FISHERTs_9_1,D_9_3,0.9593047742766061
ISA_9,FWMA_10,0.9592657827777504
ICS_26,SMMA_7,0.9591694798516512
ICS_26,LINREG_14,0.959128877225028
Adj Close,CHDLREXTs_22_22_14_2.0,0.9588997123090993
ITS_9,ICS_26,0.9588976411669968
HWMA_0.2_0.1_0.1,SUPERTs_7_3.0,0.9588519679303604
SUPERTs_7_3.0,HWM_1,0.9588519679303603
KST_10_15_20_30_10_10_10_15,PPOs_12_26_9,0.9588510932884068
ISB_26,DCM_20_20,0.9588033856421792
ISA_9,DCL_20_20,0.9587117085425418
ICS_26,AGt_13_8_5,0.9587009437416397
ISB_26,MCGD_10,0.9586805496151991
ICS_26,VWMA_10,0.9586623145476245
ISA_9,PIVOTS_TRAD_D_R1,0.9586471901206509
ICS_26,ABER_XG_5_15,0.9585668342016471
SUPERTs_7_3.0,HWU_1,0.9585448224583552
ICS_26,SMA_10,0.958460357644155
Adj Close,CKSPs_10_3_20,0.9583961237943847
ISA_9,MAMA_0.5_0.05,0.958340202350121
ICS_26,PIVOTS_TRAD_D_S2,0.9582897043684208
K_9_3,STOCHk_14_3_3,0.9582789086389096
K_9_3,STOCHFd_14_3,0.9582789086389096
ICS_26,ALPHATl_14_1_50_2,0.9581323289692703
HILOs_13_21,ZIGZAGv_5.0%_10,0.9581133446497594
Adj Close,HWL_1,0.9580589664166081
RVGI_14_4,RVGIs_14_4,0.9580177790778438
ISB_26,SUPERT_7_3.0,0.9579123663848251
Adj Close,HILOl_13_21,0.9578105959131593
ICS_26,SWMA_10,0.9577918017134889
ICS_26,RMA_10,0.957722273902539
Adj Close,PSARl_0.02_0.2,0.9577005527124658
High,ISA_9,0.9576266739361003
ICS_26,SSF_20,0.9575806959096492
ISB_26,HILO_13_21,0.9574835673922654
ICS_26,KCBe_20_2,0.9574695581925083
Adj Close,PSARs_0.02_0.2,0.9574440141731368
CKSPs_10_3_20,ZIGZAGv_5.0%_10,0.9573650436742084
ICS_26,TRIMA_10,0.9573408114244942
ISA_9,PIVOTS_TRAD_D_P,0.957190581009258
ICS_26,KCUe_20_2,0.9571798953214297
ISA_9,LDECAY_1,0.9571213274919887
ISA_9,JMA_7_0.0,0.957108347013166
ICS_26,PWMA_10,0.9570599934084668
ISA_9,MIDPRICE_2,0.9569637331701122
ICS_26,MCGD_10,0.9568661987894668
ICS_26,SSF3_20,0.9568425546145998
ISA_9,MIDPOINT_2,0.9567913342367594
ABER_ATR_5_15,THERMOma_20_2_0.5,0.9566365824599302
ISB_26,AGt_13_8_5,0.9565374506221769
Volume,PVOL,0.9564340316236591
ISA_9,ABER_XG_5_15,0.9563095538786645
SUPERTl_7_3.0,HWL_1,0.956306463599652
SUPERTs_7_3.0,HWL_1,0.9562650523881473
ICS_26,SINWMA_14,0.9562588817752131
ISA_9,ZL_EMA_10,0.9562200273537419
STOCHk_14_3_3,STOCHd_14_3_3,0.9562151829795724
STOCHd_14_3_3,STOCHFd_14_3,0.9562151829795724
ICS_26,T3_10_0.7,0.9561814896417602
Open,ISA_9,0.9561798556810995
ICS_26,AGj_13_8_5,0.9561639328923708
ISA_9,OHLC4,0.9561128721012087
ISA_9,HL2,0.9560797186508349
ICS_26,ATRTSe_14_20_3.0,0.9560407818429222
ISA_9,HLC3,0.956010418265007
ISA_9,VWAP_D,0.9560104182650068
ISA_9,WCP,0.9559594488458534
SQZPRO_20_2.0_20_2.0_1.5_1.0,ENTP_10,0.9558866483016447
SQZ_20_2.0_20_1.5,ENTP_10,0.9558866483016447
SUPERTs_7_3.0,ZIGZAGv_5.0%_10,0.955883293740431
ICS_26,CHDLREXTl_22_22_14_2.0,0.9557758675284721
Close,ISA_9,0.9557415023967238
ICS_26,DCM_20_20,0.9556665416385547
ICS_26,BBL_5_2.0_2.0,0.955539778849571
ICS_26,DCU_20_20,0.955431868824409
ICS_26,PIVOTS_TRAD_D_S3,0.9554185627368857
ICS_26,PIVOTS_TRAD_D_S4,0.9554185627368857
ISA_9,PIVOTS_TRAD_D_S1,0.9552404342806594
ICS_26,ACCBU_20,0.9551223704894614
ISA_9,HMA_10,0.9550955941827272
ICS_26,KCLe_20_2,0.9550265692528742
ICS_26,ACCBM_20,0.9550016255501619
Adj Close,HILOs_13_21,0.9549483180325175
PSARs_0.02_0.2,ZIGZAGv_5.0%_10,0.9545430056110289
ISB_26,SMMA_7,0.9544903933120762
ISA_9,DEMA_10,0.9544606919993651
ISA_9,TEMA_10,0.9544510981030986
ISB_26,KAMA_10_2_30,0.9543539126622361
Low,ISA_9,0.9542627261762636
Adj Close,SUPERTl_7_3.0,0.9541522399732002
ICS_26,HWU_1,0.9540932248756072
IKS_26,ICS_26,0.953874142096039
ICS_26,VIDYA_14,0.9536726880569569
ICS_26,HWM_1,0.9536681832529362
ICS_26,HWMA_0.2_0.1_0.1,0.9536681832529362
Adj Close,DCL_20_20,0.9536082127821377
VIDYA_14,ZIGZAGv_5.0%_10,0.9535936875784778
IKS_26,ZIGZAGv_5.0%_10,0.9535376801391909
ISA_9,LINREG_14,0.9532970577174223
ISA_9,PIVOTS_TRAD_D_S2,0.9532705486469603
ISB_26,KCLe_20_2,0.9532138323424167
D_9_3,TMO_14_5_3,0.9531724860710641
ICS_26,HILO_13_21,0.9531117470845057
ISB_26,SINWMA_14,0.9529776465619766
ICS_26,SUPERT_7_3.0,0.9528394701108173
MEDIAN_30,ZIGZAGv_5.0%_10,0.9526570177347179
QTL_30_0.5,ZIGZAGv_5.0%_10,0.9526570177347179
HT_TL,ZIGZAGv_5.0%_10,0.9526267601325069
ISB_26,PSARs_0.02_0.2,0.9525111656187203
ISB_26,CHDLREXTs_22_22_14_2.0,0.9522964148477985
ICS_26,HT_TL,0.9522189517109224
ICS_26,ACCBL_20,0.952117963565649
ISB_26,ACCBL_20,0.9520772938110252
ISB_26,ALPHATl_14_1_50_2,0.9519461175952015
ZIGZAGv_5.0%_10,CHDLREXTs_22_22_14_2.0,0.9517934062919238
ISB_26,SSF_20,0.9516039084452884
HILO_13_21,ZIGZAGv_5.0%_10,0.9515864095766972
ZIGZAGv_5.0%_10,DCM_20_20,0.9513952502033195
AGj_13_8_5,ZIGZAGv_5.0%_10,0.9513612642757221
ISB_26,EMA_10,0.9513462528303738
ZIGZAGv_5.0%_10,ACCBU_20,0.9513333502207828
SUPERT_7_3.0,ZIGZAGv_5.0%_10,0.9513038787709448
ICS_26,CKSPl_10_3_20,0.951084367867667
ZIGZAGv_5.0%_10,ACCBM_20,0.9510709931964674
ISA_9,BBL_5_2.0_2.0,0.9508015910294337
ISB_26,BBU_5_2.0_2.0,0.9504352763793085
COPC_11_14_10,ENTP_10,0.9503760824409645
ICS_26,HWL_1,0.9503500590922555
ISB_26,AGl_13_8_5,0.9502844341371691
ISB_26,FAMA_0.5_0.05,0.9501690295875469
ISB_26,TRIMA_10,0.9501350999419609
ZIGZAGv_5.0%_10,ATRTSe_14_20_3.0,0.9500288917382896
ISB_26,SMA_10,0.9500035539212218
