,MLP,LSTM,BuyAndHold
2015-05-29,1.0010247784289272,0.9989752215710728,1.0
2015-06-01,0.990755283610495,1.0092236900233396,0.9989752215710728
2015-06-02,1.0058468156500056,1.024596539308096,1.0092236900233398
2015-06-03,0.9910068619164427,1.0094799579337494,1.0245965393080962
2015-06-04,0.9759153298769322,0.994107108648993,1.0094799579337497
2015-06-05,0.9779274765794606,0.9920574540535678,0.9941071086489931
2015-06-08,0.9817159737143056,0.9959006908091497,0.992057454053568
2015-06-09,0.9537178901869431,1.0243033158787374,0.9882142172979862
2015-06-10,0.9566029108970385,1.0212047724728353,1.0163976277136837
2015-06-11,0.9431397560473115,1.0068324160556992,1.0194722562131773
2015-06-12,0.9554007730793792,0.9937433809232671,1.0051242830949187
2015-06-15,0.9573747867371201,0.9916901451906754,0.992057454053568
2015-06-16,0.961834614803951,0.9963098276853383,0.9900077017205722
2015-06-17,0.9440784600410503,1.0147024195300243,0.9853958567089023
2015-06-18,0.9199763792605224,0.9887973271898746,1.003586968845172
2015-06-19,0.884546291091661,1.026877844552322,0.9779656511081486
2015-06-22,0.8825379837658518,1.024546382288905,1.0156290194575956
2015-06-23,0.8751742469865624,1.0159977532030997,1.0133230969517606
2015-06-24,0.8736122396357128,1.0178111017613034,1.0048681129220798
2015-06-25,0.8771698324527653,1.021955912582924,1.0066615973446658
2015-06-26,0.8375915169408902,0.9758447810197998,1.0107610042730866
2015-06-29,0.8429278637566172,0.9696276141974114,0.9651549922396369
2015-06-30,0.8377482479077907,0.9755857735772357,0.9590059307157909
2015-07-01,0.8344114577857062,0.9716999701981793,0.9648988220667978
2015-07-02,0.8039357751125191,0.936210021361798,0.9610555853112159
2015-07-06,0.8019337180108881,0.9385414836252147,0.9259544073780137
2015-07-07,0.8121155778163986,0.9266251648655662,0.9282603298838487
2015-07-08,0.7928173672175759,0.9486444538266596,0.9164745471818349
2015-07-09,0.8363336055635153,1.0007137447696082,0.9382526281632765
2015-07-10,0.8350345850231132,1.0022680858852477,0.9897515315477331
2015-07-13,0.8406635914439109,0.995511750768119,0.9882142172979862
2015-07-14,0.837849088233512,0.9988446785254805,0.9948758146426518
2015-07-15,0.8294056611899269,0.9887788178717626,0.9915450159703191
2015-07-16,0.8257985850298789,0.9930790061492198,1.0015373142497468
2015-07-17,0.8234646088568475,0.9902722409399938,0.9971816394109161
2015-07-20,0.8219877379083118,0.992048278778239,1.0
2015-07-21,0.825363454431169,0.9961223952299826,0.998206515577414
2015-07-22,0.8257889092568036,0.9966358721445442,0.9941071086489931
2015-07-23,0.8343065390664839,1.0069157091813663,0.9935946705657441
2015-07-24,0.8423496787839134,0.9972085292020721,0.9833462021134772
2015-07-27,0.833041903155586,1.0082274605060733,0.9738662441797277
2015-07-28,0.8336921826247342,1.009014491284855,0.9846272484528142
2015-07-29,0.8302238876381521,1.0048168269976667,0.9853958567089023
2015-07-30,0.8241543093936273,1.0121628145604042,0.9812964497804814
2015-07-31,0.8279994331951557,1.0168850993133065,0.9884704852083961
2015-08-03,0.82308613343113,1.0108509631554865,0.9930822324824952
2015-08-04,0.813259452412694,1.0229193355513373,0.9871893411314883
2015-08-05,0.8149280633430923,1.0250181176548259,0.9989752215710728
2015-08-06,0.814093718094122,1.023968676562976,1.001024876166498
2015-08-07,0.8024131233111644,1.0386605516082403,1.0
2015-08-10,0.7896442139197188,1.0551888985241362,1.0143479731182585
2015-08-11,0.7979541218977703,1.0440845017697156,0.998206515577414
2015-08-12,0.8047848166469765,1.0351468669756194,0.9877017792147372
2015-08-13,0.8068905288683401,1.0378553194260252,0.9792467951850563
2015-08-14,0.8102772645743903,1.0422114762307704,0.9766846047688116
2015-08-17,0.81753475667761,1.051546356881288,0.9725851978403907
2015-08-18,0.8242714336002878,1.060211343926385,0.9638739459002998
2015-08-19,0.8452593312675882,1.0872068290117367,0.9559313999538679
2015-08-20,0.8615322181442885,1.0662759820093708,0.9315911285561815
2015-08-21,0.8854502872880259,1.0366737661816914,0.913656186592751
2015-08-24,0.8770222448436891,1.046541209478898,0.8882910390285668
2015-08-25,0.8968179127398137,1.070163167011053,0.8967461207958184
2015-08-26,0.9073421337957752,1.0576047272479974,0.9169869852650838
2015-08-27,0.8988224853080659,1.067535292775026,0.9277478918005997
2015-08-28,0.9013282249153409,1.070511370375436,0.919036639860509
2015-08-31,0.9245103256764042,1.098044850153281,0.9164745471818349
2015-09-01,0.9115114266469618,1.082606002429759,0.8929028840402367
2015-09-02,0.9120272909851352,1.0832186967006365,0.9054573727359092
2015-09-03,0.8918862892920325,1.1071402501671803,0.9049449346526602
2015-09-04,0.8658062768048737,1.074765908397316,0.8849603380938046
2015-09-08,0.858987016444378,1.0832309758752199,0.9108378260036671
2015-09-09,0.8670239885970401,1.0730959016292243,0.9036638883133232
2015-09-10,0.8653191735069162,1.0752059125519993,0.9121188723430042
2015-09-11,0.8733561456595784,1.0851922854905958,0.9103253879204182
2015-09-14,0.8666570958298104,1.076868353459533,0.9018704038907372
2015-09-15,0.8776521066805071,1.0632064573208733,0.908788171408242
2015-09-16,0.8854709198373378,1.0537345805104026,0.920317686199846
2015-09-17,0.8510196559291369,1.0947325255688694,0.9285165977942585
2015-09-18,0.8524857008722603,1.0928466383605056,0.8923905436945584
2015-09-21,0.8794553934175194,1.0582727589329146,0.8908532294448115
2015-09-22,0.8815449298230522,1.0557583625538316,0.8626697212915434
2015-09-23,0.8854816099065168,1.0604730206253732,0.8606200666961182
2015-09-24,0.8767432557009335,1.0709382734053465,0.8567768299405365
2015-09-25,0.8614255581104073,1.0522277689292916,0.8652319117077881
2015-09-28,0.8577908669936563,1.056667529148289,0.8501153303334414
2015-09-29,0.8441465657762927,1.0398598308979725,0.8537022991786135
2015-09-30,0.8414034809466446,1.0432388930688568,0.8672815663032132
2015-10-01,0.85536862237173,1.0259238010686849,0.8644633034517001
2015-10-02,0.8753188923578455,1.0019955714362359,0.8788111788323879
2015-10-05,0.8825508949560598,0.9937169490515341,0.8993082134744924
2015-10-06,0.8907804348361774,0.9844508168562054,0.9067384190752462
2015-10-07,0.8952692574743523,0.979489970232215,0.9151935008424978
2015-10-08,0.9002567536230878,0.9740332850914342,0.9198053458541677
2015-10-09,0.8980123423040004,0.9764616271409984,0.9249295312115158
2015-10-12,0.9069898924499591,0.986223445336917,0.9226236087056809
2015-10-13,0.9031737240878451,0.9903729896057109,0.9134000164199119
2015-10-14,0.9142742450957126,1.0025452393994543,0.917243155437923
2015-10-15,0.9157878825143192,1.0008854639039277,0.9285165977942585
2015-10-16,0.9142742450957128,1.0025397527614575,0.9300538143064346
2015-10-19,0.9175539532333454,1.006136089203252,0.9285165977942585
2015-10-20,0.9183162212497058,1.0069719478012156,0.9251857991219257
2015-10-21,0.9060991662758157,1.020368456932581,0.9244171908658376
2015-10-22,0.9160126667955037,1.0092047525561052,0.9367154116511003
2015-10-23,0.9132864234260986,1.0062011502427732,0.9469638801033673
2015-10-26,0.9202258832441853,0.9985556928354156,0.9441455195142834
2015-10-27,0.9151931821159017,1.0040167784813332,0.9369715818239395
2015-10-28,0.9102152291003608,0.9985556928354156,0.9420958649188582
2015-10-29,0.9089707645831148,0.9999209382065086,0.9369715818239395
2015-10-30,0.9196441047679035,1.0116622358886909,0.9382526281632765
2015-11-02,0.9166655268310953,1.0083856261657582,0.9492698026092022
2015-11-03,0.9067368074586873,0.997463454873923,0.9461952718472791
2015-11-04,0.9042545802719427,1.0001940497776542,0.9359467056574415
2015-11-05,0.902032820844433,1.00265153311024,0.9385088960736863
2015-11-06,0.9138821730677245,1.0158226405228552,0.9362029735678514
2015-11-09,0.9176837181374156,1.020048235095728,0.9239047527825887
2015-11-10,0.9151282469057407,1.0172077096857333,0.9200615160270068
2015-11-11,0.9036923974874541,1.029919189453098,0.9226236087056809
2015-11-12,0.913095340575831,1.0192028532849726,0.9110940939140769
2015-11-13,0.904792122566953,1.0099347482908558,0.9016141359803274
2015-11-16,0.9078497836462547,1.00652176745751,0.9098129498371692
2015-11-17,0.9167677187987097,1.016408971280668,0.9128875783366629
2015-11-18,0.919570526188968,1.01330153357555,0.9218550004495928
2015-11-19,0.9144745215883352,1.018916969401152,0.9246733610386767
2015-11-20,0.9088689068078187,1.0251628033625766,0.9195490779437578
2015-11-23,0.9111620068199902,1.0277493159159932,0.9139123567655901
2015-11-24,0.9052719890097938,1.0211056436273633,0.9116065319973259
2015-11-25,0.9123503202617845,1.0131216078054028,0.9174994233483328
2015-11-27,0.9131086853430606,1.0122794794766428,0.9246733610386767
2015-11-30,0.9156367296723649,1.0150820893289416,0.9254419692947647
2015-12-01,0.9029967973309353,1.029094817864532,0.9280041597110096
2015-12-02,0.9115919551805086,1.0388902373254516,0.9151935008424978
2015-12-03,0.9007703910074613,1.0265575074147937,0.906482248902407
2015-12-04,0.9032864710787971,1.0294249427926347,0.917243155437923
2015-12-07,0.917455705069527,1.0455728242868658,0.9146810627592489
2015-12-08,0.9216330748864922,1.0503335384374022,0.9003330896409903
2015-12-09,0.9242677776421885,1.0533361614373005,0.8962336827125694
2015-12-10,0.9412268027410567,1.0726634114307285,0.8936715900338954
2015-12-11,0.9428761864435783,1.0745431215536794,0.8772739623202117
2015-12-14,0.9321178150584452,1.0622824089201162,0.8757366480704649
2015-12-15,0.9491046598452556,1.042923454388222,0.8857289463498926
2015-12-16,0.9402067544809685,1.052700915812608,0.9018704038907372
2015-12-17,0.9221414598658816,1.0729276926306759,0.8934153221234855
2015-12-18,0.9186362150687584,1.0688492790943946,0.8762490861537139
2015-12-21,0.9130168514265066,1.0623110513612974,0.8795798848260467
2015-12-22,0.9283482917476391,1.04447265280274,0.8849603380938046
2015-12-23,0.9259692629761962,1.0471492672954807,0.8998206515577414
2015-12-24,0.9241189184690977,1.0492417632047129,0.8975147290519064
2015-12-28,0.9153957793617363,1.0393375380289636,0.8957212446293205
2015-12-29,0.9052794918588717,1.0508235395861825,0.9041763263965722
2015-12-30,0.9174709660035267,1.0649750675161413,0.8941840281171444
2015-12-31,0.9369235764961562,1.0875551228425717,0.8821419775047207
2016-01-04,0.9452641210590511,1.0778736480732043,0.8634384272852021
2016-01-05,0.9613958646493761,1.0962684870669916,0.8557520515116093
2016-01-06,0.9748666188474572,1.1116290309047452,0.8411479082205116
2016-01-07,0.9848049587006552,1.1002964579288914,0.829362027780927
2016-01-08,0.9792723373511085,1.1064779090072854,0.8209070437512461
2016-01-11,0.9914295899496046,1.1202143650689809,0.825518888762916
2016-01-12,0.970762190967406,1.096862311163017,0.8357673572151829
2016-01-13,0.9589087624382077,1.1102554769998378,0.8183449022037868
2016-01-14,0.9271724848620986,1.0735101917561514,0.8283372493519999
2016-01-15,0.9194608707702228,1.0824389471470648,0.8009223983236052
2016-01-19,0.9390052503583776,1.0594302489668768,0.8075839467994855
2016-01-20,0.9292651728920088,1.0704194662169544,0.7904176619609284
2016-01-21,0.9057130855284278,1.0975490881154706,0.7986164758177703
2016-01-22,0.8932439827361666,1.1126592290838764,0.8188572914182504
2016-01-25,0.9127978251363247,1.1370162509402595,0.8075839467994855
2016-01-26,0.9054297435101128,1.1461942181927625,0.8252626208525062
2016-01-27,0.9059965356512902,1.1469117270660805,0.8186011212454112
2016-01-28,0.8946467081148723,1.1325438461863402,0.8180886831621623
2016-01-29,0.8907724922534583,1.1374482618543835,0.8283372493519999
2016-02-01,0.917337910505052,1.1713702667192487,0.8247501827692573
2016-02-02,0.9047072480891588,1.1552418780049962,0.8001537411987317
2016-02-03,0.9007066649194355,1.1501334396412408,0.8111709156446575
2016-02-04,0.9157184084529233,1.1693022866117766,0.8147578844898294
2016-02-05,0.9365102526714343,1.1427526936767007,0.8011786173652297
2016-02-08,0.9457037201521493,1.1315346000169166,0.7829874563601746
2016-02-09,0.9419534413868045,1.1360218089516703,0.7753010805865818
2016-02-10,0.9276908432096008,1.1188207224969478,0.7783756113485049
2016-02-11,0.9152885710688372,1.1337782044842932,0.7665898286464911
2016-02-12,0.8983835210641957,1.1547186792665771,0.7768383459675433
2016-02-16,0.9181665872912408,1.1292909242266398,0.7911862702170165
2016-02-17,0.9103115919869575,1.138952106663195,0.8086087740971981
2016-02-18,0.9071113737767057,1.1429561150757346,0.8016910554484786
2016-02-19,0.8957652262894221,1.1286600219740135,0.7988726948593947
2016-02-22,0.8795920900665913,1.1490380984486532,0.8088649931388225
2016-02-23,0.886401828785731,1.1401423281056298,0.7942608498477248
2016-02-24,0.874875158085452,1.1253160442005907,0.7881117394550935
2016-02-25,0.8743136079014514,1.1260383431775813,0.7983602567761457
2016-02-26,0.8686982667185643,1.1332704043336828,0.7978478186928968
2016-02-29,0.8420252756070112,1.0984738442623,0.7927235844667634
2016-03-01,0.8467780134394297,1.0922736049716397,0.8170638069956644
2016-03-02,0.8544352133609343,1.0823964503579073,0.8216756520073343
2016-03-03,0.8594519474180543,1.0760412638547001,0.829105857608088
2016-03-04,0.857603671674722,1.078355321054503,0.8339738727925969
2016-03-07,0.8642046852504729,1.086655469886496,0.832180388370011
2016-03-08,0.8604507873235482,1.0913756406808792,0.8257750589357551
2016-03-09,0.8623115007777145,1.0937357260780707,0.829362027780927
2016-03-10,0.8920831188469318,1.1314973496631517,0.831155512203513
2016-03-11,0.8899565312414399,1.134194663611375,0.8598514584400302
2016-03-14,0.8846401636289883,1.140970045963396,0.8578017061070343
2016-03-15,0.8740074284040853,1.1272564108640042,0.8526774230121156
2016-03-16,0.8745264470649683,1.127925818347081,0.8629259892019532
2016-03-17,0.8755657179709116,1.1292662243359504,0.8624135511187042
2016-03-18,0.8784304641469849,1.1255714004848838,0.8613886749522063
2016-03-21,0.8813139180742026,1.1218767047661466,0.8585703143631225
2016-03-22,0.8908131256766996,1.133968808957881,0.8557520515116093
2016-03-23,0.8999800926943983,1.1222996334920172,0.8465283614882695
2016-03-24,0.8980535382489353,1.1247020992416454,0.8378171095481788
2016-03-28,0.8862694891150652,1.1394601779462545,0.8396105939707648
2016-03-29,0.8956126506127184,1.1274478491981141,0.8506277684166904
2016-03-30,0.8870703024340575,1.1382014401333735,0.8595951905296203
2016-03-31,0.8777271409364042,1.150189666819407,0.8513963766727786
2016-04-01,0.879862778897481,1.1529882457858465,0.8424289545598487
2016-04-04,0.9010546208802717,1.1807584223392016,0.8403792022268528
2016-04-05,0.8889504727304756,1.164896925664171,0.8201383377575874
2016-04-06,0.9084065161490631,1.1903924800951016,0.831155512203513
2016-04-07,0.891228892552144,1.212902351603246,0.8129644000672435
2016-04-08,0.8931585475773179,1.2102762213943001,0.8283372493519999
2016-04-11,0.9047364777283615,1.2259649180907386,0.8301307337745859
2016-04-12,0.9218277530191784,1.2028053523743405,0.8408916403101018
2016-04-13,0.925411443133778,1.198129336017734,0.8567768299405365
2016-04-14,0.9256871682278381,1.1984863170409545,0.8601076286128693
2016-04-15,0.9347840983238993,1.2102641039882225,0.8603638965232792
2016-04-18,0.9532537887683937,1.2341767950543479,0.8688188805529601
2016-04-19,0.9568373737246814,1.2295371309394323,0.8859852142603025
2016-04-20,0.9560104087591246,1.2305997818757979,0.8893159151950647
2016-04-21,0.9598697188094725,1.2355675793627663,0.8885473069389765
2016-04-22,0.9637603143860038,1.2405756483377273,0.8849603380938046
2016-04-25,0.9606786125935929,1.2366088070577568,0.8813733692486326
2016-04-26,0.9673597047611852,1.2280087431998719,0.8841916321001458
2016-04-27,0.9570597894371564,1.241083906461141,0.8903407913615625
2016-04-28,0.9648544146647402,1.251191722120745,0.8808609311653837
2016-04-29,0.956931782669966,1.2409179114622584,0.873686895737469
2016-05-02,0.936891293134002,1.2669057643792794,0.8808609311653837
2016-05-03,0.9496948920361327,1.2842193560123585,0.8624135511187042
2016-05-04,0.9551299626364723,1.2768698136227121,0.8506277684166904
2016-05-05,0.9487643228789846,1.2853797479444211,0.8457596554946107
2016-05-06,0.9496208312123844,1.2842193560123585,0.8513963766727786
2016-05-09,0.9607759979611661,1.2993050413590472,0.8506277684166904
2016-05-10,0.9521951088553282,1.3109094033520794,0.8606200666961182
2016-05-11,0.9564856079642097,1.3050025723102063,0.8529336909225254
2016-05-12,0.966587252788344,1.291220166835107,0.8490904541669436
2016-05-13,0.9556803835867709,1.3057901597969197,0.8401230320540137
2016-05-16,0.9680731115265718,1.2888574043749674,0.8496028922501926
2016-05-17,0.9668899825531512,1.290432579348394,0.8385857178042668
2016-05-18,0.973676197086982,1.2813755485766212,0.8396105939707648
2016-05-19,0.9632033890451772,1.2951579540517202,0.8337177026197579
2016-05-20,0.9579319719824866,1.288069816888254,0.8426851247326878
2016-05-23,0.9377248360036052,1.315241059420526,0.8380732797210179
2016-05-24,0.9517626323084504,1.3349302959374982,0.8557520515116093
2016-05-25,0.9579391898546595,1.3435934578574378,0.868562710380121
2016-05-26,0.9568162475461855,1.3420184331009646,0.874199333820718
2016-05-27,0.9621506786859539,1.334536427085665,0.8731745553917908
2016-05-31,0.9632863207253708,1.3329612521122383,0.8683064424697111
2016-06-01,0.962717157704973,1.3337488395989516,0.8672815663032132
2016-06-02,0.961295984840836,1.335717733207258,0.8677940043864621
2016-06-03,0.9593120787010833,1.3384743645192314,0.8690750507257992
2016-06-06,0.967496771489458,1.3498940075341908,0.8708686328859558
2016-06-07,0.9680612516237557,1.350681595020904,0.8782987407491389
2016-06-08,0.9539495712570433,1.3309923585039316,0.8788111788323879
2016-06-09,0.9878176256698684,1.2837381608198075,0.8660005199638762
2016-06-10,1.0053922357995662,1.2608987245729355,0.835254919131934
2016-06-13,1.0236035853224241,1.2380592132175867,0.8203946056679972
2016-06-14,1.015464243974341,1.2479038314760729,0.805534243335275
2016-06-15,1.0250773235994792,1.2597173433428654,0.8119395727695309
2016-06-16,1.0407787195837221,1.2404219005692498,0.8196259485431238
2016-06-17,1.0176502783849999,1.2679868617364016,0.8070715087162366
2016-06-20,1.0302918241145844,1.2837381608198073,0.825006450679667
2016-06-21,1.0321881102259614,1.2861009232799472,0.835254919131934
2016-06-22,1.0688487977935268,1.3317799459906448,0.8367922333816809
2016-06-23,0.9383241177903741,1.4944130065731054,0.8665129580471251
2016-06-24,0.9544421880574829,1.468742714835589,0.7606969372954842
2016-06-27,0.9292564130736881,1.5074998276160114,0.747630059385348
2016-06-28,0.9466314742352467,1.5356867750907448,0.7673584857713645
2016-06-29,0.9671092396847313,1.5689071300441748,0.7817064100208376
2016-06-30,0.9661784106446049,1.5704171810890626,0.7986164758177703
2016-07-01,0.937013144203922,1.6178221272200068,0.7978478186928968
2016-07-05,0.9398055721451393,1.6130007949474412,0.7737638152056203
2016-07-06,0.946984470834603,1.6006795557080085,0.7714578926997854
2016-07-07,0.9276517693142815,1.6333574517382472,0.7655649524799931
2016-07-08,0.9404301824599345,1.6558569682844946,0.7811939719375887
2016-07-11,0.9592935763532993,1.6890705792535938,0.7919549273418899
2016-07-12,0.962031811886702,1.6842492469810282,0.80784016584111
2016-07-13,0.9738974024803176,1.7050225850093095,0.8101460883469449
2016-07-14,0.9693337539655497,1.7130122600694409,0.8201383377575874
2016-07-15,0.9726804991798589,1.7070978724191743,0.8162951987395762
2016-07-18,0.9818711576887605,1.6909678548030032,0.8134768381504924
2016-07-19,0.9731295768013084,1.7060225105641895,0.8057904623768996
2016-07-20,0.9725161813622858,1.7049471487092045,0.8129644000672435
2016-07-21,0.9737429722403308,1.7070978724191743,0.8124519619839945
2016-07-22,0.9734362745208195,1.7065601914916817,0.8134768381504924
2016-07-25,0.9685292280018567,1.71516288122726,0.8132206191088679
2016-07-26,0.9770304459366442,1.730217639540597,0.8173200260372888
2016-07-27,0.977637688198374,1.7312930013955823,0.8244940125964181
2016-07-28,0.9888713804913264,1.7511866829520502,0.825006450679667
2016-07-29,0.975815961413185,1.7280669158306274,0.8344863108758459
2016-08-01,0.9861388482233522,1.7097861745044862,0.8234691364299203
2016-08-02,0.9883095847040466,1.7060225105641895,0.8147578844898294
2016-08-03,0.9861292704803089,1.709786174504486,0.8129644000672435
2016-08-04,0.9777564603912589,1.7243032518903307,0.8147578844898294
2016-08-05,0.9817199585333543,1.7312930013955825,0.8216756520073343
2016-08-08,0.9957445011244722,1.7560257087473317,0.825006450679667
2016-08-09,1.0006226079519585,1.7646283984829096,0.8367922333816809
2016-08-10,1.0076348792475176,1.7769947521587843,0.8408916403101018
2016-08-11,1.0079398263448083,1.7775325356384277,0.8467845316611087
2016-08-12,1.0106837687042218,1.782371561433709,0.8470407995715185
2016-08-15,1.008549604236149,1.7786078974934125,0.8493467220773534
2016-08-16,1.0115984936928535,1.7732310882184874,0.8475532376547674
2016-08-17,1.0079177556569443,1.7796830542440953,0.8449910472385227
2016-08-18,1.0173573948690497,1.7630154582525828,0.8480655780004457
2016-08-19,1.0198395678533148,1.758714010832643,0.8401230320540137
2016-08-22,1.0142274786273302,1.7683920624232061,0.8380732797210179
2016-08-23,1.0145359140666177,1.7689298459028495,0.8426851247326878
2016-08-24,1.0096020057408968,1.7603271561672713,0.8429413926430975
2016-08-25,1.0117607009149496,1.7565632871226728,0.8388419857146767
2016-08-26,1.0086637192345485,1.7619400963975977,0.8370484035545199
2016-08-29,1.0052778900247419,1.767854484047864,0.8396105939707648
2016-08-30,1.0043605863931753,1.7662413387132356,0.8424289545598487
2016-08-31,0.9988572311281905,1.7759193903037986,0.8416602485661898
2016-09-01,1.0130704958962367,1.8011898811351914,0.8462720935778597
2016-09-02,1.019421059378161,1.8124808729560808,0.8583141441902833
2016-09-06,1.0218403875769424,1.816782320376021,0.8636945974580412
2016-09-07,1.0224452196266378,1.817857682231006,0.8657443497910371
2016-09-08,1.0003693689323876,1.778607897493412,0.8662567878742861
2016-09-09,0.9931116150558791,1.7915118295446282,0.8475532376547674
2016-09-12,1.0154655681805427,1.8318369761372069,0.8537022991786135
2016-09-13,1.0201423070854183,1.840273523394088,0.8344863108758459
2016-09-14,1.0138489927347922,1.8516262726070305,0.8306430741202642
2016-09-15,1.0387134454398976,1.8970370529231197,0.8357673572151829
2016-09-16,1.0305525917676641,1.9119414925139198,0.8152703225730784
2016-09-19,1.0318380001730916,1.9143262574301358,0.8216756520073343
2016-09-20,1.0472625332883436,1.9429427541536275,0.8227005281738321
2016-09-21,1.0649364698214474,1.9757324757686472,0.8349987489590949
2016-09-22,1.0588309637706057,1.9644051835521712,0.8490904541669436
2016-09-23,1.044370425667778,1.9375771468039913,0.8442224389824347
2016-09-26,1.0450131298704917,1.9363847643458831,0.8326928264532599
2016-09-27,1.034073947954855,1.9161147174054471,0.832180388370011
2016-09-28,1.0157996991992926,1.9499764707735827,0.8408916403101018
2016-09-29,1.0321834586940786,1.9814274994978767,0.826031326846165
2016-09-30,1.028402600363845,1.9886854114554164,0.8393543260603549
2016-10-03,1.0265121111030684,1.9923411669076965,0.8362797952984319
2016-10-04,1.0346739282190724,2.008182309024873,0.8378171095481788
2016-10-05,1.0315347954245109,2.014275002357321,0.8444786091552737
2016-10-06,1.0384410312728345,2.0007892156525333,0.8419165164765997
2016-10-07,1.0333506388201061,2.010596996755303,0.8362797952984319
2016-10-10,1.020748873576493,1.9860776609163526,0.8403792022268528
2016-10-11,1.0257896037100354,1.9762698798135832,0.8301307337745859
2016-10-12,1.0321530867334991,1.9885296646510315,0.826031326846165
2016-10-13,1.0266766781878642,1.9779789033456447,0.8209070437512461
2016-10-14,1.0250829789616511,1.9749085078504516,0.8252626208525062
2016-10-17,1.0142456539953622,1.9957875251763895,0.8239815745131691
2016-10-18,1.0161181503674903,1.9994721403243172,0.8326928264532599
2016-10-19,1.0198630240643582,2.0068411363640126,0.8342301407030068
2016-10-20,1.0167423158248663,2.0007003453736263,0.8373046714649298
2016-10-21,1.0133095843803805,2.007455121760587,0.8347425787862558
2016-10-24,1.0126896193636992,2.006226916711278,0.8375608416377689
2016-10-25,1.0160992495860928,1.999472140324317,0.8370484035545199
2016-10-26,1.0145389244904441,2.00254253581951,0.8342301407030068
2016-10-27,1.0157834042530376,2.0049989459181288,0.8355111870423438
2016-10-28,1.0132944447278507,2.0000861257208915,0.8365360632088418
2016-10-31,1.018894484979399,2.0111397369085147,0.8344863108758459
2016-11-01,1.0113448553279776,2.0260415352936763,0.829874465864176
2016-11-02,1.0144906343487363,2.0323435191553987,0.82372540434033
2016-11-03,1.023036999628117,2.0494645742936104,0.8211632139240853
2016-11-04,1.005009933515693,2.0133506963113947,0.8142454952753658
2016-11-07,1.0099821485822194,2.00338978713771,0.828593419524839
2016-11-08,1.0090498953031701,2.0052389947706315,0.8326928264532599
2016-11-09,1.0127791455132837,2.0126499642156355,0.8319242181971719
2016-11-10,1.0227973536361632,2.0325586938822595,0.8288495896976782
2016-11-11,1.0304610810572354,2.0477884710633076,0.8206507758408363
2016-11-14,1.025923052801501,2.038770253767883,0.8145017143169903
2016-11-15,1.0413456206376372,2.069418821859973,0.8180886831621623
2016-11-16,1.0380345563905686,2.062838894372425,0.8057904623768996
2016-11-17,1.0511950456653112,2.088992136552829,0.8083525550555736
2016-11-18,1.0407337324470702,2.0682028442696923,0.7981040377345213
2016-11-21,1.0440418625577443,2.061628747658042,0.8060466325497386
2016-11-22,1.032794258039853,2.083838953635382,0.8086087740971981
2016-11-23,1.0255163591769036,2.069154548650389,0.7998975221571073
2016-11-25,1.0137737857367641,2.092847197752571,0.805534243335275
2016-11-28,1.0023574018048826,2.069279072933737,0.7963105533119353
2016-11-29,1.0007627783015223,2.072571033504657,0.8052780242936506
2016-11-30,0.9985303662254847,2.0771943395507653,0.8039969290855282
2016-12-01,0.999168154798162,2.078521100216045,0.8022034446629422
2016-12-02,0.9764961044822769,2.03135753246178,0.8016910554484786
2016-12-05,0.9923641801490027,1.9983479435004734,0.8198821675847483
2016-12-06,1.0091476836633104,1.9645505932902774,0.8332052645365089
2016-12-07,1.005485855865576,1.97167922876061,0.8472969697443576
2016-12-08,1.0057909596789676,1.971080944013022,0.8442224389824347
2016-12-09,1.007011607747348,1.9686888006717267,0.8444786091552737
2016-12-12,1.019522959429731,1.944229342857262,0.8455034853217717
2016-12-13,1.0033497799496136,1.9750715812018795,0.8560082216844483
2016-12-14,1.004570311610587,1.9726689919496379,0.8424289545598487
2016-12-15,1.0048754154239787,1.9732681225680198,0.8434537329887758
2016-12-16,1.0079287733300892,1.9792639840752662,0.8431975628159367
2016-12-19,1.0017848333644053,1.9671991642029034,0.8406354701372627
2016-12-20,1.004212722642415,1.962431531873676,0.8457596554946107
2016-12-21,1.0036057503229125,1.9636176765937225,0.8478094078276066
2016-12-22,1.0069440401961094,1.9570861028133868,0.8472969697443576
2016-12-23,1.0081579848351143,1.9547266924710616,0.8501153303334414
2016-12-27,1.0011779768130356,1.9682602935530893,0.8511402064999394
2016-12-28,0.9945015128347743,1.9551347362055538,0.8452473151489325
2016-12-29,1.001987974294056,1.9404167688003722,0.8508839385895296
2016-12-30,1.0040841743639082,1.9363573370799794,0.8572892680237855
2017-01-03,1.0109717051983274,1.9230748641498179,0.8590827524463714
2017-01-04,1.0211532973523243,1.9037073943702998,0.8649756437973782
2017-01-05,1.0172604196422197,1.9109647768821325,0.873686895737469
2017-01-06,1.0166614890173569,1.9120898922467033,0.870356194802707
2017-01-09,1.0196561421416712,1.9177220972939517,0.869843756719458
2017-01-10,1.0142340320963732,1.9075244435770942,0.8672815663032132
2017-01-11,1.0151282328889557,1.9058426720970034,0.8718934113148831
2017-01-12,1.0201948780409769,1.8963303482129414,0.8726621173085418
2017-01-13,1.0178106078793434,1.9007622111473312,0.8770176944098019
2017-01-17,1.0193009046357542,1.9035453416590904,0.8749680398143768
2017-01-18,1.0231867205870264,1.9108021063876883,0.873686895737469
2017-01-19,1.0138495002758827,1.8933648391916253,0.870356194802707
2017-01-20,1.0132579759225844,1.894469511445008,0.8782987407491389
2017-01-23,1.0105961727436095,1.889492787759765,0.87778630266589
2017-01-24,1.0232470222921652,1.8658397306577028,0.8800922251717249
2017-01-25,1.0117730220575512,1.8867619958008364,0.8911093996176507
2017-01-26,1.0135381837979365,1.8900536827855592,0.8811171013382229
2017-01-27,1.023280958008761,1.9082220819362599,0.8795798848260467
2017-01-30,1.0226790142563777,1.90709957266704,0.871124803058795
2017-01-31,1.0196729490134255,1.9014938394307792,0.871637241142044
2017-02-01,1.020569573704333,1.8998218069151658,0.874199333820718
2017-02-02,1.026247664738029,1.889251864948044,0.8749680398143768
2017-02-03,1.0116040108064674,1.9162098317726688,0.8798360549988858
2017-02-06,1.0157878793578083,1.9241350376509379,0.8672815663032132
2017-02-07,1.0163905558078146,1.9252766449661947,0.8636945974580412
2017-02-08,1.0076415441208881,1.9087040117681342,0.8631821593747923
2017-02-09,1.0052692861510548,1.9131976120274605,0.8706123649755461
2017-02-10,1.009420822438923,1.9052965357470886,0.868562710380121
2017-02-13,1.0123861731814345,1.8996993929386699,0.872149679225293
2017-02-14,1.0165377094693024,1.8919092124969106,0.874711771903967
2017-02-15,1.0206892457571703,1.8841826621920201,0.8782987407491389
2017-02-16,1.0156481268707247,1.8934885198204539,0.8818857095943109
2017-02-17,1.0138688485526899,1.8901713837182639,0.8775301324930509
2017-02-21,1.0129823773604332,1.8885187217566244,0.8790674467427977
2017-02-22,1.013277313978701,1.8879688668551189,0.8798360549988858
2017-02-23,1.005312787474407,1.90280861296599,0.8800922251717249
2017-02-24,1.0020680345603474,1.896667097739341,0.8731745553917908
2017-02-27,1.0020680345603474,1.896667097739341,0.875992818243304
2017-02-28,1.018774044997163,1.865046749382555,0.875992818243304
2017-03-01,1.0140846405202362,1.8736315367740093,0.8905969615344017
2017-03-02,1.029911422556447,1.8443898376457388,0.8864975546059808
2017-03-03,1.0246358285443766,1.853837496706801,0.9003330896409903
2017-03-06,1.0208257642722762,1.8607309117287185,0.8957212446293205
2017-03-07,1.0249290910182813,1.868210333961618,0.8923905436945584
2017-03-08,1.0110427277152327,1.8428986829886456,0.8888034771118157
2017-03-09,1.0216822251830358,1.8235053227145606,0.9008455277242393
2017-03-10,1.0219698414271006,1.822991983303319,0.9103253879204182
2017-03-13,1.0110427277152327,1.8424837920533326,0.910581655830828
2017-03-14,0.9966649869287855,1.8162823728262367,0.9008455277242393
2017-03-15,1.0086831094854656,1.7943810273987955,0.913656186592751
2017-03-16,1.0058882418935065,1.7993529133498365,0.9246733610386767
2017-03-17,1.0030932676841828,1.8043526188606767,0.9221112683600027
2017-03-20,1.0028137169545683,1.8038497662273927,0.9195490779437578
2017-03-21,1.0053277387848483,1.7993275727091258,0.9198053458541677
2017-03-22,1.0075623656573442,1.7953280553465003,0.9221112683600027
2017-03-23,1.0097970990877951,1.7913460888095785,0.9241609229554277
2017-03-24,1.0159424029056254,1.78044452653676,0.9262106752884236
2017-03-27,1.0206911581663562,1.7721223073955474,0.9318472987290206
2017-03-28,1.0181771363360763,1.7764871479558613,0.9362029735678514
2017-03-29,1.0254399134270868,1.7891590394177708,0.9338970510620165
2017-03-30,1.0209063340984175,1.7812489763018364,0.9272354537173507
2017-03-31,1.0172553017737729,1.7876191959522625,0.9313348606457716
2017-04-03,1.016412772335396,1.7861386219070143,0.9280041597110096
2017-04-04,1.0239833078887037,1.7994422976461668,0.9287727679670976
2017-04-05,1.0199989543606742,1.7924406070796528,0.9218550004495928
2017-04-06,1.0194341579429294,1.7934331218558406,0.9254419692947647
2017-04-07,1.0259291551611436,1.8048594048057973,0.9249295312115158
2017-04-10,1.023640997553413,1.8008339779454585,0.919036639860509
2017-04-11,1.0230715041430587,1.8018358556408942,0.9210863921935047
2017-04-12,1.0318984890739098,1.8173819615398472,0.9205739541102558
2017-04-13,1.0258147810207743,1.806667321105626,0.9126313104262531
2017-04-17,1.0189435207176936,1.8187690003503263,0.9180118614315818
2017-04-18,1.0200887489707033,1.8208131819978355,0.9118627021701651
2017-04-19,1.0097587185874852,1.802374535839665,0.9108378260036671
2017-04-20,1.0111646546988509,1.7998650022258453,0.9200615160270068
2017-04-21,1.067402957281871,1.6997612731908234,0.9213425623663438
2017-04-24,1.0755575369002608,1.6867757005540502,0.9725851978403907
2017-04-25,1.0659970211705054,1.7017692690656823,0.9800154034411444
2017-04-26,1.0679653531796272,1.704911535749283,0.9713041515010536
2017-04-27,1.0682475376654716,1.7053620181396463,0.9695106670784677
2017-04-28,1.0741775137173302,1.6958953397053413,0.9692544969056285
2017-05-01,1.0815193734406094,1.6843041217451076,0.9746349501733864
2017-05-02,1.0798251561228323,1.6869426109682695,0.9812964497804814
2017-05-03,1.1029803930375535,1.650768647436283,0.9797592332683053
2017-05-04,1.120770321193129,1.6241434636843828,1.0007687059936587
2017-05-05,1.1035451680500856,1.6491049739592571,1.0169100657969325
2017-05-08,1.1094752518217634,1.6579667142187415,1.0012811440769078
2017-05-09,1.107477234554548,1.654980936827098,0.9959005930715791
2017-05-10,1.1128809110080058,1.6630560296960282,0.997694077494165
2017-05-11,1.1028291272471982,1.6480349439470863,0.9928260623096561
2017-05-12,1.0952136699374253,1.6366546317567738,1.001793484422586
2017-05-15,1.1068974882347544,1.6191946822895427,1.0087112519400907
2017-05-16,1.0868681460788148,1.6484940570314404,1.0194722562131773
2017-05-17,1.0863117636723616,1.647650170775519,1.001024876166498
2017-05-18,1.0707493160616155,1.624046017418247,1.0015373142497468
2017-05-19,1.0693990853724378,1.6219980714233613,1.0158852873680053
2017-05-22,1.0699378377862532,1.6211809252445997,1.0171663337073424
2017-05-23,1.0702071626149028,1.6207728414667562,1.0176787717905913
2017-05-24,1.0726314970988133,1.62444436939837,1.0179349419634305
2017-05-25,1.0775021832691407,1.6318207691646411,1.0156290194575956
2017-05-26,1.0805058806985557,1.6363697120120093,1.0110171744459258
2017-05-30,1.0752886313148855,1.6284684603631687,1.0081988138568418
2017-05-31,1.0804556358301884,1.62064330194274,1.0130669267789216
2017-06-01,1.092693387303831,1.6389994743749006,1.0179349419634305
2017-06-02,1.0845349209015789,1.6512368707940284,1.029464554492605
2017-06-05,1.0916056678599182,1.6620022946237736,1.0217781787190123
2017-06-06,1.0910546175408067,1.6611633040232463,1.0151165813743466
2017-06-07,1.0913299171646098,1.6607441521079152,1.0156290194575956
2017-06-08,1.0921557110399764,1.6620008136616686,1.0158852873680053
2017-06-09,1.1012523599019877,1.6758437461825826,1.0151165813743466
2017-06-12,1.0928437353134564,1.663047822701482,1.0066615973446658
2017-06-13,1.091739548655907,1.6647281317496612,1.0143479731182585
2017-06-14,1.0762813566543592,1.6882994012183234,1.0133230969517606
2017-06-15,1.0831823653124888,1.6774741939309465,0.9989752215710728
2017-06-16,1.0770311701582436,1.667948123840152,0.992569892136817
2017-06-19,1.0662498172613062,1.684644704064718,0.998206515577414
2017-06-20,1.066802720673398,1.6837711322338382,0.9882142172979862
2017-06-21,1.068184926475857,1.6859527148112776,0.9887266553812352
2017-06-22,1.065413342142975,1.6815782286951262,0.9874456090418982
2017-06-23,1.0612773786456255,1.6750502963925034,0.9900077017205722
2017-06-26,1.0640132929528952,1.6793684832902067,0.993850938476154
2017-06-27,1.0746835048670642,1.6962096428108298,0.996413031154828
2017-06-28,1.056626199081138,1.7247101046291773,1.0064053294342559
2017-06-29,1.0607300705420426,1.7180114361853354,0.9894952636373232
2017-06-30,1.0585242920434352,1.7215840252836747,0.9856521246193122
2017-07-03,1.0582497533551858,1.7211375155308375,0.9877017792147372
2017-07-05,1.0623685668993832,1.7144386767284483,0.9874456090418982
2017-07-06,1.0576640926455723,1.7220307053950594,0.9836023722863163
2017-07-07,1.0551954742240293,1.7260499746047835,0.9879580471251471
2017-07-10,1.0601097174292526,1.7340885130242316,0.9902639696309821
2017-07-11,1.0677540494612834,1.746592830406241,0.9948758146426518
2017-07-12,1.0713032482531033,1.7523984793444087,1.0020497523329959
2017-07-13,1.077309464501322,1.762223227133753,1.0053805510053286
2017-07-14,1.072668292666507,1.7546313688256894,1.0110171744459258
2017-07-17,1.0745793756745146,1.751505289480187,1.0066615973446658
2017-07-18,1.0712915538159504,1.7568642583069698,1.0048681129220798
2017-07-19,1.06393900656616,1.768922065936142,1.0079426436840027
2017-07-20,1.056418137631687,1.7564177485541326,1.0148604112015076
2017-07-21,1.0574925767549417,1.7546313688256892,1.0076864735111637
2017-07-24,1.0539936933931522,1.7604368474053091,1.0066615973446658
2017-07-25,1.0614802733503284,1.772941335145866,1.0099922982794278
2017-07-26,1.0590738908633097,1.768922065936142,1.0171663337073424
2017-07-27,1.0561327453796634,1.7738345250100878,1.0148604112015076
2017-07-28,1.0561327453796634,1.7738345250100878,1.0176787717905913
2017-07-31,1.0627801063623032,1.7849991427750382,1.0176787717905913
2017-08-01,1.0630459561721102,1.7854456525278755,1.0240841012248472
2017-08-02,1.0659708112333803,1.7903581116018212,1.0243402713976864
2017-08-03,1.071554570115435,1.7997363496383285,1.0271586319867703
2017-08-04,1.071288720305628,1.7992898398854913,1.0325390852545282
2017-08-07,1.076340779568069,1.7908046213546585,1.032282915081689
2017-08-08,1.0830511338107425,1.779640003589708,1.0274148021596095
2017-08-09,1.1004451637012846,1.751058609368802,1.0210094727253536
2017-08-10,1.1004451637012846,1.751058609368802,1.00461184501167
2017-08-11,1.0889383450392665,1.7693685756889792,1.00461184501167
2017-08-14,1.0900377527103593,1.7711549554174226,1.0151165813743466
2017-08-15,1.0947101828898604,1.7787469840840338,1.0161414575408445
2017-08-16,1.0798684938659668,1.7546313688256892,1.0204971323796752
2017-08-17,1.075470968026882,1.7617767173809158,1.0066615973446658
2017-08-18,1.0776519476219224,1.7582039579240287,1.0107610042730866
2017-08-21,1.0691664613949472,1.7720481452816446,1.0087112519400907
2017-08-22,1.0697053681109,1.7711549554174228,1.0166538956240936
2017-08-23,1.0707842686210758,1.7693685756889792,1.0161414575408445
2017-08-24,1.0797030161939118,1.784105952910817,1.0151165813743466
2017-08-25,1.0783517189215537,1.7818730634295363,1.0235716631415983
2017-08-28,1.07321664495027,1.7733878448987035,1.0222906168022612
2017-08-29,1.0778110762957624,1.7657959865906399,1.0174225038801816
2017-08-30,1.0715415758297693,1.7760674144913686,1.0130669267789216
2017-08-31,1.0745053733153522,1.7809798735653144,1.0189598181299284
2017-09-01,1.0656139808586036,1.7662424963434769,1.0217781787190123
2017-09-05,1.0521422488558876,1.7885717318733783,1.0133230969517606
2017-09-06,1.061337060398388,1.8042022989594375,1.0261337558202723
2017-09-07,1.0605488707025617,1.802862428983831,1.035101275670773
2017-09-08,1.0715826245105946,1.8216190754153927,1.0343325696771142
2017-09-11,1.076048598522649,1.8292109337234563,1.0450935739502007
2017-09-12,1.07131986120704,1.821172395304008,1.0494491510514607
2017-09-13,1.0752605090416598,1.8278712341063972,1.0448373060397909
2017-09-14,1.0776248776994644,1.8238519648966731,1.0486805427953727
2017-09-15,1.0741946038354815,1.8296576138348406,1.0463746202895379
2017-09-18,1.078389648199252,1.8368029623900668,1.0497054189618706
2017-09-19,1.0747189968831712,1.830550803699062,1.0538048258902915
2017-09-20,1.0728836712251306,1.8336768830445644,1.0502178570451195
2017-09-21,1.0718385607784258,1.8354630924144606,1.0520113414677055
2017-09-22,1.0619286891403592,1.81849299606989,1.0530361198966327
2017-09-25,1.0666228807511149,1.8104544576504418,1.0433000895276148
2017-09-26,1.0634656631013009,1.805095488823659,1.0386882445159449
2017-09-27,1.059803967471567,1.8113107438074472,1.041762775277868
2017-09-28,1.0714930018550592,1.8312884700789072,1.04534974412304
2017-09-29,1.0683759590491293,1.8259611328575167,1.0568793566522146
2017-10-02,1.0655186285232752,1.8308445958742066,1.0538048258902915
2017-10-03,1.0704277248507121,1.8224094618079252,1.0566231864793754
2017-10-04,1.0678200458132163,1.8268490506199146,1.0517550735572958
2017-10-05,1.0675605948348021,1.827292924824615,1.0543172639735405
2017-10-06,1.069116841239052,1.8246291715374214,1.0545734341463795
2017-10-09,1.0592320345068416,1.8414992703169875,1.0530361198966327
2017-10-10,1.0622963236621374,1.8468266075383781,1.0627722480032213
2017-10-11,1.0592320345068418,1.8414992703169877,1.0658467787651444
2017-10-12,1.0599980824426667,1.8401674783498894,1.0627722480032213
2017-10-13,1.0582079849536556,1.8432751058417833,1.0620036397471333
2017-10-16,1.0605095528042408,1.8472841690729354,1.0602101553245473
2017-10-17,1.0551158489964105,1.8378889650122772,1.0579042328187125
2017-10-18,1.0553700511051585,1.837446174534819,1.0632846860864704
2017-10-19,1.0497767318325109,1.82770795703498,1.0635408562593096
2017-10-20,1.0543531456834787,1.8197402170799346,1.0579042328187125
2017-10-23,1.0497366561391248,1.82770795703498,1.0532923878070426
2017-10-24,1.0484655001508063,1.8254947334603862,1.0579042328187125
2017-10-25,1.04948236675167,1.8272652110051801,1.0566231864793754
2017-10-26,1.0474485365669575,1.8237240870574571,1.0576479649083026
2017-10-27,1.0413469490298348,1.8131005463561534,1.0555983103128774
2017-10-30,1.0466241180835296,1.8222886830318135,1.0617473718367236
2017-10-31,1.0496395747858978,1.8275389276305716,1.0671279228420523
2017-11-01,1.052655031488266,1.8327891722293297,1.0702024536039751
2017-11-02,1.0468753662005434,1.8428522105862273,1.0732769843658982
2017-11-03,1.0473779582942113,1.8437369414536664,1.0673840930148912
2017-11-06,1.0571876790063475,1.8610053442485515,1.0668716549316424
2017-11-07,1.0564188465249442,1.8596519408887355,1.0568793566522146
2017-11-08,1.0656318174741248,1.8758698636978122,1.0576479649083026
2017-11-09,1.0682359611811296,1.880454031156595,1.0484242748849628
2017-11-10,1.0726847156828438,1.888285333078995,1.0458621822062888
2017-11-13,1.0681987518285592,1.8803885302002705,1.0415066051050288
2017-11-14,1.06479681699918,1.886377077951991,1.0458621822062888
2017-11-15,1.0585163296084,1.8752506665435476,1.042531383533956
2017-11-16,1.053861229170031,1.883497568320781,1.0486805427953727
2017-11-17,1.0517922517955245,1.8871953168913997,1.0440686977837028
2017-11-20,1.0448096011379713,1.8746665826304965,1.042018945450707
2017-11-21,1.0458304448604725,1.8728349172145426,1.048936712968212
2017-11-22,1.0608875490318082,1.899798628763384,1.0499615891347098
2017-11-24,1.0542522595415826,1.88791639498047,1.0650781705090564
2017-11-27,1.0601219649164402,1.8984276487251073,1.0584166709019613
2017-11-28,1.0568042714948196,1.89248644466554,1.0643095622529684
2017-11-29,1.056293849633569,1.8915723998612821,1.0609787635806354
2017-11-30,1.0481272945595919,1.9061967680569705,1.0604663254973865
2017-12-01,1.0460856071145899,1.9099099220118827,1.0522675116405447
2017-12-04,1.0412555023296188,1.9010912698954288,1.0543172639735405
2017-12-05,1.0445601985804671,1.9071248794927733,1.0494491510514607
2017-12-06,1.0407227841314837,1.900118649905884,1.0461184501166987
2017-12-07,1.046309906763989,1.8899178586142875,1.0499615891347098
2017-12-08,1.0455479647556547,1.8885415858680674,1.0555983103128774
2017-12-11,1.0437702615321411,1.885330574438552,1.0548296043192187
2017-12-12,1.0442780937009508,1.8844132925904038,1.0530361198966327
2017-12-13,1.0343639801513378,1.9023034383952737,1.0525237795509546
2017-12-14,1.0346182404066961,1.9018358272184568,1.042531383533956
2017-12-15,1.020636932490094,1.8761353791993738,1.042787651444366
2017-12-18,1.019152335700253,1.878864365847418,1.0568793566522146
2017-12-19,1.0129666573215252,1.8674607215861319,1.0553420424024678
2017-12-20,1.0104923293384573,1.8720222836941276,1.048936712968212
2017-12-21,1.0082763336805494,1.8679169647998326,1.0514989033844566
2017-12-22,1.007291425849039,1.8660923399566343,1.0491929808786216
2017-12-26,1.0060626470434897,1.868368756351824,1.0502178570451195
2017-12-27,1.0080285243955782,1.8720196063602759,1.048936712968212
2017-12-28,1.0117291072279362,1.8788919948388538,1.0468870583727867
2017-12-29,1.0072557210291704,1.8705844256895259,1.0430438216172049
2018-01-02,1.0033143964002824,1.863264953272083,1.0476556666288748
2018-01-03,1.0211565173187667,1.8301301764576265,1.0517550735572958
2018-01-04,1.0314219020821562,1.8117324185137649,1.0704586237768143
2018-01-05,1.0272668365334285,1.8190309516751053,1.081219628049901
2018-01-08,1.028000138239717,1.817732458962972,1.0768639532110702
2018-01-09,1.0243339094164912,1.8242151654199719,1.077632659204729
2018-01-10,1.0306886003758677,1.8128982271510283,1.073789422449147
2018-01-11,1.0451089574519128,1.787533980599244,1.0804509220562422
2018-01-12,1.0477975128241355,1.7829355279189723,1.0955675034305887
2018-01-16,1.0517081133920763,1.776281237750551,1.0983858640196726
2018-01-17,1.053174623568581,1.773804377033851,1.1024852709480935
2018-01-18,1.0612401964491773,1.7602199740690225,1.1040225851978405
2018-01-19,1.070283536016849,1.7452202906867256,1.1124775692275213
2018-01-22,1.0729720913890717,1.7408362922131062,1.121957527161271
2018-01-23,1.0746829733102914,1.7380604834441244,1.1247758877503549
2018-01-24,1.0705279077615637,1.7447803770459729,1.1265693721729408
2018-01-25,1.0805488275441664,1.7284479637853079,1.12221369733411
2018-01-26,1.0715055812125667,1.7429135578514154,1.1327184336967868
2018-01-29,1.0805488275441661,1.7576233241043344,1.1232385735006079
2018-01-30,1.0788088209638413,1.7547930252120347,1.113758713304429
2018-01-31,1.0793043806745686,1.7539869465935976,1.115552197727015
2018-02-01,1.051801431098482,1.7986822294193079,1.116064635810264
2018-02-02,1.0961530327658946,1.8745277601504686,1.0876249574841568
2018-02-05,1.065150138889647,1.927545708811691,1.041762775277868
2018-02-06,1.0857857056660902,1.9648887994583244,1.071227329770473
2018-02-07,1.117829601026809,2.0228769372250355,1.0504740272179587
2018-02-08,1.114458443573529,2.0289775420557987,1.0194722562131773
2018-02-09,1.0991001049104214,2.00101622648551,1.0225467869751004
2018-02-12,1.0958403213808092,2.006950972291139,1.036638492182949
2018-02-13,1.0760098075001396,1.970632844241521,1.0335639614210261
2018-02-14,1.0830836605009189,1.9576776026057052,1.0522675116405447
2018-02-15,1.0851795614218043,1.9538892541708295,1.0591852791580494
2018-02-16,1.0754858072842128,1.9713430680052868,1.0612349337534746
2018-02-20,1.0833456106374713,1.9857499237270344,1.0517550735572958
2018-02-21,1.0753700804125845,1.97113094306173,1.0440686977837028
2018-02-22,1.0829671160677963,1.9572057350535383,1.0517550735572958
2018-02-23,1.0918739613351316,1.9411087286164823,1.0591852791580494
2018-02-26,1.072488439306672,1.9755718693733302,1.0678965310981403
2018-02-27,1.0827050941861311,1.9943914064790198,1.048936712968212
2018-02-28,1.0925842492029563,2.0125892536810235,1.038944414688784
2018-03-01,1.0931281064693443,2.013591063189688,1.029464554492605
2018-03-02,1.0855067285662205,1.9995521428251868,1.0289521164093562
2018-03-05,1.0906068506135609,1.990157488973617,1.0361260540997002
2018-03-06,1.0970489699214305,1.9784018026983974,1.04099416702178
2018-03-07,1.0978543116316444,1.9769494614310887,1.047143228545626
2018-03-08,1.1016122316271753,1.9701824270144508,1.0479119345392847
2018-03-09,1.1029543312833447,1.9677821439729475,1.0514989033844566
2018-03-12,1.093827910267496,1.984064602642357,1.0527799497237935
2018-03-13,1.0970489699214307,1.9782220104188613,1.0440686977837028
2018-03-14,1.0978543116316446,1.9767698011367472,1.047143228545626
2018-03-15,1.1005385109439836,1.9719366970676127,1.0479119345392847
2018-03-16,1.0927541895843043,1.9858845860313097,1.0504740272179587
2018-03-19,1.0943646682134514,1.9888113418527382,1.0430438216172049
2018-03-20,1.0970568937365823,1.9937039784762955,1.0415066051050288
2018-03-21,1.120594214173702,2.0364788333321133,1.038944414688784
2018-03-22,1.133867415900613,2.060600494880521,1.0166538956240936
2018-03-23,1.1098655782738571,2.1042195263458985,1.00461184501167
2018-03-26,1.0957288699095766,2.1310216349621873,1.0258775856474331
2018-03-27,1.1026585998852036,2.117544391724336,1.0128106588685117
2018-03-28,1.1162409171627192,2.1436278592460316,1.0192159883027676
2018-03-29,1.099332359103903,2.1111566824980166,1.0317704769984402
2018-04-02,1.0874132150866815,2.1340461938757445,1.0161414575408445
2018-04-03,1.083073331129945,2.1255291805534466,1.0271586319867703
2018-04-04,1.0709644162149672,2.101765459984524,1.031258038915191
2018-04-05,1.0643860108332763,2.1146755669905803,1.042787651444366
2018-04-06,1.0749113992168817,2.135586948220095,1.03638232201011
2018-04-09,1.0864894569308978,2.158589726828458,1.0466307904623768
2018-04-10,1.0807004280738899,2.1700911161326393,1.0579042328187125
2018-04-11,1.0872788334555805,2.1568814062942065,1.0522675116405447
2018-04-12,1.08622626450367,2.1547933803606902,1.0586728410748005
2018-04-13,1.0904282962737593,2.146457630675618,1.0596977172412985
2018-04-16,1.1011960089461346,2.1252618866642754,1.0637971241697193
2018-04-17,1.1048727742219202,2.118165884641605,1.0743018605323962
2018-04-18,1.100670742451831,2.1262216540923924,1.0778888293775681
2018-04-19,1.1038222412333127,2.1323095645760546,1.073789422449147
2018-04-20,1.1043505243065532,2.133330075857487,1.0707148916872242
2018-04-23,1.1101671022517041,2.144566255309434,1.0702024536039751
2018-04-24,1.1115030230493343,2.1471469214600996,1.0645657324258073
2018-04-25,1.109360317577846,2.143007748321298,1.0632846860864704
2018-04-26,1.112295047611178,2.1373385810534504,1.0653344384194663
2018-04-27,1.1098938308372435,2.1419526564855267,1.0681527012709793
2018-04-30,1.1160302510869293,2.1537951600565313,1.0658467787651444
2018-05-01,1.1141418832114718,2.1501508523985575,1.0599538874141377
2018-05-02,1.116561597082528,2.1454811151587947,1.0617473718367236
2018-05-03,1.1184435853643862,2.1418648611803066,1.0640532943425585
2018-05-04,1.1173681341859902,2.13980532852344,1.0658467787651444
2018-05-07,1.1117330167835555,2.1505968070663366,1.0668716549316424
2018-05-08,1.107707874431175,2.14281035280049,1.0614912016638844
2018-05-09,1.0999822357105011,2.127865457115644,1.0653344384194663
2018-05-10,1.0991941266787038,2.1293900180865033,1.0727645462826492
2018-05-11,1.0994567962835284,2.128881167082852,1.0719959380265611
2018-05-14,1.0907872962817875,2.14566794337467,1.0722521081994003
2018-05-15,1.09262628416753,2.149285383152473,1.0637971241697193
2018-05-16,1.0889358858543396,2.1420260674399705,1.0620036397471333
2018-05-17,1.0850084503202408,2.1497516547785023,1.0655906085923053
2018-05-18,1.0800336853265378,2.1398950409667012,1.0617473718367236
2018-05-21,1.0810713556388973,2.137839081429749,1.0666154847588032
2018-05-22,1.0644674430356342,2.1706736330833007,1.0676402631877304
2018-05-23,1.0678400447432732,2.177551079311986,1.0512426354740467
2018-05-24,1.0795889155722322,2.2015095049959075,1.0479119345392847
2018-05-25,1.1182886614737193,2.280426449412562,1.03638232201011
2018-05-29,1.094489132328312,2.328958709120202,0.999231391743912
2018-05-30,1.1005345487001181,2.3418227245713417,1.0204971323796752
2018-05-31,1.08997650028912,2.3193562988464937,1.0148604112015076
2018-06-01,1.0957002826734723,2.3071766869715105,1.0245965393080962
2018-06-04,1.0927020812414072,2.3134898919202462,1.0299769925758542
2018-06-05,1.1055125404605037,2.2863673409312644,1.0271586319867703
2018-06-06,1.0959727991790014,2.306096970500075,1.039200682599194
2018-06-07,1.097880726640452,2.302082394826225,1.0302331627486931
2018-06-08,1.1115088393503851,2.2735063960105366,1.0320266471712791
2018-06-11,1.103331992519275,2.2902315113776734,1.0448373060397909
2018-06-12,1.1068753309366473,2.2828764583619336,1.037150930266198
2018-06-13,1.1079656049072617,2.280627821400647,1.0404817289385309
2018-06-14,1.0807093794873954,2.3367318247411815,1.0415066051050288
2018-06-15,1.0946101126771064,2.3667882730779586,1.0158852873680053
2018-06-18,1.1046780818852246,2.3885574410945103,1.002818360589084
2018-06-19,1.107241805429828,2.39410077634284,0.9935946705657441
2018-06-20,1.1184029231253134,2.418233572276464,0.9912887480599092
2018-06-21,1.1032183266873417,2.3854011286834504,0.9812964497804814
2018-06-22,1.0887247795642532,2.4167393713773104,0.9946195467322421
2018-06-25,1.0918508663813744,2.4236786247415116,0.9815527176908913
2018-06-26,1.1027122403908218,2.44778858410736,0.9787343571018073
2018-06-27,1.1044616917208627,2.4439051711576605,0.9689982289952187
2018-06-28,1.0913410848069909,2.472937883949697,0.9705355432449655
2018-06-29,1.0862160725729197,2.4613247988328824,0.9820651557741402
2018-07-02,1.0799522532080421,2.4755183781100367,0.9774533107624703
2018-07-03,1.1002172248592332,2.5219707185772946,0.9830899342030675
2018-07-05,1.1066907336105858,2.536809605979238,1.0015373142497468
2018-07-06,1.1123199043323055,2.549713061232692,1.0074302056007538
2018-07-09,1.1142900979797823,2.55422923365446,1.0125544886956725
2018-07-10,1.0912105946514818,2.607133178691976,1.0143479731182585
2018-07-11,1.0827668922526525,2.627306971709464,0.993338500392905
2018-07-12,1.079718389054634,2.6199098544141894,1.001024876166498
2018-07-13,1.0772381741743386,2.613891674607472,1.0038432367555818
2018-07-16,1.0761408858446804,2.616554217486381,1.0061491592614167
2018-07-17,1.072300481334051,2.6072165677870545,1.0051242830949187
2018-07-18,1.0663085247490263,2.6217855517182205,1.0087112519400907
2018-07-19,1.0614059486983078,2.6338397581300077,1.0030746284994938
2018-07-20,1.0622156341867182,2.6318305534203756,1.0076864735111637
2018-07-23,1.0570801744484635,2.6191065269515437,1.0069177675175047
2018-07-24,1.0667166763318918,2.6429826960349687,1.0117858804395845
2018-07-25,1.060024601569175,2.6595635165947944,1.0210094727253536
2018-07-26,1.0554739376317899,2.648146064805244,1.0146041432910977
2018-07-27,1.0573316910308024,2.6528071011203727,1.0189598181299284
2018-07-30,1.0615779989771121,2.6634609346988714,1.0207533025525144
2018-07-31,1.0541469853810619,2.682105079959386,1.0248527094809352
2018-08-01,1.0655589569692632,2.7111409804491102,1.0176787717905913
2018-08-02,1.067186215794687,2.7152812751353395,1.0066615973446658
2018-08-03,1.0707226764000917,2.7242792223726533,1.0051242830949187
2018-08-06,1.0603166463089004,2.6978027759597225,1.001793484422586
2018-08-07,1.0570938280086979,2.7060027115044174,1.0115296125291746
2018-08-08,1.0506480889567464,2.7225028431768226,1.0084550817672517
2018-08-09,1.082876579313411,2.8060152557053986,1.0023059225058348
2018-08-10,1.0883023460038053,2.7919556810521198,0.9715603216738927
2018-08-13,1.08772544313157,2.790475681254759,0.9666923064893838
2018-08-14,1.0661150038640552,2.8459155954518733,0.9672047445726327
2018-08-15,1.05862343328119,2.8659137921557285,0.9479887562698651
2018-08-16,1.0503839867251006,2.8882196875123394,0.9546502558769602
2018-08-17,1.0576570116507913,2.868221197394796,0.9620804614777139
2018-08-20,1.072762319749708,2.827257667247277,0.9687420588223795
2018-08-21,1.0791961905333225,2.8103012453370666,0.9825774961198185
2018-08-22,1.0719231656076318,2.829240703412743,0.9884704852083961
2018-08-23,1.0604542632632512,2.798969610878052,0.9818088878637303
2018-08-24,1.0752398630516669,2.759944406378396,0.9923136242264071
2018-08-27,1.0730493574019497,2.7655670344289587,1.0061491592614167
2018-08-28,1.0771565032706403,2.754981699149002,1.0040994069284208
2018-08-29,1.0911206112158829,2.7906969009022045,1.0079426436840027
2018-08-30,1.1065756624058272,2.830225403082179,0.9948758146426518
2018-08-31,1.118427696554316,2.8605386742527403,0.9807840116972325
2018-09-04,1.1287643218051606,2.886976070592614,0.9702792753345557
2018-09-05,1.134480304438543,2.9015955130782762,0.9613118532216258
2018-09-06,1.1223240271656747,2.9326869295204037,0.9564438380371169
2018-09-07,1.1095600403669297,2.9660398439615063,0.9461952718472791
2018-09-10,1.1107483514582404,2.969216398555779,0.956956178382795
2018-09-11,1.113421994751898,2.9763634949264324,0.9579810545492929
2018-09-12,1.1264930767855659,3.011304686664671,0.9602869770551279
2018-09-13,1.1220370801785253,2.999393061335528,0.9715603216738927
2018-09-14,1.1253048790178382,3.008128435003318,0.9677171826558817
2018-09-17,1.1321374978074998,3.026393169521006,0.9705355432449655
2018-09-18,1.1362964733035041,3.03751080766804,0.9764284345959724
2018-09-19,1.160062128511802,3.1010403848888926,0.9800154034411444
2018-09-20,1.1609534184920764,3.0986578174767283,1.0005124380832489
2018-09-21,1.1553089974701423,3.113723132799598,1.0012811440769078
2018-09-24,1.1597651074007658,3.101713278636198,0.996413031154828
2018-09-25,1.1606562840574572,3.0993298869890173,1.00025626791041
2018-09-26,1.1553089974701423,3.113608881866316,1.001024876166498
2018-09-27,1.1737273660911252,3.1632472004922056,0.996413031154828
2018-09-28,1.1731139591318678,3.16159404158777,0.9805278415243933
2018-10-01,1.1826116590446998,3.1871907632186502,0.9810402796076423
2018-10-02,1.1770068548820312,3.1720855679330424,0.9730976359236396
2018-10-03,1.1634355393200297,3.2086608640356333,0.9777094809353094
2018-10-04,1.1733056083943045,3.2358817140901737,0.9664361363165446
2018-10-05,1.1833445768783546,3.2635683750193083,0.9582373224597028
2018-10-08,1.1827064183573215,3.26180838557229,0.950038508602861
2018-10-09,1.2066155787414312,3.3277479109036903,0.9505508489485393
2018-10-10,1.2179016722244633,3.3588740414394804,0.9313348606457716
2018-10-11,1.2175633878865377,3.3579410806699888,0.9226236087056809
2018-10-12,1.2138451004321476,3.3476863454200156,0.9228798766160907
2018-10-15,1.1930152459208603,3.290239295957365,0.9256982372051746
2018-10-16,1.1800299964306524,3.3260515609611656,0.9415834268356094
2018-10-17,1.2034032721419028,3.39193185247861,0.9313348606457716
2018-10-18,1.193946313480649,3.3652763164224493,0.9128875783366629
2018-10-19,1.2049181852924016,3.396201811093373,0.9200615160270068
2018-10-22,1.2120299418734006,3.4162471227794797,0.9116065319973259
2018-10-23,1.2459543718851218,3.5118670678118122,0.9062259809919972
2018-10-24,1.226746859504584,3.4577284639384294,0.8808609311653837
2018-10-25,1.2330721190304912,3.475556942352761,0.8944401982899834
2018-10-26,1.234492332515161,3.4795599789635863,0.8898283532783136
2018-10-29,1.2277308287284592,3.4605018954468707,0.8888034771118157
2018-10-30,1.218579224801022,3.4347070371634194,0.8936715900338954
2018-10-31,1.2352245714214747,3.48162387934299,0.9003330896409903
2018-11-01,1.237652009535783,3.4884658955236407,0.9126313104262531
2018-11-02,1.2379988620009448,3.489443539470544,0.9144247948488391
2018-11-05,1.242160165584694,3.5011726567999575,0.9146810627592489
2018-11-06,1.2258615391439476,3.5471122278945417,0.9177555935211719
2018-11-07,1.206944919467272,3.6018487302016657,0.9297976441335956
2018-11-08,1.2089717415658572,3.5958001471351273,0.915449671015337
2018-11-09,1.2360863062008078,3.676445998606875,0.9139123567655901
2018-11-12,1.2261606571403376,3.646924505982222,0.8934153221234855
2018-11-13,1.2223235664607397,3.635511988422136,0.9005893575514002
2018-11-14,1.2289101935983282,3.61592162578902,0.9034076204029133
2018-11-15,1.229950263917095,3.6189819086132333,0.908275733324993
2018-11-16,1.241756548703582,3.6537204930127016,0.9075070273313343
2018-11-19,1.2176860017253046,3.7245452056863533,0.8987958731288143
2018-11-20,1.2017570784582112,3.6758232899362024,0.8813733692486326
2018-11-21,1.2131366328168491,3.7106300172610296,0.8929028840402367
2018-11-23,1.1948622528623505,3.654734035743642,0.8844479000105556
2018-11-26,1.1890651938481134,3.672465543150285,0.8977709969623163
2018-11-27,1.1706511900348655,3.6155933086710803,0.8934153221234855
2018-11-28,1.1756102260567203,3.6309094486201143,0.9072508571584952
2018-11-29,1.1696089292633614,3.649444644000364,0.9034076204029133
2018-11-30,1.1542720133976414,3.6015899944151495,0.8987958731288143
2018-12-03,1.1247169394245,3.693808516107051,0.910581655830828
2018-12-04,1.109776915256925,3.7428747180700728,0.8872662605996395
2018-12-06,1.123092934873524,3.787784818904847,0.875480380160055
2018-12-07,1.1274175499246322,3.802370175761392,0.8649756437973782
2018-12-10,1.125070868927675,3.7944556725363423,0.8616449428626162
2018-12-11,1.147104892221724,3.7201429096820435,0.8634384272852021
2018-12-12,1.1464371791093886,3.7223083508874635,0.8803484930821347
2018-12-13,1.129744733360768,3.776506200834284,0.8798360549988858
2018-12-14,1.1374232431227427,3.8021738927234074,0.8670253961303741
2018-12-17,1.1350543267746709,3.7942550885780344,0.8611325047793672
2018-12-18,1.1444906041812273,3.8257986391575023,0.8629259892019532
2018-12-19,1.1499731884227788,3.8074714783632024,0.8557520515116093
2018-12-20,1.170038968244357,3.873907709338778,0.8516526445831883
2018-12-21,1.1908172990408399,3.805112277695619,0.8367922333816809
2018-12-24,1.1581515916634755,3.9094915844972067,0.8219319199177441
2018-12-26,1.157448813670866,3.9071192658235088,0.8444786091552737
2018-12-27,1.1521844385772577,3.924889849807715,0.8449910472385227
2018-12-28,1.157053291971847,3.941475487166455,0.8488342839941044
2018-12-31,1.15183658752547,3.9237049031822484,0.8524212528392764
2019-01-02,1.1671387171465089,3.8715785497798194,0.8485780160836947
2019-01-03,1.1278531970742989,4.001894659248253,0.8373046714649298
2019-01-04,1.1288549295426125,3.9983402712965774,0.8654880818806272
2019-01-07,1.1362002459037202,3.972323576464116,0.8662567878742861
2019-01-08,1.15089113335765,3.920962067959944,0.8718934113148831
2019-01-09,1.1498894008893363,3.924374862529872,0.8831668536712186
2019-01-10,1.159571880733413,3.9574195018470615,0.8823981476775599
2019-01-11,1.1636466041398486,3.9713258323999043,0.8749680398143768
2019-01-14,1.1622787836524673,3.966657696200909,0.8718934113148831
2019-01-15,1.1633021750532464,3.970150355133708,0.872918287481381
2019-01-16,1.1612517846733166,3.963152725223261,0.872149679225293
2019-01-17,1.144224631643462,3.9050419788513664,0.873686895737469
2019-01-18,1.130335259639246,3.952444017958358,0.8864975546059808
2019-01-22,1.1230598022166562,3.927003921382937,0.8757366480704649
2019-01-23,1.1240391749390248,3.923579348164622,0.8813733692486326
2019-01-24,1.1064097187038928,3.8620418395566256,0.8821419775047207
2019-01-25,1.104195010669683,3.8697725155855207,0.8959775125397303
2019-01-28,1.0991328036354122,3.8520314558450464,0.8941840281171444
2019-01-29,1.1075973315447212,3.822366589454295,0.8982834350455653
2019-01-30,1.1101053929656797,3.8310220185590227,0.90520120256307
2019-01-31,1.1075859471755822,3.822327301500993,0.9031514502300743
2019-02-01,1.108212956086084,3.8244911365361047,0.90520120256307
2019-02-04,1.09785588831529,3.788748444960111,0.904688764479821
2019-02-05,1.0932353531504546,3.804694112881533,0.9131437485095021
2019-02-06,1.0738287764355257,3.8722331729436648,0.9093006094914909
2019-02-07,1.078141322925937,3.887784242114546,0.8931591519506464
2019-02-08,1.078762386267939,3.890023800345964,0.8895721831054745
2019-02-11,1.0650835978510194,3.8406980051763706,0.8890597450222255
2019-02-12,1.0650835978510194,3.8406980051763706,0.9003330896409903
2019-02-13,1.0617495099775414,3.852720746556095,0.9003330896409903
2019-02-14,1.0429573993492858,3.7845306943745882,0.8975147290519064
2019-02-15,1.0473456522543743,3.768607246471206,0.9134000164199119
2019-02-19,1.0517340167602083,3.7528168316819284,0.917243155437923
2019-02-20,1.0508562768985943,3.755948799341061,0.9210863921935047
2019-02-21,1.0549521358510539,3.741309464873589,0.920317686199846
2019-02-22,1.0572925150802852,3.733009483609839,0.9239047527825887
2019-02-25,1.0654840097837135,3.7619314016000702,0.9259544073780137
2019-02-26,1.0605106341711308,3.779491024942259,0.9331283450683576
2019-02-27,1.0552446414044283,3.760723865276087,0.9287727679670976
2019-02-28,1.062775847368571,3.7338838464857846,0.9333846129787675
2019-03-01,1.0581412335834273,3.750166781019812,0.9400461125858625
2019-03-04,1.0572721675314007,3.7470867170969795,0.9359467056574415
2019-03-05,1.0595857262334927,3.755286218935824,0.9367154116511003
2019-03-06,1.0418678548564961,3.81808026812279,0.9346656593181045
2019-03-07,1.0378014799438227,3.8329821059561557,0.919036639860509
2019-03-08,1.030596526262089,3.859592646671344,0.9226236087056809
2019-03-11,1.0308807026525344,3.8606568896403153,0.9290289381399367
2019-03-12,1.042540314536331,3.904322234072399,0.9287727679670976
2019-03-13,1.0448154136759487,3.912842499458471,0.9392775043297744
2019-03-14,1.0573281334957532,3.959702740276025,0.9413272566627702
2019-03-15,1.061878223292291,3.976742864779555,0.952600601281535
2019-03-18,1.0652907635190199,3.9895228565900487,0.9567000082099559
2019-03-19,1.0655752051528211,3.9905880928976156,0.9597745389718789
2019-03-20,1.0698409617982554,3.9746127984330375,0.9600308068822888
2019-03-21,1.1022343551377822,4.094958906265314,0.956187570126707
2019-03-22,1.1001023830070213,4.102879488874696,0.9272354537173507
2019-03-25,1.0979785266582,4.110800503123458,0.9290289381399367
2019-03-26,1.0949563364091015,4.122115497811325,0.9308225203000935
2019-03-27,1.0982625638124595,4.109668744671044,0.9333846129787675
2019-03-28,1.090400487404626,4.139088421482505,0.9305662523896836
2019-03-29,1.1032181024765315,4.187743243951835,0.9372278497343492
2019-04-01,1.1067952224003434,4.20132175554453,0.9482449264427043
2019-04-02,1.1184205778752887,4.2454508391223404,0.951319554942198
2019-04-03,1.1202091378371946,4.252240094918688,0.9613118532216258
2019-04-04,1.1193149147117303,4.255634506997171,0.9628491674713726
2019-04-05,1.118719679127773,4.25789759226262,0.9636177757274608
2019-04-08,1.1124764059599084,4.234135412795093,0.9641302138107097
2019-04-09,1.1074223384820083,4.253371421731722,0.958749662805381
2019-04-10,1.1059493331134755,4.259028919075655,0.9631053376442118
2019-04-11,1.1147639973414698,4.292974334778634,0.9643863839835488
2019-04-12,1.115057882996974,4.294106093231049,0.9720727597571417
2019-04-15,1.1159393157944124,4.297500505309533,0.9723290276675515
2019-04-16,1.1250478656779108,4.332577679464927,0.9730976359236396
2019-04-17,1.125635524904382,4.334840764730376,0.9810402796076423
2019-04-18,1.125635524904382,4.334840764730376,0.9815527176908913
2019-04-22,1.1265170697863571,4.331445921012513,0.9815527176908913
2019-04-23,1.1350512049663803,4.298632263761948,0.9807840116972325
2019-04-24,1.1362463375108152,4.294106093231049,0.9733539038340494
2019-04-25,1.135048685525274,4.298632263761947,0.9723290276675515
2019-04-26,1.1284756990690124,4.32352533840313,0.9733539038340494
2019-04-29,1.1385170997250806,4.361996924637007,0.9789905272746465
2019-04-30,1.1299523524410808,4.329182835747063,0.9877017792147372
2019-05-01,1.1252269940536035,4.311078585262849,0.9802715736139835
2019-05-02,1.1151855933975352,4.349550171496727,0.9761721666855626
2019-05-03,1.1247591898293483,4.312210343715264,0.9848834186256534
2019-05-06,1.151911660813097,4.208110579701497,0.9764284345959724
2019-05-07,1.1441682371551984,4.236398498060543,0.9528567714543742
2019-05-08,1.1490578405225451,4.218294247576329,0.95926210088863
2019-05-09,1.1416604204739695,4.2454508391223404,0.955162693960209
2019-05-10,1.1669157570378044,4.339366935261275,0.9613118532216258
2019-05-13,1.1554660323039185,4.381944607752552,0.9400461125858625
2019-05-14,1.1473574319550082,4.41269534951558,0.9492698026092022
2019-05-15,1.13413405946166,4.3618387352808305,0.9559313999538679
2019-05-16,1.1287248260823772,4.382642451988826,0.9669485743997935
2019-05-17,1.1410458321937644,4.334802125288118,0.9623367293881238
2019-05-20,1.1342887093699185,4.360472251370018,0.951831993025447
2019-05-21,1.1373239553798669,4.348804052706722,0.957468616466044
2019-05-22,1.1510560895720907,4.401311836918047,0.95490652378737
2019-05-23,1.136675732381206,4.456298241921889,0.9433769112581953
2019-05-24,1.1497865405307293,4.507698715814738,0.955162693960209
2019-05-28,1.1388659556890952,4.464884937316463,0.9441455195142834
2019-05-29,1.133249620906127,4.486903585297058,0.9351780974013535
2019-05-30,1.1452988754534434,4.439196670217498,0.9397899424130234
2019-05-31,1.1358310115742964,4.4758942613067605,0.9297976441335956
2019-06-03,1.1563188030801392,4.556629148357212,0.9374840199071884
2019-06-04,1.154456233519145,4.56396885322914,0.954394085704121
2019-06-05,1.1584917416931626,4.579922627030529,0.9528567714543742
2019-06-06,1.139866519748314,4.6535546369523315,0.956187570126707
2019-06-07,1.140167181688335,4.652327171507124,0.9715603216738927
2019-06-10,1.1470809156127033,4.624116438283527,0.9718165895843026
2019-06-11,1.1380630067839155,4.660469462631305,0.9777094809353094
2019-06-12,1.1368605883616953,4.665393473256954,0.9700231051617166
2019-06-13,1.1455595487357926,4.629695100590242,0.9710479813282145
2019-06-14,1.145255010779988,4.630925868456904,0.9636177757274608
2019-06-17,1.1233362168089684,4.719556181400605,0.9638739459002998
2019-06-18,1.1283170488175094,4.698629840610842,0.9823213259469793
2019-06-19,1.1394508245228057,4.652265664138991,0.9866769030482394
2019-06-20,1.1154253850000526,4.750359171074107,0.996413031154828
2019-06-21,1.1136673851198278,4.757846118176152,0.9754035584294746
2019-06-24,1.1215533199573766,4.7915366661407806,0.9769408726792214
2019-06-25,1.1194796699610627,4.782677551007085,0.9700231051617166
2019-06-26,1.1174136737936835,4.773851134810947,0.9718165895843026
2019-06-27,1.1085920093300223,4.736162932224529,0.9736100740068886
2019-06-28,1.1097498342961543,4.731216434648823,0.9812964497804814
2019-07-01,1.1135127102279496,4.747258771308729,0.9823213259469793
2019-07-02,1.1042503313314271,4.786747237902613,0.9856521246193122
2019-07-03,1.0962793865030158,4.821299999227001,0.993850938476154
2019-07-05,1.1019727789018108,4.846338828840928,0.9866769030482394
2019-07-08,1.1042740014787962,4.856459318695282,0.9815527176908913
2019-07-09,1.1022520594429237,4.847567069825142,0.9795029653578954
2019-07-10,1.1013887117426773,4.851363965322565,0.9812964497804814
2019-07-11,1.1016764577144913,4.850096510495816,0.9805278415243933
2019-07-12,1.1005252542576267,4.84502837290432,0.9807840116972325
2019-07-15,1.098514908940354,4.853878855947612,0.9818088878637303
2019-07-16,1.1025355995748993,4.871644609601471,0.9800154034411444
2019-07-17,1.1005104840076716,4.86269646920518,0.9764284345959724
2019-07-18,1.109157741811247,4.900905092022316,0.9782219190185584
2019-07-19,1.1053513147791183,4.884086079792633,0.9705355432449655
2019-07-22,1.095463926400171,4.840397837600811,0.9738662441797277
2019-07-23,1.095749636435722,4.839135404210781,0.9825774961198185
2019-07-24,1.107175640595828,4.8895958190913955,0.9828337640302283
2019-07-25,1.103383911951464,4.872850489943227,0.9725851978403907
2019-07-26,1.101356174046472,4.863895434919503,0.9759159965127234
2019-07-29,1.081153077474581,4.9531179330567054,0.9777094809353094
2019-07-30,1.0901000828850047,4.994107108288985,0.9597745389718789
2019-07-31,1.0947949910885488,5.0156160273324835,0.951831993025447
2019-08-01,1.1078177660834125,5.0752776439056815,0.947732586097026
2019-08-02,1.1287313845019404,5.171089810186409,0.9364591437406905
2019-08-05,1.1233805126299234,5.146575705774216,0.9187804696876698
2019-08-06,1.1155857544375125,5.110865354121835,0.9231360467889298
2019-08-07,1.1054384183280916,5.064377069064433,0.9295413762231857
2019-08-08,1.0997012974648046,5.090660707176474,0.9379964579904374
2019-08-09,1.1084577555668755,5.131195493574392,0.9331283450683576
2019-08-12,1.095265473278546,5.070126698586153,0.9256982372051746
2019-08-13,1.1282193704944878,5.222674585991819,0.9367154116511003
2019-08-14,1.1282193704944878,5.222674585991819,0.9085319034978322
2019-08-15,1.1148563026482972,5.2845339695978595,0.9085319034978322
2019-08-16,1.1055347856396525,5.328718922549512,0.9192929077709188
2019-08-19,1.1009512615003663,5.306626165152606,0.9269792835445116
2019-08-20,1.0862841474440557,5.377322202243681,0.9231360467889298
2019-08-21,1.0824163314459398,5.358175745131333,0.9354342675741926
2019-08-22,1.0987804913964163,5.277169904412944,0.9321035666394305
2019-08-23,1.0877406522723412,5.330191510849631,0.9180118614315818
2019-08-26,1.0874400241817002,5.33166466099191,0.9272354537173507
2019-08-27,1.0871395622194047,5.330191510849631,0.9274917216277606
2019-08-28,1.0727204820311231,5.400887547940706,0.9272354537173507
2019-08-29,1.0724279975797963,5.399414959640587,0.9395336745026135
2019-08-30,1.067747465209708,5.375849613943561,0.9392775043297744
2019-09-03,1.052243222657421,5.4539097162195525,0.9351780974013535
2019-09-04,1.043434233869597,5.408251613125622,0.9487573645259533
2019-09-05,1.0439931294839087,5.405354786464626,0.9567000082099559
2019-09-06,1.047625897677715,5.386545849518637,0.9572124462932049
2019-09-09,1.0465082130475305,5.380799084839435,0.9605432449655378
2019-09-10,1.0423254836601656,5.359292873823542,0.9615680233944649
2019-09-11,1.0323669431276936,5.308089352326642,0.9654112601500467
2019-09-12,1.0350808000299339,5.294135597779953,0.9746349501733864
2019-09-13,1.0223254448299945,5.3593755095089435,0.9771970428520605
2019-09-16,1.0155406990473894,5.323807578993837,0.9651549922396369
2019-09-17,1.0158084654748532,5.325211301106863,0.9715603216738927
2019-09-18,1.012325052495593,5.306950072938315,0.9713041515010536
2019-09-19,1.0101960342024012,5.318111106401318,0.9746349501733864
2019-09-20,1.005139768031841,5.344729489733034,0.9725851978403907
2019-09-23,1.0091316265729853,5.36595579550887,0.9677171826558817
2019-09-24,1.0155694107706483,5.400188064636139,0.9638739459002998
2019-09-25,1.0104073779225897,5.372739474830552,0.9577248843764539
2019-09-26,1.008524806491202,5.382749858824779,0.9625928995609628
2019-09-27,1.014979410393423,5.348300018801183,0.9607994151383769
2019-09-30,1.0039528766128172,5.406402882979745,0.9669485743997935
2019-10-01,0.9784035609965503,5.543988915973618,0.9564438380371169
2019-10-02,0.9711421700787198,5.5028432452424125,0.9321035666394305
2019-10-03,0.9634579026273856,5.459301402923092,0.9390213341569352
2019-10-04,0.9637187753277823,5.457823203724792,0.9464514420201183
2019-10-07,0.9532860561751508,5.516906764330747,0.9467077099305281
2019-10-08,0.9420709179088964,5.45200193144957,0.9364591437406905
2019-10-09,0.9514966950235738,5.397452582714018,0.9474763181866163
2019-10-10,0.9708578610309885,5.287624586444955,0.956956178382795
2019-10-11,0.9706030551419584,5.289012346628692,0.9764284345959724
2019-10-14,0.9835954344432449,5.218214244178316,0.9761721666855626
2019-10-15,0.9853786869465629,5.2087536536876256,0.9892390934644841
2019-10-16,0.9876714540479681,5.1966339892634785,0.9910325778870701
2019-10-17,0.9891999978422292,5.188591555109105,0.993338500392905
2019-10-18,0.984869269528449,5.165875845034937,0.9948758146426518
2019-10-21,0.9793135658994938,5.195016844827462,0.999231391743912
2019-10-22,0.9730003013512345,5.161526534046426,0.9935946705657441
2019-10-23,0.972750952597179,5.160203800427021,1.0
2019-10-24,0.9717542587505734,5.165491015372824,1.00025626791041
2019-10-25,0.9692626191840161,5.152246368715811,0.999231391743912
2019-10-28,0.9685189696564374,5.156199338222971,1.001793484422586
2019-10-29,0.9635610854904366,5.129804564494598,1.001024876166498
2019-10-30,0.9611073469408539,5.142867772838383,1.0061491592614167
2019-10-31,0.9549731409677296,5.110043749266461,1.003586968845172
2019-11-01,0.9605451104859076,5.080228242645389,1.0099922982794278
2019-11-04,0.9595760642728912,5.085353432379899,1.0158852873680053
2019-11-05,0.9610295411790826,5.077650610218129,1.0148604112015076
2019-11-06,0.9634521567116238,5.064850592414264,1.0163976277136837
2019-11-07,0.9634521567116238,5.064850592414264,1.0189598181299284
2019-11-08,0.9636944644715446,5.066124399933228,1.0189598181299284
2019-11-11,0.9639368016828701,5.067398362277695,1.0187035502195185
2019-11-12,0.9666043145514349,5.081421429264992,1.0184473800466796
2019-11-13,0.966848119316346,5.082703106512161,1.0156290194575956
2019-11-14,0.9597730967579857,5.045509840664524,1.0153728492847565
2019-11-15,0.9595327129789161,5.046773533850892,1.0228029571479396
2019-11-18,0.9585709944335805,5.051831804023407,1.0225467869751004
2019-11-19,0.9528008665906246,5.082241356909524,1.0215219108086024
2019-11-20,0.9513583804871498,5.074547133710421,1.0153728492847565
2019-11-21,0.9525568484851684,5.080939763942022,1.0169100657969325
2019-11-22,0.9556807992836109,5.064276605351911,1.0156290194575956
2019-11-25,0.956401675749439,5.060456587387777,1.0189598181299284
2019-11-26,0.956401675749439,5.060456587387777,1.0197284263860165
2019-11-27,0.9583240435476178,5.0706281074032065,1.0197284263860165
2019-11-29,0.9699049873562792,5.131904519679236,1.0176787717905913
2019-12-02,0.9708937000425499,5.137135938394968,1.0053805510053286
2019-12-03,0.9614819491277049,5.087337032638598,1.0043556748388307
2019-12-04,0.9605102422947369,5.092478470978352,1.0140918029454193
2019-12-05,0.9663402979584171,5.061568407092968,1.0130669267789216
2019-12-06,0.9595385354617689,5.097195179813012,1.0192159883027676
2019-12-09,0.9571093610464129,5.084291085122412,1.0120420506124237
2019-12-10,0.9491334051414825,5.041921756022515,1.0146041432910977
2019-12-11,0.9576905952878523,4.996464834017993,1.0230592250583492
2019-12-12,0.9626822593148693,4.9704223168449735,1.032282915081689
2019-12-13,0.9724279279426579,4.920104480018303,1.037663368349447
2019-12-16,0.9667231042867128,4.948968653517221,1.0481681047121238
2019-12-17,0.963157668842456,4.967221272257295,1.042018945450707
2019-12-18,0.9633954189437974,4.968447403138113,1.038175806432696
2019-12-19,0.961017197494198,4.956182378878081,1.0379195385222861
2019-12-20,0.9612538032266548,4.954962149765635,1.0404817289385309
2019-12-23,0.9595972922802286,4.963500944631946,1.04073789911137
2019-12-24,0.9539177616974275,4.934123667685058,1.038944414688784
2019-12-26,0.9571917970348869,4.917188774661732,1.0450935739502007
2019-12-27,0.9492405301250114,4.958035217887315,1.0486805427953727
2019-12-30,0.9539177616974274,4.933605288778411,1.039969290855282
2019-12-31,0.9429263700946378,4.876758472501435,1.0450935739502007
2020-01-02,0.930814158619918,4.939402101742751,1.0571355268250537
2020-01-03,0.9292144358658362,4.930913109755959,1.043556259700454
2020-01-06,0.9344526441718403,4.958709869051504,1.04534974412304
2020-01-07,0.929846007662819,4.934264570445001,1.039456852772033
2020-01-08,0.9259688402130039,4.913690228216667,1.044581135866952
2020-01-09,0.9230286005936557,4.9292927259021,1.048936712968212
2020-01-10,0.9207668645357416,4.917214271246399,1.0456060120334496
2020-01-13,0.9239178496133341,4.934041623955094,1.0481681047121238
2020-01-14,0.9255041622645342,4.942513083460833,1.044581135866952
2020-01-15,0.9209562129995039,4.918225457686868,1.042787651444366
2020-01-16,0.9250093277478872,4.8965804197827305,1.0479119345392847
2020-01-17,0.9157771662348062,4.945451301341609,1.0525237795509546
2020-01-21,0.9191547045940905,4.963690947502399,1.042018945450707
2020-01-22,0.9218767574455735,4.978390789683478,1.038175806432696
2020-01-23,0.923474061634916,4.987016676387228,1.035101275670773
2020-01-24,0.9010340011500576,5.108199241774072,1.033307791248187
2020-01-27,0.8909588505612513,5.0510805575370625,1.0081988138568418
2020-01-28,0.8896154136521984,5.043464259604424,1.0194722562131773
2020-01-29,0.8887225143106101,5.048526341317058,1.0210094727253536
2020-01-30,0.9045726911493747,5.138565733811923,1.0199846942964264
2020-01-31,0.9006397203604862,5.116223882100496,1.001793484422586
2020-02-03,0.9162352201710162,5.027631222038834,1.0061491592614167
2020-02-04,0.9260970829185088,4.973516505680843,1.0235716631415983
2020-02-05,0.9311426240418978,4.946419905853333,1.034588837587524
2020-02-06,0.9247209785275708,4.980532999143509,1.040225461028121
2020-02-07,0.9233448741366328,4.9731213220122665,1.033051523337777
2020-02-10,0.9190002913376178,4.949721465730797,1.034588837587524
2020-02-11,0.9239838059405671,4.922880332558687,1.039456852772033
2020-02-12,0.917188159198305,4.9590867633201485,1.0450935739502007
2020-02-13,0.917188159198305,4.9590867633201485,1.037407198176608
2020-02-14,0.9212655645259296,4.9811326288125555,1.037407198176608
2020-02-18,0.9164661371253933,4.95518290774952,1.032795353164938
2020-02-19,0.9110378693888875,4.984532665931519,1.038175806432696
2020-02-20,0.9169184136806625,5.0167067018313345,1.0320266471712791
2020-02-21,0.956555305679445,5.233570774755613,1.0253651475641843
2020-02-24,0.9810375135476992,5.367519503950917,0.9810402796076423
2020-02-25,0.9807746154470414,5.368957890009907,0.9559313999538679
2020-02-26,1.0086315942188557,5.521452605526783,0.956187570126707
2020-02-27,1.0166983413691277,5.477293606020637,0.9290289381399367
2020-02-28,0.994651540194024,5.358520123074862,0.9215988302767537
2020-03-02,1.0081842142102693,5.431425158762956,0.9415834268356094
2020-03-03,1.0448960171091424,5.233646412500123,0.9287727679670976
2020-03-04,1.009574791907566,5.410562393166581,0.9625928995609628
2020-03-05,1.0279306933570027,5.508936234184678,0.9300538143064346
2020-03-06,1.1239746672193012,6.023659776447214,0.9131437485095021
2020-03-09,1.0884917013774558,6.213821815080485,0.827824811268751
2020-03-10,1.1472761658395545,5.878241684152371,0.8539585670890233
2020-03-11,1.2902763429305766,5.145558807224924,0.80784016584111
2020-03-12,1.2103353525453249,5.464359558233692,0.7071483793156025
2020-03-13,1.3490840829735302,4.837943953902443,0.7509608091888954
2020-03-16,1.2794203903381065,5.0877645876536155,0.6648732148232709
2020-03-17,1.3778734213983383,4.696254612700788,0.6992057845003851
2020-03-18,1.3576347678302088,4.765234729958383,0.645401007478879
2020-03-19,1.3539166918749455,4.7782850031912645,0.6548808676750577
2020-03-20,1.3644818257102191,4.815571802936591,0.6566743520976437
2020-03-23,1.2361159231675873,5.268604748553915,0.6617986351925625
2020-03-24,1.2820437634270463,5.46435955823369,0.724058445112535
2020-03-25,1.3358450502294894,5.2350463443085,0.7509608091888954
2020-03-26,1.2829186000906017,5.4424599356297465,0.7824750671457111
2020-03-27,1.2619230207393641,5.353391463603247,0.7514732472721444
2020-03-30,1.2746226500662103,5.407266451310049,0.7637714680574071
2020-03-31,1.3394120082590335,5.682119030573224,0.7560850922838143
2020-04-01,1.3198061991008492,5.765291751618413,0.7176531156782792
2020-04-02,1.342097063622609,5.66791886653021,0.728157852040956
2020-04-03,1.2604376710442478,6.0127812646156285,0.7158596312556932
2020-04-06,1.2672416467255019,5.980323636252894,0.7594158420873618
2020-04-07,1.2817001153256138,5.912091723470755,0.7635152490157827
2020-04-08,1.3140190403664647,5.763014379277067,0.7722265009558734
2020-04-09,1.298284877019735,5.832021149215353,0.7916987083002655
2020-04-13,1.272770008769926,5.717405894977845,0.7822188481040866
2020-04-14,1.2167567225650437,5.969022990398237,0.7975915996512724
2020-04-15,1.2220718997274531,5.942948415183581,0.7624904217180701
2020-04-16,1.1779403125618948,6.157560784606021,0.7591596230457373
2020-04-17,1.1625924978808009,6.237789893671968,0.786574474074132
2020-04-20,1.133048122942445,6.396307692248222,0.7763259078842943
2020-04-21,1.1203862270592055,6.467786899879833,0.7565975303670632
2020-04-22,1.1323930336036072,6.398473778920548,0.7650525632655295
2020-04-23,1.119742742367562,6.46995298655216,0.7568537494086877
2020-04-24,1.1418601255130125,6.597748795109099,0.765308782307154
2020-04-27,1.1482329526400226,6.634571442261068,0.7804253148127153
2020-04-28,1.1879694377854555,6.864171671862187,0.7847809407827606
2020-04-29,1.1647273413513124,6.998466153574895,0.8119395727695309
2020-04-30,1.1905935304551956,6.843044672049896,0.7960543342703108
2020-05-01,1.1960801128181853,6.811510040585482,0.7783756113485049
2020-05-04,1.1984532665396326,6.797995259904609,0.7747886425033329
2020-05-05,1.182172098499766,6.70564347093557,0.7732513771223714
2020-05-06,1.203615556708378,6.827277356317689,0.7627466407596946
2020-05-07,1.223867757969442,6.942154066172937,0.7765821269259189
2020-05-08,1.2163228024232826,6.899356759451853,0.789649004836055
2020-05-11,1.2341923383069329,6.797995259904609,0.7847809407827606
2020-05-12,1.2112915085079505,6.671856304419822,0.7732513771223714
2020-05-13,1.2190614621539722,6.6290589976987375,0.7589034528728982
2020-05-14,1.2161619062777278,6.644826313430945,0.7540353888196039
2020-05-15,1.2850090410665276,7.0209910744611035,0.7558288732421898
2020-05-18,1.2672819227328807,6.9241342153893966,0.7986164758177703
2020-05-19,1.2998503640680972,7.102080617800604,0.7875993013718445
2020-05-20,1.2874825686894473,7.034505855141977,0.80784016584111
2020-05-21,1.2854213087756852,7.023243609512439,0.8001537411987317
2020-05-22,1.247905812194629,7.228219573285393,0.7988726948593947
2020-05-26,1.2817380564619933,7.032253749717776,0.8221880900905831
2020-05-27,1.2937932921640405,6.966112718762153,0.8444786091552737
2020-05-28,1.2972931897327158,6.947268378545538,0.8524212528392764
2020-05-29,1.323347867364719,6.807740290786666,0.8547271753451113
2020-06-01,1.3486249218434567,6.677706739933566,0.8718934113148831
2020-06-02,1.4022899684482295,6.411984642108402,0.8885473069389765
2020-06-03,1.4046231345975164,6.4013162169942515,0.9239047527825887
2020-06-04,1.446232945500242,6.2116870198402365,0.9254419692947647
2020-06-05,1.4625658502689753,6.141535877962374,0.9528567714543742
2020-06-08,1.4341778581429403,6.260741363386019,0.9636177757274608
2020-06-09,1.4427331962763121,6.298088725169104,0.9449142255079421
2020-06-10,1.5344289273032754,6.6983760764393185,0.9392775043297744
2020-06-11,1.5076111304514146,6.581306014959821,0.8795798848260467
2020-06-12,1.4933681107508503,6.519129722059643,0.8949526363732324
2020-06-15,1.4730385094910505,6.430383145206768,0.9034076204029133
2020-06-16,1.4788086405087457,6.405194290331114,0.9157059389257468
2020-06-17,1.4713898557076297,6.43732742557771,0.9192929077709188
2020-06-18,1.4808693791258827,6.478800319960537,0.9146810627592489
2020-06-19,1.488801804800711,6.444095974847751,0.908788171408242
2020-06-22,1.5050842444435677,6.373619432285204,0.913656186592751
2020-06-23,1.462916904836766,6.552186563073979,0.9236484848721788
2020-06-24,1.4403719149020706,6.451210916660739,0.8977709969623163
2020-06-25,1.466280925400836,6.567253509299653,0.9116065319973259
2020-06-26,1.4889424329353975,6.465755997939962,0.8952088065460715
2020-06-29,1.4910406850953284,6.456644304842791,0.9090443415810812
2020-06-30,1.4906209386115152,6.45482667922648,0.9103253879204182
2020-07-01,1.4633586940032546,6.336773149133904,0.910581655830828
2020-07-02,1.493280991070218,6.207200810245733,0.9272354537173507
2020-07-06,1.4669978902107368,6.316453178638783,0.9461952718472791
2020-07-07,1.4536541193669748,6.258998901217156,0.9295413762231857
2020-07-08,1.4739045070713592,6.3461910005634286,0.9379964579904374
2020-07-09,1.4563482905996334,6.270599194959828,0.9249295312115158
2020-07-10,1.453956356714662,6.280898145279825,0.9359467056574415
2020-07-13,1.4790725749943547,6.389396868835614,0.9344094891452654
2020-07-14,1.4990061684691103,6.3032863953635925,0.9505508489485393
2020-07-15,1.4946209056529132,6.321726324451849,0.9633615078170509
2020-07-16,1.5013982544353304,6.293060497521587,0.9605432449655378
2020-07-17,1.5121624131614482,6.247942886742254,0.9648988220667978
2020-07-20,1.5181425520363743,6.223234187583934,0.9718165895843026
2020-07-21,1.5233251768413114,6.201989352687341,0.9756598263398844
2020-07-22,1.5081757552989965,6.26366794405654,0.9789905272746465
2020-07-23,1.519338671060109,6.310029117394207,0.9692544969056285
2020-07-24,1.5035586133657828,6.244492298367623,0.9620804614777139
2020-07-27,1.4928585203616285,6.2889313031142935,0.9720727597571417
2020-07-28,1.4754212645728892,6.215473770284158,0.9651549922396369
2020-07-29,1.4471594742161764,6.334531574913448,0.9764284345959724
2020-07-30,1.4792928337428066,6.47518627410597,0.9577248843764539
2020-07-31,1.448128505892602,6.338773237191016,0.9364591437406905
2020-08-03,1.455889138485883,6.3048032614700835,0.956187570126707
2020-08-04,1.4640377360990382,6.2695153377884365,0.9613118532216258
2020-08-05,1.4655898922220454,6.262868469077412,0.9666923064893838
2020-08-06,1.4578292596287643,6.296031785381991,0.9677171826558817
2020-08-07,1.458605337690268,6.299383489369884,0.9625928995609628
2020-08-10,1.448117345230225,6.25408824408849,0.9620804614777139
2020-08-11,1.4829609881130323,6.404569983743324,0.9689982289952187
2020-08-12,1.4718569331342783,6.452525862410945,0.9923136242264071
2020-08-13,1.4596042331796892,6.50624090873205,0.9848834186256534
2020-08-14,1.451946259192145,6.47210520091266,0.9766846047688116
2020-08-17,1.449672804855243,6.482239209347715,0.9818088878637303
2020-08-18,1.4477783318440043,6.490710381044785,0.9802715736139835
2020-08-19,1.4394426216867486,6.528081212795091,0.9789905272746465
2020-08-20,1.454219858068073,6.595098124580651,0.9733539038340494
2020-08-21,1.425212811849661,6.463546959842176,0.9633615078170509
2020-08-24,1.4322739311338673,6.43152375902399,0.9825774961198185
2020-08-25,1.443794465937749,6.483255897476842,0.9874456090418982
2020-08-26,1.4244696704408948,6.396479283957175,0.9953881549883301
2020-08-27,1.4136924188125488,6.44487376241411,0.9820651557741402
2020-08-28,1.432727134639862,6.358096512300891,0.9894952636373232
2020-08-31,1.4312229246823371,6.364771832292727,0.9761721666855626
2020-09-01,1.4023282648815198,6.4932688774645975,0.9771970428520605
2020-09-02,1.3698919353229004,6.643460394313161,0.996925469238077
2020-09-03,1.3684502901241056,6.650451831034473,0.9738662441797277
2020-09-04,1.3925464585093814,6.767555395785984,0.9748911203462256
2020-09-08,1.3560377679559696,6.94498185379608,0.9577248843764539
2020-09-09,1.3394230808830279,7.030074395430827,0.9828337640302283
2020-09-10,1.3514421903899123,7.093157699881967,0.9707917134178047
2020-09-11,1.353563257309027,7.082025102234603,0.9795029653578954
2020-09-14,1.3613402329776818,7.0413349190403745,0.9810402796076423
2020-09-15,1.3521492126962837,7.0888741384664105,0.9866769030482394
2020-09-16,1.3479072137087704,7.066634731279966,0.9800154034411444
2020-09-17,1.3626614117130718,7.143986144633189,0.9830899342030675
2020-09-18,1.4179578485880147,7.433887198179245,0.9723290276675515
2020-09-21,1.4226311094504498,7.409386826652966,0.9328721748955185
2020-09-22,1.4449760881712204,7.525764564968751,0.9297976441335956
2020-09-23,1.4397173279165305,7.5531533860740865,0.9151935008424978
2020-09-24,1.4433316873226951,7.5341914617728305,0.91852420177726
2020-09-25,1.4118495141418388,7.69852840695363,0.9162182792714251
2020-09-28,1.4145541948383753,7.713276480997967,0.9362029735678514
2020-09-29,1.4045081116277742,7.6584972313677815,0.9379964579904374
2020-09-30,1.399098602840658,7.687994183166213,0.9313348606457716
2020-10-01,1.4033162431030675,7.664818408608038,0.9349219272285143
2020-10-02,1.3770860219499252,7.521550714711832,0.9321035666394305
2020-10-05,1.3599931040052466,7.614911076471413,0.949526070519612
2020-10-06,1.3741132912647285,7.6939732202774485,0.9377401900800275
2020-10-07,1.362965834690443,7.756390368049753,0.9474763181866163
2020-10-08,1.3509008873771235,7.687730949926252,0.955162693960209
2020-10-09,1.3609580687990392,7.744964537977556,0.9636177757274608
2020-10-12,1.3415619586120704,7.855344269004347,0.9707917134178047
2020-10-13,1.3483864550028244,7.8953042337810855,0.956956178382795
2020-10-14,1.3708837145642465,8.027034056492333,0.952088163198286
2020-10-15,1.3566272276119304,7.943557022607986,0.9362029735678514
2020-10-16,1.3636087369019037,7.984436356311462,0.9459390039368694
2020-10-19,1.3743750801377077,7.9213954120653955,0.9410709887523604
2020-10-20,1.3565549990688333,8.024103843309268,0.9485011943531141
2020-10-21,1.3572975201493798,8.01971178676881,0.9362029735678514
2020-10-22,1.342802854273299,7.934068778477682,0.9356905354846025
2020-10-23,1.298418645978811,8.196316777255824,0.9456828337640302
2020-10-26,1.3209744936846632,8.053932136100784,0.9144247948488391
2020-10-27,1.3759679800882567,7.7186389040666965,0.8985396052184044
2020-10-28,1.3722834419771253,7.739307712948624,0.8611325047793672
2020-10-29,1.3767627301900451,7.71404573808662,0.8634384272852021
2020-10-30,1.3513506605770946,7.856430379241659,0.8606200666961182
2020-11-02,1.3955925925252528,8.113642417784945,0.876505256326553
2020-11-03,1.412973254634831,8.012595394393761,0.90520120256307
2020-11-04,1.455239984629404,7.77291201399027,0.9164745471818349
2020-11-05,1.4595851878284867,7.749702864636132,0.9438893493414442
2020-11-06,1.5326631395085517,7.361693712310252,0.9467077099305281
2020-11-09,1.5607092592831278,7.226982477808065,0.9941071086489931
2020-11-10,1.5690047157026277,7.18856973832276,1.0122982207852627
2020-11-11,1.5950757842103713,7.308017240452528,1.0176787717905913
2020-11-12,1.5713906649514053,7.199501230366909,1.0007687059936587
2020-11-13,1.5587053838975062,7.141382203321575,1.0156290194575956
2020-11-16,1.561435836942889,7.128872328789325,1.0238278333144375
2020-11-17,1.571187497475979,7.173394390656563,1.0256213177370235
2020-11-18,1.5624981264853972,7.133722304911032,1.0192159883027676
2020-11-19,1.5644512193412172,7.1426393217272155,1.0248527094809352
2020-11-20,1.5628847742879903,7.135487579381925,1.0235716631415983
2020-11-23,1.5875062565056413,7.023076041794287,1.0245965393080962
2020-11-24,1.5902419767520468,7.010973304409255,1.04073789911137
2020-11-25,1.6019666624772961,6.959282140533553,1.042531383533956
2020-11-27,1.5761726222357773,7.071336909081242,1.0502178570451195
2020-11-30,1.5363092274779888,6.892493874571372,1.033307791248187
2020-12-01,1.5355661346376024,6.889160064711354,1.0594414493308886
2020-12-02,1.5366796253496664,6.894155626656193,1.0599538874141377
2020-12-03,1.5225543254747647,6.830783916636546,1.0591852791580494
2020-12-04,1.5141605865571504,6.868441565916815,1.0689214072646382
2020-12-07,1.5108760679184483,6.853542535693485,1.0630285159136312
2020-12-08,1.5166900576542501,6.879915596199567,1.0653344384194663
2020-12-09,1.5141267155107023,6.868287922171646,1.0612349337534746
2020-12-10,1.5258048510426934,6.921261558001594,1.0630285159136312
2020-12-11,1.523951683631174,6.912855334651913,1.0548296043192187
2020-12-14,1.545764679731411,6.813908571394319,1.0561107483961265
2020-12-15,1.5524195016625901,6.784573350585779,1.071227329770473
2020-12-16,1.5675776758316484,6.7183272461012695,1.075839174782143
2020-12-17,1.556486211923802,6.765863062233443,1.0863439111448197
2020-12-18,1.5923481511820194,6.9217507073076225,1.0786574376336562
2020-12-21,1.5935097017250919,6.926799831324325,1.0538048258902915
2020-12-22,1.5706344948620046,6.827363989252447,1.0530361198966327
2020-12-23,1.5755321722109281,6.806074360078757,1.0681527012709793
2020-12-24,1.586457704867986,6.758877616655196,1.0714834999433123
2020-12-28,1.589094882583082,6.747642295741811,1.078913705544066
2020-12-29,1.5898483824610246,6.7444427714705,1.080707189966652
2020-12-30,1.5717648165366218,6.821156737925875,1.081219628049901
2020-12-31,1.560085927717028,6.770472608643228,1.0689214072646382
2021-01-04,1.5701079102739666,6.726979133584872,1.0768639532110702
2021-01-05,1.5448673930776973,6.618838520198263,1.083781720728575
2021-01-06,1.545586286874226,6.615758487585938,1.1012042246087566
2021-01-07,1.5527750877245423,6.584987400494302,1.1017166626920054
2021-01-08,1.5290521408989786,6.685591349632779,1.1068409457869244
2021-01-11,1.5265360811686137,6.674590189686333,1.0899308799899916
2021-01-12,1.5297604059343521,6.688688150890949,1.0917243644125776
2021-01-13,1.5200464829469502,6.646215224194419,1.0894184419067428
2021-01-14,1.549530973181593,6.775132510654752,1.0963362094242475
2021-01-15,1.5373444128960112,6.721848283225357,1.0750704687884842
2021-01-19,1.5278928414058661,6.680522455998957,1.0835255505557357
2021-01-20,1.5314837411461577,6.6648216910616815,1.0901870501628308
2021-01-21,1.5221475388002181,6.705451651560505,1.0927492405790755
2021-01-22,1.5368698852883667,6.770307376815373,1.08608764323441
2021-01-25,1.5236904164277705,6.712248424588158,1.075582906871733
2021-01-26,1.4812257222875111,6.899316331080492,1.0848065968950729
2021-01-27,1.4632322124748447,6.81550539380331,1.0545734341463795
2021-01-28,1.4948431397135862,6.962744118635901,1.0673840930148912
2021-01-29,1.4743054987526931,7.058405218461073,1.044324867956542
2021-02-01,1.452183818180343,6.952495157266085,1.0586728410748005
2021-02-02,1.4559926191239076,6.934260089650262,1.0745580307052351
2021-02-03,1.460840135930289,6.957346705532028,1.077376391294319
2021-02-04,1.446297453426218,6.888086228823628,1.080963360139491
2021-02-05,1.4547831224752044,6.847672674903436,1.0917243644125776
2021-02-08,1.4574984692407424,6.834891521780332,1.0981296938468335
2021-02-09,1.4500311685247376,6.86990918487331,1.1001793484422586
2021-02-10,1.4374724145869273,6.81040874039962,1.0945427250016615
2021-02-11,1.4468131089459895,6.766154710994375,1.1040225851978405
2021-02-12,1.4378059562751437,6.724031932247307,1.1111965228881844
2021-02-16,1.4249566562471239,6.784122866853854,1.118114290405689
2021-02-17,1.4269335199755633,6.793534582196888,1.1081219921262613
2021-02-18,1.4190042203519488,6.75578371962934,1.1065846778765145
2021-02-19,1.4163902913833837,6.768228459762473,1.1127338371379312
2021-02-22,1.4180240593082334,6.760421491137452,1.1106840848049353
2021-02-23,1.4288062047060806,6.709017675391381,1.1119652288818431
2021-02-24,1.4016873771716822,6.836355233602499,1.120420212911524
2021-02-25,1.387964499364703,6.769425567941152,1.0991545700133314
2021-02-26,1.3618258328740198,6.896909921708779,1.0883935657402448
2021-03-01,1.3633992027799104,6.888941655684955,1.1088906003823493
2021-03-02,1.3552181113818567,6.84760448810696,1.1101717444592571
2021-03-03,1.3693776003159717,6.7760598569068335,1.1035101471145914
2021-03-04,1.3632728350933612,6.80626792701929,1.0919805345854168
2021-03-05,1.3562670776119818,6.771291023480592,1.0968486475074966
2021-03-08,1.3754937512957628,6.675300045689105,1.1024852709480935
2021-03-09,1.3909381659676703,6.600347977118887,1.118114290405689
2021-03-10,1.4044913910157177,6.5360345491620935,1.1306687791013617
2021-03-11,1.4044913910157177,6.5360345491620935,1.1416859535472874
2021-03-12,1.410795236192738,6.565370542343067,1.1416859535472874
2021-03-15,1.4130214587949514,6.575730639909538,1.1365616704523687
2021-03-16,1.3986647028373191,6.508919085525347,1.1347681860297827
2021-03-17,1.3817831607784719,6.587480152432252,1.1462977985589573
2021-03-18,1.3824084163275367,6.584499324009547,1.1324622635239476
2021-03-19,1.3824084163275367,6.584499324009547,1.1329747016071967
2021-03-22,1.3989773902395024,6.663418401927705,1.1329747016071967
2021-03-23,1.4024995471393902,6.646642144309152,1.1193953367450262
2021-03-24,1.3934885754857906,6.603937885276663,1.116577073893513
2021-03-25,1.3756967335035506,6.519619849677117,1.123751011583857
2021-03-26,1.373219178025698,6.531361332722546,1.1380988869645448
2021-03-29,1.3781744071233835,6.507793069009584,1.1360492323691196
2021-03-30,1.3778647569918947,6.506330889064067,1.1401486392975406
2021-03-31,1.4017011203625696,6.393774655591518,1.1404048094703796
2021-04-01,1.4264662529635697,6.28081000509193,1.160133235856396
2021-04-05,1.4119167552738179,6.3448722501461,1.1806303682360715
2021-04-06,1.4097498238845658,6.335134492740587,1.1685883176236478
2021-04-07,1.4165393746741588,6.304623605866459,1.1703818020462338
2021-04-08,1.4190082273168374,6.2936354279670494,1.1760185232244016
2021-04-09,1.4137618418717788,6.316904382064818,1.1780681778198268
2021-04-12,1.422403002711634,6.278294352313882,1.1737126007185665
2021-04-13,1.4217857601192174,6.281018777581959,1.1808865384089104
2021-04-14,1.4325872111690365,6.2333012389962885,1.1803741003256616
2021-04-15,1.452647183378114,6.146018699650543,1.1893415224385915
2021-04-16,1.4492524079833176,6.160381686958316,1.205995418062685
2021-04-19,1.4217857601192172,6.277135009962684,1.2031770574736012
2021-04-20,1.4014172254774246,6.187208633227196,1.1803741003256616
2021-04-21,1.4053159144988634,6.204421210561898,1.1972841661225941
2021-04-22,1.4203944119292795,6.1378501653503035,1.1939533674502614
2021-04-23,1.4225053923663533,6.128728134514414,1.206764026318773
2021-04-26,1.420997565631273,6.13522446147588,1.208557510741359
2021-04-27,1.4155692973531386,6.111787655439785,1.207276464402022
2021-04-28,1.4152700728876892,6.11307957127715,1.2118883094136919
2021-04-29,1.3907295568083016,6.219079217837477,1.2116321392408527
2021-04-30,1.373371683706308,6.141458096357746,1.1906226665154993
2021-05-03,1.3456415207206147,6.265462134013603,1.205482979979436
2021-05-04,1.3234573457922318,6.162170056704869,1.1811427085817496
2021-05-05,1.3358841363827525,6.104309486342468,1.2006149647949271
2021-05-06,1.355936494291675,6.012680433138487,1.2118883094136919
2021-05-07,1.34068546739258,6.080308638004645,1.2300794215499615
2021-05-10,1.3237397263280057,6.157161366163702,1.2162439842525226
2021-05-11,1.3372962545370395,6.22021736583481,1.200871134967766
2021-05-12,1.3225942938653374,6.151833572212656,1.1885729141825034
2021-05-13,1.3536145850764234,6.007547701800757,1.2016398409614248
2021-05-14,1.348256566071053,6.031327406243067,1.2298232513771223
2021-05-17,1.3462825534071996,6.0401580079099775,1.2249552361926135
2021-05-18,1.3279523128707076,6.122397467140288,1.2231617517700275
2021-05-19,1.3039820976235614,6.011885076225672,1.206507856145934
2021-05-20,1.308062183355006,5.993074230154016,1.2282859371273755
2021-05-21,1.3183983244500128,5.945717719413189,1.2321291738829574
2021-05-24,1.3200302757338784,5.938357939378769,1.241865301989546
2021-05-25,1.3121422690864508,5.973843342828764,1.2434025185017221
2021-05-26,1.3091503238124007,5.960221792194672,1.235972410638539
2021-05-27,1.3161902802049583,5.928170697111237,1.2387906734900522
2021-05-28,1.3218763273221024,5.9025605262953595,1.245452270834718
2021-06-01,1.3243132194135607,5.891679097550038,1.250832724102476
2021-06-02,1.314565651047728,5.93504462766107,1.2531386466083108
2021-06-03,1.3056303456161225,5.894703214163696,1.2439149565849712
2021-06-04,1.3112396167136624,5.869378290858409,1.2523700383522227
2021-06-07,1.3096369241597439,5.876552272457947,1.2577504916199806
2021-06-08,1.3069658717973294,5.888537715553384,1.2562131773702339
2021-06-09,1.3077671671272304,5.884927477617384,1.2536510846915598
2021-06-10,1.3018907296569793,5.858483620324997,1.2544196929476479
2021-06-11,1.2987141233938624,5.844188952318877,1.2600564141258157
2021-06-14,1.2973969891882975,5.838261873345741,1.2631309448877386
2021-06-15,1.2845150890298476,5.896230180022927,1.2644119912270757
2021-06-16,1.2926649342332452,5.9336399104816655,1.2518576002689739
2021-06-17,1.3203554128367228,6.060745802063224,1.2439149565849712
2021-06-18,1.3175762385996752,6.047988730424308,1.2172687626814498
2021-06-21,1.317022738755678,6.045448034318294,1.2198309530976945
2021-06-22,1.3300187975637328,6.105103039401403,1.2203433911809436
2021-06-23,1.3460940798193457,6.03131366534312,1.20830134056852
2021-06-24,1.3455300216159607,6.033840986427974,1.2229054838596176
2021-06-25,1.3554007712174416,6.0781049809545715,1.2223930457763685
2021-06-28,1.3556870233919747,6.0793886387514275,1.2134256236634386
2021-06-29,1.340798898282577,6.146152351231261,1.213169355753029
2021-06-30,1.3373631855049728,6.130403222712976,1.1998463565388389
2021-07-01,1.335938965316229,6.123874671508966,1.202920887300762
2021-07-02,1.3529934619270514,6.202051596160332,1.204201933640099
2021-07-06,1.3439541374400303,6.160615803275501,1.1888291820929133
2021-07-07,1.3200731849670215,6.270084846231629,1.1967717280393453
2021-07-08,1.2910132095947835,6.132055748081374,1.1755060851411525
2021-07-09,1.2978964108445141,6.099361912360003,1.2013835730510152
2021-07-12,1.2866079649961284,6.152411074128298,1.207788902485271
2021-07-13,1.293766553112265,6.118179530410958,1.1972841661225941
2021-07-14,1.2788988132058112,6.18848858403452,1.20394576346726
2021-07-15,1.2899119772171066,6.241780399660775,1.1901102284322502
2021-07-16,1.3212843998152346,6.393589031506599,1.1798616622424127
2021-07-19,1.3095213067269578,6.450509693671622,1.1511658137434662
2021-07-20,1.284388236086923,6.326707877723711,1.1614143799333039
2021-07-21,1.288002345173689,6.308905306983997,1.1837048989979944
2021-07-22,1.301346625589156,6.243542226049801,1.1870356976703273
2021-07-23,1.3041266442399522,6.2302043777823615,1.19933391845559
2021-07-26,1.2988445663830737,6.255438448977104,1.201896011134264
2021-07-27,1.2910604293201131,6.2179488281740944,1.1970279959497552
2021-07-28,1.300949419587262,6.170321905338404,1.204201933640099
2021-07-29,1.2918844769132642,6.213316362701511,1.2134256236634386
2021-07-30,1.288588076965992,6.197462332332378,1.2049705418961871
2021-08-02,1.296786919542125,6.158030011839436,1.2080451703956807
2021-08-03,1.2973335229477259,6.155434365534297,1.2157315461692737
2021-08-04,1.3033459519014556,6.126907305108053,1.2162439842525226
2021-08-05,1.3011596425329919,6.137184940774411,1.2218806076931197
2021-08-06,1.3036193057312258,6.14878644411507,1.2198309530976945
2021-08-09,1.3055396119746834,6.1578439603289,1.2175250305918597
2021-08-10,1.31376951082505,6.19666195747354,1.2193185150144457
2021-08-11,1.317610123311965,6.214776989901198,1.2270048907880384
2021-08-12,1.3255657375484842,6.252301267699982,1.2305918596332104
2021-08-13,1.3178845125746543,6.216071202844667,1.2380220652339642
2021-08-16,1.3313267609276982,6.1526680957502515,1.2308481275436203
2021-08-17,1.3388863579971202,6.117731750240792,1.2182936388479477
2021-08-18,1.3530454780538597,6.053034923800521,1.211375871330443
2021-08-19,1.3455252830155762,6.086677549964126,1.1985652124619313
2021-08-20,1.3306512662323464,6.153962308693721,1.2052268098065968
2021-08-23,1.330091686045635,6.151374376404396,1.2185499067583576
2021-08-24,1.3314905831479098,6.1578439603289015,1.2180374686751085
2021-08-25,1.325055571094241,6.12808347939809,1.2193185150144457
2021-08-26,1.339324492303853,6.194074025184216,1.2134256236634386
2021-08-27,1.3415628130506985,6.204425754341515,1.2264924527047896
2021-08-30,1.341282969592839,6.203131541398046,1.2285422050377854
2021-08-31,1.354153100429184,6.262652996857282,1.2282859371273755
2021-09-01,1.3591892153805782,6.285943893863589,1.24007181756696
2021-09-02,1.3505158825800643,6.245831683775481,1.24468366257863
2021-09-03,1.3488371420199303,6.253595480643454,1.236741018894627
2021-09-07,1.3337663109834617,6.183722789624533,1.238278333144374
2021-09-08,1.337115455523122,6.168195195888586,1.2244427981093644
2021-09-09,1.3416033572867816,6.147492231171604,1.2213681696098706
2021-09-10,1.354028294635968,6.204425754341515,1.2172687626814498
2021-09-13,1.3497925009540712,6.185016508970389,1.2285422050377854
2021-09-14,1.3475334899855789,6.174665273410705,1.2246989682822036
2021-09-15,1.3466863743374826,6.178546925045885,1.2226493136867784
2021-09-16,1.3692486376260653,6.075032101460974,1.2234179219428665
2021-09-17,1.4019122582161718,5.930111348442098,1.202920887300762
2021-09-20,1.3835586648892044,6.007747342731378,1.1742250388018156
2021-09-21,1.4008419144234587,6.082795404731333,1.1895977903490014
2021-09-22,1.4208071748987705,6.169489408832055,1.204458103812938
2021-09-23,1.4062057089587108,6.10608630173764,1.2216244375202805
2021-09-24,1.405609719157746,6.108674234026965,1.209069948824608
2021-09-27,1.4416356989562953,5.952108032504936,1.209582386907857
2021-09-28,1.449470675581058,5.9197596192848,1.1785806159030756
2021-09-29,1.4640445593785933,5.860238657423178,1.1721752864688197
2021-09-30,1.4562863884885195,5.891292857699844,1.160389503766806
2021-10-01,1.469080397665723,5.839535692706195,1.166538565290652
2021-10-04,1.4830778495685175,5.895175002932636,1.1562900968383851
2021-10-05,1.4726611585027287,5.853769073498672,1.1673072712843107
2021-10-06,1.456059595921863,5.9197596192847985,1.159108457427469
2021-10-07,1.452240457205553,5.904232519146466,1.1721752864688197
2021-10-08,1.443010760683592,5.866708241347681,1.1691007557068966
2021-10-11,1.4420560063565722,5.862826589712502,1.161670550106143
2021-10-12,1.4204140179504303,5.950814313159079,1.160901941850055
2021-10-13,1.4426513384778072,6.043977407586692,1.1783244457302364
2021-10-14,1.4537700576504897,6.090559201599306,1.1967717280393453
2021-10-15,1.4445044976125836,6.051741204454666,1.205995418062685
2021-10-18,1.4386363370794404,6.0763258208068285,1.198309042289092
2021-10-19,1.4441507106901692,6.099616717813134,1.2031770574736012
2021-10-20,1.439861779407294,6.081501685385477,1.207788902485271
2021-10-21,1.4288330321858362,6.12808347939809,1.204201933640099
2021-10-22,1.4224974404468924,6.100910930756604,1.2134256236634386
2021-10-25,1.4312465416201212,6.138434714957775,1.2080451703956807
2021-10-26,1.4279279805339733,6.124201827762911,1.2154752782588638
2021-10-27,1.4454262979683823,6.199249889762865,1.2126570154073506
2021-10-28,1.4405991640118605,6.178546925045883,1.2275173288712875
2021-10-29,1.4264194076635992,6.2393620998509745,1.2234179219428665
2021-11-01,1.4276025814385889,6.24453747083201,1.2354599725552902
2021-11-02,1.4418017951826936,6.30664685858057,1.2364847509842174
2021-11-03,1.4391394567112268,6.2950014100774165,1.2487830695070508
2021-11-04,1.4494929325200292,6.3402889911465605,1.246477147001216
2021-11-05,1.4483096459006166,6.3351131265679115,1.2554445691141458
2021-11-08,1.448013880667975,6.333819407222056,1.2544196929476479
2021-11-09,1.427306816205947,6.4243950629579585,1.2541635227748087
2021-11-10,1.4228695478053615,6.444367478756768,1.2362285808113782
2021-11-11,1.4266912239903893,6.4616763640014625,1.24007181756696
2021-11-12,1.419341691433843,6.428389342949867,1.2434025185017221
2021-11-15,1.419341691433843,6.428389342949867,1.2369971890674663
2021-11-16,1.4196357355372864,6.429721108226926,1.2369971890674663
2021-11-17,1.4234574117223142,6.44702999347162,1.2372534569778761
2021-11-18,1.4005269060322791,6.343174650324925,1.2405841579126382
2021-11-19,1.4161078791657677,6.272606328229825,1.2205995613537826
2021-11-22,1.4197149993256466,6.2566287003425565,1.2070202942291828
2021-11-23,1.43210237775298,6.311219394550388,1.20394576346726
2021-11-24,1.4812944557296566,6.52800696603097,1.1934410271045832
2021-11-26,1.4763545617568528,6.549776886347072,1.1524468600828033
2021-11-29,1.4881313960300362,6.497529520494085,1.1562900968383851
2021-11-30,1.4871342522985684,6.501883283104478,1.1470664068150453
2021-12-01,1.5027359247501955,6.570095183371664,1.1478350150711334
2021-12-02,1.487466272826198,6.503334906395991,1.159877065683557
2021-12-03,1.4678812404441215,6.588962410736815,1.1480912829815433
2021-12-06,1.5105597145476954,6.780535716443052,1.1632078643558899
2021-12-07,1.5092663975536484,6.786341102344957,1.1970279959497552
2021-12-08,1.4869572344250748,6.886653141984716,1.1960031197832572
2021-12-09,1.493746963637576,6.918098908501717,1.1783244457302364
2021-12-10,1.5082964714768616,6.850714715092489,1.1837048989979944
2021-12-13,1.4993950345863243,6.810284199046953,1.1721752864688197
2021-12-14,1.4773062558363659,6.9106119028388955,1.165257518951315
2021-12-15,1.4731447957097752,6.891145231138026,1.1824238526586575
2021-12-16,1.4468958111183352,6.768356510357619,1.1790930539863245
2021-12-17,1.463541529512543,6.690490394776058,1.158083581260971
2021-12-20,1.4419225237031883,6.789320354702285,1.1447604843092103
2021-12-21,1.461322030023843,6.8806633089656914,1.161670550106143
2021-12-22,1.4724528346422487,6.933072919827358,1.1772995695637385
2021-12-23,1.4861278924972454,6.997462196727073,1.1862669916766684
2021-12-27,1.4845377948827119,6.989975191064252,1.1972841661225941
2021-12-28,1.483583760577326,6.985483101910942,1.1960031197832572
2021-12-29,1.486128013813917,6.973503435872894,1.1952345115271692
2021-12-30,1.489000071981941,6.98698027455474,1.1931847591941733
2021-12-31,1.502083865473275,7.048374634944944,1.1954906817000082
2022-01-03,1.5075089183388704,7.073831139664838,1.205995418062685
2022-01-04,1.5001691194500968,7.039389885416409,1.2103510929015158
2022-01-05,1.4937868761731437,7.009441862765123,1.204458103812938
2022-01-06,1.4902766910642145,7.025913046734564,1.19933391845559
2022-01-07,1.4753485962993949,6.955534508037742,1.2021521813071032
2022-01-10,1.4613733251341319,7.021420957581254,1.1901102284322502
2022-01-11,1.4766447133086518,7.094794984009505,1.2013835730510152
2022-01-12,1.4644899956232291,7.036395540128813,1.2139380617466877
2022-01-13,1.4648016032277276,7.037892712772612,1.20394576346726
2022-01-14,1.4872411551939375,6.930078003317847,1.204201933640099
2022-01-18,1.485312967767829,6.939062752846383,1.1857545535934195
2022-01-19,1.478581971601244,6.907616986329383,1.1872918678431663
2022-01-20,1.4599914614985698,6.820766121219286,1.1819114145754084
2022-01-21,1.4789024428265414,6.732418083465392,1.167051003373901
2022-01-24,1.4953493119651273,6.6575468843933425,1.1519344219995544
2022-01-25,1.4886225686135184,6.687495478266546,1.1391237631310427
2022-01-26,1.4832893983348312,6.6635367174123665,1.1442480462259614
2022-01-27,1.4896224983055193,6.691987567419856,1.1401486392975406
2022-01-28,1.4682896900379618,6.596151952781223,1.1450166544820495
2022-01-31,1.485456945981931,6.5190296862509856,1.1614143799333039
2022-02-01,1.4899916835095959,6.499128679599687,1.1749936470579037
2022-02-02,1.4660221977117989,6.603680117240458,1.1785806159030756
2022-02-03,1.4682895664756312,6.593466780738772,1.1596207977731472
2022-02-04,1.4673147380386424,6.5890892389629805,1.1578273133505612
2022-02-07,1.4754268272603852,6.5526612808631794,1.15859601934422
2022-02-08,1.5007365060224118,6.440256010069124,1.1650013487784758
2022-02-09,1.4838633455875079,6.512665438682123,1.1849859453373315
2022-02-10,1.5240992388101835,6.689260481591599,1.1716628483855709
2022-02-11,1.5405427704651373,6.761431022509362,1.1398924691247014
2022-02-14,1.4978373823217057,6.573997384341615,1.1275941506018679
2022-02-15,1.503798275283242,6.54783506845874,1.1588521895170592
2022-02-16,1.4749873768542006,6.673283417607796,1.163464034528729
2022-02-17,1.4816106052923046,6.703248881177589,1.1411735154640383
2022-02-18,1.5173643917166502,6.865009689308126,1.1360492323691196
2022-02-22,1.5320927496479533,6.931645179410543,1.1086344302095104
2022-02-23,1.5603389310604368,7.059439340220707,1.0978734259364236
2022-02-24,1.5184183735490175,6.869778217903536,1.077632659204729
2022-02-25,1.4674412474131673,7.100413961543054,1.1065846778765145
2022-02-28,1.5279108361856775,6.807823635950135,1.069433845347887
2022-03-01,1.4969860520422398,6.945613401846374,1.0253651475641843
2022-03-02,1.5395162804189353,7.142942243884528,1.0461184501166987
2022-03-03,1.619848984672469,7.515664425570001,1.0163976277136837
2022-03-04,1.6801624145403506,7.235826302676214,0.9633615078170509
2022-03-07,1.6309644029403878,7.447703596974438,0.9274917216277606
2022-03-08,1.5167180723205607,6.926004407240793,0.9546502558769602
2022-03-09,1.471448634860838,7.1327246468695344,1.0215219108086024
2022-03-10,1.484002428552045,7.071871178014704,0.9910325778870701
2022-03-11,1.5157333695415793,6.920660423424417,0.9825774961198185
2022-03-14,1.5304379987559957,6.853520814644728,1.003586968845172
2022-03-15,1.6035739517102792,6.526007530030463,1.0133230969517606
2022-03-16,1.6055088839970086,6.518133005341515,1.0617473718367236
2022-03-17,1.6109263401247913,6.4961389198877,1.0630285159136312
2022-03-18,1.6368529270979622,6.600689144501461,1.0666154847588032
2022-03-21,1.6128754972964532,6.50399899110786,1.0494491510514607
2022-03-22,1.5756193591289556,6.654236182670478,1.0648220003362172
2022-03-23,1.561648325821412,6.713239364375319,1.040225461028121
2022-03-24,1.5601232436885788,6.706683316359415,1.0494491510514607
2022-03-25,1.5722998037341525,6.654338520883374,1.0504740272179587
2022-03-28,1.6240502565058628,6.435318566461136,1.0586728410748005
2022-03-29,1.6073075227322104,6.501661849296923,1.0935178488351636
2022-03-30,1.5658310697157114,6.669436757587736,1.0822445042163988
2022-03-31,1.5475662296473511,6.5916402455122025,1.0543172639735405
2022-04-01,1.5449640398559472,6.580556584841093,1.0666154847588032
2022-04-04,1.5775676365081843,6.719427009721265,1.0684089691813892
2022-04-05,1.6092581066250988,6.854408100817738,1.0458621822062888
2022-04-06,1.6080512121557902,6.849267503922061,1.0248527094809352
2022-04-07,1.6076494148092995,6.847556104752882,1.0256213177370235
2022-04-08,1.5968086039202647,6.893731010861057,1.0258775856474331
2022-04-11,1.5863692364726485,6.938799775477381,1.0189598181299284
2022-04-12,1.5678996217186107,6.858013439130218,1.0122982207852627
2022-04-13,1.5769217929533967,6.897476534038344,1.0240841012248472
2022-04-14,1.5789059625231174,6.906155317671025,1.0181912098738404
2022-04-18,1.5677671925438768,6.857434192188974,1.0169100657969325
2022-04-19,1.545017584487455,6.7579271091941635,1.0240841012248472
2022-04-20,1.5305389570297887,6.821256814941522,1.038944414688784
2022-04-21,1.5065350888911189,6.714277147175593,1.0292082865821954
2022-04-22,1.5213946678376828,6.648051453480663,1.0130669267789216
2022-04-25,1.5738566398358005,6.877294986777809,1.0030746284994938
2022-04-26,1.5734401866919754,6.87911476568636,0.9684857909119697
2022-04-27,1.5430617001989078,7.011930170276363,0.9687420588223795
2022-04-28,1.5198396298749512,7.1174551376187845,0.9874456090418982
2022-04-29,1.5194393178184473,7.115580464102442,0.9725851978403907
2022-05-02,1.507427970599965,7.17182996785893,0.9723290276675515
2022-05-03,1.540138244476593,7.01620560170636,0.9800154034411444
2022-05-04,1.487328997140143,7.256781756679912,1.0012811440769078
2022-05-05,1.5090045522809292,7.151025213632601,0.9669485743997935
2022-05-06,1.5507973165776867,7.349077042423823,0.9528567714543742
2022-05-09,1.5340713760498685,7.428339641237959,0.9264668454612627
2022-05-10,1.5319728151743557,7.438501373726093,0.9364591437406905
2022-05-11,1.5349108324220597,7.4527669306058275,0.9351780974013535
2022-05-12,1.4877217443504127,7.681893774743645,0.9333846129787675
2022-05-13,1.4861369179047914,7.690077071420527,0.9620804614777139
2022-05-16,1.5289263251123557,7.468661510510783,0.9610555853112159
2022-05-17,1.4762319793257106,7.7260684409391285,0.9887266553812352
2022-05-18,1.4607801481869556,7.8069377803029765,0.9546502558769602
2022-05-19,1.4584523065141421,7.794496951938347,0.9646426518939586
2022-05-20,1.4959675690970713,7.594001811612021,0.9661798684061348
2022-05-23,1.4882324436371044,7.633267740880454,0.9910325778870701
2022-05-24,1.4921000801347113,7.613430312233566,0.9859082947921513
2022-05-25,1.4638669976107919,7.757489420035499,0.9884704852083961
2022-05-26,1.49179628303061,7.609483394551622,1.0071740354279146
2022-05-27,1.483975975150735,7.649373896779778,1.0263900237306822
2022-05-31,1.4593982096635227,7.776063628222339,1.0210094727253536
2022-06-01,1.4195524404957038,7.563754722871649,1.0040994069284208
2022-06-02,1.3994544650460439,7.670842106465904,1.0315142090880303
2022-06-03,1.3881713958288593,7.608996119616663,1.0169100657969325
2022-06-06,1.389559252091581,7.601388850838927,1.0251088796537744
2022-06-07,1.409682638488014,7.711471011613809,1.0261337558202723
2022-06-08,1.4511123723358017,7.938106555574796,1.0112734423563357
2022-06-09,1.4980813546599534,8.19504378084004,0.9815527176908913
2022-06-10,1.5530420121583752,8.49569834343925,0.9497822406924511
2022-06-13,1.5673937566689164,8.417189139496843,0.9149372329320881
2022-06-14,1.5288513357255287,8.210209339051506,0.906482248902407
2022-06-15,1.4854109216697027,8.443492252072055,0.9287727679670976
2022-06-16,1.4778193711317993,8.40033974981635,0.9023828419739862
2022-06-17,1.487421162138879,8.454919022657002,0.906994686985656
2022-06-21,1.478962825241913,8.502998581661908,0.9011016978970784
2022-06-22,1.4848837256027634,8.537039604540382,0.8959775125397303
2022-06-23,1.4350039912151837,8.250266128214573,0.8923905436945584
2022-06-24,1.4226469576608838,8.321310401263542,0.9223674385328418
2022-06-27,1.409492833478495,8.398251169870251,0.9144247948488391
2022-06-28,1.421451169660256,8.46950311840292,0.9059698108191582
2022-06-29,1.4323979024458786,8.534727580166397,0.8982834350455653
2022-06-30,1.4344565055043643,8.546993457036134,0.8913656675280605
2022-07-01,1.4844189823763585,8.844687364996144,0.8900846211887234
2022-07-05,1.4835335347103438,8.839411558180855,0.8590827524463714
2022-07-06,1.4609819612654167,8.705041397816954,0.8595951905296203
2022-07-07,1.4609819612654167,8.705041397816954,0.8726621173085418
2022-07-08,1.431813783359944,8.878835601234842,0.8726621173085418
2022-07-11,1.4352454107036456,8.900115501864049,0.8552396134283603
2022-07-12,1.4317972946826296,8.878733353123488,0.8531898610953645
2022-07-13,1.4545311549574411,9.01970853460821,0.8552396134283603
2022-07-14,1.4217653849103375,8.816524371292356,0.8416602485661898
2022-07-15,1.4302308258276122,8.764029236052027,0.8606200666961182
2022-07-18,1.4890653899321433,9.124549951024113,0.8657443497910371
2022-07-19,1.4717113087109157,9.230890600687882,0.9013579658074883
2022-07-20,1.4899119501703564,9.116732253748495,0.8908532294448115
2022-07-21,1.4810233098664032,9.17112161128184,0.9018704038907372
2022-07-22,1.4674786689847064,9.08724747649973,0.8964899506229793
2022-07-25,1.4329839101367976,8.87364136629303,0.904688764479821
2022-07-26,1.3897616190038562,9.141292041105293,0.8834230238440578
2022-07-27,1.4022819818481207,9.058938138353206,0.9100692177475791
2022-07-28,1.4277140528311885,8.894643395392748,0.9182680316044208
2022-07-29,1.4257576248674924,8.906831920841064,0.9349219272285143
2022-08-01,1.3999343578443844,9.068152116511207,0.9336407831516066
2022-08-02,1.3745022868613166,8.903414472192312,0.916730717354674
2022-08-03,1.3884623300606465,8.812987521403336,0.9333846129787675
2022-08-04,1.3763887558458165,8.889622124006769,0.9428644731749464
2022-08-05,1.3726156739484587,8.865253084251115,0.9346656593181045
2022-08-08,1.3617337772238307,8.93553551678593,0.9372278497343492
2022-08-09,1.331339701523105,8.736093197394101,0.9297976441335956
2022-08-10,1.3291866790154077,8.750221075697297,0.9505508489485393
2022-08-11,1.342464153080075,8.66281361425724,0.949013632436363
2022-08-12,1.3546651158908933,8.741545449667596,0.9584934926325419
2022-08-15,1.3469910280450321,8.692025175688133,0.9497822406924511
2022-08-16,1.3628889417235668,8.794613138827945,0.955162693960209
2022-08-17,1.3699179055186754,8.839970478998767,0.9438893493414442
2022-08-18,1.3964566679756498,9.011222986702862,0.9390213341569352
2022-08-19,1.439197354192813,9.28702521024473,0.920830124283095
2022-08-22,1.4350665407959105,9.260369402377876,0.8926467138673975
2022-08-23,1.4313700264077651,9.236516091216119,0.8952088065460715
2022-08-24,1.4142082144931987,9.125772294029632,0.8975147290519064
2022-08-25,1.363544038438874,9.452704162617374,0.908275733324993
2022-08-26,1.3683311603443622,9.485890657433321,0.8757366480704649
2022-08-29,1.375112903695482,9.438876544359035,0.8788111788323879
2022-08-30,1.3634286379895044,9.519078207228917,0.8744556017311279
2022-08-31,1.3839766969070446,9.662539019472996,0.8670253961303741
2022-09-01,1.3951880476772385,9.584264497568043,0.8539585670890233
2022-09-02,1.3951880476772385,9.584264497568043,0.8470407995715185
2022-09-06,1.3626927243029996,9.807491592059868,0.8470407995715185
2022-09-07,1.3707488747541197,9.86547284227469,0.866769225957535
2022-09-08,1.3316195966390052,9.583853912876174,0.8616449428626162
2022-09-09,1.3635722308939189,9.353886300801694,0.8862413844331416
2022-09-12,1.3116010133269276,9.710400498599025,0.9075070273313343
2022-09-13,1.3023616107000753,9.641996846144556,0.872918287481381
2022-09-14,1.3164064184445932,9.745977177616822,0.8790674467427977
2022-09-15,1.3222242722377906,9.789049491377043,0.8695874888090481
2022-09-16,1.3241807742515106,9.803534397942757,0.8657443497910371
2022-09-19,1.3516534329988095,10.006927439337973,0.8644633034517001
2022-09-20,1.3716992088015447,10.155335765781654,0.8465283614882695
2022-09-21,1.366642298086292,10.19277445928053,0.8339738727925969
2022-09-22,1.4193189202426975,10.585650436900153,0.830899342030674
2022-09-23,1.4384373951930784,10.443059867701823,0.7988726948593947
2022-09-26,1.4491929198994593,10.364974725593704,0.7881117394550935
2022-09-27,1.4121680694879197,10.62978532014251,0.7822188481040866
2022-09-28,1.431111241223517,10.772375889340841,0.8022034446629422
2022-09-29,1.4371340079440966,10.72704083421792,0.791442489258641
2022-09-30,1.4030277933756583,10.981616089102896,0.7881117394550935
2022-10-03,1.4845629084438334,10.343433912180197,0.8068152896746121
2022-10-04,1.4640677828441684,10.486230135874202,0.8537022991786135
2022-10-05,1.4970383426911014,10.722378272125043,0.8419165164765997
2022-10-06,1.531994007042937,10.972744508743979,0.8229566983466713
2022-10-07,1.5388311489696118,11.021714812274235,0.803740758912689
2022-10-10,1.555091609078479,11.138178632334219,0.8001537411987317
2022-10-11,1.55559488649644,11.141783303435357,0.7916987083002655
2022-10-12,1.5082572350566033,10.802732398206361,0.791442489258641
2022-10-13,1.5333711958525222,10.982608477453,0.8155265416147028
2022-10-14,1.5857899419102466,11.358052183705057,0.8019472256213177
2022-10-17,1.607835252607443,11.200154985162401,0.829362027780927
2022-10-18,1.5906890036652332,11.319595484588879,0.8408916403101018
2022-10-19,1.588729565843336,11.33353915520581,0.8319242181971719
2022-10-20,1.5564760646076503,11.563626343740681,0.8329489966260991
2022-10-21,1.5442756689450283,11.472985170454205,0.8498590624230317
2022-10-24,1.5840028004353075,11.177837872845075,0.8565206597676973
2022-10-25,1.5992468298343137,11.070265279473302,0.8785550086595487
2022-10-26,1.5840028004353073,11.175787107765796,0.8870099926892298
2022-10-27,1.60756181904006,11.009568603403144,0.8785550086595487
2022-10-28,1.6320447449140396,11.17724268525125,0.8916218377008995
2022-10-31,1.6177578417397513,11.275088154560436,0.8780425705762999
2022-11-01,1.5793846583947513,11.007643291168089,0.8857289463498926
2022-11-02,1.5653457193564237,10.909797821858902,0.8647194736245392
2022-11-03,1.481111906611663,11.49687188188667,0.8570330978509463
2022-11-04,1.4953978151009595,11.385980018223554,0.9031514502300743
2022-11-07,1.5092634602409654,11.280406800909988,0.9118627021701651
2022-11-08,1.4916162463748661,11.412304084953742,0.920317686199846
2022-11-09,1.5844745714135422,10.701848265813704,0.9095567796643301
2022-11-10,1.6235507281553387,10.437920331717047,0.9661798684061348
2022-11-11,1.6096850830153329,10.527063526819845,0.9900077017205722
2022-11-14,1.620189422778536,10.458366951842956,0.9815527176908913
2022-11-15,1.6252314609854923,10.425820457579878,0.9879580471251471
2022-11-16,1.627332296881432,10.412343646191657,0.9910325778870701
2022-11-17,1.6193490563634592,10.361263578621786,0.9923136242264071
2022-11-18,1.6043706262821904,10.457101755978371,0.9971816394109161
2022-11-21,1.584399227455263,10.326930493602196,0.9879580471251471
2022-11-22,1.5693831924119763,10.2290577179189,1.00025626791041
2022-11-23,1.574560088937873,10.195315306493107,1.0097361281065886
2022-11-25,1.5502686728263946,10.35260282332888,1.0130669267789216
2022-11-28,1.541507794383908,10.294098193461611,0.997437907321326
2022-11-29,1.5060709250954838,10.057452869024768,1.0030746284994938
2022-11-30,1.498549942828366,10.007228192736356,1.0261337558202723
2022-12-01,1.5000392190936227,9.997282893615846,1.031258038915191
2022-12-02,1.5201440225989833,10.131274995692415,1.032282915081689
2022-12-05,1.5144075717072714,10.1695066109994,1.0184473800466796
2022-12-06,1.5109657303490454,10.146394055898378,1.0146041432910977
2022-12-07,1.5052552951526437,10.108047504041124,1.0169100657969325
2022-12-08,1.5109227296467556,10.146105298806573,1.0207533025525144
2022-12-09,1.5177749987786175,10.100091136213436,1.0169100657969325
2022-12-12,1.4903659222511698,9.91769639976736,1.0215219108086024
2022-12-13,1.4866942218927826,9.942129868677059,1.039969290855282
2022-12-14,1.536997385214308,10.278527612868968,1.037407198176608
2022-12-15,1.5511415572974754,10.373115453236528,1.0023059225058348
2022-12-16,1.5607460639093533,10.437344701358771,0.9930822324824952
2022-12-19,1.5566943447238208,10.410249204691885,0.9869331709586492
2022-12-20,1.5308972588085779,10.2377335826992,0.9894952636373232
2022-12-21,1.5137400321069436,10.352470946672275,1.0058928913510068
2022-12-22,1.5121802436569003,10.341803550508118,0.9946195467322421
2022-12-23,1.5086780189906128,10.317851829382004,0.99564442289874
2022-12-27,1.4904731281899881,10.193348546715635,0.997950345404575
2022-12-28,1.4602608819739524,10.399970155810479,0.9859082947921513
2022-12-29,1.4394319832532194,10.548313460591197,1.0058928913510068
2022-12-30,1.4182310588346267,10.703676130744038,0.9915450159703191
2023-01-03,1.457235049474384,10.998047122701855,1.0061491592614167
2023-01-04,1.4409834670720798,11.120701096158973,1.033820131593865
2023-01-05,1.4843212038346314,11.455157408624249,1.0222906168022612
2023-01-06,1.4680694836650219,11.329735759844427,1.0530361198966327
2023-01-09,1.4804359743716893,11.234298129989652,1.0645657324258073
2023-01-10,1.4973956059738436,11.10559985401439,1.073533252276308
2023-01-11,1.5182418450900026,10.950991419769252,1.0858314730615708
2023-01-12,1.5281349298287998,10.879633166510729,1.1009480544359174
2023-01-13,1.5249549904794477,10.90227290396937,1.1081219921262613
2023-01-17,1.5154151724313916,10.970475375821618,1.1058160696204264
2023-01-18,1.5044621528372006,11.04976706692708,1.0988983021029215
2023-01-19,1.4896225257290048,10.940775011130668,1.0909557561564895
2023-01-20,1.4795762025603638,10.866988156018888,1.1017166626920054
2023-01-23,1.4802597830806135,10.861967487665082,1.1091468682927592
2023-01-24,1.4717152221469725,10.799268531631547,1.109659306376008
2023-01-25,1.4761073004449732,10.767039991599958,1.116064635810264
2023-01-26,1.4679987490616633,10.826185486640679,1.1193953367450262
2023-01-27,1.4818509758176597,10.928342778231888,1.11324627522118
2023-01-30,1.4994100254076588,10.798848439117526,1.1027415388585033
2023-01-31,1.4780636963491969,10.64511079009041,1.1158083678998543
2023-02-01,1.4847563356790028,10.5969099667295,1.1316935575302889
2023-02-02,1.4666863754354473,10.725877755720797,1.1368178406252076
2023-02-03,1.4847564633304806,10.858024312096704,1.1229824033277689
2023-02-06,1.4737811432772159,10.777761794360915,1.1091468682927592
2023-02-07,1.4845953948132375,10.856846417998021,1.117345682149601
2023-02-08,1.4900824595306155,10.816719512626824,1.1091468682927592
2023-02-09,1.4767077474583787,10.913808440908753,1.11324627522118
2023-02-10,1.4544166042786313,10.749062730722459,1.1032539769417524
2023-02-13,1.4484272325534813,10.704797468484763,1.119907774828275
2023-02-14,1.4537074362312867,10.665773408668096,1.124519619839945
2023-02-15,1.461297721150008,10.721462921587003,1.1286190267683658
2023-02-16,1.457629449987267,10.694549013019005,1.122726135417359
2023-02-17,1.4805241076643645,10.862525887159514,1.125544496006443
2023-02-21,1.4866872617081905,10.907744617473353,1.107865821953422
2023-02-22,1.471150691586895,10.793753636666912,1.1032539769417524
2023-02-23,1.4346340312796393,11.061674412726372,1.1147834917333563
2023-02-24,1.4099514439928549,10.87136054990341,1.0871125194009077
2023-02-27,1.3998243150434406,10.949445274461487,1.1058160696204264
2023-02-28,1.4079913183391868,10.885562861017094,1.0978734259364236
2023-03-01,1.4141983205998452,10.837574842620382,1.1042787553706794
2023-03-02,1.3916574363662753,10.664834911917778,1.1091468682927592
2023-03-03,1.3922903100831296,10.65998494414987,1.1268255423457798
2023-03-06,1.365077343799992,10.868339343202312,1.1273379804290289
2023-03-07,1.3726717076939239,10.807875279191657,1.1053036315371774
2023-03-08,1.3881768119860556,10.929956351046592,1.111452790798594
2023-03-09,1.397239246547389,11.0013103841455,1.0988983021029215
2023-03-10,1.4146186195689399,11.138148708265275,1.0917243644125776
2023-03-13,1.3853715512586666,10.90786883522085,1.0781450972879778
2023-03-14,1.3350530068094972,11.304057195182551,1.1004356163526685
2023-03-15,1.3095711727140658,11.519815002987716,1.0604663254973865
2023-03-16,1.3288204074801968,11.689143427494297,1.080707189966652
2023-03-17,1.306758708105628,11.8832120667114,1.0648220003362172
2023-03-20,1.333976437310405,11.635703443957652,1.082500674389238
2023-03-21,1.3318114027358183,11.654588110546365,1.1050474613643384
2023-03-22,1.335213515649072,11.624816459223894,1.1032539769417524
2023-03-23,1.3225325482898354,11.73522121198351,1.1060722397932654
2023-03-24,1.3117072574313668,11.831277209299012,1.0955675034305887
2023-03-27,1.3147499093074886,11.85872118172033,1.1045350232810893
2023-03-28,1.3378744814170394,12.067299141035948,1.1070971159597633
2023-03-29,1.3613032722863105,11.855977203246375,1.1265693721729408
2023-03-30,1.366171584929943,11.813577684420387,1.1462977985589573
2023-03-31,1.373473995860527,11.75043217637175,1.1503972054873781
2023-04-03,1.3774295361552689,11.716591486198983,1.156546267011224
2023-04-04,1.3679971296277247,11.796824740324974,1.159877065683557
2023-04-05,1.3606946026274116,11.733851924579644,1.1519344219995544
2023-04-06,1.3603936145319264,11.731256375411842,1.158083581260971
2023-04-10,1.3573844909331205,11.705307414739133,1.15833975143381
2023-04-11,1.3693675117477426,11.601972697620075,1.160901941850055
2023-04-12,1.3885404364748548,11.439530002500508,1.1711504103023218
2023-04-13,1.3861438780237887,11.459274117676093,1.1875480380160055
2023-04-14,1.3750595523433606,11.550908419421674,1.1854983834205803
2023-04-17,1.3636756997114163,11.45528067807208,1.1760185232244016
2023-04-18,1.3619078255788677,11.470131345570325,1.1857545535934195
2023-04-19,1.3589611813529796,11.494948294019267,1.1842173370812434
2023-04-20,1.3474695498794764,11.397744848170777,1.1816551466649987
2023-04-21,1.3515256681669297,11.363435648887924,1.1916474449444263
2023-04-24,1.3274791785076814,11.565615114850361,1.1952345115271692
2023-04-25,1.3306660733317188,11.537849407076502,1.1739687708914057
2023-04-26,1.3471798824036196,11.394662588063564,1.1767871314804896
2023-04-27,1.3419649836948169,11.438771034154456,1.1913912747715873
2023-04-28,1.3445724330492181,11.460996663370228,1.1867794297599175
2023-05-01,1.3297394308682766,11.587431643238146,1.1844735072540824
2023-05-02,1.3265401276071511,11.559552716747959,1.1714066782127317
2023-05-03,1.3216194545967939,11.60243176569743,1.1742250388018156
2023-05-04,1.30020025578023,11.414393679635124,1.169869363962985
2023-05-05,1.2993595364030228,11.421774313428172,1.1888291820929133
2023-05-08,1.2870300901061107,11.530153979769562,1.1880604760992544
2023-05-09,1.288711421966771,11.54521657651344,1.1767871314804896
2023-05-10,1.2943304163771454,11.59555562550781,1.1752498172307428
2023-05-11,1.2985814916509204,11.633639857464015,1.1701255341358239
2023-05-12,1.3045722851838173,11.579969960834315,1.166282395117813
2023-05-15,1.296299222405291,11.653405384495745,1.1716628483855709
2023-05-16,1.3059986490500421,11.566209967932325,1.164232642784817
2023-05-17,1.3079955802276744,11.548524708220299,1.1729438947249078
2023-05-18,1.3182655741838332,11.457849112102974,1.1747373791474938
2023-05-19,1.3185509122518306,11.455369065143485,1.1839610691708335
2023-05-22,1.2928759273614339,11.678429414902133,1.1842173370812434
2023-05-23,1.314271711828569,11.871695569362787,1.161158112022894
2023-05-24,1.31102803465875,11.842395731636076,1.1419421237201266
2023-05-25,1.2910750476942738,11.662162234399682,1.1447604843092103
2023-05-26,1.2757050807985875,11.800997732611009,1.162182988189392
2023-05-30,1.2535040898895975,12.006369528429756,1.1483474531543822
2023-05-31,1.2355725704217992,12.178122018647462,1.1283628565955268
2023-06-01,1.2225723322268207,12.306255720220236,1.1445042163988006
2023-06-02,1.2103845056940428,12.428936813217703,1.156546267011224
2023-06-05,1.2136346616476574,12.395562308842818,1.1450166544820495
2023-06-06,1.2179680996018327,12.351302366481283,1.1480912829815433
2023-06-07,1.2335166196769396,12.1936262558658,1.1439918760531222
2023-06-08,1.2242420547147908,12.10194481677517,1.15859601934422
2023-06-09,1.2378811147145525,12.236770401988592,1.1498847674041293
2023-06-12,1.2479739899782007,12.336541047028,1.162695426272641
2023-06-13,1.256975819525773,12.425526427014898,1.1721752864688197
2023-06-14,1.2722515001285333,12.274522429903922,1.1806303682360715
2023-06-15,1.2741609602038784,12.25610019929821,1.1949782436167593
2023-06-16,1.2351532402799383,12.631313801712677,1.1967717280393453
2023-06-20,1.2356988151668613,12.636893131770133,1.160133235856396
2023-06-21,1.2417052346105821,12.698317873530234,1.1596207977731472
2023-06-22,1.2601764813551988,12.887214365343054,1.15398417433255
2023-06-23,1.2550641947498395,12.834933486946177,1.1368178406252076
2023-06-26,1.2739395149402302,13.027962242130101,1.1414296856368775
2023-06-27,1.2750663147158823,13.01643900671784,1.15859601934422
2023-06-28,1.2756297683376032,13.010687023769504,1.1596207977731472
2023-06-29,1.2953502152266803,12.809549853086336,1.160133235856396
2023-06-30,1.2953502152266803,12.809549853086336,1.1780681778198268
2023-07-03,1.2699954470559722,13.060279858824046,1.1780681778198268
2023-07-05,1.300139624745204,13.37027419592826,1.155009050499048
2023-07-06,1.2874365923268178,13.500908647275649,1.1275941506018679
2023-07-07,1.277296948583623,13.607239634532569,1.1386113250477936
2023-07-10,1.2901298262262666,13.743950241629628,1.1475788448982942
2023-07-11,1.3237803260213021,14.102434159594504,1.159108457427469
2023-07-12,1.346879505778061,13.856355066819797,1.1893415224385915
2023-07-13,1.3417463547210036,13.909163624194886,1.2100948249911059
2023-07-14,1.3380390547830248,13.947595210954843,1.205482979979436
2023-07-17,1.334331754845046,13.908950659679835,1.2021521813071032
2023-07-18,1.3445413245356939,14.015374268777165,1.205482979979436
2023-07-19,1.3367660667977521,14.09642283548529,1.1962592899560962
2023-07-20,1.3272629373893983,13.99621073874843,1.1893415224385915
2023-07-21,1.3176101116944967,14.098001407985365,1.1977966042058432
2023-07-24,1.322436470391078,14.14964188273274,1.1890853522657523
2023-07-25,1.323866527849449,14.16494303432734,1.1847297751644923
2023-07-26,1.322146809033977,14.146542600035982,1.1834486310875847
2023-07-27,1.345302284299055,13.898786514990597,1.1849859453373315
2023-07-28,1.3444446014036584,13.907647535743926,1.2057392478898459
2023-07-31,1.3241478873722516,14.117607503293266,1.2049705418961871
2023-08-01,1.3535924192502247,14.431534934009749,1.1867794297599175
2023-08-02,1.359271064848096,14.49207869235093,1.160389503766806
2023-08-03,1.3541473667294643,14.437451592391763,1.1555213908447264
2023-08-04,1.3694027870333578,14.274803569310643,1.159877065683557
2023-08-07,1.3529508318524954,14.446300539202667,1.1729438947249078
2023-08-08,1.3481648064524656,14.395197158585043,1.1588521895170592
2023-08-09,1.3612336721549039,14.255652721936599,1.16295159644548
2023-08-10,1.3463827708045952,14.411180238327367,1.1742250388018156
2023-08-11,1.348462001232753,14.43343554722388,1.1614143799333039
2023-08-14,1.3675299395835703,14.637531664840362,1.1596207977731472
2023-08-15,1.3767244252033217,14.735946017978408,1.1432231700594635
2023-08-16,1.3611927867253988,14.902190897484797,1.1355367942858707
2023-08-17,1.3593289474491288,14.881785787372493,1.122726135417359
2023-08-18,1.3491061615485744,14.769867836822181,1.1242634496671058
2023-08-21,1.3466649532469581,14.79659392036155,1.1327184336967868
2023-08-22,1.3542939183537592,14.712770027532253,1.1306687791013617
2023-08-23,1.3780963686449414,14.971354942136038,1.1370741085356175
2023-08-24,1.3660854028105816,14.84087028460742,1.1170894142391912
2023-08-25,1.34993340094156,14.665398265009152,1.1268255423457798
2023-08-28,1.3696515755583445,14.45118407961864,1.1401486392975406
2023-08-29,1.3693481549341135,14.454385468477355,1.156802534921634
2023-08-30,1.35236030305116,14.633703605002994,1.156546267011224
2023-08-31,1.3620677957684988,14.738747039694738,1.1421983916305363
2023-09-01,1.3774549155992946,14.9052489330367,1.1339994800361237
2023-09-05,1.3840651597097444,14.976777469367436,1.1211888211676122
2023-09-06,1.394235089364922,15.08682487013913,1.1158083678998543
2023-09-07,1.3906873976594465,15.048435789372174,1.1076095540430124
2023-09-08,1.3746434729621317,14.874826701504258,1.1104279146320963
2023-09-11,1.3649230951582865,14.980009563933148,1.1232385735006079
2023-09-12,1.3730755813451652,15.069482971982643,1.1152959298166052
2023-09-13,1.3581611558188746,14.905797385727329,1.1086344302095104
2023-09-14,1.3562980663956348,14.926244762929453,1.1206764808219338
2023-09-15,1.343877707139351,15.062932506498594,1.119139166572187
2023-09-18,1.3432566773316046,15.05597165728671,1.1088906003823493
2023-09-19,1.3438771334266186,15.062926076005608,1.1094030384655984
2023-09-20,1.322762602774506,15.299589537591096,1.1088906003823493
2023-09-21,1.323694087863805,15.310363458396514,1.091468096502168
2023-09-22,1.336131946889836,15.454224599787686,1.0906994882460797
2023-09-25,1.355776253645791,15.681438333745868,1.0804509220562422
2023-09-26,1.3590392033233754,15.719178885711992,1.0645657324258073
2023-09-27,1.3419897221451076,15.521977919106762,1.0620036397471333
2023-09-28,1.3432686284274142,15.507185588921969,1.075326736698894
2023-09-29,1.3196072155442957,15.780341615281486,1.0763515151278211
2023-10-02,1.3090554153850429,15.90652386800622,1.0573917947354634
2023-10-03,1.2978641010972127,15.770536570798203,1.048936712968212
2023-10-04,1.293777911591003,15.720884684296054,1.0579042328187125
2023-10-05,1.31408109010039,15.474177791860212,1.0612349337534746
2023-10-06,1.3028362601046868,15.606593135101674,1.0778888293775681
2023-10-09,1.283157807612206,15.37086619766297,1.0686651393542284
2023-10-10,1.2919465874334752,15.265585960211245,1.0848065968950729
2023-10-11,1.2746721529480145,15.469699943805335,1.0922368024958267
2023-10-12,1.2558823238939134,15.697737417433425,1.077632659204729
2023-10-13,1.2419414568776892,15.523485367198715,1.0617473718367236
2023-10-16,1.2401630928534537,15.501256937867453,1.073533252276308
2023-10-17,1.2638077437057116,15.796800169382024,1.0750704687884842
2023-10-18,1.2662640632617952,15.827502615519776,1.0545734341463795
2023-10-19,1.2785938474607685,15.98161714606671,1.0525237795509546
2023-10-20,1.269793338271491,15.871616328502329,1.0422752133611168
2023-10-23,1.2763034809586664,15.79024364850756,1.0494491510514607
2023-10-24,1.2670032602257413,15.90530464579285,1.0548296043192187
2023-10-25,1.2614231041342416,15.97535504376149,1.047143228545626
2023-10-26,1.2722733419462007,16.112768415046027,1.042531383533956
2023-10-27,1.2924581252687488,16.36839959779689,1.0335639614210261
2023-10-30,1.297819776013625,16.436302487786236,1.0499615891347098
2023-10-31,1.308858291796019,16.57610031470248,1.0543172639735405
2023-11-01,1.3403970458152004,16.975524418671217,1.0632846860864704
2023-11-02,1.3501741028730339,16.85170239791538,1.0889060038234937
2023-11-03,1.3426047489716788,16.946176509823395,1.0968486475074966
2023-11-06,1.3372432185376013,17.013849025631384,1.0906994882460797
2023-11-07,1.324627789116408,16.853341940166096,1.0863439111448197
2023-11-08,1.325865787369729,16.83759079251845,1.0965923795970867
2023-11-09,1.3363885363989338,16.971222524971257,1.0976172557635846
2023-11-10,1.3407214122235456,16.916197958544863,1.1063285077036753
2023-11-13,1.2995588557657118,16.396840285002767,1.1099154765488473
2023-11-14,1.3021783516519119,16.363789488201466,1.1439918760531222
2023-11-15,1.3027603631568268,16.356475656164513,1.1462977985589573
2023-11-16,1.3196415835408972,16.144527796782825,1.1468101389046355
2023-11-17,1.3266269429136037,16.059068737315652,1.161670550106143
2023-11-20,1.3178952159405903,16.16476793512263,1.1678197093675597
2023-11-21,1.3193505777884396,16.14691705726257,1.160133235856396
2023-11-22,1.3333211855053322,15.975937298097763,1.1614143799333039
2023-11-24,1.3280821937329323,16.03871122306873,1.1737126007185665
2023-11-27,1.3283731994853898,16.035196864356642,1.1691007557068966
2023-11-28,1.3208057175792476,15.943847488910452,1.1693569258797358
2023-11-29,1.3159137876330507,16.00289946298242,1.1760185232244016
2023-11-30,1.3251220101275345,15.890917766159369,1.1716628483855709
2023-12-01,1.3219566630630548,15.928876738630255,1.1798616622424127
2023-12-04,1.3182157883713361,15.883801182430872,1.1770433016533288
2023-12-05,1.3187880679322947,15.876905517208817,1.1803741003256616
2023-12-06,1.326227483922428,15.787342298030053,1.1808865384089104
2023-12-07,1.3156404757714384,15.661315109166969,1.1875480380160055
2023-12-08,1.3201460894245336,15.607680520933497,1.1970279959497552
2023-12-11,1.324370041799265,15.557742033270225,1.201127402878176
2023-12-12,1.3418293886995238,15.352642245015746,1.2049705418961871
2023-12-13,1.3471797713431046,15.291425438100786,1.2208558292641924
2023-12-14,1.333662930383819,15.444850964585285,1.2257238444487015
2023-12-15,1.331128515990059,15.474201448656142,1.2134256236634386
2023-12-18,1.319019659155684,15.333437512103636,1.2111197011576038
2023-12-19,1.298833417395024,15.568100031720233,1.2221368756035296
2023-12-20,1.319849197499717,15.316200317305208,1.2034333253840108
2023-12-21,1.3165309386380386,15.354707078173359,1.2229054838596176
2023-12-22,1.3262092376035788,15.241829027783908,1.2198309530976945
2023-12-26,1.3317397393634074,15.178268196000316,1.2287983752106244
2023-12-27,1.3206787358437497,15.304334027766005,1.2339226583055434
2023-12-28,1.3220614403978674,15.288310924051526,1.2236740921157057
2023-12-29,1.3029812146007351,15.508954545878876,1.2249552361926135
2024-01-02,1.3209552134632445,15.72289311095002,1.207276464402022
2024-01-03,1.314985784193398,15.651840968238004,1.1906226665154993
2024-01-04,1.316957690855565,15.675311921195396,1.1960031197832572
2024-01-05,1.3000048353600024,15.473527687963685,1.1942096353606713
2024-01-08,1.2856857690055927,15.643962799952625,1.209582386907857
2024-01-09,1.2785261833064117,15.55684641814209,1.1962592899560962
2024-01-10,1.2768922466601857,15.576727826746938,1.202920887300762
2024-01-11,1.2785261833064117,15.556795536852485,1.2013835730510152
2024-01-12,1.2551069441130889,15.841755141525555,1.202920887300762
2024-01-16,1.263004148749073,15.941432370412363,1.1808865384089104
2024-01-17,1.2450793750033569,16.16767594111266,1.1734563328081569
2024-01-18,1.2493681264940877,16.223366482363424,1.1901102284322502
2024-01-19,1.2485640175432948,16.21292492080617,1.1942096353606713
2024-01-22,1.2461515884390149,16.181598908367164,1.1934410271045832
2024-01-23,1.2212232906973242,16.50529926654725,1.1911351045987482
2024-01-24,1.2276616254603625,16.41828271285748,1.214962840175615
2024-01-25,1.2387355691120838,16.270183974695787,1.2213681696098706
2024-01-26,1.2428560994307805,16.21606283049827,1.2323853440557964
2024-01-29,1.245431492280711,16.182460603911604,1.2364847509842174
2024-01-30,1.2322972343490455,16.353120020232904,1.2390469414004621
2024-01-31,1.2472342181550664,16.154899751525438,1.2259800146215405
2024-02-01,1.255217788628063,16.258307578838963,1.240840425823048
2024-02-02,1.2599131250792328,16.31912429518959,1.2328977821390454
2024-02-05,1.2496634344231228,16.18636436716377,1.2282859371273755
2024-02-06,1.2499219599011338,16.18971293884316,1.238278333144374
2024-02-07,1.254317583480716,16.246647600544982,1.238534503317213
2024-02-08,1.2633675533902902,16.363868050814343,1.2428900804184733
2024-02-09,1.26310892927608,16.367217900086896,1.2518576002689739
2024-02-12,1.2382863406666524,16.688866102548392,1.251601332358564
2024-02-13,1.2214793241461572,16.915380793926523,1.2270048907880384
2024-02-14,1.2068840301275339,17.117500429718895,1.243658786412132
2024-02-15,1.2041813024641705,17.15583380789289,1.2585190998760687
2024-02-16,1.2120438255428416,17.043817337472383,1.2557007392869848
2024-02-20,1.2199062548939617,16.933255485775927,1.2638996508813973
2024-02-21,1.2393165746327917,16.663825025951965,1.2720984647382392
2024-02-22,1.2400537418221504,16.65391309117292,1.292339231469934
2024-02-23,1.241527888745766,16.634115308285352,1.2931079374635928
2024-02-26,1.2474247576228814,16.555108466998146,1.2946451539757688
2024-02-27,1.244722029959518,16.590977523909444,1.3007943132371855
2024-02-28,1.2459505169717149,16.574602943949262,1.2979759526481018
2024-02-29,1.2508645587480527,16.50923253783495,1.2992569989874387
2024-03-01,1.2547957734236128,16.457347354278443,1.3043812820823575
2024-03-04,1.246441930522104,16.56691266943574,1.3084806890107785
2024-03-05,1.2616753756739552,16.36443941391902,1.2997694370706878
2024-03-06,1.283297103253311,16.0839968707588,1.3156546267011224
2024-03-07,1.271503459226631,16.231810602387338,1.3382014136762228
2024-03-08,1.2688007315632677,16.266313193177165,1.3259031928909601
2024-03-11,1.2540586062342542,16.077315802358083,1.3230848323018762
2024-03-12,1.2590997844640168,16.01268675391254,1.3384576815866327
2024-03-13,1.249257444864441,16.137857374127304,1.3438381348543906
2024-03-14,1.2511778544676444,16.11304960019423,1.3333333984917137
2024-03-15,1.2600599434783502,16.227435848537585,1.335383053087139
2024-03-18,1.2632253374598266,16.18667094045872,1.3259031928909601
2024-03-19,1.2807565430775327,15.962030214763683,1.329233991563293
2024-03-20,1.2749128388329654,16.034860124727512,1.3476812738724016
2024-03-21,1.268338601894824,16.11754575351639,1.3415322123485556
2024-03-22,1.2644427681037775,16.068039037185688,1.3346144448310509
2024-03-25,1.261780768558399,16.034211398884384,1.3387138517594717
2024-03-26,1.2721429937153976,15.902532336348044,1.3415322123485556
2024-03-27,1.2663593898425727,15.97483077140023,1.3525493867944813
2024-03-28,1.2692511458153528,15.93835193871823,1.3464002275330647
2024-04-01,1.2547922740241881,16.11991615317978,1.3494747582949875
2024-04-02,1.2441891075058182,15.983700654588791,1.3341020067478018
2024-04-03,1.2586425714750846,16.169379696555133,1.3453753513665667
2024-04-04,1.2605826274685477,16.14445641594965,1.3297464296465418
2024-04-05,1.2523371813457422,16.038855844706642,1.331796084241967
2024-04-08,1.2449169548873122,16.133887713339618,1.3405073361820576
2024-04-09,1.2295978601554634,16.332420276739427,1.332564692498055
2024-04-10,1.2300765932794595,16.33877916108273,1.3161670647843713
2024-04-11,1.2561872790479338,16.685600432901374,1.3156546267011224
2024-04-12,1.2554374008511067,16.675640000906643,1.2877273864582641
2024-04-15,1.2516927692673963,16.725378943034418,1.2884960924519229
2024-04-16,1.2499452999229812,16.702028894448784,1.284652855696341
2024-04-17,1.2491984998060868,16.71200779283059,1.286446340118927
2024-04-18,1.2506921950042853,16.731990722522134,1.285677731862839
2024-04-19,1.2369675388249266,16.548379742314452,1.2841404176130922
2024-04-22,1.2594268368423849,16.24791511355647,1.2982321228209408
2024-04-23,1.2540561169223987,16.317202982296354,1.3218037859625391
2024-04-24,1.247953059967963,16.396613160034203,1.3161670647843713
2024-04-25,1.2345263532932558,16.220202265730155,1.3097617353501154
2024-04-26,1.2307035540837936,16.270429282944765,1.3238534405579643
2024-04-29,1.206572151163325,16.589456788319954,1.3197540336295432
2024-04-30,1.210394950372787,16.642017393365123,1.2938765457196808
2024-05-01,1.2007771548702508,16.509779961285833,1.28977713879126
2024-05-02,1.2121364860803279,16.35359772711766,1.3000257049810975
2024-05-03,1.2239691340419838,16.193956987783707,1.3123239257663604
2024-05-06,1.2329618814941656,16.074976728075917,1.3251345846348719
2024-05-07,1.2391149089887528,15.994755453381815,1.33487061500389
2024-05-08,1.2511841701882285,15.838962895332338,1.3415322123485556
2024-05-09,1.2556806341902589,15.78204135797174,1.3545990413899065
2024-05-10,1.2568638809312365,15.767169703114345,1.359467154311986
2024-05-13,1.2649100851562,15.666231272624227,1.3607482006513232
2024-05-14,1.2760327128525175,15.528474715937206,1.3694594525914139
2024-05-15,1.263016818149884,15.686869551554956,1.3815014054662669
2024-05-16,1.2665666486487566,15.642780092756206,1.3674097002584182
2024-05-17,1.2682232121413135,15.66323954386476,1.3712529370139999
2024-05-20,1.266799542669249,15.680822628418607,1.3694594525914139
2024-05-21,1.2784258598977243,15.824736651230223,1.367922138341667
2024-05-22,1.2832592462864938,15.884565749760847,1.3553677473835652
2024-05-23,1.2954343812742426,15.733858297011325,1.3502434642886465
2024-05-24,1.2964084143666006,15.722028057770117,1.363054123157158
2024-05-28,1.2730320845945526,16.005521522091225,1.364078999323656
2024-05-29,1.2637789559949695,15.889184195845063,1.33948246001556
2024-05-30,1.2572992579771292,15.807716535024696,1.3492185881221486
2024-05-31,1.2610998944454428,15.759932060833213,1.3561363556396533
2024-06-03,1.2518358487173236,15.875704595528264,1.3602357625680743
2024-06-04,1.2311698935842634,15.613620234217576,1.3502434642886465
2024-06-05,1.2369155063367274,15.54075472962935,1.372533983353337
2024-06-06,1.2194488821445184,15.760207490254565,1.3789393127875929
2024-06-07,1.2272629189947128,15.861196423779182,1.359467154311986
2024-06-10,1.2426269804612546,16.05976218586336,1.3507559023718954
2024-06-11,1.2199513790762875,15.76670178126082,1.3338458365749628
2024-06-12,1.1925652158670952,16.120641680553536,1.3581860102350785
2024-06-13,1.1612666934623317,16.54372316750695,1.3276966773135461
2024-06-14,1.1435462039305186,16.291272223328956,1.2928516695531829
2024-06-17,1.1471176897742132,16.240391858441722,1.3125800959391993
2024-06-18,1.1497962828692494,16.20246950585272,1.3166795028676204
2024-06-20,1.139974718086824,16.34087106990187,1.3197540336295432
2024-06-21,1.1535910344755782,16.536053004224975,1.3084806890107785
2024-06-24,1.1526765537312185,16.52294445742793,1.2928516695531829
2024-06-25,1.1620349143479574,16.65709108527633,1.2938765457196808
2024-06-26,1.1618029638853686,16.653766211010588,1.2833718093570041
2024-06-27,1.1601796933186068,16.630497576520572,1.283627979529843
2024-06-28,1.1471934403229016,16.444347232554975,1.281834495107257
2024-07-01,1.1419779043407914,16.519108891468893,1.2961824682255159
2024-07-02,1.122476282362272,16.237011124253872,1.2902895768745088
2024-07-03,1.1301464302869293,16.126059757945058,1.3123239257663604
2024-07-05,1.1235720058374599,16.219870222416745,1.3212913478792903
2024-07-08,1.1093273498649907,16.425505882646824,1.3136049721056973
2024-07-09,1.0933295530518898,16.188630891964443,1.296951076481604
2024-07-10,1.0960974987952636,16.1476466783361,1.3156546267011224
2024-07-11,1.1139825429760397,15.884165213799388,1.3189854253734552
2024-07-12,1.0997171326475907,16.08757426713551,1.3405073361820576
2024-07-15,1.10035593934003,16.09691926122705,1.323341100212286
2024-07-16,1.1150642714350685,16.312084941473348,1.3225723942186272
2024-07-17,1.1236029398558944,16.43699566468066,1.3048937201656066
2024-07-18,1.134274267260254,16.59310469222053,1.2949014218861787
2024-07-19,1.1118426038421318,16.264955716032784,1.282603201100916
2024-07-22,1.1044375762102097,16.373282601594653,1.3079682509275294
2024-07-23,1.087667364129617,16.621900927880176,1.2992569989874387
2024-07-24,1.0922410356746508,16.691796484008268,1.2795285726014223
2024-07-25,1.0764273440151548,16.45012920158638,1.2741481193336643
2024-07-26,1.0623452454610134,16.66533401028347,1.292595499380344
2024-07-29,1.0593581459786738,16.618474469274716,1.2756854335834111
2024-07-30,1.0674205778738874,16.491996640110443,1.279272402428583
2024-07-31,1.0381412795756337,16.94437136397177,1.289008530535172
2024-08-01,1.0483253657367824,17.110594344708772,1.2536510846915598
2024-08-02,1.0641205571723202,17.36840086364248,1.241352863906297
2024-08-05,1.0636745618304353,17.375680326320808,1.2226493136867784
2024-08-06,1.0583272720606396,17.463031101629646,1.2231617517700275
2024-08-07,1.0755322322144472,17.746923204006677,1.2293108132938735
2024-08-08,1.0775174263970677,17.714166316161975,1.2492954098527291
2024-08-09,1.0735470380318266,17.648893942724076,1.251601332358564
2024-08-12,1.090972622063345,17.36242090189102,1.246989487346894
2024-08-13,1.0986928590594718,17.239556219974816,1.2672303518161596
2024-08-14,1.116118358947635,16.966133231460702,1.2761978716666602
2024-08-15,1.1249414629022496,16.8320130855022,1.2964386383983548
2024-08-16,1.1397200652613704,16.61088724340514,1.3066872045881925
2024-08-19,1.1394995255270148,16.614101506952593,1.3238534405579643
2024-08-20,1.150748903132961,16.45008362256709,1.323597270385125
2024-08-21,1.1401612288734364,16.60143560427526,1.336664099426476
2024-08-22,1.1589103037411537,16.328437758730473,1.3243658786412131
2024-08-23,1.1533958848053583,16.40613302649885,1.3461440573602255
2024-08-26,1.1500872839298943,16.35907082798614,1.3397387279259696
2024-08-27,1.1459203310262982,16.418342396882966,1.3435818669439807
2024-08-28,1.1428499358697544,16.37435085784751,1.3387138517594717
2024-08-29,1.1459039212743263,16.330594431951447,1.3423008206046436
2024-08-30,1.125398531261585,16.62282242921205,1.3458877894498156
2024-09-03,1.1304158048855049,16.696930619521925,1.3218037859625391
2024-09-04,1.135918218200594,16.778204618845812,1.3159108946115323
2024-09-05,1.157031956432654,17.09006740496031,1.3095055651772765
2024-09-06,1.1475745615556323,16.95037591673041,1.28516529377959
2024-09-09,1.155517004662385,17.067690643691773,1.2956700301422668
2024-09-10,1.1430921576430602,16.884168078151514,1.286702608029337
2024-09-11,1.1511992082350027,16.764421998277545,1.3005380453267759
2024-09-12,1.1566039372647157,16.685715239627697,1.3097617353501154
2024-09-13,1.163134626453253,16.59150042969358,1.3159108946115323
2024-09-16,1.1624589816337554,16.601138145791154,1.323341100212286
2024-09-17,1.1595315024018624,16.642945631401773,1.3225723942186272
2024-09-18,1.1318324701495612,16.245376883280148,1.319241693283865
2024-09-19,1.117233714320866,16.454915217546876,1.3507559023718954
2024-09-20,1.1193806383526024,16.486535685554514,1.3333333984917137
2024-09-23,1.102786036374695,16.242125975110547,1.330771208075469
2024-09-24,1.0925344178695897,16.393114538364465,1.3504996344614855
2024-09-25,1.1258000220540543,15.893975242920394,1.3379452435033836
2024-09-26,1.1258000220540543,15.893975242920394,1.3786831426147537
2024-09-27,1.1138746243096411,16.0623372724093,1.3786831426147537
2024-09-30,1.1312397247716173,16.312746155332192,1.364078999323656
2024-10-01,1.1338298327485956,16.350096129009856,1.3428132586878927
2024-10-02,1.145755736975976,16.522070507272904,1.3397387279259696
2024-10-03,1.1373408931604618,16.400726456057797,1.325647022718121
2024-10-04,1.1421415848597591,16.46995357330428,1.335383053087139
2024-10-07,1.1419215559875793,16.46678070458325,1.3297464296465418
2024-10-08,1.137301974365505,16.400165237768782,1.330002599819381
2024-10-09,1.1401386231760235,16.441070388962228,1.335383053087139
2024-10-10,1.1329017800932428,16.336713388770065,1.3320523521523768
2024-10-11,1.1396143395290466,16.2399166835881,1.3405073361820576
2024-10-14,1.1099492294489914,16.662655235920333,1.3484499798660605
2024-10-15,1.11579555359527,16.750420767047586,1.3133487041952874
2024-10-16,1.1142637758806817,16.72742558557526,1.3064310344153534
2024-10-17,1.129321364099851,16.501379749852642,1.3082245188379393
2024-10-18,1.1149184282933748,16.71183208061577,1.3259031928909601
2024-10-21,1.1190646989850095,16.77398172116431,1.3089931270940274
2024-10-22,1.126100069347065,16.879436905267408,1.3041251119095185
2024-10-23,1.1171946238351245,16.745950628404593,1.2959262980526767
2024-10-24,1.1128117329146614,16.811647037425793,1.3061747665049435
2024-10-25,1.124207215869189,16.639491378399136,1.3010504834100247
2024-10-28,1.1198243249487259,16.704362938245087,1.3143735803617853
2024-10-29,1.1305623199273347,16.86454106739936,1.3092492972668666
2024-10-30,1.1386042705360264,16.984502438755694,1.2966949063087647
2024-10-31,1.1345256811594904,16.923662326870424,1.287471216285425
2024-11-01,1.1325009442211336,16.953865225592356,1.2920830612970948
2024-11-04,1.1428495615418937,16.79894344453542,1.28977713879126
2024-11-05,1.1109038074249227,17.268519611655783,1.3015629214932738
2024-11-06,1.0906565238607475,16.953784338472065,1.2651806972207345
2024-11-07,1.070700238473698,17.263996170746616,1.288239824541513
2024-11-08,1.0746047434837047,17.326952502611736,1.2646682591374856
2024-11-11,1.0523172826568077,17.686316052319835,1.2600564141258157
2024-11-12,1.057779893153023,17.77812624806504,1.2339226583055434
2024-11-13,1.048727720408928,17.93026628296787,1.2275173288712875
2024-11-14,1.0456892013341779,17.878316234298513,1.2380220652339642
2024-11-15,1.0491618063900974,17.937687920711014,1.2344350963887922
2024-11-18,1.0554559289269,17.830076296734394,1.238534503317213
2024-11-19,1.060508049308966,17.744729585987212,1.2311042977164595
2024-11-20,1.0627257236586274,17.781836359170278,1.2252114063654524
2024-11-21,1.0631711343964036,17.774383616966496,1.2226493136867784
2024-11-22,1.0575989587287336,17.867540762315937,1.2221368756035296
2024-11-25,1.0505409537515744,17.74829972998587,1.2285422050377854
2024-11-26,1.0456886279160627,17.830277051297024,1.2203433911809436
2024-11-27,1.0299541010073077,18.09857008477229,1.2259800146215405
2024-11-29,1.0329228666324453,18.150737858733542,1.24442739466822
2024-12-02,1.0399207406569517,18.273705972898117,1.248014363513392
2024-12-03,1.0473426547197953,18.143286537994992,1.2564694452806437
2024-12-04,1.06070218092571,17.91185730051148,1.2654368673935736
2024-12-05,1.0643070875011493,17.85098199232215,1.2815783249344181
2024-12-06,1.063882966570016,17.858095517349977,1.2859339020356781
2024-12-09,1.0545525487634704,18.014713771088235,1.285421463952429
2024-12-10,1.0511596622071995,18.07267378478377,1.2741481193336643
2024-12-11,1.0576911701840082,17.96037703555377,1.2782475262620852
2024-12-12,1.0510779860695647,18.07267378478377,1.2703049803156532
2024-12-13,1.0565556071463709,17.978489280731925,1.2782475262620852
2024-12-16,1.056342756401849,17.982111177017266,1.2715860266549903
2024-12-17,1.0831556112849143,17.525676241899397,1.2718421968278295
2024-12-18,1.0858422926710294,17.48220519522095,1.239559379483711
2024-12-19,1.0853922855498546,17.48945036966736,1.2364847509842174
2024-12-20,1.0826944798605804,17.532921416345808,1.2369971890674663
2024-12-23,1.0788916684287444,17.59450332632668,1.24007181756696
2024-12-24,1.0742269316768651,17.670575585200368,1.24442739466822
2024-12-26,1.0698226243084499,17.74302456591299,1.249807847935978
2024-12-27,1.0786314070588368,17.889118362384096,1.24468366257863
2024-12-30,1.079303005757842,17.900256837065903,1.2344350963887922
2024-12-31,1.0902866042549546,18.082419985917205,1.2336664881327042
2025-01-02,1.083881255550538,17.976187179811458,1.2211119994370316
2025-01-03,1.0560720464066948,18.4374033382534,1.2282859371273755
2025-01-06,1.0592937755972223,18.49364980432973,1.2598001462154058
2025-01-07,1.0545685946329761,18.41115536885966,1.2636433829709877
2025-01-08,1.063374561564177,18.257416649379014,1.2580066617928198
2025-01-10,1.0675240730053959,18.18617236536844,1.2475019254301432
2025-01-13,1.0573991225675607,18.358659430072176,1.242633910245634
2025-01-14,1.068197724919893,18.54614574311721,1.2544196929476479
2025-01-15,1.084611646632045,18.831125739973615,1.2672303518161596
2025-01-16,1.0891470398471932,18.90986964815484,1.286702608029337
2025-01-17,1.1135519042317679,19.333589116150595,1.2920830612970948
2025-01-21,1.115927527544371,19.29234332882261,1.321035177706451
2025-01-22,1.124566442380956,19.14299231193121,1.3238534405579643
2025-01-23,1.1265101940998479,19.10990469450927,1.3341020067478018
2025-01-24,1.1282380100218838,19.080594353801573,1.3364079292536368
2025-01-27,1.1351491913232308,19.19747522977385,1.3384576815866327
2025-01-28,1.1325255197989001,19.241846374540017,1.3302587699922201
2025-01-29,1.1444949310379982,19.44520918467547,1.3333333984917137
2025-01-30,1.1342664843158903,19.6189926421219,1.3474251036995626
2025-01-31,1.1551585566260671,19.257630106421793,1.335383053087139
2025-02-03,1.1303213272780128,19.67169116575395,1.3107866115166134
2025-02-04,1.1370262866153713,19.788381779458536,1.3389700219323108
2025-02-05,1.1465429312329674,19.954005916005983,1.3469126656163135
2025-02-06,1.134430853084635,20.164800010534176,1.3581860102350785
2025-02-07,1.124481622460692,19.98794987881837,1.3438381348543906
2025-02-10,1.1127926404870465,19.780175219671545,1.3556239175564044
2025-02-11,1.1269471363360437,19.52857541764847,1.369715622764253
2025-02-12,1.1377711672443678,19.34100858589503,1.3871381266444347
2025-02-13,1.1454728525313214,19.210087390535858,1.4004612235961953
2025-02-14,1.1517175437740623,19.105361150856872,1.409941083792374
2025-02-18,1.1329836288549346,19.41613023849836,1.4176275573035377
2025-02-19,1.125281943567981,19.284145167594428,1.3945683322451883
2025-02-20,1.13246893204769,19.407309793093606,1.4040481924413672
2025-02-21,1.1353806851617578,19.35741059221792,1.3950807703284374
2025-02-24,1.1236736257677624,19.55700739572067,1.3914938014832654
2025-02-25,1.1269502361589352,19.499979543341137,1.4058416768639532
2025-02-26,1.1027852052288283,19.918114784527454,1.409941083792374
2025-02-27,1.0984845906174638,19.99579095851584,1.379707921043681
2025-02-28,1.076945727231814,20.38786437804501,1.3850884720490095
2025-03-03,1.0800718367268658,20.328683404664055,1.412247006298209
2025-03-04,1.1146544649403123,19.677782903098493,1.41634641322663
2025-03-05,1.1048853634517342,19.850243754687032,1.4616961573496698
2025-03-06,1.1185621204422096,19.604528706759876,1.448885498481158
2025-03-07,1.1488463201503363,20.13530607860982,1.4668204404445886
2025-03-10,1.1469900123819823,20.102771418023522,1.4271074174997165
2025-03-11,1.1467844562832015,20.099168729924443,1.4294133400055515
2025-03-12,1.1336313852775641,20.329696613355832,1.4296695101783907
2025-03-13,1.1065031567288153,19.843199271083673,1.413271882464707
2025-03-14,1.1192373767375408,19.61483330243882,1.4470920140585721
2025-03-17,1.1235473594958727,19.539300091077088,1.4637459096826657
2025-03-18,1.1255065105078141,19.505229039934893,1.4693825331232626
2025-03-19,1.14294254347726,19.807398608428503,1.4719447235395076
2025-03-20,1.1540567915612987,20.000010514678625,1.449141766391568
2025-03-21,1.1569414059387304,20.0500013975375,1.4350499634461487
2025-03-24,1.1457592074357361,19.85621189837902,1.4314629946009767
2025-03-25,1.1236199109579463,20.23988986429987,1.4452985296359862
2025-03-26,1.1244323806866343,20.25452497148011,1.4173712893931278
2025-03-27,1.129924371717998,20.353452814006285,1.41634641322663
2025-03-28,1.142248547678528,20.575449560127236,1.4094286457091252
2025-03-31,1.1378399619419832,20.496037217132248,1.3940558941619394
2025-04-01,1.1438812405421215,20.387214996812116,1.3994363474296974
2025-04-02,1.1715876653299042,20.881022237390543,1.4068665530304512
2025-04-03,1.2439646091269676,22.170985095163786,1.3727902512637469
2025-04-04,1.278113653759165,21.56235205689279,1.287983654368674
2025-04-07,1.2956291746921424,21.26685734270527,1.252626208525062
2025-04-08,1.1782111330871896,23.19419333439881,1.2354599725552902
2025-04-09,1.15961601243699,23.560255758462908,1.3474251036995626
2025-04-10,1.1374363015421387,23.109624122018637,1.3261593630637991
2025-04-11,1.1451989131590334,22.951908884313955,1.3515245106279834
2025-04-14,1.152745850977985,22.800654261919718,1.3607482006513232
2025-04-15,1.149295810509971,22.868894091049516,1.369715622764253
2025-04-16,1.1391612806484195,22.667235398877338,1.3656162158358323
2025-04-17,1.1527201892985839,22.93703299413111,1.3776582664482557
2025-04-21,1.1212606538132415,23.56302047149664,1.361260638734572
2025-04-22,1.1354355949154558,23.265137524977614,1.3984115690007701
2025-04-23,1.1516649264167467,22.93259763367352,1.416090243053791
2025-04-24,1.1592659749758778,22.781241293645945,1.4363311075230563
2025-04-25,1.1646072332795152,22.67627789710583,1.4458109677192352
2025-04-28,1.1609094089281582,22.748278903290487,1.45247246732633
2025-04-29,1.1662506672317954,22.85294205155271,1.4478606223146602
2025-04-30,1.165214015790321,22.832628635247527,1.4411991227075653
2025-05-01,1.188187164746708,22.382464655416207,1.4424801690469022
2025-05-02,1.1908777343504082,22.331781075552257,1.4709198473730096
2025-05-05,1.1894289843217132,22.358948573558813,1.4742506460453424
2025-05-06,1.1948101235291138,22.460103511256957,1.4724571616227564
2025-05-07,1.1939747188867902,22.44439953087474,1.4657955642780907
2025-05-08,1.204402445689295,22.248378574273215,1.4668204404445886
2025-05-09,1.2100334277095166,22.14436000458398,1.4796310993131003
2025-05-12,1.2200440358930522,21.96115968432451,1.486548866830605
2025-05-13,1.2171242851175095,22.013716076662586,1.498847087615868
2025-05-14,1.222755267137731,21.911870405730156,1.495260118770696
2025-05-15,1.2192098782123555,21.848336757780643,1.5021778862882007
2025-05-16,1.2053174794457233,21.599383880961934,1.5065334633894607
2025-05-19,1.210587035778966,21.504953017670704,1.5236997970968031
2025-05-20,1.2057228418275063,21.591360900213136,1.5303612967038982
2025-05-21,1.2063309240576654,21.60225007178135,1.5242122351800522
2025-05-22,1.2197210726965084,21.84203281599025,1.5234435291863935
2025-05-23,1.1995997981253477,21.481713109033613,1.5065334633894607
2025-05-27,1.185149182224553,21.740486064409914,1.5313861728703961
2025-05-28,1.179730201261755,21.64107977710701,1.5129387928237166
2025-05-29,1.1823156056285928,21.6885066736118,1.5198565603412213
2025-05-30,1.16753412982285,21.417353916147995,1.5165257616688885
2025-06-02,1.1599363057663516,21.556729102409438,1.535485579798817
2025-06-03,1.1523384817098532,21.41552804323102,1.5254932815193891
2025-06-04,1.1523384817098532,21.41552804323102,1.535485579798817
2025-06-05,1.1563763596496064,21.490569612723363,1.535485579798817
2025-06-06,1.1548381518698685,21.461982932363252,1.5408660330665749
2025-06-09,1.1529153738078757,21.497716623601626,1.5388163784711497
2025-06-10,1.1513822796727935,21.526303303961733,1.541378471149824
2025-06-11,1.1577064117763434,21.644539608444394,1.5393288165543988
2025-06-12,1.1345178055542642,22.07807500285264,1.5477838005840798
2025-06-13,1.1234026354822464,21.861770280865855,1.5167820295792984
2025-06-16,1.1049862070613585,22.22015979751376,1.531642343043235
2025-06-17,1.1064895523983345,22.25039055822822,1.5065334633894607
2025-06-18,1.1106351424385652,22.333754198932734,1.5044838087940358
2025-06-20,1.1013323546785805,22.520823891991572,1.498847087615868
2025-06-23,1.0836760979023956,22.88187153374935,1.4862925989201954
2025-06-24,1.0752185135027565,22.703289243254083,1.5101204322346327
2025-06-25,1.0818375169937318,22.843049811799517,1.4983346495326189
2025-06-26,1.0937885033121444,23.095395447334745,1.5075583395559586
2025-06-27,1.098201125547884,23.002222722273633,1.5242122351800522
2025-06-30,1.0939723333480644,22.913649128818303,1.5303612967038982
2025-07-01,1.0842277282848876,23.117753432473943,1.5244684053528912
2025-07-02,1.0822409597642033,23.075391829288204,1.538047672477491
2025-07-03,1.076641960004705,22.956010732004046,1.535229311888407
2025-07-07,1.0643601808758332,23.217881125286183,1.527286765941975
2025-07-08,1.081131502297625,23.58372959846441,1.5447092698221567
2025-07-09,1.0737167837623844,23.745473767986994,1.569049541219843
2025-07-10,1.0606528552805619,24.034385309431823,1.5582885369467565
2025-07-11,1.061359031778146,24.050387263280253,1.5393288165543988
2025-07-14,1.074617180707117,23.749957713440004,1.5383039403879009
2025-07-15,1.0717172214849113,23.814049289616708,1.5190879520851333
2025-07-16,1.0684723194755965,23.886152503823464,1.5231873590135543
2025-07-17,1.0614841667842065,23.729929382396726,1.5277992040252242
2025-07-18,1.065247007717547,23.814049289616705,1.5178069057457964
2025-07-21,1.0650677857570163,23.810042706569824,1.5231873590135543
2025-07-22,1.039802889221064,23.245235213992697,1.5229310911031444
2025-07-23,1.0261325270365196,23.550841966709314,1.5590571452028446
2025-07-24,1.0305754354873895,23.44887245298463,1.53856011056074
2025-07-25,1.0105824778293326,23.90377589618574,1.5452217079054056
2025-07-28,1.008190172595216,23.960362201060555,1.5152447153295516
2025-07-29,1.000877046906648,23.786560526452952,1.5188316841747236
2025-07-30,1.0175441509548273,23.39045485046808,1.5078145097287978
2025-07-31,1.0302040639098327,23.09943934798886,1.4827056300750234
2025-08-01,1.0168646275811257,23.39853882857322,1.4642583477659146
2025-08-04,1.019323781644304,23.455125133448032,1.4832180681582723
2025-08-05,1.027755195721025,23.6491359823879,1.4868050370034442
2025-08-06,1.0418076195224828,23.97248893914885,1.499103257788707
2025-08-07,1.0460232930573818,23.875484285609502,1.5196003901683823
2025-08-08,1.0377675711319865,23.687047411971616,1.5257494516922283
2025-08-11,1.0275796375835446,23.919587020748104,1.5137074988173753
2025-08-12,1.03860294201785,24.17618308399106,1.5285678122813122
2025-08-13,1.0429089244190053,24.27641601678491,1.544965439994996
2025-08-14,1.049970732928737,24.112034068180314,1.5513707694292518
2025-08-15,1.0437701077584212,24.25442821371392,1.5618755057919285
2025-08-18,1.0408420055595153,24.18638694288437,1.5526518157685887
2025-08-19,1.0432398539123398,24.130667354529947,1.5570074906074194
2025-08-20,1.0350186315584557,24.32082840054945,1.5605944594525913
2025-08-21,1.018918745949158,24.699142899663943,1.5482962386673287
2025-08-22,0.9996594073407573,25.16599971070316,1.5723802421546051
2025-08-25,0.9955086872670936,25.061507101114362,1.5426595174891609
2025-08-26,0.9970029490270111,25.023889697885167,1.536254188054905
2025-08-27,0.9916740590133255,25.157640110604376,1.5339482655490702
2025-08-28,0.9852485350630098,24.994631894754757,1.542147079405912
2025-08-29,0.9962872428033132,24.714592466383504,1.5321547811264842
2025-09-02,0.9932543998385251,24.789827272841897,1.5149885451567124
2025-09-03,0.9969386585876202,24.881779685067176,1.5196003901683823
2025-09-04,0.998110931446525,24.911037488197586,1.5252370136089795
2025-09-05,1.007489178201842,25.145101507671548,1.5270304980315654
2025-09-08,1.0069867938006198,25.132562904738712,1.541378471149824
2025-09-09,1.0121783335215402,25.002991494853553,1.5406098628937357
2025-09-10,1.0228382037070098,25.266313317457918,1.532667219209733
2025-09-11,1.022499787957893,25.257953717359133,1.5488086767505775
2025-09-12,1.010993910672733,25.54217374299512,1.5482962386673287
2025-09-15,1.0086777835410228,25.600689349255937,1.5657187425475103
2025-09-16,1.00255651828181,25.756049775432235,1.5621317737023384
2025-09-17,0.9896522822327035,26.087564398233066,1.5526518157685887
2025-09-18,0.9882011767445975,26.049312773344987,1.572636510065015
2025-09-19,0.9882011767445975,26.049312773344987,1.5703305875591802
2025-09-22,0.9911033877208095,26.125816023121143,1.5703305875591802
2025-09-23,0.9857826470958326,25.9855595247607,1.5749424325708499
2025-09-24,0.9936830624710381,25.77730193916863,1.5664873508035984
2025-09-25,0.9795929680255102,26.142815484272816,1.5539329598454965
2025-09-26,0.9832559444069539,26.240570897785375,1.575967210999777
2025-09-29,0.9893076863590738,26.402076317257297,1.5818602000883548
2025-09-30,1.0014112917671578,26.07906223568853,1.5915962304573728
2025-10-01,1.0084186006994704,25.896575731638837,1.61106848667055
2025-10-02,1.0106481962346643,25.839318864710737,1.622341831289315
2025-10-03,1.0052334381840842,25.97775839328801,1.625928800134487
2025-10-06,1.0162221850726492,26.261735229784627,1.6172175481943962
2025-10-07,1.0095482952956207,26.434205314429114,1.5995388741413754
2025-10-08,1.0201514416869695,26.156570504887107,1.610043610504052
2025-10-09,1.0380344462164661,25.69805224014645,1.5931335447071195
2025-10-10,1.0288588110895105,25.925208431049825,1.5652063044642612
2025-10-13,1.0353695088244634,26.089265145140143,1.579041839499271
2025-10-14,1.0380405659383678,26.156570504887103,1.5890341377786987
2025-10-15,1.0473892976785457,26.39214006634464,1.5931335447071195
2025-10-16,1.0503941812090414,26.46785719195941,1.607481517825378
2025-10-17,1.0584074162337795,26.66977487588665,1.6120932650994773
2025-10-20,1.05006035479245,26.8801043256817,1.6243915836223108
2025-10-21,1.0440504603654088,27.033949377014135,1.611580924753799
2025-10-22,1.0368719824312236,26.84807463585569,1.6023572347304593
2025-10-23,1.0373659461148361,26.83528426822136,1.613374409176385
2025-10-24,1.046751632983193,26.59248896911966,1.6141430174324731
2025-10-27,1.0454343755557973,26.6259535967388,1.6287471607235708
2025-10-28,1.0424704678275492,26.70144075450076,1.6266975061281457
2025-10-29,1.0503742008317822,26.903883955593752,1.6220856611164758
2025-10-30,1.0562254401074935,27.05375536555935,1.6097874403312131
2025-10-31,1.0552111158857318,27.079735879107776,1.6008199204807125
2025-11-03,1.043737756910308,26.78529666592732,1.6023572347304593
2025-11-04,1.0347953105538499,27.01478542111609,1.5849347308502777
2025-11-05,1.0273316355451807,26.819935698899798,1.5985139979748775
2025-11-06,1.0311463887117782,26.720346207935638,1.5869843854457029
2025-11-07,1.0447468983221586,26.367912907123976,1.5928772767967099
2025-11-10,1.0548642541447437,26.11256536064287,1.613886847259634
2025-11-11,1.0649816732375788,25.862114398536026,1.6295157689796589
2025-11-12,1.0568546096605553,26.05947276932769,1.6451447884372545
2025-11-13,1.0483957568939806,26.268047573577356,1.6325903974791525
2025-11-14,1.0649816732375788,26.683615489319184,1.619523470700231
2025-11-17,1.0781634187442677,27.013890307578972,1.5939021529632076
2025-11-18,1.0800936681567732,26.965527002917398,1.5741737265771911
2025-11-19,1.0954154426522444,26.583004879076682,1.571355463725678
2025-11-20,1.0845445894807113,26.84681341385405,1.5490648469234167
2025-11-21,1.0831236010911358,26.811638271653162,1.5644376962081732
2025-11-24,1.0655392424306456,27.24692143155211,1.5623879438751773
2025-11-25,1.0786069852065567,26.91276596685916,1.5877530914393616
2025-11-26,1.0846250772886965,26.762606079156765,1.6072252499149684
2025-11-28,1.0829055942974126,26.805033501239407,1.616192769765469
2025-12-01,1.0915028124791244,26.59222758113724,1.6136305793492243
2025-12-02,1.0983806132611216,26.42466407002069,1.6264412382177358
2025-12-03,1.0975209045612642,26.44534680359913,1.6366898044075735
2025-12-04,1.0976928200646079,26.441204408599685,1.6354087580682364
2025-12-05,1.0970050268680944,26.457771958434606,1.6356649282410756
2025-12-08,1.0939100230753527,26.53241783749009,1.6346400520745776
2025-12-09,1.0825616976991561,26.25716804154202,1.6300282070629077
2025-12-10,1.0938453686543954,25.983486416719266,1.6469382728598405
2025-12-11,1.0852563747274793,26.18751160476559,1.664104508829612
2025-12-12,1.0901403804743603,26.06965930723239,1.651037777525832
2025-12-15,1.086940483625545,26.14618176448749,1.6584679831265858
2025-12-16,1.0744778593480961,26.445968224307073,1.653599870204506
2025-12-17,1.0662255715604476,26.24285585795045,1.6346400520745776
2025-12-18,1.071698528255449,26.108150765993663,1.6471945407702502
2025-12-19,1.0653962896864235,26.261682557243972,1.655649622537502
2025-12-22,1.0630744522759348,26.204449997290403,1.6459133966933426
2025-12-23,1.060597552667869,26.143395203066998,1.6495003655385145
2025-12-24,1.0637203812463354,26.06641846342347,1.6533436022940962
2025-12-26,1.0571460646891393,26.22752178485283,1.658211715216176
2025-12-29,1.050407355734482,26.06033615004462,1.6479631490263382
2025-12-30,1.04488993491425,26.19722194056344,1.6584679831265858
2025-12-31,1.0607929579542954,25.798505281339274,1.6497566334489242
2026-01-02,1.0710162503189462,25.549874613041155,1.6748656108402695
2026-01-05,1.071178560174109,25.546002592941896,1.6910069706435433
2026-01-06,1.0669593705828897,25.646623938667748,1.691263238553953
2026-01-07,1.0646875278351895,25.70123248160245,1.6846016412092875
2026-01-08,1.0517054631573508,25.387849396280927,1.6810146723641155
2026-01-09,1.0591485410126562,25.20817576496975,1.7015118047437907
2026-01-12,1.057248232123345,25.25340390685407,1.713553659881073
2026-01-13,1.0555062017592751,25.295013999039803,1.7104792268567206
2026-01-14,1.0593069403611992,25.386098007814095,1.7076608662676367
2026-01-15,1.0621780061668775,25.31729343838025,1.7015118047437907
2026-01-16,1.0416013043800125,25.807744562492733,1.7061234542803192
2026-01-20,1.0304356428137615,25.531093083312253,1.6730721264176835
2026-01-21,1.024815075232838,25.391832339479905,1.6910069706435433
2026-01-22,1.0299113809623248,25.265561226026133,1.7002306606668829
2026-01-23,1.0394861298595601,25.030675575708443,1.7086857424341346
2026-01-26,1.0553926739642356,24.64764829561513,1.7245708343269985
2026-01-27,1.0408760849779481,24.98666882192034,1.75096076032011
2026-01-28,1.0399495267808638,24.964426402146355,1.7268768545704043
2026-01-29,1.029775163139981,25.208666286641265,1.7284140710825804
2026-01-30,1.0208340913383516,24.98979084337954,1.7115041030232185
2026-02-02,1.0162890398857358,25.10105268909666,1.7263643187495845
2026-02-03,1.0196221469706934,25.183376214466307,1.7186780407135624
2026-02-04,1.0089471187815802,25.447035896423174,1.7130413195353946
2026-02-05,0.9885120315769688,24.931634853135336,1.6951064753095348
2026-02-06,1.0028638109742232,24.56966321091437,1.7294389472490783
2026-02-09,0.9984703794753726,24.677300091501493,1.7545479246404234
2026-02-10,1.0016922143439155,24.59767210500271,1.74686145112926
2026-02-11,0.9912945456415473,24.852998483440043,1.7524981723074278
2026-02-12,0.989097829892122,24.90807290448781,1.734307060171158
2026-02-13,0.9842650775893074,24.786371548919202,1.7304638234155763
2026-02-17,0.9784642818382233,24.640292324897647,1.738918905182828
2026-02-18,0.9714414983103116,24.817144400414527,1.749167275897524
2026-02-19,0.9582558326894977,24.48029388672277,1.7366128849394222
2026-02-20,0.9557451143491383,24.544434506317305,1.7601844503434498
2026-02-23,0.9574189620486897,24.501448521227374,1.75557260533178
2026-02-24,0.9671828075845676,24.251580523778664,1.7586472338312737
2026-02-25,0.9646721956621432,24.31453274617465,1.7765820780571335
2026-02-26,0.9561636560874774,24.52899022203082,1.771970428520605
2026-02-27,0.9840604792390545,25.244642713060195,1.7563414090630094
2026-03-02,1.0165914703693413,26.079178054649017,1.7050987735889627
2026-03-03,1.0042691685086724,25.763067292721452,1.6487317572824265
2026-03-04,0.9822193996306642,26.32872209643972,1.668716353841282
2026-03-05,0.9917794462767204,26.58498236931527,1.6320779593959036
2026-03-06,0.9809308978292751,26.29418337132159,1.616192769765469
2026-03-09,0.9801617932950347,26.273567265029307,1.6338714438184896
2026-03-10,0.9809296927324368,26.252983461763993,1.6351524901578267
2026-03-11,0.963267771324305,26.725675984037487,1.6364335364971636
2026-03-12,0.9758615095760066,27.075086789591616,1.6069690797421292
2026-03-13,0.991311328785958,26.646434576251757,1.5859596070167756
2026-03-16,0.9957255456633172,26.527780488668608,1.61106848667055
2026-03-17,0.9744426455598278,27.09479225668699,1.618242424360894
2026-03-18,0.968924874463129,26.94136828425902,1.5836536845109408
2026-03-19,1.002594076299224,27.8775547631188,1.5926211066238707
2026-03-20,0.9745214370633886,27.096983087958897,1.537279064221403
2026-03-23,0.9659896201760417,27.33421388567501,1.5803228858386078
2026-03-24,0.9549298642410539,27.021260487485048,1.5664873508035984
2026-03-25,0.9336199640247511,27.624258033451078,1.5844222927670288
2026-03-26,0.9438116451879665,27.925812885634873,1.5490648469234167
2026-03-27,0.9433381201384885,27.91180206896843,1.5321547811264842
2026-03-30,0.9788138130242259,28.961468669890746,1.532923487120143
2026-03-31,0.9939500942203775,28.513611347274324,1.5905714520284455
2026-04-01,0.984647576791157,28.780474208971714,1.615167893598971
2026-04-02,0.9780254763226789,28.58691542079762,1.6000513122246245
2026-04-06,0.9778699392883848,28.591461645974576,1.6108122187601404
2026-04-07,0.9336900630626914,27.299707818722204,1.6105560485873012
2026-04-08,0.9346848579258675,27.270621497491376,1.6833204971323796
2026-04-09,0.9371008812431593,27.200130939249977,1.6851139815549656
2026-04-10,0.9439223007550785,27.00213357564744,1.689469754131367
2026-04-13,0.9338322075930047,26.71349324673997,1.7017678771790592
2026-04-14,0.9274332506718201,26.89654378955734,1.7199589893153289
2026-04-15,0.9220080457575329,27.0538804619688,1.708173206613315
2026-04-16,0.9405094400195936,26.51100612258676,1.6981809083338872
2026-04-17,0.9370317391191014,26.609035282042676,1.7322573078381622
2026-04-20,0.9583152516491523,27.21342648054181,1.7258519784039064
2026-04-21,0.9567139261188697,27.167953391686375,1.6866513935422833
2026-04-22,0.9465576612875619,27.456362415572908,1.689469754131367
2026-04-23,0.9350956526501908,27.123889206566275,1.6715347144303658
2026-04-24,0.9291477733655868,27.296416603386483,1.6917755788996314
2026-04-27,0.9226334139522059,27.48779484649171,1.6810146723641155
2026-04-28,0.9315553409241488,27.753603665608303,1.6692288896621017
2026-04-29,0.9106198235816025,27.129876845167253,1.6530873343836865
2026-04-30,0.9106198235816025,27.129876845167253,1.6902383623874553
2026-05-01,0.9106198235816025,27.129876845167253,1.6902383623874553
2026-05-04,0.9106198235816025,27.129876845167253,1.6902383623874553
2026-05-05,0.9106198235816025,27.129876845167253,1.6902383623874553
2026-05-06,0.9106198235816025,27.129876845167253,1.6902383623874553
2026-05-07,0.9106198235816025,27.129876845167253,1.6902383623874553
2026-05-08,0.9106198235816025,27.129876845167253,1.6902383623874553
2026-05-11,0.9106198235816025,27.129876845167253,1.6902383623874553
2026-05-12,0.9106198235816025,27.129876845167253,1.6902383623874553
2026-05-13,0.9106198235816025,27.129876845167253,1.6902383623874553
2026-05-14,0.9106198235816025,27.129876845167253,1.6902383623874553
2026-05-15,0.9106198235816025,27.129876845167253,1.6902383623874553
2026-05-18,0.9106198235816025,27.129876845167253,1.6902383623874553
2026-05-19,0.9106198235816025,27.129876845167253,1.6902383623874553
