,signal,actual_return,strategy_return,fold
2015-05-29,-1,-0.001024778428927231,0.001024778428927231,1
2015-06-01,-1,0.010258981635349551,-0.010258981635349551,1
2015-06-02,1,0.015232350802626193,0.015232350802626193,1
2015-06-03,1,-0.014753691618512366,-0.014753691618512366,1
2015-06-04,1,-0.015228483898008571,-0.015228483898008571,1
2015-06-05,-1,-0.002061804585836491,0.002061804585836491,1
2015-06-08,-1,-0.0038740062280447907,0.0038740062280447907,1
2015-06-09,-1,0.028519535463431778,-0.028519535463431778,1
2015-06-10,1,0.0030250252614323347,0.0030250252614323347,1
2015-06-11,1,-0.01407392210118008,-0.01407392210118008,1
2015-06-12,-1,-0.013000212273368006,0.013000212273368006,1
2015-06-15,-1,-0.002066162926976145,0.002066162926976145,1
2015-06-16,-1,-0.0046583930646749705,0.0046583930646749705,1
2015-06-17,-1,0.018460715064325228,-0.018460715064325228,1
2015-06-18,1,-0.025529743343026712,-0.025529743343026712,1
2015-06-19,-1,0.0385119541844543,-0.0385119541844543,1
2015-06-22,1,-0.0022704377894464667,-0.0022704377894464667,1
2015-06-23,1,-0.008343818526504454,-0.008343818526504454,1
2015-06-24,-1,0.00178479583491864,-0.00178479583491864,1
2015-06-25,1,0.004072279045147065,0.004072279045147065,1
2015-06-26,1,-0.04512047045804701,-0.04512047045804701,1
2015-06-29,-1,-0.006371061200830752,0.006371061200830752,1
2015-06-30,-1,0.006144791353488888,-0.006144791353488888,1
2015-07-01,1,-0.00398304637511071,-0.00398304637511071,1
2015-07-02,1,-0.036523566867191715,-0.036523566867191715,1
2015-07-06,-1,0.002490319704146593,-0.002490319704146593,1
2015-07-07,-1,-0.012696635116884236,0.012696635116884236,1
2015-07-08,-1,0.02376288686729966,-0.02376288686729966,1
2015-07-09,1,0.05488809925880078,0.05488809925880078,1
2015-07-10,1,-0.0015532325040638062,-0.0015532325040638062,1
2015-07-13,1,0.006741045846193172,0.006741045846193172,1
2015-07-14,1,-0.003347954210274229,-0.003347954210274229,1
2015-07-15,-1,0.010077503409816835,-0.010077503409816835,1
2015-07-16,1,-0.00434898907595227,-0.00434898907595227,1
2015-07-17,-1,0.0028263261954450947,-0.0028263261954450947,1
2015-07-20,1,-0.001793484422585978,-0.001793484422585978,1
2015-07-21,-1,-0.0041067723606769135,0.0041067723606769135,1
2015-07-22,-1,-0.0005154757256945475,0.0005154757256945475,1
2015-07-23,-1,-0.010314536456230705,0.010314536456230705,1
2015-07-24,-1,-0.009640509022533994,0.009640509022533994,1
2015-07-27,-1,0.011049776432235259,-0.011049776432235259,1
2015-07-28,1,0.0007806083543755449,0.0007806083543755449,1
2015-07-29,1,-0.004160162538243695,-0.004160162538243695,1
2015-07-30,-1,0.007310772834773216,-0.007310772834773216,1
2015-07-31,1,0.004665538671219771,0.004665538671219771,1
2015-08-03,1,-0.005933940975135443,-0.005933940975135443,1
2015-08-04,-1,0.011938824649459612,-0.011938824649459612,1
2015-08-05,1,0.0020517571919367317,0.0020517571919367317,1
2015-08-06,1,-0.0010238268707394305,-0.0010238268707394305,1
2015-08-07,-1,0.014347973118258528,-0.014347973118258528,1
2015-08-10,1,-0.015913136289140706,-0.015913136289140706,1
2015-08-11,-1,-0.010523610293808106,0.010523610293808106,1
2015-08-12,-1,-0.008560259997104636,0.008560259997104636,1
2015-08-13,-1,-0.002616490989649445,0.002616490989649445,1
2015-08-14,-1,-0.00419726788812369,0.00419726788812369,1
2015-08-17,-1,-0.008956800863753611,0.008956800863753611,1
2015-08-18,-1,-0.008240233051442503,0.008240233051442503,1
2015-08-19,-1,-0.025462362046963838,0.025462362046963838,1
2015-08-20,-1,-0.019251945852282626,0.019251945852282626,1
2015-08-21,-1,-0.027762245729191837,0.027762245729191837,1
2015-08-24,-1,0.009518368863090432,-0.009518368863090432,1
2015-08-25,1,0.022571454729352736,0.022571454729352736,1
2015-08-26,1,0.011735070081070997,0.011735070081070997,1
2015-08-27,1,-0.009389675812880305,-0.009389675812880305,1
2015-08-28,-1,-0.0027878025396930184,0.0027878025396930184,1
2015-08-31,-1,-0.02571993211822554,0.02571993211822554,1
2015-09-01,-1,0.01406030702786576,-0.01406030702786576,1
2015-09-02,-1,-0.0005659439071113992,0.0005659439071113992,1
2015-09-03,1,-0.022083770839080086,-0.022083770839080086,1
2015-09-04,-1,0.02924140980781398,-0.02924140980781398,1
2015-09-08,1,-0.007876196492431431,-0.007876196492431431,1
2015-09-09,1,0.009356337172510054,0.009356337172510054,1
2015-09-10,1,-0.0019662836467564393,-0.0019662836467564393,1
2015-09-11,-1,-0.00928787018562216,0.00928787018562216,1
2015-09-14,-1,0.007670467383851465,-0.007670467383851465,1
2015-09-15,1,0.012686691084169865,0.012686691084169865,1
2015-09-16,1,0.008908784126780533,0.008908784126780533,1
2015-09-17,1,-0.03890727875572664,-0.03890727875572664,1
2015-09-18,-1,-0.0017226922232751463,0.0017226922232751463,1
2015-09-21,-1,-0.03163653363060981,0.03163653363060981,1
2015-09-22,-1,-0.002375943590968377,0.002375943590968377,1
2015-09-23,-1,-0.0044656601725959755,0.0044656601725959755,1
2015-09-24,-1,0.009868476214323518,-0.009868476214323518,1
2015-09-25,1,-0.017471132501931885,-0.017471132501931885,1
2015-09-28,-1,0.004219390848727578,-0.004219390848727578,1
2015-09-29,-1,0.01590632605495501,-0.01590632605495501,1
2015-09-30,1,-0.003249536207169723,-0.003249536207169723,1
2015-10-01,1,0.016597437188367037,0.016597437188367037,1
2015-10-02,1,0.023323593436006984,0.023323593436006984,1
2015-10-05,1,0.008262134704682733,0.008262134704682733,1
2015-10-06,1,0.00932471988544914,0.00932471988544914,1
2015-10-07,1,0.005039202100347362,0.005039202100347362,1
2015-10-08,1,0.005570945396701887,0.005570945396701887,1
2015-10-09,1,-0.002493079124432862,-0.002493079124432862,1
2015-10-12,-1,-0.009997134474705738,0.009997134474705738,1
2015-10-13,-1,0.004207509249971597,-0.004207509249971597,1
2015-10-14,1,0.012290571250927806,0.012290571250927806,1
2015-10-15,1,0.0016555616946729579,0.0016555616946729579,1
2015-10-16,1,-0.0016528253403513826,-0.0016528253403513826,1
2015-10-19,-1,-0.0035872257752260772,0.0035872257752260772,1
2015-10-20,-1,-0.0008307609745172861,0.0008307609745172861,1
2015-10-21,-1,0.013303756038703485,-0.013303756038703485,1
2015-10-22,1,0.010940856021790513,0.010940856021790513,1
2015-10-23,1,-0.0029762070637543436,-0.0029762070637543436,1
2015-10-26,-1,-0.007598338965835061,0.007598338965835061,1
2015-10-27,-1,0.005468984539471089,-0.005468984539471089,1
2015-10-28,1,-0.005439237434037736,-0.005439237434037736,1
2015-10-29,-1,0.0013672200568166648,-0.0013672200568166648,1
2015-10-30,1,0.011742226043632842,0.011742226043632842,1
2015-11-02,1,-0.003238837634434666,-0.003238837634434666,1
2015-11-03,1,-0.010831343692754958,-0.010831343692754958,1
2015-11-04,-1,0.0027375387944177376,-0.0027375387944177376,1
2015-11-05,1,-0.0024570065510107764,-0.0024570065510107764,1
2015-11-06,-1,-0.01313627614148083,0.01313627614148083,1
2015-11-09,-1,-0.004159775933619603,0.004159775933619603,1
2015-11-10,-1,0.0027846971469229764,-0.0027846971469229764,1
2015-11-11,1,-0.012496444576980181,-0.012496444576980181,1
2015-11-12,-1,-0.010405026217460644,0.010405026217460644,1
2015-11-13,-1,0.009093484152094877,-0.009093484152094877,1
2015-11-16,1,0.003379407272719126,0.003379407272719126,1
2015-11-17,1,0.00982313959104264,0.00982313959104264,2
2015-11-18,1,0.003057271032547826,0.003057271032547826,2
2015-11-19,1,-0.005541722418782258,-0.005541722418782258,2
2015-11-20,1,-0.006129875297980036,-0.006129875297980036,2
2015-11-23,-1,-0.0025230261427088285,0.0025230261427088285,2
2015-11-24,-1,0.0064642925913394045,-0.0064642925913394045,2
2015-11-25,1,0.007819010571323615,0.007819010571323615,2
2015-11-27,1,0.000831221367970203,0.000831221367970203,2
2015-11-30,1,0.002768612729112885,0.002768612729112885,2
2015-12-01,1,-0.013804527419899792,-0.013804527419899792,2
2015-12-02,-1,-0.009518480990163836,0.009518480990163836,2
2015-12-03,-1,0.011871061511183001,-0.011871061511183001,2
2015-12-04,-1,-0.002793253526597095,0.002793253526597095,2
2015-12-07,-1,-0.015686312642109512,0.015686312642109512,2
2015-12-08,-1,-0.004553211445394667,0.004553211445394667,2
2015-12-09,-1,-0.002858732859626012,0.002858732859626012,2
2015-12-10,-1,-0.018348605792718242,0.018348605792718242,2
2015-12-11,-1,-0.001752376470493866,0.001752376470493866,2
2015-12-14,-1,0.011410163433772214,-0.011410163433772214,2
2015-12-15,1,0.01822392460736877,0.01822392460736877,2
2015-12-16,1,-0.009375051815400326,-0.009375051815400326,2
2015-12-17,1,-0.0192141723392103,-0.0192141723392103,2
2015-12-18,-1,0.00380120073728496,-0.00380120073728496,2
2015-12-21,-1,0.006117071752751668,-0.006117071752751668,2
2015-12-22,1,0.016792067196983895,0.016792067196983895,2
2015-12-23,1,-0.002562646791716805,-0.002562646791716805,2
2015-12-24,1,-0.001998278540209064,-0.001998278540209064,2
2015-12-28,-1,0.009439411890638683,-0.009439411890638683,2
2015-12-29,1,-0.011051271735072143,-0.011051271735072143,2
2015-12-30,-1,-0.013467083098968158,0.013467083098968158,2
2015-12-31,-1,-0.02120242624937152,0.02120242624937152,2
2016-01-04,-1,-0.00890205431064739,0.00890205431064739,2
2016-01-05,-1,-0.01706585834681995,0.01706585834681995,2
2016-01-06,-1,-0.014011662306238293,0.014011662306238293,2
2016-01-07,-1,-0.010194563708569415,0.010194563708569415,2
2016-01-08,-1,0.005617986892395788,-0.005617986892395788,2
2016-01-11,1,0.012414577778619762,0.012414577778619762,2
2016-01-12,1,-0.020846058249329835,-0.020846058249329835,2
2016-01-13,-1,0.012210434892798938,-0.012210434892798938,2
2016-01-14,1,-0.0330962431664652,-0.0330962431664652,2
2016-01-15,-1,0.008317345712672619,-0.008317345712672619,2
2016-01-19,-1,-0.021256347289453137,0.021256347289453137,2
2016-01-20,-1,0.010372761454370272,-0.010372761454370272,2
2016-01-21,-1,0.025344851018448855,-0.025344851018448855,2
2016-01-22,1,-0.013767166436583267,-0.013767166436583267,2
2016-01-25,1,0.021890819057365674,0.021890819057365674,2
2016-01-26,1,-0.008071975440028467,-0.008071975440028467,2
2016-01-27,-1,-0.0006259924033200637,0.0006259924033200637,2
2016-01-28,-1,0.012527451364103603,-0.012527451364103603,2
2016-01-29,1,-0.004330442202796991,-0.004330442202796991,2
2016-02-01,-1,-0.02982289920559722,0.02982289920559722,2
2016-02-02,-1,0.013768822013405346,-0.013768822013405346,2
2016-02-03,-1,0.004421964318483074,-0.004421964318483074,2
2016-02-04,-1,-0.01666662867963853,0.01666662867963853,2
2016-02-05,-1,-0.02270549988575432,0.02270549988575432,2
2016-02-08,-1,-0.009816729132959612,0.009816729132959612,2
2016-02-09,-1,0.003965595868377747,-0.003965595868377747,2
2016-02-10,1,-0.015141510769582589,-0.015141510769582589,2
2016-02-11,-1,0.013368971173472577,-0.013368971173472577,2
2016-02-12,-1,0.018469639563946982,-0.018469639563946982,2
2016-02-16,1,0.022020735869699326,0.022020735869699326,2
2016-02-17,1,-0.008555087293534491,-0.008555087293534491,2
2016-02-18,1,-0.0035155195632153857,-0.0035155195632153857,2
2016-02-19,-1,0.012507998262710096,-0.012507998262710096,2
2016-02-22,1,-0.018055106123984754,-0.018055106123984754,2
2016-02-23,-1,-0.0077419281005859375,0.0077419281005859375,2
2016-02-24,-1,0.013003888672104003,-0.013003888672104003,2
2016-02-25,1,-0.0006418632176383721,-0.0006418632176383721,2
2016-02-26,1,-0.006422570954105589,-0.006422570954105589,2
2016-02-29,-1,0.030704552010110575,-0.030704552010110575,2
2016-03-01,1,0.005644412311723412,0.005644412311723412,2
2016-03-02,1,0.009042747685904962,0.009042747685904962,2
2016-03-03,1,0.005871403681253495,0.005871403681253495,2
2016-03-04,1,-0.0021505283092148053,-0.0021505283092148053,2
2016-03-07,-1,-0.007697044443455314,0.007697044443455314,2
2016-03-08,-1,0.0043437602121270125,-0.0043437602121270125,2
2016-03-09,1,0.0021624867820204674,0.0021624867820204674,2
2016-03-10,1,0.03452536356336022,0.03452536356336022,2
2016-03-11,1,-0.0023838446895403376,-0.0023838446895403376,2
2016-03-14,1,-0.005973738520729244,-0.005973738520729244,2
2016-03-15,-1,0.012019277059821976,-0.012019277059821976,2
2016-03-16,-1,-0.0005938378142056333,0.0005938378142056333,2
2016-03-17,-1,-0.0011883813341853067,0.0011883813341853067,2
2016-03-18,-1,-0.0032718802452798013,0.0032718802452798013,2
2016-03-21,-1,-0.003282506749145764,0.003282506749145764,2
2016-03-22,-1,-0.010778460895357389,0.010778460895357389,2
2016-03-23,-1,-0.010290561233855966,0.010290561233855966,2
2016-03-24,-1,0.0021406634003371394,-0.0021406634003371394,2
2016-03-28,-1,0.013121766834577775,-0.013121766834577775,2
2016-03-29,1,0.01054212247223174,0.01054212247223174,2
2016-03-30,1,-0.009537994101375014,-0.009537994101375014,2
2016-03-31,1,-0.010532605445156107,-0.010532605445156107,2
2016-04-01,-1,-0.0024331456343007485,0.0024331456343007485,2
2016-04-04,-1,-0.02408539432631218,0.02408539432631218,2
2016-04-05,-1,0.013433312331244895,-0.013433312331244895,2
2016-04-06,-1,-0.021886532507066403,0.021886532507066403,2
2016-04-07,-1,0.018909621729420012,-0.018909621729420012,2
2016-04-08,1,0.0021651621051559378,0.0021651621051559378,2
2016-04-11,1,0.012962905838441063,0.012962905838441063,2
2016-04-12,1,0.01889088780163939,0.01889088780163939,2
2016-04-13,1,0.0038875919095104905,0.0038875919095104905,2
2016-04-14,1,0.0002979486541969667,0.0002979486541969667,2
2016-04-15,1,0.009827218533747795,0.009827218533747795,2
2016-04-18,1,0.01975824201290033,0.01975824201290033,2
2016-04-19,1,0.003759318870284911,0.003759318870284911,2
2016-04-20,1,-0.0008642690892577409,-0.0008642690892577409,2
2016-04-21,-1,-0.00403689124614981,0.00403689124614981,2
2016-04-22,-1,-0.004053253790896716,0.004053253790896716,2
2016-04-25,-1,0.0031975811271853782,-0.0031975811271853782,2
2016-04-26,1,0.00695455491567043,0.00695455491567043,2
2016-04-27,1,-0.010647451277259412,-0.010647451277259412,2
2016-04-28,-1,-0.00814434512201978,0.00814434512201978,2
2016-04-29,-1,0.008211220132652963,-0.008211220132652963,2
2016-05-02,1,-0.020942443232524255,-0.020942443232524255,2
2016-05-03,-1,-0.013666045352285439,0.013666045352285439,2
2016-05-04,-1,-0.0057229649710835995,0.0057229649710835995,2
2016-05-05,-1,0.006664684395321974,-0.006664684395321974,2
2016-05-06,-1,-0.0009027619533592546,0.0009027619533592546,2
2016-05-09,1,0.01174696929777741,0.01174696929777741,2
2016-05-10,1,-0.008931206778736267,-0.008931206778736267,2
2016-05-11,-1,-0.004505903326933902,0.004505903326933902,3
2016-05-12,-1,-0.010561209431718344,0.010561209431718344,3
2016-05-13,-1,0.011283895137360611,-0.011283895137360611,3
2016-05-16,-1,-0.012967439902124678,0.012967439902124678,3
2016-05-17,-1,0.0012221483680658896,-0.0012221483680658896,3
2016-05-18,-1,-0.007018600519483331,0.007018600519483331,3
2016-05-19,-1,0.010755945429432368,-0.010755945429432368,3
2016-05-20,1,-0.005472797461724244,-0.005472797461724244,3
2016-05-23,-1,0.02109454175233516,-0.02109454175233516,3
2016-05-24,1,0.01497005919633243,0.01497005919633243,3
2016-05-25,1,0.00648959870511856,0.00648959870511856,3
2016-05-26,1,-0.0011722480094423782,-0.0011722480094423782,3
2016-05-27,-1,-0.005575188708854872,0.005575188708854872,3
2016-05-31,-1,-0.001180316206779386,0.001180316206779386,3
2016-06-01,-1,0.0005908554997118287,-0.0005908554997118287,3
2016-06-02,-1,0.001476210175296977,-0.001476210175296977,3
2016-06-03,-1,0.002063782821355664,-0.002063782821355664,3
2016-06-06,1,0.008531835437177948,0.008531835437177948,3
2016-06-07,1,0.0005834439462042429,0.0005834439462042429,3
2016-06-08,1,-0.01457725979946256,-0.01457725979946256,3
2016-06-09,-1,-0.035502981953434265,0.035502981953434265,3
2016-06-10,-1,-0.017791351027756752,0.017791351027756752,3
2016-06-13,-1,-0.018113676309002846,0.018113676309002846,3
2016-06-14,-1,0.007951653808949022,-0.007951653808949022,3
2016-06-15,1,0.009466684506304501,0.009466684506304501,3
2016-06-16,-1,-0.015317279606877454,0.015317279606877454,3
2016-06-17,-1,0.022222246442522353,-0.022222246442522353,3
2016-06-20,1,0.012422288872800724,0.012422288872800724,3
2016-06-21,1,0.0018405330091855188,0.0018405330091855188,3
2016-06-22,1,0.03551744803526158,0.03551744803526158,3
2016-06-23,1,-0.12211706676622625,-0.12211706676622625,3
2016-06-24,-1,-0.017177508242103623,0.017177508242103623,3
2016-06-27,-1,0.026387952354719246,-0.026387952354719246,3
2016-06-28,1,0.018697811408249887,0.018697811408249887,3
2016-06-29,1,0.021632246557223178,0.021632246557223178,3
2016-06-30,1,-0.0009624859342982628,-0.0009624859342982628,3
2016-07-01,1,-0.03018621211089234,-0.03018621211089234,3
2016-07-05,-1,-0.002980137427623375,0.002980137427623375,3
2016-07-06,-1,-0.00763870624120444,0.00763870624120444,3
2016-07-07,-1,0.020415014306711,-0.020415014306711,3
2016-07-08,1,0.013775010805076926,0.013775010805076926,3
2016-07-11,1,0.020058260831253616,0.020058260831253616,3
2016-07-12,1,0.0028544291350431905,0.0028544291350431905,3
2016-07-13,1,0.01233388589338369,0.01233388589338369,3
2016-07-14,1,-0.004685964356353489,-0.004685964356353489,3
2016-07-15,-1,-0.0034526242386769823,0.0034526242386769823,3
2016-07-18,-1,-0.009448794868048727,0.009448794868048727,3
2016-07-19,-1,0.008902981637661123,-0.008902981637661123,3
2016-07-20,1,-0.0006303327466818942,-0.0006303327466818942,3
2016-07-21,1,0.0012614606333094525,0.0012614606333094525,3
2016-07-22,1,-0.00031496783879803036,-0.00031496783879803036,3
2016-07-25,-1,0.005040953010897686,-0.005040953010897686,3
2016-07-26,1,0.008777451096985578,0.008777451096985578,3
2016-07-27,1,0.0006215182589808244,0.0006215182589808244,3
2016-07-28,1,0.011490649786276341,0.011490649786276341,3
2016-07-29,1,-0.013202342929223732,-0.013202342929223732,3
2016-08-01,-1,-0.010578723056771322,0.010578723056771322,3
2016-08-02,-1,-0.0022012483177245024,0.0022012483177245024,3
2016-08-03,-1,0.0022061045015471237,-0.0022061045015471237,3
2016-08-04,-1,0.008490580636524303,-0.008490580636524303,3
2016-08-05,1,0.0040536660228349675,0.0040536660228349675,3
2016-08-08,1,0.014285685514706215,0.014285685514706215,3
2016-08-09,1,0.004898954322095195,0.004898954322095195,3
2016-08-10,1,0.007007908116239303,0.007007908116239303,3
2016-08-11,1,0.00030263650412587495,0.00030263650412587495,3
2016-08-12,1,0.002722327551401671,0.002722327551401671,3
2016-08-15,1,-0.0021116045732176847,-0.0021116045732176847,3
2016-08-16,-1,-0.003023043630078659,0.003023043630078659,3
2016-08-17,-1,0.0036385364933400055,-0.0036385364933400055,3
2016-08-18,-1,-0.009365485585629774,0.009365485585629774,3
2016-08-19,-1,-0.0024398239957597045,0.0024398239957597045,3
2016-08-22,-1,0.00550291379437029,-0.00550291379437029,3
2016-08-23,1,0.00030410873870723165,0.00030410873870723165,3
2016-08-24,1,-0.0048632170210161085,-0.0048632170210161085,3
2016-08-25,-1,-0.0021381645061895327,0.0021381645061895327,3
2016-08-26,-1,0.0030609823820992865,-0.0030609823820992865,3
2016-08-29,-1,0.003356747293712603,-0.003356747293712603,3
2016-08-30,1,-0.0009124876222474931,-0.0009124876222474931,3
2016-08-31,-1,0.005479461599293023,-0.005479461599293023,3
2016-09-01,1,0.014229525827222256,0.014229525827222256,3
2016-09-02,1,0.006268629387243374,0.006268629387243374,3
2016-09-06,1,0.0023732374140448265,0.0023732374140448265,3
2016-09-07,1,0.0005919046233135994,0.0005919046233135994,3
2016-09-08,1,-0.021591230777441184,-0.021591230777441184,3
2016-09-09,-1,0.007255074077542112,-0.007255074077542112,3
2016-09-12,-1,-0.022509003807599126,0.022509003807599126,3
2016-09-13,-1,-0.004605512044347448,0.004605512044347448,3
2016-09-14,-1,0.006169055343471008,-0.006169055343471008,3
2016-09-15,-1,-0.024524808806127174,0.024524808806127174,3
2016-09-16,-1,0.007856693978556706,-0.007856693978556706,3
2016-09-19,1,0.0012473001530399763,0.0012473001530399763,3
2016-09-20,1,0.01494859959864292,0.01494859959864292,3
2016-09-21,1,0.016876318947082636,0.016876318947082636,3
2016-09-22,1,-0.005733211533139992,-0.005733211533139992,3
2016-09-23,1,-0.013657078983912885,-0.013657078983912885,3
2016-09-26,-1,-0.0006153987004207107,0.0006153987004207107,3
2016-09-27,-1,0.010467985141002334,-0.010467985141002334,3
2016-09-28,1,-0.017672090851630573,-0.017672090851630573,3
2016-09-29,1,0.016128927295115947,0.016128927295115947,3
2016-09-30,1,-0.0036629712464267827,-0.0036629712464267827,3
2016-10-03,-1,0.0018382774023593118,-0.0018382774023593118,3
2016-10-04,1,0.007951018821622524,0.007951018821622524,3
2016-10-05,1,-0.0030339343719278933,-0.0030339343719278933,3
2016-10-06,-1,-0.006695107018160562,0.006695107018160562,3
2016-10-07,-1,0.004901956201103674,-0.004901956201103674,3
2016-10-10,1,-0.012195052453833122,-0.012195052453833122,3
2016-10-11,-1,-0.004938266662867674,0.004938266662867674,3
2016-10-12,-1,-0.0062034972868203475,0.0062034972868203475,3
2016-10-13,-1,0.005305810364784502,-0.005305810364784502,3
2016-10-14,1,-0.0015522893039959795,-0.0015522893039959795,3
2016-10-17,-1,0.010572144098291991,-0.010572144098291991,3
2016-10-18,1,0.00184619610126191,0.00184619610126191,3
2016-10-19,1,0.0036854707255387087,0.0036854707255387087,3
2016-10-20,1,-0.003059928800100309,-0.003059928800100309,3
2016-10-21,-1,0.0033762059383757315,-0.0033762059383757315,3
2016-10-24,1,-0.0006118219211954656,-0.0006118219211954656,3
2016-10-25,-1,-0.0033669054735012693,0.0033669054735012693,3
2016-10-26,-1,0.0015356030390576425,-0.0015356030390576425,3
2016-10-27,1,0.001226645654052616,0.001226645654052616,3
2016-10-28,1,-0.002450285675829944,-0.002450285675829944,3
2016-10-31,-1,-0.005526567604002275,0.005526567604002275,4
2016-11-01,1,-0.007409628536338642,-0.007409628536338642,4
2016-11-02,-1,-0.0031104909509215295,0.0031104909509215295,4
2016-11-03,-1,-0.008424291945156481,0.008424291945156481,4
2016-11-04,-1,0.017621128188889612,-0.017621128188889612,4
2016-11-07,1,0.004947428777278606,0.004947428777278606,4
2016-11-08,1,-0.0009230393629807709,-0.0009230393629807709,4
2016-11-09,-1,-0.0036958035747013396,0.0036958035747013396,4
2016-11-10,-1,-0.009891799379224353,0.009891799379224353,4
2016-11-11,-1,-0.007492908926510999,0.007492908926510999,4
2016-11-14,-1,0.004403881271360932,-0.004403881271360932,4
2016-11-15,-1,-0.015032869954546224,0.015032869954546224,4
2016-11-16,-1,0.0031796016437282137,-0.0031796016437282137,4
2016-11-17,-1,-0.012678276646688746,0.012678276646688746,4
2016-11-18,-1,0.009951828884067648,-0.009951828884067648,4
2016-11-21,1,0.0031786517603265008,0.0031786517603265008,4
2016-11-22,1,-0.010773135562147207,-0.010773135562147207,4
2016-11-23,-1,0.0070468041493203515,-0.0070468041493203515,4
2016-11-25,1,-0.011450400898104007,-0.011450400898104007,4
2016-11-28,-1,0.011261273562705787,-0.011261273562705787,4
2016-11-29,1,-0.0015908731760637673,-0.0015908731760637673,4
2016-11-30,1,-0.0022307105384418158,-0.0022307105384418158,4
2016-12-01,-1,-0.0006387272678427536,0.0006387272678427536,4
2016-12-02,-1,0.02269092565351527,-0.02269092565351527,4
2016-12-05,1,0.016250014305114746,0.016250014305114746,4
2016-12-06,1,0.01691264542799975,0.01691264542799975,4
2016-12-07,1,-0.0036286341999436367,-0.0036286341999436367,4
2016-12-08,1,0.000303439189732746,0.000303439189732746,4
2016-12-09,1,0.0012136200436421163,0.0012136200436421163,4
2016-12-12,1,0.012424237800366944,0.012424237800366944,4
2016-12-13,1,-0.01586347745338068,-0.01586347745338068,4
2016-12-14,1,0.0012164567983807828,0.0012164567983807828,4
2016-12-15,-1,-0.00030371573782872474,0.00030371573782872474,4
2016-12-16,-1,-0.003038543743079214,0.003038543743079214,4
2016-12-19,-1,0.006095609261540513,-0.006095609261540513,4
2016-12-20,1,0.002423563620798541,0.002423563620798541,4
2016-12-21,1,-0.0006044260402370272,-0.0006044260402370272,4
2016-12-22,1,0.0033262960800322094,0.0033262960800322094,4
2016-12-23,1,0.001205573091001666,0.001205573091001666,4
2016-12-27,1,-0.006923526001949343,-0.006923526001949343,4
2016-12-28,-1,0.00666860851205886,-0.00666860851205886,4
2016-12-29,1,0.007527853263834761,0.007527853263834761,4
2016-12-30,1,0.0020920411458320576,0.0020920411458320576,4
2017-01-03,1,0.0068595153775652395,0.0068595153775652395,4
2017-01-04,1,0.010071095067887725,0.010071095067887725,4
2017-01-05,1,-0.003812236341201758,-0.003812236341201758,4
2017-01-06,1,-0.0005887682380029124,-0.0005887682380029124,4
2017-01-09,-1,-0.0029455754512831556,0.0029455754512831556,4
2017-01-10,-1,0.005317586803242902,-0.005317586803242902,4
2017-01-11,1,0.0008816513391236569,0.0008816513391236569,4
2017-01-12,1,0.004991138053171751,0.004991138053171751,4
2017-01-13,1,-0.002337073252329791,-0.002337073252329791,4
2017-01-17,-1,-0.0014642181412471977,0.0014642181412471977,4
2017-01-18,-1,-0.003812236341201758,0.003812236341201758,4
2017-01-19,-1,0.00912562694889818,-0.00912562694889818,4
2017-01-20,1,-0.0005834439462043539,-0.0005834439462043539,4
2017-01-23,-1,0.0026269748101921397,-0.0026269748101921397,4
2017-01-24,1,0.012518204491325902,0.012518204491325902,4
2017-01-25,1,-0.011213323845215006,-0.011213323845215006,4
2017-01-26,-1,-0.0017446222639890818,0.0017446222639890818,4
2017-01-27,-1,-0.009612636570155098,0.009612636570155098,4
2017-01-30,-1,0.0005882487577550943,-0.0005882487577550943,4
2017-01-31,-1,0.0029394024919324746,-0.0029394024919324746,4
2017-02-01,1,0.000879325760063443,0.000879325760063443,4
2017-02-02,1,0.005563649142592331,0.005563649142592331,4
2017-02-03,1,-0.014269122780707688,-0.014269122780707688,4
2017-02-06,-1,-0.0041358758038192445,0.0041358758038192445,4
2017-02-07,-1,-0.0005933093535112066,0.0005933093535112066,4
2017-02-08,-1,0.008607923043886245,-0.008607923043886245,4
2017-02-09,1,-0.00235426772910885,-0.00235426772910885,4
2017-02-10,1,0.00412977531996761,0.00412977531996761,4
2017-02-13,1,0.002937675423959174,0.002937675423959174,4
2017-02-14,1,0.004100743765416803,0.004100743765416803,4
2017-02-15,1,0.0040839963428758175,0.0040839963428758175,4
2017-02-16,1,-0.004938936025240426,-0.004938936025240426,4
2017-02-17,-1,0.001751864913606349,-0.001751864913606349,4
2017-02-21,-1,0.0008743450334056657,-0.0008743450334056657,4
2017-02-22,1,0.000291156711962115,0.000291156711962115,4
2017-02-23,1,-0.0078601646305696,-0.0078601646305696,4
2017-02-24,-1,0.0032276053328748056,-0.0032276053328748056,4
2017-02-27,-1,0.0,-0.0,4
2017-02-28,1,0.01667153313012837,0.01667153313012837,4
2017-03-01,1,-0.004602987777274747,-0.004602987777274747,4
2017-03-02,1,0.015606963564788412,0.015606963564788412,4
2017-03-03,1,-0.005122376445709453,-0.005122376445709453,4
2017-03-06,1,-0.0037184570029267228,-0.0037184570029267228,4
2017-03-07,-1,-0.004019615187641934,0.004019615187641934,4
2017-03-08,-1,0.013548608801075446,-0.013548608801075446,4
2017-03-09,1,0.01052329162373411,0.01052329162373411,4
2017-03-10,1,0.0002815124282047332,0.0002815124282047332,4
2017-03-13,1,-0.01069220760625289,-0.01069220760625289,4
2017-03-14,-1,0.014220705408700463,-0.014220705408700463,4
2017-03-15,1,0.01205833726908967,0.01205833726908967,4
2017-03-16,1,-0.0027708083596094113,-0.0027708083596094113,4
2017-03-17,1,-0.0027786130634773754,-0.0027786130634773754,4
2017-03-20,-1,0.0002786886709547076,-0.0002786886709547076,4
2017-03-21,1,0.002506967932104809,0.002506967932104809,4
2017-03-22,1,0.002222784457531324,0.002222784457531324,4
2017-03-23,1,0.002217960402870922,0.002217960402870922,4
2017-03-24,1,0.006085681790313879,0.006085681790313879,4
2017-03-27,1,0.004674236696046163,0.004674236696046163,4
2017-03-28,1,-0.0024630583013928176,-0.0024630583013928176,4
2017-03-29,-1,-0.007133117442752579,0.007133117442752579,4
2017-03-30,-1,0.004421106755556181,-0.004421106755556181,4
2017-03-31,1,-0.0035762657187047298,-0.0035762657187047298,4
2017-04-03,-1,0.0008282379427344555,-0.0008282379427344555,4
2017-04-04,-1,-0.007448288490032318,0.007448288490032318,4
2017-04-05,-1,0.0038910336695279213,-0.0038910336695279213,4
2017-04-06,1,-0.0005537225458225326,-0.0005537225458225326,4
2017-04-07,-1,-0.0063711787245976925,0.0063711787245976925,4
2017-04-10,-1,0.002230327110034347,-0.002230327110034347,4
2017-04-11,1,-0.000556340955193857,-0.000556340955193857,4
2017-04-12,-1,-0.008627925707152317,0.008627925707152317,4
2017-04-13,-1,0.005895645858145837,-0.005895645858145837,4
2017-04-17,1,-0.006698344019027691,-0.006698344019027691,4
2017-04-18,-1,-0.0011239369304817393,0.0011239369304817393,4
2017-04-19,-1,0.010126599664628477,-0.010126599664628477,4
2017-04-20,1,0.0013923485734614882,0.0013923485734614882,4
2017-04-21,1,0.055617354030011334,0.055617354030011334,4
2017-04-24,1,0.0076396449557862844,0.0076396449557862844,4
2017-04-25,1,-0.008888892878114785,-0.008888892878114785,5
2017-04-26,-1,-0.0018464704591392156,0.0018464704591392156,5
2017-04-27,-1,-0.0002642262550973662,0.0002642262550973662,5
2017-04-28,1,0.005551125411267233,0.005551125411267233,5
2017-05-01,1,0.0068348663321686765,0.0068348663321686765,5
2017-05-02,1,-0.0015665159213813507,-0.0015665159213813507,5
2017-05-03,1,0.021443505722594347,0.021443505722594347,5
2017-05-04,1,0.01612896137399411,0.01612896137399411,5
2017-05-05,1,-0.01536903040464721,-0.01536903040464721,5
2017-05-08,-1,-0.005373666564238655,0.005373666564238655,5
2017-05-09,-1,0.0018008669088693807,-0.0018008669088693807,5
2017-05-10,-1,-0.004879266394700488,0.004879266394700488,5
2017-05-11,-1,0.009032218686995996,-0.009032218686995996,5
2017-05-12,-1,0.006905382820983297,-0.006905382820983297,5
2017-05-15,1,0.010668072010091567,0.010668072010091567,5
2017-05-16,1,-0.018095029005695706,-0.018095029005695706,5
2017-05-17,-1,0.0005119134353697152,-0.0005119134353697152,5
2017-05-18,-1,0.014325949631748491,-0.014325949631748491,5
2017-05-19,-1,0.001261014757538259,-0.001261014757538259,5
2017-05-22,1,0.0005037898584210332,0.0005037898584210332,5
2017-05-23,1,0.0002517200711462664,0.0002517200711462664,5
2017-05-24,-1,-0.0022652945790299084,0.0022652945790299084,5
2017-05-25,-1,-0.004540875578892822,0.004540875578892822,5
2017-05-26,-1,-0.002787648578401747,0.002787648578401747,5
2017-05-30,-1,0.004828524746480101,-0.004828524746480101,5
2017-05-31,1,0.004805225652748435,0.004805225652748435,5
2017-06-01,1,0.011326472895149875,0.011326472895149875,5
2017-06-02,1,-0.0074663821498752725,-0.0074663821498752725,5
2017-06-05,-1,-0.006519612067872882,0.006519612067872882,5
2017-06-06,-1,0.0005048071252615749,-0.0005048071252615749,5
2017-06-07,1,0.0002523243285690313,0.0002523243285690313,5
2017-06-08,-1,-0.0007566858219301142,0.0007566858219301142,5
2017-06-09,-1,-0.008329076861530393,0.008329076861530393,5
2017-06-12,-1,0.007635511073301737,-0.007635511073301737,5
2017-06-13,1,-0.0010103792718659799,-0.0010103792718659799,5
2017-06-14,1,-0.014159230578922544,-0.014159230578922544,5
2017-06-15,-1,-0.006411900211280797,0.006411900211280797,5
2017-06-16,-1,0.005678817668408609,-0.005678817668408609,5
2017-06-19,1,-0.010010251509576351,-0.010010251509576351,5
2017-06-20,1,0.0005185495961088638,0.0005185495961088638,5
2017-06-21,-1,-0.0012956526784878575,0.0012956526784878575,5
2017-06-22,-1,0.0025946671444110336,-0.0025946671444110336,5
2017-06-23,-1,0.003882027128579324,-0.003882027128579324,5
2017-06-26,1,0.002577944618739725,0.002577944618739725,5
2017-06-27,1,0.010028269369226184,0.010028269369226184,5
2017-06-28,1,-0.016802440629401727,-0.016802440629401727,5
2017-06-29,-1,-0.0038839387708475837,0.0038839387708475837,5
2017-06-30,-1,0.00207949087130177,-0.00207949087130177,5
2017-07-03,1,-0.00025935983738212265,-0.00025935983738212265,5
2017-07-05,-1,-0.003892099696823581,0.003892099696823581,5
2017-07-06,-1,0.004428288261145941,-0.004428288261145941,5
2017-07-07,-1,0.0023340287702953155,-0.0023340287702953155,5
2017-07-10,1,0.004657187530904938,0.004657187530904938,5
2017-07-11,1,0.0072108876150744905,0.0072108876150744905,5
2017-07-12,1,0.0033239853256568086,0.0033239853256568086,5
2017-07-13,1,0.005606457609470095,0.005606457609470095,5
2017-07-14,1,-0.004308113859338825,-0.004308113859338825,5
2017-07-17,-1,-0.0017816160140773363,0.0017816160140773363,5
2017-07-18,-1,0.0030596361078494283,-0.0030596361078494283,5
2017-07-19,-1,0.0068632551275145115,-0.0068632551275145115,5
2017-07-20,1,-0.007068891062417704,-0.007068891062417704,5
2017-07-21,-1,-0.001017058572719387,0.001017058572719387,5
2017-07-24,-1,0.003308659974263106,-0.003308659974263106,5
2017-07-25,1,0.007103059538311252,0.007103059538311252,5
2017-07-26,1,-0.0022670063188489076,-0.0022670063188489076,5
2017-07-27,-1,0.002777091862069092,-0.002777091862069092,5
2017-07-28,-1,0.0,-0.0,5
2017-07-31,1,0.0062940582154285,0.0062940582154285,5
2017-08-01,1,0.00025014563992620253,0.00025014563992620253,5
2017-08-02,1,0.002751390985769042,0.002751390985769042,5
2017-08-03,1,0.005238191161720529,0.005238191161720529,5
2017-08-04,1,-0.00024809731321306927,-0.00024809731321306927,5
2017-08-07,-1,-0.004715870863458482,0.004715870863458482,5
2017-08-08,-1,-0.006234414202318184,0.006234414202318184,5
2017-08-09,-1,-0.01606021114565559,0.01606021114565559,5
2017-08-10,-1,0.0,-0.0,5
2017-08-11,-1,0.010456512547445396,-0.010456512547445396,5
2017-08-14,1,0.0010096142505231498,0.0010096142505231498,5
2017-08-15,1,0.004286484727600737,0.004286484727600737,5
2017-08-16,1,-0.013557642247114199,-0.013557642247114199,5
2017-08-17,-1,0.004072279045147065,-0.004072279045147065,5
2017-08-18,-1,-0.0020279297720532385,0.0020279297720532385,5
2017-08-21,-1,0.007874050843317493,-0.007874050843317493,5
2017-08-22,-1,-0.0005040437905707851,0.0005040437905707851,5
2017-08-23,-1,-0.0010085959576713321,0.0010085959576713321,5
2017-08-24,1,0.008329173143644786,0.008329173143644786,5
2017-08-25,1,-0.0012515453343102667,-0.0012515453343102667,5
2017-08-28,1,-0.004761965767921428,-0.004761965767921428,5
2017-08-29,-1,-0.004280991510064891,0.004280991510064891,5
2017-08-30,-1,0.005816882572352355,-0.005816882572352355,5
2017-08-31,1,0.002765919262897265,0.002765919262897265,5
2017-09-01,1,-0.008274870165902004,-0.008274870165902004,5
2017-09-05,-1,0.012642225275480534,-0.012642225275480534,5
2017-09-06,1,0.008739133470306859,0.008739133470306859,5
2017-09-07,1,-0.0007426384371526096,-0.0007426384371526096,5
2017-09-08,1,0.010403814583974436,0.010403814583974436,5
2017-09-11,1,0.004167643175526425,0.004167643175526425,5
2017-09-12,1,-0.004394538798806247,-0.004394538798806247,5
2017-09-13,1,0.00367831119100126,0.00367831119100126,5
2017-09-14,-1,-0.002198879841603829,0.002198879841603829,5
2017-09-15,-1,0.0031831799125738858,-0.0031831799125738858,5
2017-09-18,1,0.0039052927177178898,0.0039052927177178898,5
2017-09-19,1,-0.003403826550273714,-0.003403826550273714,5
2017-09-20,-1,0.0017077260785034465,-0.0017077260785034465,5
2017-09-21,-1,0.0009741134800862472,-0.0009741134800862472,5
2017-09-22,1,-0.009245675608898996,-0.009245675608898996,5
2017-09-25,-1,-0.004420439582017099,0.004420439582017099,5
2017-09-26,-1,0.0029600130531521884,-0.0029600130531521884,5
2017-09-27,-1,0.0034431724095873584,-0.0034431724095873584,5
2017-09-28,1,0.011029430670447038,0.011029430670447038,5
2017-09-29,1,-0.0029090650153882347,-0.0029090650153882347,5
2017-10-02,-1,0.0026744616458771464,-0.0026744616458771464,5
2017-10-03,-1,-0.004607236510018375,0.004607236510018375,5
2017-10-04,-1,0.002436109395297592,-0.002436109395297592,5
2017-10-05,-1,0.0002429725677388639,-0.0002429725677388639,5
2017-10-06,-1,-0.0014577593176251513,0.0014577593176251513,5
2017-10-09,-1,0.009245768423921108,-0.009245768423921108,5
2017-10-10,1,0.0028929347446733367,0.0028929347446733367,5
2017-10-11,1,-0.002884589814574512,-0.002884589814574512,5
2017-10-12,-1,-0.0007232106949839334,0.0007232106949839334,5
2017-10-13,1,-0.001688774271068394,-0.001688774271068394,6
2017-10-16,-1,-0.0021749673819423387,0.0021749673819423387,6
2017-10-17,-1,0.005085954948324645,-0.005085954948324645,6
2017-10-18,1,0.000240923410438576,0.000240923410438576,6
2017-10-19,1,-0.005299865451734664,-0.005299865451734664,6
2017-10-20,-1,-0.00435941635225523,0.00435941635225523,6
2017-10-23,-1,0.004378504074516121,-0.004378504074516121,6
2017-10-24,1,-0.0012109284560888334,-0.0012109284560888334,6
2017-10-25,1,0.0009698617653297603,0.0009698617653297603,6
2017-10-26,1,-0.0019379365000743443,-0.0019379365000743443,6
2017-10-27,-1,0.005825190760321952,-0.005825190760321952,6
2017-10-30,1,0.00506763769616958,0.00506763769616958,6
2017-10-31,1,0.0028811267104085214,0.0028811267104085214,6
2017-11-01,1,0.0028728496664993664,0.0028728496664993664,6
2017-11-02,1,-0.005490559694139363,-0.005490559694139363,6
2017-11-03,-1,-0.0004800878021345989,0.0004800878021345989,6
2017-11-06,-1,-0.009365979715777573,0.009365979715777573,6
2017-11-07,-1,0.0007272431344695907,-0.0007272431344695907,6
2017-11-08,-1,-0.008720945276096126,0.008720945276096126,6
2017-11-09,-1,-0.0024437555864063043,0.0024437555864063043,6
2017-11-10,-1,-0.0041645803580656615,0.0041645803580656615,6
2017-11-13,-1,0.004181996619042838,-0.004181996619042838,6
2017-11-14,1,-0.003184739566074013,-0.003184739566074013,6
2017-11-15,-1,0.005898296548706661,-0.005898296548706661,6
2017-11-16,1,-0.004397759683207658,-0.004397759683207658,6
2017-11-17,1,-0.0019632351179064145,-0.0019632351179064145,6
2017-11-20,-1,0.0066388116528079966,-0.0066388116528079966,6
2017-11-21,1,0.0009770619655382617,0.0009770619655382617,6
2017-11-22,1,0.014397270843788057,0.014397270843788057,6
2017-11-24,1,-0.00625447013331526,-0.00625447013331526,6
2017-11-27,1,0.005567647896159045,0.005567647896159045,6
2017-11-28,1,-0.003129539365672951,-0.003129539365672951,6
2017-11-29,1,-0.0004829861829840354,-0.0004829861829840354,6
2017-11-30,1,-0.007731328812347171,-0.007731328812347171,6
2017-12-01,-1,0.001947938438011887,-0.001947938438011887,6
2017-12-04,1,-0.004617313107188048,-0.004617313107188048,6
2017-12-05,-1,-0.003173761140713771,0.003173761140713771,6
2017-12-06,-1,0.0036737130652675365,-0.0036737130652675365,6
2017-12-07,1,0.00536850227331942,0.00536850227331942,6
2017-12-08,1,-0.0007282182873435961,-0.0007282182873435961,6
2017-12-11,1,-0.001700259847886465,-0.001700259847886465,6
2017-12-12,-1,-0.00048653634571294013,0.00048653634571294013,6
2017-12-13,1,-0.009493748465485119,-0.009493748465485119,6
2017-12-14,1,0.00024581313757776613,0.00024581313757776613,6
2017-12-15,-1,0.01351349451475592,-0.01351349451475592,6
2017-12-18,1,-0.0014545787464488313,-0.0014545787464488313,6
2017-12-19,1,-0.0060694345310778886,-0.0060694345310778886,6
2017-12-20,-1,0.0024426549138454323,-0.0024426549138454323,6
2017-12-21,1,-0.0021929861252473204,-0.0021929861252473204,6
2017-12-22,-1,0.0009768233158018447,-0.0009768233158018447,6
2017-12-26,1,-0.0012198841110094838,-0.0012198841110094838,6
2017-12-27,-1,-0.0019540307533189027,0.0019540307533189027,6
2017-12-28,-1,-0.003671109242247672,0.003671109242247672,6
2017-12-29,-1,0.004421525650302405,-0.004421525650302405,6
2018-01-02,-1,0.0039129334751863976,-0.0039129334751863976,6
2018-01-03,1,0.017783180409350008,0.017783180409350008,6
2018-01-04,1,0.010052704545570723,0.010052704545570723,6
2018-01-05,1,-0.0040284829518741905,-0.0040284829518741905,6
2018-01-08,1,0.0007138376127890922,0.0007138376127890922,6
2018-01-09,1,-0.003566369971023331,-0.003566369971023331,6
2018-01-10,1,0.006203729956569148,0.006203729956569148,6
2018-01-11,1,0.013990993080535086,0.013990993080535086,6
2018-01-12,1,0.0025725120362356524,0.0025725120362356524,6
2018-01-16,1,0.0037322102029051507,0.0037322102029051507,6
2018-01-17,1,0.001394407971024192,0.001394407971024192,6
2018-01-18,1,0.00765834335550819,0.00765834335550819,6
2018-01-19,1,0.008521482316566908,0.008521482316566908,6
2018-01-22,1,0.0025120029242235997,0.0025120029242235997,6
2018-01-23,1,0.0015945260225778135,0.0015945260225778135,6
2018-01-24,1,-0.003866317464702118,-0.003866317464702118,6
2018-01-25,1,0.009360727272917257,0.009360727272917257,6
2018-01-26,1,-0.008369123265028922,-0.008369123265028922,6
2018-01-29,-1,-0.00843975662858032,0.00843975662858032,6
2018-01-30,-1,0.0016102988925355,-0.0016102988925355,6
2018-01-31,1,0.00045935823020482047,0.00045935823020482047,6
2018-02-01,1,-0.025482106872296018,-0.025482106872296018,6
2018-02-02,-1,-0.0421672764041523,0.0421672764041523,6
2018-02-05,-1,0.028283362769173648,-0.028283362769173648,6
2018-02-06,-1,-0.019373387866197467,0.019373387866197467,6
2018-02-07,-1,-0.02951217279201601,0.02951217279201601,6
2018-02-08,-1,0.003015806210699079,-0.003015806210699079,6
2018-02-09,-1,0.013780988202539701,-0.013780988202539701,6
2018-02-12,1,-0.0029658659070711524,-0.0029658659070711524,6
2018-02-13,-1,0.018096171033095576,-0.018096171033095576,6
2018-02-14,1,0.006574152904064823,0.006574152904064823,6
2018-02-15,1,0.0019351237557365675,0.0019351237557365675,6
2018-02-16,1,-0.008932857272846872,-0.008932857272846872,6
2018-02-20,-1,-0.007308142329749523,0.007308142329749523,6
2018-02-21,-1,0.00736194446774352,-0.00736194446774352,6
2018-02-22,1,0.007064577854255516,0.007064577854255516,6
2018-02-23,1,0.008224483583283426,0.008224483583283426,6
2018-02-26,1,-0.01775435875836362,-0.01775435875836362,6
2018-02-27,-1,-0.009526121219603723,0.009526121219603723,6
2018-02-28,-1,-0.009124511438870941,0.009124511438870941,6
2018-03-01,-1,-0.0004977714686850154,0.0004977714686850154,6
2018-03-02,-1,0.006972081184281054,-0.006972081184281054,6
2018-03-05,1,0.004698379027163524,0.004698379027163524,6
2018-03-06,1,0.005906912563629518,0.005906912563629518,6
2018-03-07,1,0.0007340982328907231,0.0007340982328907231,6
2018-03-08,1,0.003422967834362023,0.003422967834362023,6
2018-03-09,1,0.001218304969423878,0.001218304969423878,6
2018-03-12,1,-0.008274523030549985,-0.008274523030549985,6
2018-03-13,1,0.0029447590646567434,0.0029447590646567434,6
2018-03-14,1,0.0007340982328907231,0.0007340982328907231,6
2018-03-15,1,0.002444950376293331,0.002444950376293331,6
2018-03-16,1,-0.007073193061642558,-0.007073193061642558,6
2018-03-19,-1,-0.0014737794139777494,0.0014737794139777494,6
2018-03-20,-1,-0.002460080813396659,0.002460080813396659,6
2018-03-21,-1,-0.021454967897746147,0.021454967897746147,6
2018-03-22,-1,-0.011844788737106371,0.011844788737106371,6
2018-03-23,-1,0.021168116562986006,-0.021168116562986006,6
2018-03-26,1,-0.012737315798429294,-0.012737315798429294,6
2018-03-27,1,0.006324310845436498,0.006324310845436498,6
2018-03-28,1,0.012317790183588695,0.012317790183588695,6
2018-03-29,1,-0.01514776765377368,-0.01514776765377368,6
2018-04-02,-1,0.010842166082454918,-0.010842166082454918,6
2018-04-03,-1,0.003991016383215973,-0.003991016383215973,6
2018-04-04,-1,0.011180143178620039,-0.011180143178620039,6
2018-04-05,1,-0.006142506027362105,-0.006142506027362105,6
2018-04-06,1,0.009888694774713658,0.009888694774713658,6
2018-04-09,1,0.010771173998574302,0.010771173998574302,7
2018-04-10,1,-0.005328196072293956,-0.005328196072293956,7
2018-04-11,1,0.0060871682945617955,0.0060871682945617955,7
2018-04-12,-1,0.0009680763751882537,-0.0009680763751882537,7
2018-04-13,1,0.003868468207228748,0.003868468207228748,7
2018-04-16,1,0.009874755368299848,0.009874755368299848,7
2018-04-17,1,0.0033388835828640495,0.0033388835828640495,7
2018-04-18,1,-0.0038031815681660586,-0.0038031815681660586,7
2018-04-19,-1,-0.002863252978326458,0.002863252978326458,7
2018-04-20,-1,-0.0004785943365758216,0.0004785943365758216,7
2018-04-23,-1,-0.005266967160452496,0.005266967160452496,7
2018-04-24,-1,-0.001203351094551941,0.001203351094551941,7
2018-04-25,-1,0.0019277549651732784,-0.0019277549651732784,7
2018-04-26,1,0.002645425464415041,0.002645425464415041,7
2018-04-27,1,-0.002158794808168496,-0.002158794808168496,7
2018-04-30,-1,-0.005528835352708206,0.005528835352708206,7
2018-05-01,-1,0.0016920400442714811,-0.0016920400442714811,7
2018-05-02,1,0.0021718184259273965,0.0021718184259273965,7
2018-05-03,1,0.0016855212348119153,0.0016855212348119153,7
2018-05-04,-1,0.0009615605046771059,-0.0009615605046771059,7
2018-05-07,1,-0.005043205752900737,-0.005043205752900737,7
2018-05-08,-1,0.0036206016117303896,-0.0036206016117303896,7
2018-05-09,-1,0.006974436942267959,-0.006974436942267959,7
2018-05-10,1,-0.0007164743267770168,-0.0007164743267770168,7
2018-05-11,1,0.00023896561894698465,0.00023896561894698465,7
2018-05-14,1,-0.007885257548133073,-0.007885257548133073,7
2018-05-15,-1,-0.0016859271207240178,0.0016859271207240178,7
2018-05-16,-1,0.003377548542136788,-0.003377548542136788,7
2018-05-17,1,-0.0036066728859959207,-0.0036066728859959207,7
2018-05-18,-1,0.004585001151129031,-0.004585001151129031,7
2018-05-21,1,0.0009607758780652009,0.0009607758780652009,7
2018-05-22,1,-0.015358757325921846,-0.015358757325921846,7
2018-05-23,-1,-0.0031683465095193597,0.0031683465095193597,7
2018-05-24,-1,-0.011002463231076454,0.011002463231076454,7
2018-05-25,-1,-0.035846742536231324,0.035846742536231324,7
2018-05-29,-1,0.02128209823217153,-0.02128209823217153,7
2018-05-30,-1,-0.005523505161669218,0.005523505161669218,7
2018-05-31,-1,0.009593563803579563,-0.009593563803579563,7
2018-06-01,1,0.005251289713892104,0.005251289713892104,7
2018-06-04,1,-0.002736333538903124,-0.002736333538903124,7
2018-06-05,1,0.011723652255281491,0.011723652255281491,7
2018-06-06,1,-0.00862924745976068,-0.00862924745976068,7
2018-06-07,1,0.0017408529325544375,0.0017408529325544375,7
2018-06-08,1,0.012413108618488655,0.012413108618488655,7
2018-06-11,1,-0.007356528838663223,-0.007356528838663223,7
2018-06-12,1,0.003211488873155588,0.003211488873155588,7
2018-06-13,1,0.0009850015987724614,0.0009850015987724614,7
2018-06-14,1,-0.024600245079040683,-0.024600245079040683,7
2018-06-15,-1,-0.012862600670963342,0.012862600670963342,7
2018-06-18,-1,-0.00919776739819711,0.00919776739819711,7
2018-06-19,-1,-0.002320787916990308,0.002320787916990308,7
2018-06-20,-1,-0.010080108645421526,0.010080108645421526,7
2018-06-21,-1,0.013577035721204389,-0.013577035721204389,7
2018-06-22,1,-0.013137514825926178,-0.013137514825926178,7
2018-06-25,1,-0.002871328802098505,-0.002871328802098505,7
2018-06-26,-1,-0.00994767174151212,0.00994767174151212,7
2018-06-27,1,0.0015864985133573484,0.0015864985133573484,7
2018-06-28,-1,0.011879639658147534,-0.011879639658147534,7
2018-06-29,1,-0.0046960682644671126,-0.0046960682644671126,7
2018-07-02,-1,0.005766642128614885,-0.005766642128614885,7
2018-07-03,1,0.018764692226895363,0.018764692226895363,7
2018-07-05,1,0.005883846030660722,0.005883846030660722,7
2018-07-06,1,0.005086489432648111,0.005086489432648111,7
2018-07-09,1,0.0017712473181530353,0.0017712473181530353,7
2018-07-10,1,-0.02071229329789781,-0.02071229329789781,7
2018-07-11,-1,0.007737921937539527,-0.007737921937539527,7
2018-07-12,-1,0.002815475075781393,-0.002815475075781393,7
2018-07-13,-1,0.0022970942288635943,-0.0022970942288635943,7
2018-07-16,1,-0.0010186125556673753,-0.0010186125556673753,7
2018-07-17,-1,0.003568681908795668,-0.003568681908795668,7
2018-07-18,1,-0.005587945440041375,-0.005587945440041375,7
2018-07-19,-1,0.004597708765267772,-0.004597708765267772,7
2018-07-20,-1,-0.0007628424255614608,0.0007628424255614608,7
2018-07-23,-1,0.004834667814117344,-0.004834667814117344,7
2018-07-24,1,0.009116150426769831,0.009116150426769831,7
2018-07-25,1,-0.006273525961672299,-0.006273525961672299,7
2018-07-26,1,0.004292979550331921,0.004292979550331921,7
2018-07-27,1,0.0017601130002138365,0.0017601130002138365,7
2018-07-30,1,0.004016060411629274,0.004016060411629274,7
2018-07-31,1,-0.006999969482421875,-0.006999969482421875,7
2018-08-01,-1,-0.010825787813713683,0.010825787813713683,7
2018-08-02,-1,-0.0015271410509767325,0.0015271410509767325,7
2018-08-03,-1,-0.0033138177321483386,0.0033138177321483386,7
2018-08-06,-1,0.009718697773523965,-0.009718697773523965,7
2018-08-07,1,-0.0030394866584633196,-0.0030394866584633196,7
2018-08-08,1,-0.006097603525028306,-0.006097603525028306,7
2018-08-09,-1,-0.030674866965842207,0.030674866965842207,7
2018-08-10,-1,-0.005010512549670554,0.005010512549670554,7
2018-08-13,-1,0.0005300943017845228,-0.0005300943017845228,7
2018-08-14,1,-0.019867549668874163,-0.019867549668874163,7
2018-08-15,-1,0.007026981663059484,-0.007026981663059484,7
2018-08-16,-1,0.0077831703862356605,-0.0077831703862356605,7
2018-08-17,1,0.006924158229379085,0.006924158229379085,7
2018-08-20,1,0.014281858799707114,0.014281858799707114,7
2018-08-21,1,0.005997480210822026,0.005997480210822026,7
2018-08-22,1,-0.006739298182748765,-0.006739298182748765,7
2018-08-23,-1,0.010699369798468084,-0.010699369798468084,7
2018-08-24,1,0.013942703896457687,0.013942703896457687,7
2018-08-27,1,-0.0020372251113348616,-0.0020372251113348616,7
2018-08-28,1,0.0038275460866354916,0.0038275460866354916,7
2018-08-29,-1,-0.012963861707043112,0.012963861707043112,7
2018-08-30,-1,-0.014164383873861763,0.014164383873861763,7
2018-08-31,-1,-0.010710550169449107,0.010710550169449107,7
2018-09-04,-1,-0.009242104145569696,0.009242104145569696,7
2018-09-05,-1,-0.005063929221505892,0.005063929221505892,7
2018-09-06,1,-0.01071528278217615,-0.01071528278217615,7
2018-09-07,-1,0.011372817911578847,-0.011372817911578847,7
2018-09-10,1,0.0010709750244048966,0.0010709750244048966,7
2018-09-11,1,0.0024070648316942833,0.0024070648316942833,7
2018-09-12,1,0.01173955795311965,0.01173955795311965,7
2018-09-13,1,-0.003955636034404741,-0.003955636034404741,7
2018-09-14,1,0.002912380434693773,0.002912380434693773,7
2018-09-17,1,0.006071793446434937,0.006071793446434937,7
2018-09-18,1,0.0036735604147539735,0.0036735604147539735,7
2018-09-19,1,0.020915012733609073,0.020915012733609073,7
2018-09-20,1,0.0007683122811861232,0.0007683122811861232,7
2018-09-21,1,-0.004861884148000928,-0.004861884148000928,7
2018-09-24,1,0.0038570719525090613,0.0038570719525090613,7
2018-09-25,1,0.0007684113369204049,0.0007684113369204049,7
2018-09-26,1,-0.004607123280823244,-0.004607123280823244,7
2018-09-27,-1,-0.015942374430836126,0.015942374430836126,8
2018-09-28,-1,0.0005226145159247242,-0.0005226145159247242,8
2018-10-01,-1,-0.008096144316499743,0.008096144316499743,8
2018-10-02,-1,0.004739344585183769,-0.004739344585183769,8
2018-10-03,1,-0.011530362381246828,-0.011530362381246828,8
2018-10-04,-1,-0.008483554731397613,0.008483554731397613,8
2018-10-05,-1,-0.008556141223758917,0.008556141223758917,8
2018-10-08,-1,0.0005392837669619954,-0.0005392837669619954,8
2018-10-09,-1,-0.02021563425462558,0.02021563425462558,8
2018-10-10,-1,-0.009353512155714339,0.009353512155714339,8
2018-10-11,-1,0.00027775997491463755,-0.00027775997491463755,8
2018-10-12,-1,0.0030538758732261417,-0.0030538758732261417,8
2018-10-15,-1,0.017160224565615056,-0.017160224565615056,8
2018-10-16,1,-0.010884395262011015,-0.010884395262011015,8
2018-10-17,-1,-0.0198073572552816,0.0198073572552816,8
2018-10-18,-1,0.007858511672834023,-0.007858511672834023,8
2018-10-19,-1,-0.009189585568355363,0.009189585568355363,8
2018-10-22,-1,-0.005902273422218607,0.005902273422218607,8
2018-10-23,-1,-0.02798976233151884,0.02798976233151884,8
2018-10-24,-1,0.015415903514570006,-0.015415903514570006,8
2018-10-25,-1,-0.0051561244904767545,0.0051561244904767545,8
2018-10-26,-1,-0.0011517683862534156,0.0011517683862534156,8
2018-10-29,-1,0.005477153327413609,-0.005477153327413609,8
2018-10-30,-1,0.007454080090922854,-0.007454080090922854,8
2018-10-31,1,0.013659634336184112,0.013659634336184112,8
2018-11-01,1,0.0019651795879633838,0.0019651795879633838,8
2018-11-02,1,0.0002802503954983937,0.0002802503954983937,8
2018-11-05,1,0.0033613145467867867,0.0033613145467867867,8
2018-11-06,-1,0.0131211955529702,-0.0131211955529702,8
2018-11-07,1,-0.015431285730593824,-0.015431285730593824,8
2018-11-08,-1,-0.0016792995818566414,0.0016792995818566414,8
2018-11-09,-1,-0.02242779024746444,0.02242779024746444,8
2018-11-12,-1,0.008029899700917609,-0.008029899700917609,8
2018-11-13,-1,0.003129353936821566,-0.003129353936821566,8
2018-11-14,1,0.00538861175413663,0.00538861175413663,8
2018-11-15,-1,-0.000846335496429873,0.000846335496429873,8
2018-11-16,-1,-0.009598993660838717,0.009598993660838717,8
2018-11-19,1,-0.019384272225830057,-0.019384272225830057,8
2018-11-20,-1,0.013081306054700592,-0.013081306054700592,8
2018-11-21,-1,-0.009469097010218586,0.009469097010218586,8
2018-11-23,-1,0.01506374423140322,-0.01506374423140322,8
2018-11-26,1,-0.004851654657555771,-0.004851654657555771,8
2018-11-27,-1,0.015486117925675336,-0.015486117925675336,8
2018-11-28,-1,-0.004236134609581721,0.004236134609581721,8
2018-11-29,1,-0.005104835480624237,-0.005104835480624237,8
2018-11-30,-1,0.01311285805194684,-0.01311285805194684,8
2018-12-03,1,-0.025604947213564433,-0.025604947213564433,8
2018-12-04,1,-0.013283363701465767,-0.013283363701465767,8
2018-12-06,-1,-0.011998825559924375,0.011998825559924375,8
2018-12-07,-1,-0.003850629735815292,0.003850629735815292,8
2018-12-10,-1,0.002081465733005494,-0.002081465733005494,8
2018-12-11,1,0.019584564761729206,0.019584564761729206,8
2018-12-12,1,-0.0005820854891849248,-0.0005820854891849248,8
2018-12-13,1,-0.014560279492669692,-0.014560279492669692,8
2018-12-14,-1,-0.006796676749386443,0.006796676749386443,8
2018-12-17,-1,0.002082704360399701,-0.002082704360399701,8
2018-12-18,-1,-0.008313502872915546,0.008313502872915546,8
2018-12-19,-1,-0.004790414374326812,0.004790414374326812,8
2018-12-20,-1,-0.017448911003828838,0.017448911003828838,8
2018-12-21,-1,-0.017758665617488623,0.017758665617488623,8
2018-12-24,-1,0.027431334264018004,-0.027431334264018004,8
2018-12-26,-1,0.0006068100218210581,-0.0006068100218210581,8
2018-12-27,-1,0.00454825736691733,-0.00454825736691733,8
2018-12-28,1,0.004225758682005365,0.004225758682005365,8
2018-12-31,1,-0.004508612077397833,-0.004508612077397833,8
2019-01-02,-1,-0.013284983118927451,0.013284983118927451,8
2019-01-03,-1,0.033659683716308786,-0.033659683716308786,8
2019-01-04,1,0.000888176290063436,0.000888176290063436,8
2019-01-07,1,0.006506873619344322,0.006506873619344322,8
2019-01-08,1,0.01292984005847031,0.01292984005847031,8
2019-01-09,1,-0.0008703972419972228,-0.0008703972419972228,8
2019-01-10,-1,-0.008420357502720077,0.008420357502720077,8
2019-01-11,-1,-0.0035139894940002803,0.0035139894940002803,8
2019-01-14,-1,0.0011754603867832891,-0.0011754603867832891,8
2019-01-15,-1,-0.0008805042431929699,0.0008805042431929699,8
2019-01-16,-1,0.001762560428322013,-0.001762560428322013,8
2019-01-17,-1,0.014662757254357617,-0.014662757254357617,8
2019-01-18,1,-0.012138675938365928,-0.012138675938365928,8
2019-01-22,-1,0.006436548236946837,-0.006436548236946837,8
2019-01-23,1,0.0008720574990179752,0.0008720574990179752,8
2019-01-24,-1,0.015684022966626854,-0.015684022966626854,8
2019-01-25,1,-0.0020017069597005888,-0.0020017069597005888,8
2019-01-28,-1,0.004584522648042544,-0.004584522648042544,8
2019-01-29,1,0.007701096611175906,0.007701096611175906,8
2019-01-30,-1,-0.002264416272528047,0.002264416272528047,8
2019-01-31,-1,0.002269555490913122,-0.002269555490913122,8
2019-02-01,-1,-0.0005661040681320673,0.0005661040681320673,8
2019-02-04,-1,0.009345737851118807,-0.009345737851118807,8
2019-02-05,1,-0.004208690060337306,-0.004208690060337306,8
2019-02-06,1,-0.017751508546630546,-0.017751508546630546,8
2019-02-07,-1,-0.00401604667806188,0.00401604667806188,8
2019-02-08,-1,-0.0005760500305439509,0.0005760500305439509,8
2019-02-11,-1,0.012680075418871839,-0.012680075418871839,8
2019-02-12,1,0.0,0.0,8
2019-02-13,1,-0.0031303532231695685,-0.0031303532231695685,8
2019-02-14,-1,0.0176991940675848,-0.0176991940675848,8
2019-02-15,1,0.004207509249971597,0.004207509249971597,8
2019-02-19,1,0.00418998684568761,0.00418998684568761,8
2019-02-20,1,-0.0008345644883843706,-0.0008345644883843706,8
2019-02-21,1,0.0038976395178869083,0.0038976395178869083,8
2019-02-22,1,0.002218469587099703,0.002218469587099703,8
2019-02-25,1,0.007747614389198798,0.007747614389198798,8
2019-02-26,1,-0.004667714922903743,-0.004667714922903743,8
2019-02-27,-1,0.004965525660021619,-0.004965525660021619,8
2019-02-28,1,0.007136928887048644,0.007136928887048644,8
2019-03-01,1,-0.004360857274484431,-0.004360857274484431,8
2019-03-04,-1,0.0008213138515389407,-0.0008213138515389407,8
2019-03-05,-1,-0.0021882338087966247,0.0021882338087966247,8
2019-03-06,1,-0.016721508169025845,-0.016721508169025845,8
2019-03-07,-1,0.003902966094710303,-0.003902966094710303,8
2019-03-08,-1,0.006942516291385203,-0.006942516291385203,8
2019-03-11,-1,-0.0002757397130729311,0.0002757397130729311,8
2019-03-12,1,0.01131034061826508,0.01131034061826508,8
2019-03-13,1,0.002182264904191822,0.002182264904191822,8
2019-03-14,1,0.011976009978433622,0.011976009978433622,8
2019-03-15,1,0.004303384779419606,0.004303384779419606,8
2019-03-18,1,0.0032136832189180176,0.0032136832189180176,8
2019-03-19,1,0.00026700844834293136,0.00026700844834293136,8
2019-03-20,-1,-0.004003243154313663,0.004003243154313663,8
2019-03-21,-1,-0.030278699821960298,0.030278699821960298,8
2019-03-22,-1,0.0019342276175871032,-0.0019342276175871032,9
2019-03-25,-1,0.0019305988075546399,-0.0019305988075546399,9
2019-03-26,-1,0.002752503965898878,-0.002752503965898878,9
2019-03-27,-1,-0.0030195061605842177,0.0030195061605842177,9
2019-03-28,-1,0.007158649185438293,-0.007158649185438293,9
2019-03-29,1,0.011754960879019727,0.011754960879019727,9
2019-04-01,1,0.003242441286797071,0.003242441286797071,9
2019-04-02,1,0.010503619133567454,0.010503619133567454,9
2019-04-03,1,0.001599183703597129,0.001599183703597129,9
2019-04-04,-1,0.0007982644447899201,-0.0007982644447899201,9
2019-04-05,-1,0.0005317856272026855,-0.0005317856272026855,9
2019-04-08,1,-0.005580730619427543,-0.005580730619427543,9
2019-04-09,-1,0.0045430783527846685,-0.0045430783527846685,9
2019-04-10,-1,0.0013301206932052612,-0.0013301206932052612,9
2019-04-11,1,0.007970224280690275,0.007970224280690275,9
2019-04-12,1,0.0002636303793492889,0.0002636303793492889,9
2019-04-15,1,0.0007904816520101221,0.0007904816520101221,9
2019-04-16,1,0.008162226883290824,0.008162226883290824,9
2019-04-17,1,0.0005223415326573999,0.0005223415326573999,9
2019-04-18,1,0.0,0.0,9
2019-04-22,-1,-0.0007831530388577868,0.0007831530388577868,9
2019-04-23,-1,-0.007575682081445545,0.007575682081445545,9
2019-04-24,-1,-0.0010529327128200316,0.0010529327128200316,9
2019-04-25,-1,0.0010540425487002292,-0.0010540425487002292,9
2019-04-26,-1,0.005790929094129371,-0.005790929094129371,9
2019-04-29,1,0.008898198396609214,0.008898198396609214,9
2019-04-30,1,-0.007522721693040801,-0.007522721693040801,9
2019-05-01,1,-0.004181909420577723,-0.004181909420577723,9
2019-05-02,-1,0.008923888876762875,-0.008923888876762875,9
2019-05-03,-1,-0.00858475619528587,0.00858475619528587,9
2019-05-06,-1,-0.02414069716369105,0.02414069716369105,9
2019-05-07,-1,0.006722237408754772,-0.006722237408754772,9
2019-05-08,-1,-0.004273500354724069,0.004273500354724069,9
2019-05-09,-1,0.006437813474395204,-0.006437813474395204,9
2019-05-10,-1,-0.022121583713438975,0.022121583713438975,9
2019-05-13,-1,0.009811954860349692,-0.009811954860349692,9
2019-05-14,-1,0.007017601662199002,-0.007017601662199002,9
2019-05-15,-1,0.011525068060801669,-0.011525068060801669,9
2019-05-16,1,-0.004769483231859106,-0.004769483231859106,9
2019-05-17,-1,-0.010915863482999222,0.010915863482999222,9
2019-05-20,-1,0.005921868020721588,-0.005921868020721588,9
2019-05-21,-1,-0.0026759025148318516,0.0026759025148318516,9
2019-05-22,-1,-0.012074074521394751,0.012074074521394751,9
2019-05-23,-1,0.01249318545044198,-0.01249318545044198,9
2019-05-24,-1,-0.011534343327676777,0.011534343327676777,9
2019-05-28,1,-0.009497923707293743,-0.009497923707293743,9
2019-05-29,-1,0.004931515210295334,-0.004931515210295334,9
2019-05-30,-1,-0.010632480545356149,0.010632480545356149,9
2019-05-31,-1,0.008266718916840388,-0.008266718916840388,9
2019-06-03,1,0.018037710977309995,0.018037710977309995,9
2019-06-04,1,-0.0016107751219064381,-0.0016107751219064381,9
2019-06-05,1,0.003495592173049289,0.003495592173049289,9
2019-06-06,-1,0.01607712966311481,-0.01607712966311481,9
2019-06-07,1,0.0002637694280971381,0.0002637694280971381,9
2019-06-10,1,0.006063789622615445,0.006063789622615445,9
2019-06-11,1,-0.007861615258389243,-0.007861615258389243,9
2019-06-12,-1,0.0010565482008049187,-0.0010565482008049187,9
2019-06-13,-1,-0.007651738887908044,0.007651738887908044,9
2019-06-14,-1,0.00026584209973257167,-0.00026584209973257167,9
2019-06-17,-1,0.019138788972502763,-0.019138788972502763,9
2019-06-18,1,0.004433963700280152,0.004433963700280152,9
2019-06-19,1,0.009867595031879173,0.009867595031879173,9
2019-06-20,1,-0.021085104337710048,-0.021085104337710048,9
2019-06-21,-1,0.0015760802146571606,-0.0015760802146571606,9
2019-06-24,-1,-0.007081050359304841,0.007081050359304841,9
2019-06-25,-1,0.0018489089724176289,-0.0018489089724176289,9
2019-06-26,-1,0.0018454968167944674,-0.0018454968167944674,9
2019-06-27,-1,0.007894716764751175,-0.007894716764751175,9
2019-06-28,1,0.0010444103478894906,0.0010444103478894906,9
2019-07-01,1,0.003390742503856181,0.003390742503856181,9
2019-07-02,-1,0.008318161805828339,-0.008318161805828339,9
2019-07-03,1,-0.007218421948581577,-0.007218421948581577,9
2019-07-05,-1,-0.00519337722563229,0.00519337722563229,9
2019-07-08,-1,-0.0020882753376892937,0.0020882753376892937,9
2019-07-09,-1,0.0018310147962958823,-0.0018310147962958823,9
2019-07-10,1,-0.0007832579606906753,-0.0007832579606906753,9
2019-07-11,1,0.0002612574186988681,0.0002612574186988681,9
2019-07-12,-1,0.0010449560293344096,-0.0010449560293344096,9
2019-07-15,1,-0.0018267143888749393,-0.0018267143888749393,9
2019-07-16,-1,-0.003660114762050637,0.003660114762050637,9
2019-07-17,-1,0.0018367802073770978,-0.0018367802073770978,9
2019-07-18,-1,-0.00785749697911553,0.00785749697911553,9
2019-07-19,-1,0.003431817575300755,-0.003431817575300755,9
2019-07-22,-1,0.00894501887928989,-0.00894501887928989,9
2019-07-23,1,0.0002608119068692183,0.0002608119068692183,9
2019-07-24,-1,-0.010427568287654454,0.010427568287654454,9
2019-07-25,-1,0.0034246857547584053,-0.0034246857547584053,9
2019-07-26,-1,0.0018377446716670853,-0.0018377446716670853,9
2019-07-29,1,-0.018343835580149404,-0.018343835580149404,9
2019-07-30,-1,-0.008275428888684822,0.008275428888684822,9
2019-07-31,-1,-0.0043068597803597175,0.0043068597803597175,9
2019-08-01,-1,-0.011895172247650687,0.011895172247650687,9
2019-08-02,-1,-0.01887821179512772,0.01887821179512772,9
2019-08-05,-1,0.0047406069730027145,-0.0047406069730027145,9
2019-08-06,-1,0.00693866246100594,-0.00693866246100594,9
2019-08-07,-1,0.00909597139355478,-0.00909597139355478,9
2019-08-08,1,-0.0051899054421902235,-0.0051899054421902235,9
2019-08-09,-1,-0.007962578676825816,0.007962578676825816,9
2019-08-12,-1,0.011901475019751917,-0.011901475019751917,9
2019-08-13,-1,-0.03008758882656848,0.03008758882656848,9
2019-08-14,-1,0.0,-0.0,9
2019-08-15,-1,0.011844387887378405,-0.011844387887378405,9
2019-08-16,-1,0.008361182500831621,-0.008361182500831621,9
2019-08-19,1,-0.00414597912143877,-0.00414597912143877,9
2019-08-20,-1,0.013322219220061049,-0.013322219220061049,9
2019-08-21,1,-0.0035605932455301526,-0.0035605932455301526,9
2019-08-22,-1,-0.015118175396167999,0.015118175396167999,9
2019-08-23,-1,0.010047356328692025,-0.010047356328692025,9
2019-08-26,-1,0.00027637846394079624,-0.00027637846394079624,9
2019-08-27,1,-0.000276302099990855,-0.000276302099990855,9
2019-08-28,-1,0.013263320266668321,-0.013263320266668321,9
2019-08-29,1,-0.0002726567230011412,-0.0002726567230011412,9
2019-08-30,1,-0.004364425752265921,-0.004364425752265921,9
2019-09-03,-1,0.014520514501284332,-0.014520514501284332,9
2019-09-04,-1,0.008371627964090855,-0.008371627964090855,9
2019-09-05,1,0.0005356308966775192,0.0005356308966775192,9
2019-09-06,1,0.0034796859205408204,0.0034796859205408204,9
2019-09-09,-1,0.0010668738073984496,-0.0010668738073984496,9
2019-09-10,-1,0.003996843345533296,-0.003996843345533296,9
2019-09-11,-1,0.009554156248297918,-0.009554156248297918,9
2019-09-12,1,0.0026287716013244644,0.0026287716013244644,10
2019-09-13,1,-0.012323052654025113,-0.012323052654025113,10
2019-09-16,-1,0.006636581156143961,-0.006636581156143961,10
2019-09-17,-1,-0.0002636688295357681,0.0002636688295357681,10
2019-09-18,-1,0.0034292025491555744,-0.0034292025491555744,10
2019-09-19,1,-0.002103097506026441,-0.002103097506026441,10
2019-09-20,1,-0.005005232647297464,-0.005005232647297464,10
2019-09-23,-1,-0.003971446228777431,0.003971446228777431,10
2019-09-24,-1,-0.00637952872364711,0.00637952872364711,10
2019-09-25,-1,0.005082895165325452,-0.005082895165325452,10
2019-09-26,1,-0.001863180606676007,-0.001863180606676007,10
2019-09-27,1,0.006400044759114598,0.006400044759114598,10
2019-09-30,1,-0.010863800455155781,-0.010863800455155781,10
2019-10-01,1,-0.02544871996628595,-0.02544871996628595,10
2019-10-02,-1,0.007421672617824893,-0.007421672617824893,10
2019-10-03,-1,0.007912608151606992,-0.007912608151606992,10
2019-10-04,1,0.000270767098059288,0.000270767098059288,10
2019-10-07,1,-0.010825480855743419,-0.010825480855743419,10
2019-10-08,-1,0.011764714477470406,-0.011764714477470406,10
2019-10-09,1,0.010005379569087758,0.010005379569087758,10
2019-10-10,1,0.020348116928493365,0.020348116928493365,10
2019-10-11,1,-0.0002624543707762106,-0.0002624543707762106,10
2019-10-14,1,0.013385883376790142,0.013385883376790142,10
2019-10-15,1,0.0018129938802811107,0.0018129938802811107,10
2019-10-16,1,0.0023267877941524073,0.0023267877941524073,10
2019-10-17,1,0.0015476237447142882,0.0015476237447142882,10
2019-10-18,-1,0.0043780108403022044,-0.0043780108403022044,10
2019-10-21,1,-0.0056410569411057265,-0.0056410569411057265,10
2019-10-22,-1,0.006446622173012173,-0.006446622173012173,10
2019-10-23,-1,0.00025626791040989083,-0.00025626791040989083,10
2019-10-24,1,-0.001024613590913992,-0.001024613590913992,10
2019-10-25,-1,0.0025640634390025063,-0.0025640634390025063,10
2019-10-28,1,-0.0007672322370224638,-0.0007672322370224638,10
2019-10-29,-1,0.0051190367161930705,-0.0051190367161930705,10
2019-10-30,1,-0.0025465313891686048,-0.0025465313891686048,10
2019-10-31,-1,0.006382435835756706,-0.006382435835756706,10
2019-11-01,1,0.005834687154166129,0.005834687154166129,10
2019-11-04,1,-0.0010088502897341867,-0.0010088502897341867,10
2019-11-05,1,0.0015147073382792975,0.0015147073382792975,10
2019-11-06,1,0.0025208543845269826,0.0025208543845269826,10
2019-11-07,1,0.0,0.0,10
2019-11-08,-1,-0.00025149952515313156,0.00025149952515313156,10
2019-11-11,-1,-0.00025146684998189617,0.00025146684998189617,10
2019-11-12,-1,-0.002767310952240587,0.002767310952240587,10
2019-11-13,-1,-0.0002522280950341127,0.0002522280950341127,10
2019-11-14,-1,0.00731761526656638,-0.00731761526656638,10
2019-11-15,1,-0.0002504589677306823,-0.0002504589677306823,10
2019-11-18,1,-0.0010022780175464874,-0.0010022780175464874,10
2019-11-19,1,-0.006019510163006281,-0.006019510163006281,10
2019-11-20,-1,0.0015139428962069879,-0.0015139428962069879,10
2019-11-21,-1,-0.0012597439856523174,0.0012597439856523174,10
2019-11-22,1,0.0032795426366525327,0.0032795426366525327,10
2019-11-25,1,0.000754306737530408,0.000754306737530408,10
2019-11-26,1,0.0,0.0,10
2019-11-27,-1,-0.0020100004495208212,0.0020100004495208212,10
2019-11-29,-1,-0.012084580248858057,0.012084580248858057,10
2019-12-02,-1,-0.0010193912797229476,0.0010193912797229476,10
2019-12-03,-1,0.009693904610188042,-0.009693904610188042,10
2019-12-04,1,-0.0010106345042146803,-0.0010106345042146803,10
2019-12-05,1,0.006069748563796384,0.006069748563796384,10
2019-12-06,1,-0.00703868245070427,-0.00703868245070427,10
2019-12-09,-1,0.0025316069397745,-0.0025316069397745,10
2019-12-10,-1,0.008333379893192383,-0.008333379893192383,10
2019-12-11,1,0.00901579282745213,0.00901579282745213,10
2019-12-12,1,0.005212188624987624,0.005212188624987624,10
2019-12-13,1,0.010123453022521156,0.010123453022521156,10
2019-12-16,1,-0.005866577349351365,-0.005866577349351365,10
2019-12-17,1,-0.0036881661651063657,-0.0036881661651063657,10
2019-12-18,-1,-0.00024684442540656715,0.00024684442540656715,10
2019-12-19,-1,0.0024685828921697794,-0.0024685828921697794,10
2019-12-20,1,0.0002462034322316953,0.0002462034322316953,10
2019-12-23,1,-0.0017232815525574097,-0.0017232815525574097,10
2019-12-24,-1,0.005918660492783667,-0.005918660492783667,10
2019-12-26,1,0.0034321987375867113,0.0034321987375867113,10
2019-12-27,1,-0.008306869046001308,-0.008306869046001308,10
2019-12-30,1,0.004927340778211331,0.004927340778211331,10
2019-12-31,-1,0.011522368116126946,-0.011522368116126946,10
2020-01-02,1,-0.01284534175611618,-0.01284534175611618,10
2020-01-03,-1,0.0017186274395026846,-0.0017186274395026846,10
2020-01-06,-1,-0.005637243787676605,0.005637243787676605,10
2020-01-07,-1,0.004929769890162694,-0.004929769890162694,10
2020-01-08,-1,0.00416968768792203,-0.00416968768792203,10
2020-01-09,1,-0.003175311621362864,-0.003175311621362864,10
2020-01-10,-1,0.002450342336585587,-0.002450342336585587,10
2020-01-13,-1,-0.0034221312679201255,0.0034221312679201255,10
2020-01-14,-1,-0.001716941232236091,0.001716941232236091,10
2020-01-15,-1,0.0049140235673303945,-0.0049140235673303945,10
2020-01-16,1,0.004400985292430493,0.004400985292430493,10
2020-01-17,1,-0.009980614504243479,-0.009980614504243479,10
2020-01-21,-1,-0.0036881661651063657,0.0036881661651063657,10
2020-01-22,-1,-0.0029614740999286404,0.0029614740999286404,10
2020-01-23,-1,-0.001732665648029208,0.001732665648029208,10
2020-01-24,1,-0.024299611020076273,-0.024299611020076273,10
2020-01-27,-1,0.011181765145318101,-0.011181765145318101,10
2020-01-28,-1,0.0015078551699740927,-0.0015078551699740927,10
2020-01-29,1,-0.0010036914017964582,-0.0010036914017964582,10
2020-01-30,-1,-0.017834787105691308,0.017834787105691308,10
2020-01-31,-1,0.004347876989179378,-0.004347876989179378,10
2020-02-03,-1,0.01731602488538675,-0.01731602488538675,10
2020-02-04,1,0.01076346175128684,0.01076346175128684,10
2020-02-05,1,0.005448177320123371,0.005448177320123371,10
2020-02-06,1,-0.006896521916752052,-0.006896521916752052,10
2020-02-07,-1,0.0014881293091557612,-0.0014881293091557612,10
2020-02-10,-1,0.0047052655196437865,-0.0047052655196437865,10
2020-02-11,1,0.0054227562819328945,0.0054227562819328945,10
2020-02-12,1,-0.007354724940600521,-0.007354724940600521,10
2020-02-13,-1,0.0,-0.0,10
2020-02-14,-1,-0.004445549461943088,0.004445549461943088,10
2020-02-18,-1,0.00520960251347935,-0.00520960251347935,10
2020-02-19,1,-0.0059230423434215584,-0.0059230423434215584,10
2020-02-20,-1,-0.006454774811632702,0.006454774811632702,10
2020-02-21,-1,-0.043228373874261594,0.043228373874261594,10
2020-02-24,-1,-0.025594137341451995,0.025594137341451995,10
2020-02-25,-1,0.00026797966135583273,-0.00026797966135583273,10
2020-02-26,-1,-0.028403038101793565,0.028403038101793565,10
2020-02-27,-1,-0.007997714127247035,0.007997714127247035,10
2020-02-28,-1,0.02168470260845967,-0.02168470260845967,10
2020-03-02,-1,-0.013605442176870763,0.013605442176870763,10
2020-03-03,1,0.03641378468480605,0.03641378468480605,10
2020-03-04,1,-0.0338035791344079,-0.0338035791344079,10
2020-03-05,-1,-0.018181814360433424,0.018181814360433424,11
2020-03-06,-1,-0.09343428937668874,0.09343428937668874,11
2020-03-09,-1,0.03156918645651485,-0.03156918645651485,11
2020-03-10,-1,-0.054005431908859314,0.054005431908859314,11
2020-03-11,-1,-0.12464320391976169,0.12464320391976169,11
2020-03-12,-1,0.06195648771152662,-0.06195648771152662,11
2020-03-13,-1,-0.1146366006218178,0.1146366006218178,11
2020-03-16,-1,0.051637769294466285,-0.051637769294466285,11
2020-03-17,-1,-0.07695127559614257,0.07695127559614257,11
2020-03-18,-1,0.014688325686397441,-0.014688325686397441,11
2020-03-19,-1,0.002738642264742186,-0.002738642264742186,11
2020-03-20,1,0.007803385465794621,0.007803385465794621,11
2020-03-23,-1,0.09407666714491913,-0.09407666714491913,11
2020-03-24,1,0.03715496208621549,0.03715496208621549,11
2020-03-25,1,0.041965249812242256,0.041965249812242256,11
2020-03-26,1,-0.03962020155690604,-0.03962020155690604,11
2020-03-27,-1,0.016365480514316966,-0.016365480514316966,11
2020-03-30,-1,-0.010063711587894986,0.010063711587894986,11
2020-03-31,-1,-0.05083022664743764,0.05083022664743764,11
2020-04-01,-1,0.014637623850832782,-0.014637623850832782,11
2020-04-02,-1,-0.016889498274023973,0.016889498274023973,11
2020-04-03,-1,0.06084462502134169,-0.06084462502134169,11
2020-04-06,1,0.005398105624387695,0.005398105624387695,11
2020-04-07,1,0.011409401385656714,0.011409401385656714,11
2020-04-08,1,0.025215668356743715,0.025215668356743715,11
2020-04-09,1,-0.011974075613349955,-0.011974075613349955,11
2020-04-13,-1,0.01965275010241152,-0.01965275010241152,11
2020-04-14,1,-0.04400896141402366,-0.04400896141402366,11
2020-04-15,-1,-0.004368315427265013,0.004368315427265013,11
2020-04-16,-1,0.03611210369488127,-0.03611210369488127,11
2020-04-17,1,-0.013029365340009424,-0.013029365340009424,11
2020-04-20,1,-0.025412494052912016,-0.025412494052912016,11
2020-04-21,-1,0.011175073350245146,-0.011175073350245146,11
2020-04-22,-1,-0.010716667390598955,0.010716667390598955,11
2020-04-23,-1,0.011171290232851572,-0.011171290232851572,11
2020-04-24,1,0.01975220049087878,0.01975220049087878,11
2020-04-27,1,0.005581092626513184,0.005581092626513184,11
2020-04-28,1,0.03460664062468388,0.03460664062468388,11
2020-04-29,1,-0.019564557550798334,-0.019564557550798334,11
2020-04-30,-1,-0.02220793501238949,0.02220793501238949,11
2020-05-01,-1,-0.004608274967605519,0.004608274967605519,11
2020-05-04,-1,-0.0019841093385088993,0.0019841093385088993,11
2020-05-05,1,-0.013585150538974466,-0.013585150538974466,11
2020-05-06,1,0.01813903257894922,0.01813903257894922,11
2020-05-07,1,0.01682613783793996,0.01682613783793996,11
2020-05-08,1,-0.006164845423068721,-0.006164845423068721,11
2020-05-11,-1,-0.014691441982382258,0.014691441982382258,11
2020-05-12,1,-0.018555316775339614,-0.018555316775339614,11
2020-05-13,-1,-0.006414602588597829,0.006414602588597829,11
2020-05-14,-1,0.002378514920093666,-0.002378514920093666,11
2020-05-15,1,0.056610172077760756,0.056610172077760756,11
2020-05-18,1,-0.013795325765905697,-0.013795325765905697,11
2020-05-19,1,0.025699444418005202,0.025699444418005202,11
2020-05-20,1,-0.009514783947855876,-0.009514783947855876,11
2020-05-21,1,-0.0016010002495493447,-0.0016010002495493447,11
2020-05-22,-1,0.029185370061111104,-0.029185370061111104,11
2020-05-26,1,0.027111216196569643,0.027111216196569643,11
2020-05-27,1,0.009405381732460638,0.009405381732460638,11
2020-05-28,1,0.0027051443146850485,0.0027051443146850485,11
2020-05-29,1,0.020083877598533695,0.020083877598533695,11
2020-06-01,1,0.019100838941973564,0.019100838941973564,11
2020-06-02,1,0.0397924179922593,0.0397924179922593,11
2020-06-03,1,0.0016638257434506976,0.0016638257434506976,11
2020-06-04,1,0.02962346972495844,0.02962346972495844,11
2020-06-05,1,0.011293412184773421,0.011293412184773421,11
2020-06-08,1,-0.0194097189680823,-0.0194097189680823,11
2020-06-09,-1,-0.005965325768206853,0.005965325768206853,11
2020-06-10,-1,-0.06355695652087956,0.06355695652087956,11
2020-06-11,-1,0.017477379613138888,-0.017477379613138888,11
2020-06-12,-1,0.009447409489673708,-0.009447409489673708,11
2020-06-15,-1,0.013613255240583877,-0.013613255240583877,11
2020-06-16,1,0.0039171623691554025,0.0039171623691554025,11
2020-06-17,1,-0.005016730764139776,-0.005016730764139776,11
2020-06-18,-1,-0.006442564070617385,0.006442564070617385,11
2020-06-19,1,0.0053566005122684945,0.0053566005122684945,11
2020-06-22,1,0.010936606598912713,0.010936606598912713,11
2020-06-23,1,-0.02801659758413788,-0.02801659758413788,11
2020-06-24,-1,0.015410984629513846,-0.015410984629513846,11
2020-06-25,-1,-0.017987722636571113,0.017987722636571113,11
2020-06-26,1,0.015455092637426615,0.015455092637426615,11
2020-06-29,1,0.001409223159685391,0.001409223159685391,11
2020-06-30,-1,0.0002815124282047332,-0.0002815124282047332,11
2020-07-01,-1,0.018289186675221947,-0.018289186675221947,11
2020-07-02,1,0.020447684624134155,0.020447684624134155,11
2020-07-06,1,-0.01760090767688971,-0.01760090767688971,11
2020-07-07,-1,0.00909597139355478,-0.00909597139355478,11
2020-07-08,-1,-0.013930678167928368,0.013930678167928368,11
2020-07-09,-1,0.011911366297813863,-0.011911366297813863,11
2020-07-10,1,-0.001642418850223315,-0.001642418850223315,11
2020-07-13,1,0.017274396279985282,0.017274396279985282,11
2020-07-14,1,0.013477089503083794,0.013477089503083794,11
2020-07-15,1,-0.0029254468116536314,-0.0029254468116536314,11
2020-07-16,1,0.004534493500515158,0.004534493500515158,11
2020-07-17,1,0.007169422699353056,0.007169422699353056,11
2020-07-20,1,0.003954693505721751,0.003954693505721751,11
2020-07-21,1,0.0034137932554392236,0.0034137932554392236,11
2020-07-22,1,-0.009944968922346531,-0.009944968922346531,11
2020-07-23,-1,-0.0074016013862385766,0.0074016013862385766,11
2020-07-24,-1,0.010386135754259174,-0.010386135754259174,11
2020-07-27,1,-0.0071165120594811615,-0.0071165120594811615,11
2020-07-28,-1,0.011680447645176173,-0.011680447645176173,11
2020-07-29,1,-0.019155065089084378,-0.019155065089084378,11
2020-07-30,-1,-0.022204435723322424,0.022204435723322424,11
2020-07-31,-1,0.02106704442781271,-0.02106704442781271,11
2020-08-03,1,0.005359077293004111,0.005359077293004111,11
2020-08-04,1,0.005596990456038231,0.005596990456038231,11
2020-08-05,1,0.0010601886035690455,0.0010601886035690455,11
2020-08-06,1,-0.005295227972345495,-0.005295227972345495,11
2020-08-07,-1,-0.0005323518212970724,0.0005323518212970724,11
2020-08-10,-1,0.007190425119827815,-0.007190425119827815,11
2020-08-11,1,0.024061339364226608,0.024061339364226608,11
2020-08-12,1,-0.007487759332686972,-0.007487759332686972,11
2020-08-13,1,-0.008324654169000856,-0.008324654169000856,11
2020-08-14,-1,0.0052466098778445325,-0.0052466098778445325,11
2020-08-17,1,-0.001565797854093387,-0.001565797854093387,11
2020-08-18,1,-0.0013068279993208032,-0.0013068279993208032,11
2020-08-19,1,-0.005757587314239365,-0.005757587314239365,11
2020-08-20,-1,-0.01026594333020947,0.01026594333020947,11
2020-08-21,-1,0.019946809320117387,-0.019946809320117387,11
2020-08-24,1,0.004954431524540004,0.004954431524540004,11
2020-08-25,1,0.008043527535798622,0.008043527535798622,12
2020-08-26,1,-0.01338472750295705,-0.01338472750295705,12
2020-08-27,-1,0.007565799294982689,-0.007565799294982689,12
2020-08-28,-1,-0.013464538377663149,0.013464538377663149,12
2020-08-31,-1,0.0010498928380406891,-0.0010498928380406891,12
2020-09-01,-1,0.020188790510905497,-0.020188790510905497,12
2020-09-02,1,-0.023130340000213745,-0.023130340000213745,12
2020-09-03,-1,0.0010523787764726844,-0.0010523787764726844,12
2020-09-04,-1,-0.01760836221759332,0.01760836221759332,12
2020-09-08,-1,0.02621721546905631,-0.02621721546905631,12
2020-09-09,1,-0.012252377821294735,-0.012252377821294735,12
2020-09-10,1,0.008973348061884101,0.008973348061884101,12
2020-09-11,1,0.0015694840180346947,0.0015694840180346947,12
2020-09-14,1,0.005745557606310792,0.005745557606310792,12
2020-09-15,1,-0.006751449827714584,-0.006751449827714584,12
2020-09-16,-1,0.0031372269773795036,-0.0031372269773795036,12
2020-09-17,-1,-0.010946004186523473,0.010946004186523473,12
2020-09-18,-1,-0.04057973345368815,0.04057973345368815,12
2020-09-21,-1,-0.00329576853577751,0.00329576853577751,12
2020-09-22,-1,-0.015706797477107126,0.015706797477107126,12
2020-09-23,-1,0.003639340676803382,-0.003639340676803382,12
2020-09-24,-1,-0.0025104646141856923,0.0025104646141856923,12
2020-09-25,-1,0.021812154099695613,-0.021812154099695613,12
2020-09-28,1,0.0019157004124341626,0.0019157004124341626,12
2020-09-29,1,-0.0071019429635560405,-0.0071019429635560405,12
2020-09-30,-1,0.003851532605850805,-0.003851532605850805,12
2020-10-01,-1,-0.003014541115148095,0.003014541115148095,12
2020-10-02,-1,0.01869159662482134,-0.01869159662482134,12
2020-10-05,1,-0.012412382140423839,-0.012412382140423839,12
2020-10-06,1,0.01038254327753374,0.01038254327753374,12
2020-10-07,-1,0.008112472708873497,-0.008112472708873497,12
2020-10-08,-1,0.008851980736596765,-0.008851980736596765,12
2020-10-09,1,0.007444795925363845,0.007444795925363845,12
2020-10-12,1,-0.014251805865029166,-0.014251805865029166,12
2020-10-13,-1,-0.005086978165223521,0.005086978165223521,12
2020-10-14,-1,-0.01668457842924198,0.01668457842924198,12
2020-10-15,-1,0.010399486696687221,-0.010399486696687221,12
2020-10-16,-1,-0.005146225247345759,0.005146225247345759,12
2020-10-19,1,0.007895478332197392,0.007895478332197392,12
2020-10-20,1,-0.012965951817962895,-0.012965951817962895,12
2020-10-21,-1,-0.000547357888958655,0.000547357888958655,12
2020-10-22,-1,0.010679063109527709,-0.010679063109527709,12
2020-10-23,1,-0.03305340627869613,-0.03305340627869613,12
2020-10-26,-1,-0.01737178357358593,0.01737178357358593,12
2020-10-27,-1,-0.041630997923508106,0.041630997923508106,12
2020-10-28,-1,0.00267777896321042,-0.00267777896321042,12
2020-10-29,-1,-0.00326411299291518,0.00326411299291518,12
2020-10-30,-1,0.018457842484915776,-0.018457842484915776,12
2020-11-02,1,0.03273904637695191,0.03273904637695191,12
2020-11-03,1,0.012453965578972381,0.012453965578972381,12
2020-11-04,1,0.02991332628266652,0.02991332628266652,12
2020-11-05,1,0.002985901462973617,0.002985901462973617,12
2020-11-06,1,0.05006761666908077,0.05006761666908077,12
2020-11-09,1,0.018298945835918623,0.018298945835918623,12
2020-11-10,1,0.005315183702639281,0.005315183702639281,12
2020-11-11,-1,-0.01661630984714324,0.01661630984714324,12
2020-11-12,-1,0.01484889902625608,-0.01484889902625608,12
2020-11-13,-1,0.008072646310579579,-0.008072646310579579,12
2020-11-16,1,0.0017517441548544621,0.0017517441548544621,12
2020-11-17,-1,-0.006245316203439377,0.006245316203439377,12
2020-11-18,-1,0.00553044815118553,-0.00553044815118553,12
2020-11-19,-1,-0.0012499809265136275,0.0012499809265136275,12
2020-11-20,-1,0.0010012744621634706,-0.0010012744621634706,12
2020-11-23,1,0.01575386914167609,0.01575386914167609,12
2020-11-24,1,0.0017232815525574097,0.0017232815525574097,12
2020-11-25,1,0.007372894123444107,0.007372894123444107,12
2020-11-27,1,-0.016101483785955217,-0.016101483785955217,12
2020-11-30,-1,0.025291262007357318,-0.025291262007357318,12
2020-12-01,-1,0.0004836870254345538,-0.0004836870254345538,12
2020-12-02,-1,-0.0007251336734687142,0.0007251336734687142,12
2020-12-03,-1,0.00919209159924117,-0.00919209159924117,12
2020-12-04,1,-0.005512932298817663,-0.005512932298817663,12
2020-12-07,-1,0.0021692009869114237,-0.0021692009869114237,12
2020-12-08,-1,-0.0038480917523643354,0.0038480917523643354,12
2020-12-09,-1,0.0016900896334168802,-0.0016900896334168802,12
2020-12-10,-1,-0.007712786131015448,0.007712786131015448,12
2020-12-11,-1,0.0012145507403866773,-0.0012145507403866773,12
2020-12-14,1,0.014313443355541633,0.014313443355541633,12
2020-12-15,1,0.004305197303599462,0.004305197303599462,12
2020-12-16,1,0.009764225554255379,0.009764225554255379,12
2020-12-17,1,-0.007075543418900709,-0.007075543418900709,12
2020-12-18,-1,-0.02304031926752015,0.02304031926752015,12
2020-12-21,-1,-0.0007294576517139495,0.0007294576517139495,12
2020-12-22,-1,0.014355235389105658,-0.014355235389105658,12
2020-12-23,1,0.0031182795010202824,0.0031182795010202824,12
2020-12-24,1,0.006934503052213881,0.006934503052213881,12
2020-12-28,1,0.0016623057185853884,0.0016623057185853884,12
2020-12-29,1,0.00047416921808829393,0.00047416921808829393,12
2020-12-30,1,-0.011374396529818753,-0.011374396529818753,12
2020-12-31,-1,0.007430430237857166,-0.007430430237857166,12
2021-01-04,1,0.0064239939473105245,0.0064239939473105245,12
2021-01-05,-1,0.016075657622707684,-0.016075657622707684,12
2021-01-06,1,0.0004653433684664865,0.0004653433684664865,12
2021-01-07,1,0.004651180533475685,0.004651180533475685,12
2021-01-08,1,-0.015277773975835518,-0.015277773975835518,12
2021-01-11,-1,0.0016455028988648923,-0.0016455028988648923,12
2021-01-12,-1,-0.0021121837901599827,0.0021121837901599827,12
2021-01-13,-1,0.006349963660792213,-0.006349963660792213,12
2021-01-14,-1,-0.01939709776340537,0.01939709776340537,12
2021-01-15,-1,0.00786467679349423,-0.00786467679349423,12
2021-01-19,-1,0.006147985715406756,-0.006147985715406756,12
2021-01-20,1,0.002350230096626049,0.002350230096626049,12
2021-01-21,1,-0.006096181170655024,-0.006096181170655024,12
2021-01-22,-1,-0.009672089014283625,0.009672089014283625,12
2021-01-25,-1,0.008575526781255949,-0.008575526781255949,12
2021-01-26,1,-0.02786963393772346,-0.02786963393772346,12
2021-01-27,-1,0.012147716274382825,-0.012147716274382825,12
2021-01-28,-1,-0.02160349325912958,0.02160349325912958,12
2021-01-29,-1,0.013738994022361561,-0.013738994022361561,12
2021-02-01,-1,0.01500481453203939,-0.01500481453203939,12
2021-02-02,1,0.0026228091071398563,0.0026228091071398563,12
2021-02-03,1,0.0033293553433657586,0.0033293553433657586,12
2021-02-04,-1,0.009955012972593158,-0.009955012972593158,12
2021-02-05,1,0.005867167247570082,0.005867167247570082,12
2021-02-08,1,0.0018664959220300315,0.0018664959220300315,12
2021-02-09,1,-0.0051233677932401855,-0.0051233677932401855,12
2021-02-10,-1,0.008661023438956583,-0.008661023438956583,12
2021-02-11,1,0.006497999032382351,0.006497999032382351,12
2021-02-12,-1,0.006225512206899708,-0.006225512206899708,12
2021-02-16,1,-0.008936741409326099,-0.008936741409326099,12
2021-02-17,-1,-0.0013873149893876002,0.0013873149893876002,13
2021-02-18,-1,0.005556880900625449,-0.005556880900625449,13
2021-02-19,1,-0.0018420868176958205,-0.0018420868176958205,13
2021-02-22,1,0.001153472976190839,0.001153472976190839,13
2021-02-23,-1,0.007603640662561917,-0.007603640662561917,13
2021-02-24,1,-0.01898006002848851,-0.01898006002848851,13
2021-02-25,1,-0.009790255680741988,-0.009790255680741988,13
2021-02-26,-1,0.018832373956716664,-0.018832373956716664,13
2021-03-01,1,0.0011553385667315563,0.0011553385667315563,13
2021-03-02,1,-0.00600051062181417,-0.00600051062181417,13
2021-03-03,-1,-0.010448125519572082,0.010448125519572082,13
2021-03-04,-1,0.00445805833336399,-0.00445805833336399,13
2021-03-05,-1,0.005138925460140609,-0.005138925460140609,13
2021-03-08,1,0.014176170756599049,0.014176170756599049,13
2021-03-09,1,0.011228269599449892,0.011228269599449892,13
2021-03-10,1,0.009743945043465319,0.009743945043465319,13
2021-03-11,1,0.0,0.0,13
2021-03-12,-1,-0.004488347324408615,0.004488347324408615,13
2021-03-15,-1,-0.0015779912953356456,0.0015779912953356456,13
2021-03-16,-1,0.010160324083029915,-0.010160324083029915,13
2021-03-17,1,-0.012069756264386666,-0.012069756264386666,13
2021-03-18,1,0.0004524990366163717,0.0004524990366163717,13
2021-03-19,-1,0.0,-0.0,13
2021-03-22,-1,-0.011985585241142016,0.011985585241142016,13
2021-03-23,-1,-0.002517665349319853,0.002517665349319853,13
2021-03-24,-1,0.006424937299964739,-0.006424937299964739,13
2021-03-25,-1,0.012767842015523945,-0.012767842015523945,13
2021-03-26,1,-0.001800945962518119,-0.001800945962518119,13
2021-03-29,1,0.003608476474097788,0.003608476474097788,13
2021-03-30,-1,0.00022468138276865446,-0.00022468138276865446,13
2021-03-31,1,0.01729949419906318,0.01729949419906318,13
2021-04-01,1,0.01766791239675558,0.01766791239675558,13
2021-04-05,1,-0.010199678863432204,-0.010199678863432204,13
2021-04-06,-1,0.001534744439541491,-0.001534744439541491,13
2021-04-07,-1,0.004816138774810685,-0.004816138774810685,13
2021-04-08,1,0.0017428761154250072,0.0017428761154250072,13
2021-04-09,-1,-0.003697219892078385,0.003697219892078385,13
2021-04-12,1,0.006112175745537574,0.006112175745537574,13
2021-04-13,1,-0.0004339435386734314,-0.0004339435386734314,13
2021-04-14,1,0.007597101724322597,0.007597101724322597,13
2021-04-15,1,0.014002618516123722,0.014002618516123722,13
2021-04-16,1,-0.002336957957610908,-0.002336957957610908,13
2021-04-19,1,-0.018952287201869145,-0.018952287201869145,13
2021-04-20,-1,0.014326022396007554,-0.014326022396007554,13
2021-04-21,-1,-0.00278196168176148,0.00278196168176148,13
2021-04-22,1,0.010729614085237982,0.010729614085237982,13
2021-04-23,1,0.001486193144203174,0.001486193144203174,13
2021-04-26,1,-0.0010599796269117334,-0.0010599796269117334,13
2021-04-27,-1,0.003820040519015855,-0.003820040519015855,13
2021-04-28,1,-0.0002113810083398393,-0.0002113810083398393,13
2021-04-29,1,-0.01733981135439089,-0.01733981135439089,13
2021-04-30,-1,0.012481127633347855,-0.012481127633347855,13
2021-05-03,1,-0.020191302409015788,-0.020191302409015788,13
2021-05-04,-1,0.01648594710164919,-0.01648594710164919,13
2021-05-05,1,0.009389641932949333,0.009389641932949333,13
2021-05-06,1,0.015010551710883613,0.015010551710883613,13
2021-05-07,1,-0.011247596744611399,-0.011247596744611399,13
2021-05-10,1,-0.012639609719594436,-0.012639609719594436,13
2021-05-11,-1,-0.01024108284990366,0.01024108284990366,13
2021-05-12,-1,0.010993794846746008,-0.010993794846746008,13
2021-05-13,1,0.023454124484710848,0.023454124484710848,13
2021-05-14,1,-0.003958304723103878,-0.003958304723103878,13
2021-05-17,1,-0.0014641224181877188,-0.0014641224181877188,13
2021-05-18,1,-0.013615448324797441,-0.013615448324797441,13
2021-05-19,-1,0.01805050905429617,-0.01805050905429617,13
2021-05-20,1,0.003128943057485456,0.003128943057485456,13
2021-05-21,1,0.007901872882293715,0.007901872882293715,13
2021-05-24,1,0.0012378286998706578,0.0012378286998706578,13
2021-05-25,1,-0.005975625553771735,-0.005975625553771735,13
2021-05-26,-1,0.002280198835552527,-0.002280198835552527,13
2021-05-27,1,0.0053775004019831485,0.0053775004019831485,13
2021-05-28,1,0.004320079856735104,0.004320079856735104,13
2021-06-01,1,0.0018435098965687846,0.0018435098965687846,13
2021-06-02,1,-0.0073604704860903425,-0.0073604704860903425,13
2021-06-03,-1,0.006797154196508837,-0.006797154196508837,13
2021-06-04,-1,0.004296216855233181,-0.004296216855233181,13
2021-06-07,1,-0.001222272827551718,-0.001222272827551718,13
2021-06-08,1,-0.002039536541112885,-0.002039536541112885,13
2021-06-09,1,0.0006130958330221592,0.0006130958330221592,13
2021-06-10,-1,0.004493489068975398,-0.004493489068975398,13
2021-06-11,-1,0.0024399945331463613,-0.0024399945331463613,13
2021-06-14,-1,0.0010141833232111264,-0.0010141833232111264,13
2021-06-15,1,-0.009929035033840683,-0.009929035033840683,13
2021-06-16,-1,-0.00634468623451756,0.00634468623451756,13
2021-06-17,-1,-0.021421234436054593,0.021421234436054593,13
2021-06-18,-1,0.0021048682877564673,-0.0021048682877564673,13
2021-06-21,-1,0.0004200894246433329,-0.0004200894246433329,13
2021-06-22,-1,-0.009867755829586877,0.009867755829586877,13
2021-06-23,1,0.012086507562944826,0.012086507562944826,13
2021-06-24,1,-0.0004190332695472865,-0.0004190332695472865,13
2021-06-25,-1,-0.007335956420820855,0.007335956420820855,13
2021-06-28,-1,-0.00021119375214451175,0.00021119375214451175,13
2021-06-29,-1,-0.01098197803217682,0.01098197803217682,13
2021-06-30,-1,0.0025624370530172857,-0.0025624370530172857,13
2021-07-01,-1,0.0010649464589576052,-0.0010649464589576052,13
2021-07-02,-1,-0.012765924981299914,0.012765924981299914,13
2021-07-06,-1,0.006680981646538298,-0.006680981646538298,13
2021-07-07,1,-0.017769172182093396,-0.017769172182093396,13
2021-07-08,-1,0.022013912336961816,-0.022013912336961816,13
2021-07-09,1,0.0053316272820254085,0.0053316272820254085,13
2021-07-12,1,-0.008697493693691993,-0.008697493693691993,13
2021-07-13,1,0.00556392336352296,0.00556392336352296,13
2021-07-14,1,-0.01149182584036379,-0.01149182584036379,13
2021-07-15,-1,-0.008611442826886861,0.008611442826886861,13
2021-07-16,-1,-0.02432136700196519,0.02432136700196519,13
2021-07-19,-1,0.008902771492588446,-0.008902771492588446,13
2021-07-20,-1,0.019192563351911218,-0.019192563351911218,13
2021-07-21,1,0.002813875886762185,0.002813875886762185,13
2021-07-22,1,0.01036044729690877,0.01036044729690877,13
2021-07-23,1,0.0021362630033621155,0.0021362630033621155,13
2021-07-26,1,-0.00405027984069517,-0.00405027984069517,13
2021-07-27,-1,0.005993124400279326,-0.005993124400279326,13
2021-07-28,1,0.00765958745428863,0.00765958745428863,13
2021-07-29,1,-0.006967943978078428,-0.006967943978078428,13
2021-07-30,-1,0.002551621299102802,-0.002551621299102802,13
2021-08-02,1,0.006362655935353123,0.006362655935353123,13
2021-08-03,-1,0.0004215059524148579,-0.0004215059524148579,13
2021-08-04,1,0.004634451239700299,0.004634451239700299,13
2021-08-05,1,-0.0016774589780050864,-0.0016774589780050864,13
2021-08-06,1,-0.0018903623489625598,-0.0018903623489625598,13
2021-08-09,1,0.0014730575368246956,0.0014730575368246956,14
2021-08-10,-1,0.006303829293941243,-0.006303829293941243,14
2021-08-11,1,0.002923353339584711,0.002923353339584711,14
2021-08-12,1,0.006037912198580964,0.006037912198580964,14
2021-08-13,1,-0.005794676760456752,-0.005794676760456752,14
2021-08-16,-1,-0.010199868216663965,0.010199868216663965,14
2021-08-17,-1,-0.00567824315658938,0.00567824315658938,14
2021-08-18,-1,-0.010575296381330368,0.010575296381330368,14
2021-08-19,-1,0.005557976550130572,-0.005557976550130572,14
2021-08-20,-1,0.011054431284928556,-0.011054431284928556,14
2021-08-23,1,-0.00042053105942307933,-0.00042053105942307933,14
2021-08-24,1,0.0010517298295680266,0.0010517298295680266,14
2021-08-25,1,-0.004832938463939507,-0.004832938463939507,14
2021-08-26,1,0.01076854550170192,0.01076854550170192,14
2021-08-27,1,0.0016712311017288428,0.0016712311017288428,14
2021-08-30,1,-0.00020859512140403158,-0.00020859512140403158,14
2021-08-31,1,0.00959538824253614,0.00959538824253614,14
2021-09-01,1,0.0037190144525003355,0.0037190144525003355,14
2021-09-02,1,-0.006381254870452602,-0.006381254870452602,14
2021-09-03,-1,0.0012430365179614267,-0.0012430365179614267,14
2021-09-07,1,-0.011173202877479804,-0.011173202877479804,14
2021-09-08,-1,-0.0025110429856267658,0.0025110429856267658,14
2021-09-09,-1,-0.0033564055707545615,0.0033564055707545615,14
2021-09-10,1,0.009261259881097939,0.009261259881097939,14
2021-09-13,1,-0.0031282903752285485,-0.0031282903752285485,14
2021-09-14,1,-0.0016735986952777226,-0.0016735986952777226,14
2021-09-15,-1,0.0006286416288661112,-0.0006286416288661112,14
2021-09-16,-1,-0.016753910723781074,0.016753910723781074,14
2021-09-17,-1,-0.023855141931517276,0.023855141931517276,14
2021-09-20,-1,0.013091827408885814,-0.013091827408885814,14
2021-09-21,1,0.01249188052003447,0.01249188052003447,14
2021-09-22,1,0.014252329452555612,0.014252329452555612,14
2021-09-23,1,-0.010276880774549912,-0.010276880774549912,14
2021-09-24,-1,0.0004238283184088143,-0.0004238283184088143,14
2021-09-27,-1,-0.025630144205417427,0.025630144205417427,14
2021-09-28,-1,-0.005434782608695676,0.005434782608695676,14
2021-09-29,-1,-0.010054624797216527,0.010054624797216527,14
2021-09-30,-1,0.005299135767675489,-0.005299135767675489,14
2021-10-01,-1,-0.00878536617408221,0.00878536617408221,14
2021-10-04,1,0.009528036671808904,0.009528036671808904,14
2021-10-05,1,-0.007023698094351105,-0.007023698094351105,14
2021-10-06,-1,0.011273172029433232,-0.011273172029433232,14
2021-10-07,1,-0.0026229274728910568,-0.0026229274728910568,14
2021-10-08,1,-0.006355487809312943,-0.006355487809312943,14
2021-10-11,1,-0.0006616404763104544,-0.0006616404763104544,14
2021-10-12,-1,0.015007730844533107,-0.015007730844533107,14
2021-10-13,1,0.015655520324605154,0.015655520324605154,14
2021-10-14,1,0.007707142312302739,0.007707142312302739,14
2021-10-15,1,-0.006373470129712677,-0.006373470129712677,14
2021-10-18,-1,0.004062403781256441,-0.004062403781256441,14
2021-10-19,1,0.0038330559771091455,0.0038330559771091455,14
2021-10-20,1,-0.00296986405305677,-0.00296986405305677,14
2021-10-21,-1,0.00765958745428863,-0.00765958745428863,14
2021-10-22,1,-0.004434102233241033,-0.004434102233241033,14
2021-10-25,1,0.006150521557690913,0.006150521557690913,14
2021-10-26,1,-0.0023186509030033164,-0.0023186509030033164,14
2021-10-27,1,0.012254341726580353,0.012254341726580353,14
2021-10-28,1,-0.0033395918998474494,-0.0033395918998474494,14
2021-10-29,-1,0.009842957501636107,-0.009842957501636107,14
2021-11-01,1,0.0008294711700029822,0.0008294711700029822,14
2021-11-02,1,0.009946195060670293,0.009946195060670293,14
2021-11-03,1,-0.0018465356891370632,-0.0018465356891370632,14
2021-11-04,1,0.007194213014256823,0.007194213014256823,14
2021-11-05,1,-0.00081634521484375,-0.00081634521484375,14
2021-11-08,1,-0.00020421408742166136,-0.00020421408742166136,14
2021-11-09,1,-0.014300321798348836,-0.014300321798348836,14
2021-11-10,-1,0.003108839914588657,-0.003108839914588657,14
2021-11-11,1,0.0026858935809839224,0.0026858935809839224,14
2021-11-12,1,-0.005151452839241566,-0.005151452839241566,14
2021-11-15,1,0.0,0.0,14
2021-11-16,1,0.00020716935549636162,0.00020716935549636162,14
2021-11-17,1,0.002692011823428375,0.002692011823428375,14
2021-11-18,1,-0.01610902124728153,-0.01610902124728153,14
2021-11-19,-1,-0.011125079472860677,0.011125079472860677,14
2021-11-22,-1,-0.002547207181703981,0.002547207181703981,14
2021-11-23,-1,-0.00872525713485961,0.00872525713485961,14
2021-11-24,-1,-0.0343495540129336,0.0343495540129336,14
2021-11-26,-1,0.003334849430979947,-0.003334849430979947,14
2021-11-29,-1,-0.007976968797501427,0.007976968797501427,14
2021-11-30,-1,0.0006700643062351741,-0.0006700643062351741,14
2021-12-01,1,0.01049109885507149,0.01049109885507149,14
2021-12-02,1,-0.010161234367599081,-0.010161234367599081,14
2021-12-03,-1,0.013166706862445254,-0.013166706862445254,14
2021-12-06,1,0.02907488216871079,0.02907488216871079,14
2021-12-07,1,-0.0008561839572388541,-0.0008561839572388541,14
2021-12-08,1,-0.01478146148667614,-0.01478146148667614,14
2021-12-09,1,0.004566189971916934,0.004566189971916934,14
2021-12-10,-1,-0.009740276093251343,0.009740276093251343,14
2021-12-13,1,-0.005901649350025573,-0.005901649350025573,14
2021-12-14,-1,0.014731793983866703,-0.014731793983866703,14
2021-12-15,1,-0.002816924459738912,-0.002816924459738912,14
2021-12-16,1,-0.017818333043625234,-0.017818333043625234,14
2021-12-17,-1,-0.011504434712090394,0.011504434712090394,14
2021-12-20,-1,0.014771706421310205,-0.014771706421310205,14
2021-12-21,1,0.013453917254050651,0.013453917254050651,14
2021-12-22,1,0.0076169416389515465,0.0076169416389515465,14
2021-12-23,1,0.009287263763745113,0.009287263763745113,14
2021-12-27,1,-0.0010699601444540408,-0.0010699601444540408,14
2021-12-28,1,-0.0006426473671969912,-0.0006426473671969912,14
2021-12-29,-1,-0.0017149373727309847,0.0017149373727309847,14
2021-12-30,1,0.001932577908045241,0.001932577908045241,14
2021-12-31,1,0.008786966325608603,0.008786966325608603,14
2022-01-03,1,0.003611684400781412,0.003611684400781412,14
2022-01-04,1,-0.004868826180385866,-0.004868826180385866,14
2022-01-05,1,-0.004254349189171891,-0.004254349189171891,14
2022-01-06,-1,0.0023498567064144105,-0.0023498567064144105,14
2022-01-07,1,-0.010016995403826168,-0.010016995403826168,14
2022-01-10,-1,0.009472521409731316,-0.009472521409731316,14
2022-01-11,1,0.010450025268607055,0.010450025268607055,14
2022-01-12,1,-0.008231308164973639,-0.008231308164973639,14
2022-01-13,1,0.00021277550917364607,0.00021277550917364607,14
2022-01-14,1,-0.015319174908577149,-0.015319174908577149,14
2022-01-18,-1,0.0012964860603639217,-0.0012964860603639217,14
2022-01-19,1,-0.004531702282718486,-0.004531702282718486,14
2022-01-20,1,-0.0125732022030145,-0.0125732022030145,14
2022-01-21,-1,-0.012952802688695808,0.012952802688695808,14
2022-01-24,-1,-0.011120996667739691,0.011120996667739691,14
2022-01-25,-1,0.004498442803821501,-0.004498442803821501,14
2022-01-26,1,-0.0035826208678633176,-0.0035826208678633176,14
2022-01-27,1,0.004269632060876161,0.004269632060876161,14
2022-01-28,-1,0.014320949295424823,-0.014320949295424823,15
2022-01-31,1,0.011692008777590246,0.011692008777590246,15
2022-02-01,1,0.0030527559482158573,0.0030527559482158573,15
2022-02-02,1,-0.01608699301014771,-0.01608699301014771,15
2022-02-03,-1,-0.0015466128462252593,0.0015466128462252593,15
2022-02-04,-1,0.0006639211087828834,-0.0006639211087828834,15
2022-02-07,1,0.005528527051112508,0.005528527051112508,15
2022-02-08,1,0.017154140276154806,0.017154140276154806,15
2022-02-09,1,-0.011243253140836185,-0.011243253140836185,15
2022-02-10,-1,-0.027115632542796475,0.027115632542796475,15
2022-02-11,-1,-0.010789016381761884,0.010789016381761884,15
2022-02-14,-1,0.02772100130042965,-0.02772100130042965,15
2022-02-15,1,0.0039796663054947334,0.0039796663054947334,15
2022-02-16,1,-0.019158752142879543,-0.019158752142879543,15
2022-02-17,-1,-0.004490362793632796,0.004490362793632796,15
2022-02-18,-1,-0.024131702551691725,0.024131702551691725,15
2022-02-22,-1,-0.009706539847452622,0.009706539847452622,15
2022-02-23,-1,-0.018436339065617258,0.018436339065617258,15
2022-02-24,-1,0.026866315181233835,-0.026866315181233835,15
2022-02-25,1,-0.03357251665540684,-0.03357251665540684,15
2022-02-28,-1,-0.04120750243262339,0.04120750243262339,15
2022-03-01,-1,0.020239914143576065,-0.020239914143576065,15
2022-03-02,-1,-0.028410570905904153,0.028410570905904153,15
2022-03-03,-1,-0.052180483750177364,0.052180483750177364,15
2022-03-04,-1,-0.03723398319138804,0.03723398319138804,15
2022-03-07,-1,0.029281699896507973,-0.029281699896507973,15
2022-03-08,-1,0.07004832871511968,-0.07004832871511968,15
2022-03-09,1,-0.029846969114346256,-0.029846969114346256,15
2022-03-10,-1,-0.008531588119210287,0.008531588119210287,15
2022-03-11,1,0.021382000715790328,0.021382000715790328,15
2022-03-14,1,0.009701329739058018,0.009701329739058018,15
2022-03-15,1,0.047787596108912256,0.047787596108912256,15
2022-03-16,1,0.0012066373893551141,0.0012066373893551141,15
2022-03-17,1,0.003374292214625152,0.003374292214625152,15
2022-03-18,-1,-0.016094210099738326,0.016094210099738326,15
2022-03-21,-1,0.014648493706773902,-0.014648493706773902,15
2022-03-22,1,-0.023099202777863148,-0.023099202777863148,15
2022-03-23,-1,0.008867010440432255,-0.008867010440432255,15
2022-03-24,-1,0.0009765848735701077,-0.0009765848735701077,15
2022-03-25,1,0.00780487060546875,0.00780487060546875,15
2022-03-28,1,0.03291385818964354,0.03291385818964354,15
2022-03-29,1,-0.010309246100348002,-0.010309246100348002,15
2022-03-30,1,-0.02580492682943125,-0.02580492682943125,15
2022-03-31,-1,0.011664629998481502,-0.011664629998481502,15
2022-04-01,-1,0.0016814723283260502,-0.0016814723283260502,15
2022-04-04,-1,-0.021103142734168245,0.021103142734168245,15
2022-04-05,-1,-0.02008818473676255,0.02008818473676255,15
2022-04-06,-1,0.0007499694824217862,-0.0007499694824217862,15
2022-04-07,-1,0.00024986601387655405,-0.00024986601387655405,15
2022-04-08,1,-0.006743268021728865,-0.006743268021728865,15
2022-04-11,1,-0.00653764478847807,-0.00653764478847807,15
2022-04-12,-1,0.011642695993718144,-0.011642695993718144,15
2022-04-13,-1,-0.005754304108382069,0.005754304108382069,15
2022-04-14,-1,-0.0012582548979837016,0.0012582548979837016,15
2022-04-18,-1,0.007054739321802783,-0.007054739321802783,15
2022-04-19,-1,0.014510833090918274,-0.014510833090918274,15
2022-04-20,1,-0.009371173249441922,-0.009371173249441922,15
2022-04-21,1,-0.015683278121356947,-0.015683278121356947,15
2022-04-22,-1,-0.00986341377385469,0.00986341377385469,15
2022-04-25,-1,-0.03448281573950851,0.03448281573950851,15
2022-04-26,-1,0.00026460678392448145,-0.00026460678392448145,15
2022-04-27,-1,0.019307048815713657,-0.019307048815713657,15
2022-04-28,1,-0.015049346582163947,-0.015049346582163947,15
2022-04-29,1,-0.00026339098457173193,-0.00026339098457173193,15
2022-05-02,-1,0.00790511807719163,-0.00790511807719163,15
2022-05-03,1,0.021699394275939587,0.021699394275939587,15
2022-05-04,1,-0.03428864098780737,-0.03428864098780737,15
2022-05-05,-1,-0.014573477140877422,0.014573477140877422,15
2022-05-06,-1,-0.027695585300644643,0.027695585300644643,15
2022-05-09,-1,0.010785381396409166,-0.010785381396409166,15
2022-05-10,1,-0.001367968210785886,-0.001367968210785886,15
2022-05-11,-1,-0.001917799858197733,0.001917799858197733,15
2022-05-12,-1,0.030743862819173406,-0.030743862819173406,15
2022-05-13,1,-0.0010652707414136042,-0.0010652707414136042,15
2022-05-16,1,0.028792372150939105,0.028792372150939105,15
2022-05-17,1,-0.03446493458916189,-0.03446493458916189,15
2022-05-18,-1,0.010467075198989262,-0.010467075198989262,15
2022-05-19,-1,0.0015935605886365778,-0.0015935605886365778,15
2022-05-20,1,0.02572265299000054,0.02572265299000054,15
2022-05-23,1,-0.005170650500555762,-0.005170650500555762,15
2022-05-24,1,0.0025988121103950323,0.0025988121103950323,15
2022-05-25,-1,0.018921708335656984,-0.018921708335656984,15
2022-05-26,1,0.019079114062549474,0.019079114062549474,15
2022-05-27,1,-0.005242208985792418,-0.005242208985792418,15
2022-05-31,1,-0.016562104709758496,-0.016562104709758496,15
2022-06-01,-1,0.027302876558280564,-0.027302876558280564,15
2022-06-02,1,-0.01415796618449816,-0.01415796618449816,15
2022-06-03,-1,0.008062476842941368,-0.008062476842941368,15
2022-06-06,1,0.0009997729868889138,0.0009997729868889138,15
2022-06-07,-1,-0.014481848374686579,0.014481848374686579,15
2022-06-08,-1,-0.029389404903379046,0.029389404903379046,15
2022-06-09,-1,-0.032367570713043636,0.032367570713043636,15
2022-06-10,-1,-0.03668736502691283,0.03668736502691283,15
2022-06-13,-1,-0.00924105362133465,0.00924105362133465,15
2022-06-14,-1,0.02459013300225177,-0.02459013300225177,15
2022-06-15,1,-0.02841375942887936,-0.02841375942887936,15
2022-06-16,-1,0.005110741026038701,-0.005110741026038701,15
2022-06-17,-1,-0.006497269689817675,0.006497269689817675,15
2022-06-21,1,-0.005686578295553746,-0.005686578295553746,15
2022-06-22,-1,-0.0040034139194011775,0.0040034139194011775,15
2022-06-23,-1,0.033591676929001224,-0.033591676929001224,15
2022-06-24,1,-0.008611149258083817,-0.008611149258083817,15
2022-06-27,1,-0.00924623225147636,-0.00924623225147636,15
2022-06-28,-1,-0.008484141173140225,0.008484141173140225,15
2022-06-29,-1,-0.007701096611175795,0.007701096611175795,15
2022-06-30,-1,-0.0014371726284787556,0.0014371726284787556,15
2022-07-01,-1,-0.03483024872505769,0.03483024872505769,15
2022-07-05,-1,0.0005964944375727033,-0.0005964944375727033,15
2022-07-06,-1,0.015201256269094188,-0.015201256269094188,15
2022-07-07,1,0.0,0.0,15
2022-07-08,1,-0.01996477621134274,-0.01996477621134274,15
2022-07-11,-1,-0.0023966994755763027,0.0023966994755763027,15
2022-07-12,-1,0.0024024574440726365,-0.0024024574440726365,15
2022-07-13,-1,-0.015877848323390342,0.015877848323390342,15
2022-07-14,-1,0.022526688366508285,-0.022526688366508285,15
2022-07-15,1,0.005954175707976184,0.005954175707976184,15
2022-07-18,1,0.04113641171905669,0.04113641171905669,15
2022-07-19,1,-0.01165434462352144,-0.01165434462352144,15
2022-07-20,1,0.012366991645516912,0.012366991645516912,15
2022-07-21,1,-0.0059658829523024925,-0.0059658829523024925,15
2022-07-22,-1,0.009145460973817299,-0.009145460973817299,16
2022-07-25,1,-0.023506139868986642,-0.023506139868986642,16
2022-07-26,-1,0.03016243994589951,-0.03016243994589951,16
2022-07-27,1,0.009009000301245074,0.009009000301245074,16
2022-07-28,1,0.018136203211817525,0.018136203211817525,16
2022-07-29,1,-0.0013703219911693765,-0.0013703219911693765,16
2022-08-01,1,-0.018111961368965535,-0.018111961368965535,16
2022-08-02,-1,0.018166616770680655,-0.018166616770680655,16
2022-08-03,1,0.010156435047632861,0.010156435047632861,16
2022-08-04,1,-0.008695644061371466,-0.008695644061371466,16
2022-08-05,-1,0.0027412908463053665,-0.0027412908463053665,16
2022-08-08,1,-0.007927854046227756,-0.007927854046227756,16
2022-08-09,-1,0.022320130563765694,-0.022320130563765694,16
2022-08-10,1,-0.0016171849342689892,-0.0016171849342689892,16
2022-08-11,1,0.009989171780221628,0.009989171780221628,16
2022-08-12,-1,-0.009088483132175473,0.009088483132175473,16
2022-08-15,-1,0.005664933536591699,-0.005664933536591699,16
2022-08-16,-1,-0.011802538656555228,0.011802538656555228,16
2022-08-17,-1,-0.005157400269327539,0.005157400269327539,16
2022-08-18,-1,-0.019372520316774944,0.019372520316774944,16
2022-08-19,-1,-0.0306065252129315,0.0306065252129315,16
2022-08-22,-1,0.0028702202549693023,-0.0028702202549693023,16
2022-08-23,-1,0.002575848772904399,-0.002575848772904399,16
2022-08-24,-1,0.011989780139267436,-0.011989780139267436,16
2022-08-25,1,-0.03582511792471865,-0.03582511792471865,16
2022-08-26,1,0.0035107937628249264,0.0035107937628249264,16
2022-08-29,-1,-0.004956214948297455,0.004956214948297455,16
2022-08-30,1,-0.00849695008648177,-0.00849695008648177,16
2022-08-31,-1,-0.015070872317776929,0.015070872317776929,16
2022-09-01,-1,-0.008100823370255639,0.008100823370255639,16
2022-09-02,1,0.0,0.0,16
2022-09-06,-1,0.02329099896486242,-0.02329099896486242,16
2022-09-07,-1,-0.0059119347358669305,0.0059119347358669305,16
2022-09-08,-1,0.028545912993824807,-0.028545912993824807,16
2022-09-09,1,0.023995316932524657,0.023995316932524657,16
2022-09-12,1,-0.0381140187439285,-0.0381140187439285,16
2022-09-13,-1,0.007044369844924292,-0.007044369844924292,16
2022-09-14,-1,-0.010784107600475434,0.010784107600475434,16
2022-09-15,-1,-0.004419496677987467,0.004419496677987467,16
2022-09-16,-1,-0.001479705111152252,0.001479705111152252,16
2022-09-19,-1,-0.020746909547019965,0.020746909547019965,16
2022-09-20,-1,-0.014830558864679655,0.014830558864679655,16
2022-09-21,1,-0.0036866032165105977,-0.0036866032165105977,16
2022-09-22,-1,-0.03854455714576421,0.03854455714576421,16
2022-09-23,-1,-0.013470175502988235,0.013470175502988235,16
2022-09-26,-1,-0.007477228235530764,0.007477228235530764,16
2022-09-27,-1,0.02554860012296234,-0.02554860012296234,16
2022-09-28,-1,-0.013414247315807315,0.013414247315807315,16
2022-09-29,-1,-0.004208454623996105,0.004208454623996105,16
2022-09-30,-1,0.023732104577518953,-0.023732104577518953,16
2022-10-03,1,0.05811368488431956,0.05811368488431956,16
2022-10-04,1,-0.01380549485851612,-0.01380549485851612,16
2022-10-05,-1,-0.022519831549658642,0.022519831549658642,16
2022-10-06,-1,-0.023349879128011453,0.023349879128011453,16
2022-10-07,-1,-0.004462903833332921,0.004462903833332921,16
2022-10-10,-1,-0.010566760440061884,0.010566760440061884,16
2022-10-11,-1,-0.00032363200664375924,0.00032363200664375924,16
2022-10-12,-1,0.030430577942083703,-0.030430577942083703,16
2022-10-13,-1,-0.016650979827705803,0.016650979827705803,16
2022-10-14,1,0.03418529459762065,0.03418529459762065,16
2022-10-17,1,0.013901784917768278,0.013901784917768278,16
2022-10-18,1,-0.010664182735391381,-0.010664182735391381,16
2022-10-19,-1,0.0012318170411578233,-0.0012318170411578233,16
2022-10-20,-1,0.020301442063592967,-0.020301442063592967,16
2022-10-21,-1,0.007838473035367555,-0.007838473035367555,16
2022-10-24,1,0.02572541437334097,0.02572541437334097,16
2022-10-25,1,0.009623738919411595,0.009623738919411595,16
2022-10-26,1,-0.009532005388177445,-0.009532005388177445,16
2022-10-27,1,0.014873091511125036,0.014873091511125036,16
2022-10-28,-1,-0.01522985031368762,0.01522985031368762,16
2022-10-31,-1,0.00875398987608067,-0.00875398987608067,16
2022-11-01,1,-0.0237199798109049,-0.0237199798109049,16
2022-11-02,1,-0.008888866283275454,-0.008888866283275454,16
2022-11-03,-1,0.053811635157115845,-0.053811635157115845,16
2022-11-04,1,0.009645394399656393,0.009645394399656393,16
2022-11-07,1,0.00927221171516135,0.00927221171516135,16
2022-11-08,1,-0.011692599954206684,-0.011692599954206684,16
2022-11-09,1,0.06225349533725799,0.06225349533725799,16
2022-11-10,1,0.024661902088422893,0.024661902088422893,16
2022-11-11,1,-0.008540321469203471,-0.008540321469203471,16
2022-11-14,1,0.00652571106860611,0.00652571106860611,16
2022-11-15,1,0.0031120053841047213,0.0031120053841047213,16
2022-11-16,1,0.0012926379696500678,0.0012926379696500678,16
2022-11-17,-1,0.004905722410396329,-0.004905722410396329,16
2022-11-18,1,-0.009249661166262357,-0.009249661166262357,16
2022-11-21,-1,0.012448120465286205,-0.012448120465286205,16
2022-11-22,-1,0.009477431434629091,-0.009477431434629091,16
2022-11-23,1,0.0032986822790808112,0.0032986822790808112,16
2022-11-25,1,-0.015427430354763016,-0.015427430354763016,16
2022-11-28,-1,0.005651200076509433,-0.005651200076509433,16
2022-11-29,-1,0.022988446388353845,-0.022988446388353845,16
2022-11-30,-1,0.004993776947550543,-0.004993776947550543,16
2022-12-01,1,0.0009938115658967295,0.0009938115658967295,16
2022-12-02,-1,-0.013402851905104596,0.013402851905104596,16
2022-12-05,-1,-0.0037736232925511537,0.0037736232925511537,16
2022-12-06,-1,0.0022727312135304434,-0.0022727312135304434,16
2022-12-07,-1,0.0037793280692624,-0.0037793280692624,16
2022-12-08,-1,-0.0037650985267168036,0.0037650985267168036,16
2022-12-09,1,0.004535155238192701,0.004535155238192701,16
2022-12-12,-1,0.01805872184579682,-0.01805872184579682,16
2022-12-13,1,-0.00246362339850148,-0.00246362339850148,16
2022-12-14,-1,-0.03383558137293485,0.03383558137293485,16
2022-12-15,-1,-0.009202469841024019,0.009202469841024019,16
2022-12-16,-1,-0.006191895618225529,0.006191895618225529,16
2022-12-19,-1,0.002596014354432352,-0.002596014354432352,16
2022-12-20,-1,0.01657170914937689,-0.01657170914937689,16
2022-12-21,1,-0.011207301210393927,-0.011207301210393927,16
2022-12-22,-1,0.0010304202947399865,-0.0010304202947399865,16
2022-12-23,-1,0.0023160100662458216,-0.0023160100662458216,16
2022-12-27,1,-0.012066783350369703,-0.012066783350369703,16
2022-12-28,-1,0.020270238788353767,-0.020270238788353767,16
2022-12-29,1,-0.014263820237776281,-0.014263820237776281,16
2022-12-30,-1,0.01472867399449962,-0.01472867399449962,16
2023-01-03,1,0.02750185902134117,0.02750185902134117,16
2023-01-04,1,-0.01115234114645125,-0.01115234114645125,16
2023-01-05,1,0.03007511033461685,0.03007511033461685,16
2023-01-06,-1,0.010948924078982625,-0.010948924078982625,16
2023-01-09,1,0.008423641281470218,0.008423641281470218,16
2023-01-10,1,0.011455835913033674,0.011455835913033674,16
2023-01-11,1,0.013921664410522672,0.013921664410522672,16
2023-01-12,1,0.00651614548155921,0.00651614548155921,17
2023-01-13,1,-0.002080928383535019,-0.002080928383535019,17
2023-01-17,1,-0.006255803028689333,-0.006255803028689333,17
2023-01-18,1,-0.007227735206463248,-0.007227735206463248,17
2023-01-19,-1,0.009863742388075636,-0.009863742388075636,17
2023-01-20,-1,0.006744207337845198,-0.006744207337845198,17
2023-01-23,1,0.00046201102658094406,0.00046201102658094406,17
2023-01-24,-1,0.005772338768711638,-0.005772338768711638,17
2023-01-25,1,0.0029843262010931237,0.0029843262010931237,17
2023-01-26,1,-0.005493199160295115,-0.005493199160295115,17
2023-01-27,-1,-0.009436129809272997,0.009436129809272997,17
2023-01-30,1,0.011849403129292613,0.011849403129292613,17
2023-01-31,-1,0.01423648548212042,-0.01423648548212042,17
2023-02-01,1,0.004527977614453782,0.004527977614453782,17
2023-02-02,1,-0.012170320347743568,-0.012170320347743568,17
2023-02-03,-1,-0.012320348915539792,0.012320348915539792,17
2023-02-06,-1,0.007392000186108527,-0.007392000186108527,17
2023-02-07,-1,-0.007337759466764626,0.007337759466764626,17
2023-02-08,1,0.0036960000930543746,0.0036960000930543746,17
2023-02-09,1,-0.00897582008746678,-0.00897582008746678,17
2023-02-10,-1,0.01509516234211783,-0.01509516234211783,17
2023-02-13,-1,0.004118057857377622,-0.004118057857377622,17
2023-02-14,1,0.0036454739037852235,0.0036454739037852235,17
2023-02-15,-1,-0.005221329085581927,0.005221329085581927,17
2023-02-16,-1,0.002510283229521626,-0.002510283229521626,17
2023-02-17,-1,-0.015706774912716992,0.015706774912716992,17
2023-02-21,-1,-0.004162819107045079,0.004162819107045079,17
2023-02-22,-1,0.01045046293289964,-0.01045046293289964,17
2023-02-23,1,-0.024821835394623015,-0.024821835394623015,17
2023-02-24,-1,0.017204797006501016,-0.017204797006501016,17
2023-02-27,1,-0.007182608303683891,-0.007182608303683891,17
2023-02-28,1,0.005834305925378036,0.005834305925378036,17
2023-03-01,1,0.004408409469441876,0.004408409469441876,17
2023-03-02,-1,0.015938983878872826,-0.015938983878872826,17
2023-03-03,1,0.0004547625732571614,0.0004547625732571614,17
2023-03-06,1,-0.019545468417080936,-0.019545468417080936,17
2023-03-07,1,0.005563321322725523,0.005563321322725523,17
2023-03-08,-1,-0.011295566307096161,0.011295566307096161,17
2023-03-09,-1,-0.006528299913299951,0.006528299913299951,17
2023-03-10,-1,-0.012438365916571215,0.012438365916571215,17
2023-03-13,-1,0.020674878660359663,-0.020674878660359663,17
2023-03-14,1,-0.03632133517066438,-0.03632133517066438,17
2023-03-15,-1,0.019086758327542253,-0.019086758327542253,17
2023-03-16,-1,-0.01469888400661501,0.01469888400661501,17
2023-03-17,-1,0.016602468813978977,-0.016602468813978977,17
2023-03-20,1,0.020828427647697767,0.020828427647697767,17
2023-03-21,1,-0.0016229931159442712,-0.0016229931159442712,17
2023-03-22,1,0.0025545005143108312,0.0025545005143108312,17
2023-03-23,1,-0.009497332981288964,-0.009497332981288964,17
2023-03-24,-1,0.008185273680006322,-0.008185273680006322,17
2023-03-27,1,0.0023196119857413766,0.0023196119857413766,17
2023-03-28,1,0.01758857098665323,0.01758857098665323,17
2023-03-29,1,0.017511949883711075,0.017511949883711075,17
2023-03-30,1,0.003576214604594341,0.003576214604594341,17
2023-03-31,1,0.00534516382212602,0.00534516382212602,17
2023-04-03,1,0.0028799528106562278,0.0028799528106562278,17
2023-04-04,1,-0.00684783234275077,-0.00684783234275077,17
2023-04-05,-1,0.00533811573296239,-0.00533811573296239,17
2023-04-06,-1,0.0002212018000982141,-0.0002212018000982141,17
2023-04-10,-1,0.0022119506932860578,-0.0022119506932860578,17
2023-04-11,1,0.008828022490801057,0.008828022490801057,17
2023-04-12,1,0.014001299550798763,0.014001299550798763,17
2023-04-13,1,-0.0017259551022873465,-0.0017259551022873465,17
2023-04-14,1,-0.0079965188723633,-0.0079965188723633,17
2023-04-17,-1,0.008278806988791132,-0.008278806988791132,17
2023-04-18,1,-0.0012964036338866114,-0.0012964036338866114,17
2023-04-19,1,-0.0021636150189794368,-0.0021636150189794368,17
2023-04-20,-1,0.008456188176075852,-0.008456188176075852,17
2023-04-21,1,0.00301017435816342,0.00301017435816342,17
2023-04-24,1,-0.017792107264867907,-0.017792107264867907,17
2023-04-25,1,0.0024007117216107154,0.0024007117216107154,17
2023-04-26,1,0.012410182691855676,0.012410182691855676,17
2023-04-27,1,-0.003870974304855501,-0.003870974304855501,17
2023-04-28,-1,-0.001943008488360265,0.001943008488360265,17
2023-05-01,1,-0.01103176133642969,-0.01103176133642969,17
2023-05-02,-1,0.0024059625418766384,-0.0024059625418766384,17
2023-05-03,1,-0.003709403815196577,-0.003709403815196577,17
2023-05-04,-1,0.016206782324567515,-0.016206782324567515,17
2023-05-05,1,-0.0006466076079201244,-0.0006466076079201244,17
2023-05-08,1,-0.009488864283894394,-0.009488864283894394,17
2023-05-09,-1,-0.001306365619254235,0.001306365619254235,17
2023-05-10,-1,-0.004360164979215431,0.004360164979215431,17
2023-05-11,-1,-0.00328438180852908,0.00328438180852908,17
2023-05-12,1,0.004613336607224072,0.004613336607224072,17
2023-05-15,1,-0.006341590169042011,-0.006341590169042011,17
2023-05-16,1,0.007482397950338893,0.007482397950338893,17
2023-05-17,1,0.0015290453624012823,0.0015290453624012823,17
2023-05-18,1,0.007851703867662208,0.007851703867662208,17
2023-05-19,1,0.00021644960892963638,0.00021644960892963638,17
2023-05-22,1,-0.01947212250344499,-0.01947212250344499,17
2023-05-23,-1,-0.016548985107024516,0.016548985107024516,17
2023-05-24,-1,0.002468041532527554,-0.002468041532527554,17
2023-05-25,-1,0.015219344237493493,-0.015219344237493493,17
2023-05-26,1,-0.011904781928157915,-0.011904781928157915,17
2023-05-30,1,-0.01740291799660476,-0.01740291799660476,17
2023-05-31,-1,0.014305114448711187,-0.014305114448711187,17
2023-06-01,-1,0.010521630623882006,-0.010521630623882006,17
2023-06-02,1,-0.009969002415242567,-0.009969002415242567,17
2023-06-05,1,0.0026852260073759737,0.0026852260073759737,17
2023-06-06,-1,-0.003570628040807766,0.003570628040807766,17
2023-06-07,1,0.01276595017569826,0.01276595017569826,17
2023-06-08,1,-0.007518800163858197,-0.007518800163858197,17
2023-06-09,1,0.011140819699205107,0.011140819699205107,17
2023-06-12,1,0.008153347800265554,0.008153347800265554,17
2023-06-13,1,0.007213154777151676,0.007213154777151676,17
2023-06-14,1,0.012152724312965324,0.012152724312965324,17
2023-06-15,1,0.00150085110935394,0.00150085110935394,17
2023-06-16,1,-0.030614436591824723,-0.030614436591824723,17
2023-06-20,-1,-0.00044170623460393355,0.00044170623460393355,17
2023-06-21,-1,-0.004860747109245778,0.004860747109245778,17
2023-06-22,-1,-0.014875709814019977,0.014875709814019977,17
2023-06-23,-1,0.004056802107480495,-0.004056802107480495,17
2023-06-26,1,0.01503932648971218,0.01503932648971218,17
2023-06-27,1,0.0008845002156205872,0.0008845002156205872,17
2023-06-28,1,0.0004419014252183828,0.0004419014252183828,17
2023-06-29,1,0.015459381223736024,0.015459381223736024,17
2023-06-30,1,0.0,0.0,17
2023-07-03,1,-0.019573678124005234,-0.019573678124005234,17
2023-07-05,-1,-0.023735658075869526,0.023735658075869526,17
2023-07-06,-1,0.009770514009890041,-0.009770514009890041,17
2023-07-07,-1,0.007875839325701683,-0.007875839325701683,18
2023-07-10,1,0.010046902293843196,0.010046902293843196,18
2023-07-11,1,0.026083033746662432,0.026083033746662432,18
2023-07-12,1,0.017449405541616336,0.017449405541616336,18
2023-07-13,1,-0.003811143487621904,-0.003811143487621904,18
2023-07-14,1,-0.0027630408123967554,-0.0027630408123967554,18
2023-07-17,-1,0.0027706963595168776,-0.0027706963595168776,18
2023-07-18,-1,-0.007651447740470885,0.007651447740470885,18
2023-07-19,1,-0.0057828328486867475,-0.0057828328486867475,18
2023-07-20,-1,0.007109044465138714,-0.007109044465138714,18
2023-07-21,1,-0.007272730536639349,-0.007272730536639349,18
2023-07-24,-1,-0.0036629642211643,0.0036629642211643,18
2023-07-25,-1,-0.0010813808378622447,0.0010813808378622447,18
2023-07-26,-1,0.0012990122337073196,-0.0012990122337073196,18
2023-07-27,1,0.01751354320629228,0.01751354320629228,18
2023-07-28,1,-0.000637539165291412,-0.000637539165291412,18
2023-07-31,1,-0.015096727682357591,-0.015096727682357591,18
2023-08-01,-1,-0.022236588646004862,0.022236588646004862,18
2023-08-02,-1,-0.0041952403966746266,0.0041952403966746266,18
2023-08-03,-1,0.003769445441115238,-0.003769445441115238,18
2023-08-04,1,0.011265701709215259,0.011265701709215259,18
2023-08-07,1,-0.01201396355889095,-0.01201396355889095,18
2023-08-08,-1,0.003537471789330837,-0.003537471789330837,18
2023-08-09,1,0.009693819064174658,0.009693819064174658,18
2023-08-10,1,-0.010909883919341223,-0.010909883919341223,18
2023-08-11,-1,-0.001544308552697382,0.001544308552697382,18
2023-08-14,-1,-0.014140508470676383,0.014140508470676383,18
2023-08-15,-1,-0.006723425464857491,0.006723425464857491,18
2023-08-16,1,-0.011281588525335451,-0.011281588525335451,18
2023-08-17,-1,0.0013692691398650148,-0.0013692691398650148,18
2023-08-18,-1,0.007520465093999507,-0.007520465093999507,18
2023-08-21,1,-0.0018095005205625014,-0.0018095005205625014,18
2023-08-22,1,0.005665080307025727,0.005665080307025727,18
2023-08-23,-1,-0.017575542479077,0.017575542479077,18
2023-08-24,-1,0.008715621133353668,-0.008715621133353668,18
2023-08-25,-1,0.011823566693407672,-0.011823566693407672,18
2023-08-28,1,0.014606775862447297,0.014606775862447297,18
2023-08-29,1,-0.00022153124900192722,-0.00022153124900192722,18
2023-08-30,1,-0.012405794553957628,-0.012405794553957628,18
2023-08-31,-1,-0.007178185203630227,0.007178185203630227,18
2023-09-01,-1,-0.011296882488961657,0.011296882488961657,18
2023-09-05,-1,-0.004798882370370627,0.004798882370370627,18
2023-09-06,-1,-0.007347869125836959,0.007347869125836959,18
2023-09-07,-1,0.0025445434077344675,-0.0025445434077344675,18
2023-09-08,-1,0.011536686622972914,-0.011536686622972914,18
2023-09-11,1,-0.007071199183668719,-0.007071199183668719,18
2023-09-12,-1,-0.005972853866856975,0.005972853866856975,18
2023-09-13,-1,0.010862057215873966,-0.010862057215873966,18
2023-09-14,1,-0.0013717734565280582,-0.0013717734565280582,18
2023-09-15,1,-0.00915754402665403,-0.00915754402665403,18
2023-09-18,-1,0.00046211779870097835,-0.00046211779870097835,18
2023-09-19,-1,-0.0004619043444821225,0.0004619043444821225,18
2023-09-20,1,-0.015711652596003822,-0.015711652596003822,18
2023-09-21,-1,-0.000704196722333239,0.000704196722333239,18
2023-09-22,-1,-0.009396324377412224,0.009396324377412224,18
2023-09-25,-1,-0.014702370377178364,0.014702370377178364,18
2023-09-26,-1,-0.002406702189103771,0.002406702189103771,18
2023-09-27,-1,0.012545246036004931,-0.012545246036004931,18
2023-09-28,1,0.000952992605831815,0.000952992605831815,18
2023-09-29,1,-0.017614803459542805,-0.017614803459542805,18
2023-10-02,1,-0.007996167370834306,-0.007996167370834306,18
2023-10-03,-1,0.008549152431823082,-0.008549152431823082,18
2023-10-04,-1,0.0031483955082471926,-0.0031483955082471926,18
2023-10-05,1,0.015692939512639725,0.015692939512639725,18
2023-10-06,1,-0.008557181197124009,-0.008557181197124009,18
2023-10-09,-1,0.015104317476472007,-0.015104317476472007,18
2023-10-10,1,0.006849336667033912,0.006849336667033912,18
2023-10-11,1,-0.013370858093891713,-0.013370858093891713,18
2023-10-12,1,-0.014740911230111009,-0.014740911230111009,18
2023-10-13,-1,0.01110045642891122,-0.01110045642891122,18
2023-10-16,-1,0.0014319225873224983,-0.0014319225873224983,18
2023-10-17,-1,-0.01906575916386488,0.01906575916386488,18
2023-10-18,-1,-0.0019435864104467848,0.0019435864104467848,18
2023-10-19,-1,-0.009737135054763368,0.009737135054763368,18
2023-10-20,-1,0.0068829591247876465,-0.0068829591247876465,18
2023-10-23,1,0.0051269308878540976,0.0051269308878540976,18
2023-10-24,1,-0.007286841156258217,-0.007286841156258217,18
2023-10-25,1,-0.0044042160479567105,-0.0044042160479567105,18
2023-10-26,-1,-0.008601584810360552,0.008601584810360552,18
2023-10-27,1,0.015865131066624016,0.015865131066624016,18
2023-10-30,1,0.004148413507603088,0.004148413507603088,18
2023-10-31,1,0.008505430404443182,0.008505430404443182,18
2023-11-01,1,0.024096385542168752,0.024096385542168752,18
2023-11-02,1,0.0072941499597884984,0.0072941499597884984,18
2023-11-03,1,-0.005606205810975151,-0.005606205810975151,18
2023-11-06,1,-0.003993379613906445,-0.003993379613906445,18
2023-11-07,-1,0.009433907943081188,-0.009433907943081188,18
2023-11-08,1,0.0009346008467381317,0.0009346008467381317,18
2023-11-09,1,0.00793651147004848,0.00793651147004848,18
2023-11-10,1,0.003242227620634308,0.003242227620634308,18
2023-11-13,-1,0.03070179687036312,-0.03070179687036312,18
2023-11-14,1,0.0020156808401390336,0.0020156808401390336,18
2023-11-15,1,0.00044695221985269207,0.00044695221985269207,18
2023-11-16,1,0.01295803960688846,0.01295803960688846,18
2023-11-17,1,0.005293376216565671,0.005293376216565671,18
2023-11-20,1,-0.006581900827248632,-0.006581900827248632,18
2023-11-21,1,0.0011043077099346377,0.0011043077099346377,18
2023-11-22,1,0.01058900337187918,0.01058900337187918,18
2023-11-24,1,-0.003929279628459681,-0.003929279628459681,18
2023-11-27,1,0.00021911727589651875,0.00021911727589651875,18
2023-11-28,-1,0.005696804112785392,-0.005696804112785392,18
2023-11-29,1,-0.003703746797191876,-0.003703746797191876,18
2023-11-30,1,0.006997587973484709,0.006997587973484709,18
2023-12-01,1,-0.0023887212198482333,-0.0023887212198482333,18
2023-12-04,-1,0.0028298013060812366,-0.0028298013060812366,18
2023-12-05,1,0.00043413192741814655,0.00043413192741814655,18
2023-12-06,1,0.0056411004702199286,0.0056411004702199286,18
2023-12-07,-1,0.00798279954180825,-0.00798279954180825,18
2023-12-08,1,0.0034246541787590346,0.0034246541787590346,18
2023-12-11,1,0.003199609807254422,0.003199609807254422,18
2023-12-12,1,0.013183133376030609,0.013183133376030609,18
2023-12-13,1,0.003987379236615407,0.003987379236615407,18
2023-12-14,1,-0.010033435215412778,-0.010033435215412778,18
2023-12-15,1,-0.0019003410352198546,-0.0019003410352198546,18
2023-12-18,-1,0.009096685022459194,-0.009096685022459194,18
2023-12-19,1,-0.01530397338700884,-0.01530397338700884,18
2023-12-20,1,0.016180504615320723,0.016180504615320723,18
2023-12-21,1,-0.0025141196948593736,-0.0025141196948593736,18
2023-12-22,1,0.007351364621595913,0.007351364621595913,18
2023-12-26,1,0.004170157772254823,0.004170157772254823,18
2023-12-27,1,-0.008305679550378975,-0.008305679550378975,19
2023-12-28,1,0.0010469651071003394,0.0010469651071003394,19
2023-12-29,1,-0.01443217782026085,-0.01443217782026085,19
2024-01-02,-1,-0.013794518801268585,0.013794518801268585,19
2024-01-03,-1,0.0045190247246884585,-0.0045190247246884585,19
2024-01-04,-1,-0.001499565003568737,0.001499565003568737,19
2024-01-05,-1,0.012872741177090585,-0.012872741177090585,19
2024-01-08,1,-0.011014625457484883,-0.011014625457484883,19
2024-01-09,-1,0.005568690166586121,-0.005568690166586121,19
2024-01-10,1,-0.0012779845008730195,-0.0012779845008730195,19
2024-01-11,1,0.0012796198351894272,0.0012796198351894272,19
2024-01-12,1,-0.018317371594813947,-0.018317371594813947,19
2024-01-16,-1,-0.006292057161363718,0.006292057161363718,19
2024-01-17,-1,0.01419217329053879,-0.01419217329053879,19
2024-01-18,1,0.0034445607057937977,0.0034445607057937977,19
2024-01-19,1,-0.0006436125059867681,-0.0006436125059867681,19
2024-01-22,1,-0.0019321629250750316,-0.0019321629250750316,19
2024-01-23,-1,0.020004225788386565,-0.020004225788386565,19
2024-01-24,1,0.005272037318713396,0.005272037318713396,19
2024-01-25,1,0.009020354975719513,0.009020354975719513,19
2024-01-26,1,0.003326400259621387,0.003326400259621387,19
2024-01-29,1,0.002072156906266276,0.002072156906266276,19
2024-01-30,1,-0.010545949747595817,-0.010545949747595817,19
2024-01-31,1,0.012121250774299819,0.012121250774299819,19
2024-02-01,-1,-0.006401019437075717,0.006401019437075717,19
2024-02-02,-1,-0.003740654804057164,0.003740654804057164,19
2024-02-05,-1,0.008135236034996884,-0.008135236034996884,19
2024-02-06,1,0.00020687608430369764,0.00020687608430369764,19
2024-02-07,1,0.0035167184197084644,0.0035167184197084644,19
2024-02-08,1,0.0072150546470539645,0.0072150546470539645,19
2024-02-09,1,-0.0002047101126795292,-0.0002047101126795292,19
2024-02-12,1,-0.0196519777780797,-0.0196519777780797,19
2024-02-13,-1,0.013572802968533804,-0.013572802968533804,19
2024-02-14,-1,0.011948867025502796,-0.011948867025502796,19
2024-02-15,1,-0.0022394261552021177,-0.0022394261552021177,19
2024-02-16,1,0.00652935157071588,0.00652935157071588,19
2024-02-20,1,0.00648691836501758,0.00648691836501758,19
2024-02-21,1,0.015911320776461846,0.015911320776461846,19
2024-02-22,1,0.0005948175022005842,0.0005948175022005842,19
2024-02-23,1,0.0011887766424134583,0.0011887766424134583,19
2024-02-26,1,0.004749687003062553,0.004749687003062553,19
2024-02-27,1,-0.0021666458412399336,-0.0021666458412399336,19
2024-02-28,1,0.0009869569129716815,0.0009869569129716815,19
2024-02-29,1,0.003944010383559515,0.003944010383559515,19
2024-03-01,1,0.0031427980336213857,0.0031427980336213857,19
2024-03-04,1,-0.006657531909528225,-0.006657531909528225,19
2024-03-05,1,0.012221544204205514,0.012221544204205514,19
2024-03-06,1,0.01713731439658628,0.01713731439658628,19
2024-03-07,1,-0.00919011193649677,-0.00919011193649677,19
2024-03-08,1,-0.002125615658967406,-0.002125615658967406,19
2024-03-11,-1,0.01161894453737422,-0.01161894453737422,19
2024-03-12,1,0.004019890461818498,0.004019890461818498,19
2024-03-13,1,-0.007816965518555485,-0.007816965518555485,19
2024-03-14,1,0.0015372408714457997,0.0015372408714457997,19
2024-03-15,-1,-0.0070989819544761135,0.0070989819544761135,19
2024-03-18,1,0.0025120979345938377,0.0025120979345938377,19
2024-03-19,1,0.013878130130732691,0.013878130130732691,19
2024-03-20,1,-0.004562697162198703,-0.004562697162198703,19
2024-03-21,1,-0.005156616780296441,-0.005156616780296441,19
2024-03-22,-1,0.0030716038960150183,-0.0030716038960150183,19
2024-03-25,-1,0.0021052748392642595,-0.0021052748392642595,19
2024-03-26,1,0.0082123815921189,0.0082123815921189,19
2024-03-27,1,-0.004546347306393139,-0.004546347306393139,19
2024-03-28,1,0.00228351919366232,0.00228351919366232,19
2024-04-01,1,-0.011391655496104769,-0.011391655496104769,19
2024-04-02,-1,0.00845013691737595,-0.00845013691737595,19
2024-04-03,-1,-0.01161677423638674,0.01161677423638674,19
2024-04-04,1,0.0015413875530916332,0.0015413875530916332,19
2024-04-05,-1,0.006540980292076171,-0.006540980292076171,19
2024-04-08,1,-0.005925102735076737,-0.005925102735076737,19
2024-04-09,1,-0.01230531456070949,-0.01230531456070949,19
2024-04-10,-1,-0.00038934121431832835,0.00038934121431832835,19
2024-04-11,-1,-0.02122687799372025,0.02122687799372025,19
2024-04-12,-1,0.0005969477715102034,-0.0005969477715102034,19
2024-04-15,1,-0.0029827306253357166,-0.0029827306253357166,19
2024-04-16,-1,0.0013960848758740596,-0.0013960848758740596,19
2024-04-17,1,-0.0005974662386749596,-0.0005974662386749596,19
2024-04-18,-1,-0.0011957228562397004,0.0011957228562397004,19
2024-04-19,-1,0.010973648219905652,-0.010973648219905652,19
2024-04-22,1,0.018156740021483264,0.018156740021483264,19
2024-04-23,1,-0.004264415973103786,-0.004264415973103786,19
2024-04-24,1,-0.004866653790113862,-0.004866653790113862,19
2024-04-25,-1,0.010758983735375205,-0.010758983735375205,19
2024-04-26,1,-0.003096571571165163,-0.003096571571165163,19
2024-04-29,1,-0.019607811190919477,-0.019607811190919477,19
2024-04-30,-1,-0.0031683138101408215,0.0031683138101408215,19
2024-05-01,-1,0.007945997708908248,-0.007945997708908248,19
2024-05-02,1,0.009459982781987897,0.009459982781987897,19
2024-05-03,1,0.00976181155961986,0.00976181155961986,19
2024-05-06,1,0.0073472011687782945,0.0073472011687782945,19
2024-05-07,1,0.004990444219679091,0.004990444219679091,19
2024-05-08,1,0.00974022757044013,0.00974022757044013,19
2024-05-09,1,0.0035937666965160098,0.0035937666965160098,19
2024-05-10,1,0.0009423150351766107,0.0009423150351766107,19
2024-05-13,1,0.0064018103686789285,0.0064018103686789285,19
2024-05-14,1,0.008793216076654176,0.008793216076654176,19
2024-05-15,1,-0.010200282932823157,-0.010200282932823157,19
2024-05-16,1,0.0028105963815054924,0.0028105963815054924,19
2024-05-17,-1,-0.0013079165587724928,0.0013079165587724928,19
2024-05-20,1,-0.001122570111030119,-0.001122570111030119,19
2024-05-21,-1,-0.009177708735178092,0.009177708735178092,19
2024-05-22,-1,-0.003780732649726115,0.003780732649726115,19
2024-05-23,1,0.009487665896802389,0.009487665896802389,19
2024-05-24,1,0.0007518968976258922,0.0007518968976258922,19
2024-05-28,1,-0.018031609107897584,-0.018031609107897584,19
2024-05-29,-1,0.007268574540703954,-0.007268574540703954,19
2024-05-30,-1,0.0051272400027730924,-0.0051272400027730924,19
2024-05-31,1,0.00302285748138309,0.00302285748138309,19
2024-06-03,1,-0.007346004681249352,-0.007346004681249352,19
2024-06-04,-1,0.01650851839259526,-0.01650851839259526,19
2024-06-05,1,0.004666791141015425,0.004666791141015425,19
2024-06-06,1,-0.014121113449324096,-0.014121113449324096,19
2024-06-07,-1,-0.00640784289084162,0.00640784289084162,19
2024-06-10,-1,-0.012518964949358335,0.012518964949358335,19
2024-06-11,-1,0.018248116081102772,-0.018248116081102772,19
2024-06-12,1,-0.02244856940932205,-0.02244856940932205,19
2024-06-13,1,-0.026244705101520882,-0.026244705101520882,19
2024-06-14,-1,0.015259620922201123,-0.015259620922201123,19
2024-06-17,1,0.0031231670669877865,0.0031231670669877865,19
2024-06-18,1,0.0023350638900558884,0.0023350638900558884,19
2024-06-20,1,-0.008542004291330896,-0.008542004291330896,20
2024-06-21,-1,-0.011944402075518057,0.011944402075518057,20
2024-06-24,-1,0.0007927252527368811,-0.0007927252527368811,20
2024-06-25,-1,-0.008118808859645776,0.008118808859645776,20
2024-06-26,-1,0.00019960713720790224,-0.00019960713720790224,20
2024-06-27,-1,-0.00139719954004347,0.00139719954004347,20
2024-06-28,-1,0.0111933117520433,-0.0111933117520433,20
2024-07-01,1,-0.004546343971982836,-0.004546343971982836,20
2024-07-02,-1,0.01707705718682595,-0.01707705718682595,20
2024-07-03,1,0.006833238301049205,0.006833238301049205,20
2024-07-05,1,-0.005817320900443179,-0.005817320900443179,20
2024-07-08,1,-0.012678008973578625,-0.012678008973578625,20
2024-07-09,-1,0.014421168661394645,-0.014421168661394645,20
2024-07-10,1,0.0025316664455354854,0.0025316664455354854,20
2024-07-11,1,0.016317019426131063,0.016317019426131063,20
2024-07-12,1,-0.012805775475025372,-0.012805775475025372,20
2024-07-15,-1,-0.0005808827319997434,0.0005808827319997434,20
2024-07-16,-1,-0.013366885722323918,0.013366885722323918,20
2024-07-17,-1,-0.007657557182633723,0.007657557182633723,20
2024-07-18,-1,-0.009497418550478476,0.009497418550478476,20
2024-07-19,-1,0.019776225261906033,-0.019776225261906033,20
2024-07-22,1,-0.006660140208994636,-0.006660140208994636,20
2024-07-23,1,-0.015184391079972381,-0.015184391079972381,20
2024-07-24,-1,-0.004205027838353637,0.004205027838353637,20
2024-07-25,-1,0.0144782068636784,-0.0144782068636784,20
2024-07-26,1,-0.013082256440656859,-0.013082256440656859,20
2024-07-29,-1,0.002811797290101614,-0.002811797290101614,20
2024-07-30,1,0.007610676262620464,0.007610676262620464,20
2024-07-31,1,-0.02742995488860911,-0.02742995488860911,20
2024-08-01,-1,-0.009809923140048582,0.009809923140048582,20
2024-08-02,-1,-0.01506706977793737,0.01506706977793737,20
2024-08-05,-1,0.0004191210656339095,-0.0004191210656339095,20
2024-08-06,-1,0.005027185909752152,-0.005027185909752152,20
2024-08-07,1,0.016256748368874918,0.016256748368874918,20
2024-08-08,1,0.0018457784184982007,0.0018457784184982007,20
2024-08-09,-1,-0.0036847555946422084,0.0036847555946422084,20
2024-08-12,1,0.016231784369193036,0.016231784369193036,20
2024-08-13,1,0.007076471801396256,0.007076471801396256,20
2024-08-14,1,0.015860210380433504,0.015860210380433504,20
2024-08-15,1,0.007905168734016588,0.007905168734016588,20
2024-08-16,1,0.013137218998927613,0.013137218998927613,20
2024-08-19,1,-0.00019350342340851423,-0.00019350342340851423,20
2024-08-20,1,0.009872209118071629,0.009872209118071629,20
2024-08-21,1,-0.009200681600216254,-0.009200681600216254,20
2024-08-22,1,0.0164442312130213,0.0164442312130213,20
2024-08-23,1,-0.004758279323252124,-0.004758279323252124,20
2024-08-26,-1,0.002868573504597016,-0.002868573504597016,20
2024-08-27,-1,-0.0036231623128268886,0.0036231623128268886,20
2024-08-28,-1,0.0026794141559509654,-0.0026794141559509654,20
2024-08-29,1,0.0026722540805392825,0.0026722540805392825,20
2024-08-30,1,-0.01789451072820991,-0.01789451072820991,20
2024-09-03,-1,-0.004458219452530665,0.004458219452530665,20
2024-09-04,-1,-0.004867601188260351,0.004867601188260351,20
2024-09-05,-1,-0.01858737530022736,0.01858737530022736,20
2024-09-06,-1,0.008173840683001199,-0.008173840683001199,20
2024-09-09,-1,-0.006921069334254182,0.006921069334254182,20
2024-09-10,-1,0.01075263018128858,-0.01075263018128858,20
2024-09-11,-1,0.007092210840338842,-0.007092210840338842,20
2024-09-12,1,0.004694868612704628,0.004694868612704628,20
2024-09-13,1,0.005646435204069933,0.005646435204069933,20
2024-09-16,1,-0.0005808827319997434,-0.0005808827319997434,20
2024-09-17,1,-0.0025183505638871617,-0.0025183505638871617,20
2024-09-18,-1,0.023888123949133977,-0.023888123949133977,20
2024-09-19,1,-0.012898336294209778,-0.012898336294209778,20
2024-09-20,-1,-0.0019216427182752183,0.0019216427182752183,20
2024-09-23,-1,0.014824807048949618,-0.014824807048949618,20
2024-09-24,1,-0.009296108371853018,-0.009296108371853018,20
2024-09-25,1,0.030448106384906026,0.030448106384906026,20
2024-09-26,1,0.0,0.0,20
2024-09-27,1,-0.010592820670455194,-0.010592820670455194,20
2024-09-30,-1,-0.015589816019678793,0.015589816019678793,20
2024-10-01,-1,-0.002289619008474242,0.002289619008474242,20
2024-10-02,-1,-0.010518248755609139,0.010518248755609139,20
2024-10-03,-1,0.007344361057029403,-0.007344361057029403,20
2024-10-04,-1,-0.004220978712861645,0.004220978712861645,20
2024-10-07,1,0.0001926458812957499,0.0001926458812957499,20
2024-10-08,-1,0.004045445676939652,-0.004045445676939652,20
2024-10-09,-1,-0.002494191406025581,0.002494191406025581,20
2024-10-10,-1,0.006347336135865245,-0.006347336135865245,20
2024-10-11,1,0.005925102735076626,0.005925102735076626,20
2024-10-14,1,-0.02603083258176142,-0.02603083258176142,20
2024-10-15,-1,-0.005267199608022355,0.005267199608022355,20
2024-10-16,-1,0.001372812169444959,-0.001372812169444959,20
2024-10-17,1,0.013513486254426832,0.013513486254426832,20
2024-10-18,1,-0.012753620239847496,-0.012753620239847496,20
2024-10-21,-1,-0.0037189004921026614,0.0037189004921026614,20
2024-10-22,-1,-0.006286830751105588,0.006286830751105588,20
2024-10-23,-1,0.007908218598285055,-0.007908218598285055,20
2024-10-24,1,-0.003923122101516574,-0.003923122101516574,20
2024-10-25,1,0.010240261328554379,0.010240261328554379,20
2024-10-28,1,-0.003898650407678117,-0.003898650407678117,20
2024-10-29,-1,-0.009588999577322621,0.009588999577322621,20
2024-10-30,-1,-0.007113230705591556,0.007113230705591556,20
2024-10-31,-1,0.0035820956253886926,-0.0035820956253886926,20
2024-11-01,1,-0.0017846550077981194,-0.0017846550077981194,20
2024-11-04,1,0.00913784432018927,0.00913784432018927,20
2024-11-05,1,-0.027952720280935983,-0.027952720280935983,20
2024-11-06,-1,0.018225955684775696,-0.018225955684775696,20
2024-11-07,1,-0.018297497837731158,-0.018297497837731158,20
2024-11-08,-1,-0.003646683609198176,0.003646683609198176,20
2024-11-11,1,-0.020740147446813406,-0.020740147446813406,20
2024-11-12,-1,-0.005191029916779222,0.005191029916779222,20
2024-11-13,-1,0.008557709219743526,-0.008557709219743526,20
2024-11-14,1,-0.0028973383802283204,-0.0028973383802283204,20
2024-11-15,1,0.003320876845136045,0.003320876845136045,20
2024-11-18,-1,-0.005999191448323171,0.005999191448323171,20
2024-11-19,-1,-0.004786671090286521,0.004786671090286521,20
2024-11-20,-1,-0.0020911433450284678,0.0020911433450284678,20
2024-11-21,-1,-0.0004191210656339095,0.0004191210656339095,20
2024-11-22,-1,0.005241090062921616,-0.005241090062921616,20
2024-11-25,1,-0.006673611881807262,-0.006673611881807262,20
2024-11-26,-1,0.004618883079411384,-0.004618883079411384,20
2024-11-27,-1,0.015047047934443114,-0.015047047934443114,20
2024-11-29,1,0.0028824251704362425,0.0028824251704362425,20
2024-12-02,1,0.006774827289206087,0.006774827289206087,20
2024-12-03,1,0.007136999746879535,0.007136999746879535,20
2024-12-04,1,0.01275564033003973,0.01275564033003973,20
2024-12-05,1,0.003398603906228592,0.003398603906228592,20
2024-12-06,1,-0.00039849488565291136,-0.00039849488565291136,20
2024-12-09,1,-0.008770154330628221,-0.008770154330628221,20
2024-12-10,-1,0.0032173707799096896,-0.0032173707799096896,21
2024-12-11,-1,-0.006213621214396503,0.006213621214396503,21
2024-12-12,-1,0.006252471705226581,-0.006252471705226581,21
2024-12-13,1,-0.005211431643896702,-0.005211431643896702,21
2024-12-16,-1,0.00020145720971243009,-0.00020145720971243009,21
2024-12-17,-1,-0.025382722341369623,0.025382722341369623,21
2024-12-18,-1,-0.0024804205029486104,0.0024804205029486104,21
2024-12-19,-1,0.0004144313812532996,-0.0004144313812532996,21
2024-12-20,-1,0.0024855581942038185,-0.0024855581942038185,21
2024-12-23,-1,0.003512358751774247,-0.003512358751774247,21
2024-12-24,1,0.004323637755654142,0.004323637755654142,21
2024-12-26,1,-0.0040999785413498024,-0.0040999785413498024,21
2024-12-27,-1,-0.008233872186130808,0.008233872186130808,21
2024-12-30,-1,-0.0006226396659788636,0.0006226396659788636,21
2024-12-31,-1,-0.010176566208485727,0.010176566208485727,21
2025-01-02,-1,0.005874921951181555,-0.005874921951181555,21
2025-01-03,-1,0.025657062525468177,-0.025657062525468177,21
2025-01-06,1,0.003050671780859382,0.003050671780859382,21
2025-01-07,1,-0.0044606898228795044,-0.0044606898228795044,21
2025-01-08,-1,-0.0083503026507874,0.0083503026507874,21
2025-01-10,-1,-0.003902210557976127,0.003902210557976127,21
2025-01-13,-1,0.009484517205621712,-0.009484517205621712,21
2025-01-14,1,0.010212418491620578,0.010212418491620578,21
2025-01-15,1,0.015365995760179052,0.015365995760179052,21
2025-01-16,1,0.004181582623818958,0.004181582623818958,21
2025-01-17,1,0.022407318288262257,0.022407318288262257,21
2025-01-21,1,0.0021333745679703586,0.0021333745679703586,21
2025-01-22,1,0.007741465841957673,0.007741465841957673,21
2025-01-23,1,0.0017284454218431389,0.0017284454218431389,21
2025-01-24,1,0.0015337774403512139,0.0015337774403512139,21
2025-01-27,-1,-0.00612564125650461,0.00612564125650461,21
2025-01-28,-1,0.0023113010557425095,-0.0023113010557425095,21
2025-01-29,1,0.010568778389403066,0.010568778389403066,21
2025-01-30,1,-0.008937083463385287,-0.008937083463385287,21
2025-01-31,-1,-0.018419015812476736,0.018419015812476736,21
2025-02-03,-1,0.021501143029748038,-0.021501143029748038,21
2025-02-04,1,0.005931905534778403,0.005931905534778403,21
2025-02-05,1,0.008369766582903448,0.008369766582903448,21
2025-02-06,1,-0.010563998798812868,-0.010563998798812868,21
2025-02-07,-1,0.008770239805176328,-0.008770239805176328,21
2025-02-10,-1,0.0103949960054186,-0.0103949960054186,21
2025-02-11,1,0.012719796423888985,0.012719796423888985,21
2025-02-12,1,0.009604737045177947,0.009604737045177947,21
2025-02-13,1,0.006769098662964712,0.006769098662964712,21
2025-02-14,1,0.005451627447076612,0.005451627447076612,21
2025-02-18,1,-0.016266067162386544,-0.016266067162386544,21
2025-02-19,-1,0.006797702182808507,-0.006797702182808507,21
2025-02-20,-1,-0.006386833558282179,0.006386833558282179,21
2025-02-21,1,-0.0025711549621083574,-0.0025711549621083574,21
2025-02-24,-1,0.01031113136500772,-0.01031113136500772,21
2025-02-25,1,0.0029159805089613577,0.0029159805089613577,21
2025-02-26,1,-0.021442855376179182,-0.021442855376179182,21
2025-02-27,-1,0.0038997753968526006,-0.0038997753968526006,21
2025-02-28,-1,0.01960779747810837,-0.01960779747810837,21
2025-03-03,1,0.0029027549077029757,0.0029027549077029757,21
2025-03-04,1,0.032018822301902006,0.032018822301902006,21
2025-03-05,1,-0.00876424201028192,-0.00876424201028192,21
2025-03-06,1,0.01237843982994602,0.01237843982994602,21
2025-03-07,-1,-0.027074222481406895,0.027074222481406895,21
2025-03-10,-1,0.0016158016401279784,-0.0016158016401279784,21
2025-03-11,-1,0.00017921350365890376,-0.00017921350365890376,21
2025-03-12,1,-0.011469523268799131,-0.011469523268799131,21
2025-03-13,-1,0.023930378870117952,-0.023930378870117952,21
2025-03-14,1,0.011508525693114224,0.011508525693114224,21
2025-03-17,1,0.003850820967840729,0.003850820967840729,21
2025-03-18,1,0.001743719119077003,0.001743719119077003,21
2025-03-19,1,-0.015491721111039025,-0.015491721111039025,21
2025-03-20,-1,-0.009724240424391795,0.009724240424391795,21
2025-03-21,-1,-0.0024995428288491217,0.0024995428288491217,21
2025-03-24,-1,0.009665311005029764,-0.009665311005029764,21
2025-03-25,1,-0.019322817860952246,-0.019322817860952246,21
2025-03-26,-1,-0.0007230823526394037,0.0007230823526394037,21
2025-03-27,-1,-0.004884234148441968,0.004884234148441968,21
2025-03-28,-1,-0.010907080393169677,0.010907080393169677,21
2025-03-31,-1,0.003859567819547438,-0.003859567819547438,21
2025-04-01,1,0.005309427337942596,0.005309427337942596,21
2025-04-02,1,-0.0242214172291626,-0.0242214172291626,21
2025-04-03,-1,-0.06177680590097623,0.06177680590097623,21
2025-04-04,-1,-0.027451781490925087,0.027451781490925087,21
2025-04-07,-1,-0.013704196713227423,0.013704196713227423,21
2025-04-08,-1,0.09062627169757342,-0.09062627169757342,21
2025-04-09,1,-0.015782502921591002,-0.015782502921591002,21
2025-04-10,-1,0.019126771842551182,-0.019126771842551182,21
2025-04-11,1,0.006824656120408834,0.006824656120408834,21
2025-04-14,1,0.006590067220840545,0.006590067220840545,21
2025-04-15,1,-0.00299288907879125,-0.00299288907879125,21
2025-04-16,1,0.008818034285755116,0.008818034285755116,21
2025-04-17,1,-0.011902536436672606,-0.011902536436672606,21
2025-04-21,-1,0.027291562841876837,-0.027291562841876837,21
2025-04-22,1,0.012641967818996847,0.012641967818996847,21
2025-04-23,1,0.014293484873969753,0.014293484873969753,21
2025-04-24,1,0.006600052137370138,0.006600052137370138,21
2025-04-25,1,0.004607448522543356,0.004607448522543356,21
2025-04-28,1,-0.0031751686282627256,-0.0031751686282627256,21
2025-04-29,-1,-0.004600926017619966,0.004600926017619966,21
2025-04-30,-1,0.0008888753255207327,-0.0008888753255207327,21
2025-05-01,1,0.019715819278748548,0.019715819278748548,21
2025-05-02,1,0.002264432476236866,0.002264432476236866,21
2025-05-05,1,-0.001216539689093521,-0.001216539689093521,21
2025-05-06,-1,-0.004524136605321805,0.004524136605321805,21
2025-05-07,-1,0.0006991944794174643,-0.0006991944794174643,21
2025-05-08,1,0.008733624454148492,0.008733624454148492,21
2025-05-09,1,0.004675332601968396,0.004675332601968396,21
2025-05-12,1,0.008273001352107068,0.008273001352107068,21
2025-05-13,1,-0.0023931519598023865,-0.0023931519598023865,21
2025-05-14,1,0.004626464272445174,0.004626464272445174,21
2025-05-15,1,0.002899508201403833,0.002899508201403833,21
2025-05-16,-1,0.011394591706394008,-0.011394591706394008,21
2025-05-19,1,0.0043719239313331215,0.0043719239313331215,21
2025-05-20,1,-0.004018045632158795,-0.004018045632158795,21
2025-05-21,1,-0.0005043300243341431,-0.0005043300243341431,21
2025-05-22,-1,-0.011099896696508016,0.011099896696508016,21
2025-05-23,-1,0.016496619613759256,-0.016496619613759256,21
2025-05-27,1,-0.012046197342961529,-0.012046197342961529,21
2025-05-28,-1,0.004572404085557036,-0.004572404085557036,21
2025-05-29,-1,-0.002191521725961487,0.002191521725961487,21
2025-05-30,-1,0.012502140490553648,-0.012502140490553648,21
2025-06-02,1,-0.006507581973343557,-0.006507581973343557,21
2025-06-03,-1,0.006550207988772927,-0.006550207988772927,21
2025-06-04,1,0.0,0.0,21
2025-06-05,1,0.0035040728083313155,0.0035040728083313155,22
2025-06-06,1,-0.0013301964943350786,-0.0013301964943350786,22
2025-06-09,-1,0.0016649762210223518,-0.0016649762210223518,22
2025-06-10,1,-0.0013297542646331095,-0.0013297542646331095,22
2025-06-11,-1,0.005492643247338336,-0.005492643247338336,22
2025-06-12,1,-0.020029781286690307,-0.020029781286690307,22
2025-06-13,-1,0.009797263663559264,-0.009797263663559264,22
2025-06-16,1,-0.01639343530023163,-0.01639343530023163,22
2025-06-17,-1,-0.0013605104999219186,0.0013605104999219186,22
2025-06-18,-1,-0.0037466147161039354,0.0037466147161039354,22
2025-06-20,-1,-0.008376097067808508,0.008376097067808508,22
2025-06-23,-1,0.01603172439380285,-0.01603172439380285,22
2025-06-24,1,-0.0078045316455810365,-0.0078045316455810365,22
2025-06-25,-1,0.006155961237509278,-0.006155961237509278,22
2025-06-26,1,0.011046932770110152,0.011046932770110152,22
2025-06-27,1,0.0040342554546675125,0.0040342554546675125,22
2025-06-30,1,-0.003850653674853821,-0.003850653674853821,22
2025-07-01,-1,0.008907542509191124,-0.008907542509191124,22
2025-07-02,1,-0.0018324273294754168,-0.0018324273294754168,22
2025-07-03,1,-0.005173524166668164,-0.005173524166668164,22
2025-07-07,-1,0.011407486968850966,-0.011407486968850966,22
2025-07-08,1,0.01575718607585541,0.01575718607585541,22
2025-07-09,1,-0.006858294776798779,-0.006858294776798779,22
2025-07-10,1,-0.012167015249631818,-0.012167015249631818,22
2025-07-11,-1,-0.0006657941795645828,0.0006657941795645828,22
2025-07-14,-1,-0.012491672028040135,0.012491672028040135,22
2025-07-15,-1,0.0026985974859414785,-0.0026985974859414785,22
2025-07-16,-1,0.0030277595099375,-0.0030277595099375,22
2025-07-17,1,-0.006540321694828433,-0.006540321694828433,22
2025-07-18,1,0.003544886538195069,0.003544886538195069,22
2025-07-21,1,-0.000168244509707427,-0.000168244509707427,22
2025-07-22,-1,0.02372139771178494,-0.02372139771178494,22
2025-07-23,1,-0.01314707078260291,-0.01314707078260291,22
2025-07-24,1,0.004329760858181819,0.004329760858181819,22
2025-07-25,1,-0.019399800315055615,-0.019399800315055615,22
2025-07-28,-1,0.0023672538230181672,-0.0023672538230181672,22
2025-07-29,1,-0.007253716498488827,-0.007253716498488827,22
2025-07-30,-1,-0.016652499025420986,0.016652499025420986,22
2025-07-31,-1,-0.012441635031881115,0.012441635031881115,22
2025-08-01,-1,0.01294834372724285,-0.01294834372724285,22
2025-08-04,1,0.0024183691678094643,0.0024183691678094643,22
2025-08-05,1,0.008271575949224008,0.008271575949224008,22
2025-08-06,1,0.013672928981496746,0.013672928981496746,22
2025-08-07,1,0.004046499042530849,0.004046499042530849,22
2025-08-08,1,-0.007892483829174624,-0.007892483829174624,22
2025-08-11,-1,0.00981716314119252,-0.00981716314119252,22
2025-08-12,1,0.010727445378567069,0.010727445378567069,22
2025-08-13,1,0.004145937034213842,0.004145937034213842,22
2025-08-14,1,0.006771260983950089,0.006771260983950089,22
2025-08-15,1,-0.005905521912044409,-0.005905521912044409,22
2025-08-18,-1,0.002805313332065129,-0.002805313332065129,22
2025-08-19,1,0.0023037582457439143,0.0023037582457439143,22
2025-08-20,1,-0.007880471900160724,-0.007880471900160724,22
2025-08-21,-1,0.015555165016745365,-0.015555165016745365,22
2025-08-22,1,-0.018901741365509928,-0.018901741365509928,22
2025-08-25,1,-0.00415213426011285,-0.00415213426011285,22
2025-08-26,-1,-0.0015010032348582447,0.0015010032348582447,22
2025-08-27,-1,0.005344908978339724,-0.005344908978339724,22
2025-08-28,1,-0.006479471648889179,-0.006479471648889179,22
2025-08-29,-1,-0.011203982901225262,0.011203982901225262,22
2025-09-02,-1,0.0030441451365514904,-0.0030441451365514904,22
2025-09-03,-1,0.00370928006932969,-0.00370928006932969,22
2025-09-04,1,0.0011758726064103886,0.0011758726064103886,22
2025-09-05,1,0.009395996436714293,0.009395996436714293,22
2025-09-08,1,-0.0004986499230877905,-0.0004986499230877905,22
2025-09-09,-1,-0.0051555191715337845,0.0051555191715337845,22
2025-09-10,-1,0.010531612693567727,-0.010531612693567727,22
2025-09-11,1,-0.00033085951217937115,-0.00033085951217937115,22
2025-09-12,-1,0.011252694054968204,-0.011252694054968204,22
2025-09-15,1,-0.0022909407339249954,-0.0022909407339249954,22
2025-09-16,1,-0.006068603233952197,-0.006068603233952197,22
2025-09-17,-1,0.012871330257990587,-0.012871330257990587,22
2025-09-18,1,-0.0014662781202628983,-0.0014662781202628983,22
2025-09-19,1,0.0,0.0,22
2025-09-22,1,0.0029368624977483826,0.0029368624977483826,22
2025-09-23,1,-0.005368502106740558,-0.005368502106740558,22
2025-09-24,-1,-0.008014358335968419,0.008014358335968419,22
2025-09-25,-1,0.014179666513072453,-0.014179666513072453,22
2025-09-26,1,0.0037392840710430697,0.0037392840710430697,22
2025-09-29,1,0.006154798235946668,0.006154798235946668,22
2025-09-30,1,0.012234419660306584,0.012234419660306584,22
2025-10-01,1,0.0069974335120057685,0.0069974335120057685,22
2025-10-02,1,0.002210982159241537,0.002210982159241537,22
2025-10-03,1,-0.0053577081231172,-0.0053577081231172,22
2025-10-06,-1,-0.01093153736351593,0.01093153736351593,22
2025-10-07,-1,0.006567352961843964,-0.006567352961843964,22
2025-10-08,-1,-0.010502861963868515,0.010502861963868515,22
2025-10-09,-1,-0.017529754699875055,0.017529754699875055,22
2025-10-10,-1,0.008839432217687904,-0.008839432217687904,22
2025-10-13,-1,0.006328076957477169,-0.006328076957477169,22
2025-10-14,1,0.002579810484217404,0.002579810484217404,22
2025-10-15,1,0.009006133331337374,0.009006133331337374,22
2025-10-16,1,0.002868927090581952,0.002868927090581952,22
2025-10-17,1,0.007628788475879222,0.007628788475879222,22
2025-10-20,1,-0.00788643514142362,-0.00788643514142362,22
2025-10-21,1,-0.005723379993932909,-0.005723379993932909,22
2025-10-22,-1,0.006875604395282675,-0.006875604395282675,22
2025-10-23,1,0.00047639794688469905,0.00047639794688469905,22
2025-10-24,1,0.009047614203558929,0.009047614203558929,22
2025-10-27,1,-0.0012584240481589015,-0.0012584240481589015,22
2025-10-28,1,-0.002835096872218723,-0.002835096872218723,22
2025-10-29,-1,-0.0075817332463181675,0.0075817332463181675,22
2025-10-30,-1,-0.005570623565466226,0.005570623565466226,22
2025-10-31,-1,0.0009603292850610678,-0.0009603292850610678,22
2025-11-03,1,-0.01087304597411598,-0.01087304597411598,22
2025-11-04,-1,0.008567713774128016,-0.008567713774128016,22
2025-11-05,1,-0.007212706641156252,-0.007212706641156252,22
2025-11-06,-1,0.0037132635992205287,-0.0037132635992205287,22
2025-11-07,1,0.013189698144966178,0.013189698144966178,22
2025-11-10,1,0.009684025708842414,0.009684025708842414,22
2025-11-11,1,0.009591204795386554,0.009591204795386554,22
2025-11-12,1,-0.0076311769312581434,-0.0076311769312581434,22
2025-11-13,1,-0.008003799850285653,-0.008003799850285653,22
2025-11-14,-1,-0.01582028183015194,0.01582028183015194,22
2025-11-17,-1,-0.012377438821661424,0.012377438821661424,22
2025-11-18,-1,-0.0017903124692857375,0.0017903124692857375,22
2025-11-19,-1,-0.014185597922834248,0.014185597922834248,22
2025-11-20,-1,0.009923954646113398,-0.009923954646113398,22
2025-11-21,1,-0.0013102166599309184,-0.0013102166599309184,22
2025-11-24,-1,0.01623485873890651,-0.01623485873890651,22
2025-11-25,1,0.012263971382322714,0.012263971382322714,23
2025-11-26,1,0.005579504086919318,0.005579504086919318,23
2025-11-28,1,-0.0015853247608678123,-0.0015853247608678123,23
2025-12-01,1,0.007939028320644637,0.007939028320644637,23
2025-12-02,1,0.006301221310072158,0.006301221310072158,23
2025-12-03,1,-0.0007827056390815601,-0.0007827056390815601,23
2025-12-04,1,0.00015663984406066866,0.00015663984406066866,23
2025-12-05,1,-0.000626580755509587,-0.000626580755509587,23
2025-12-08,-1,-0.00282132143147773,0.00282132143147773,23
2025-12-09,-1,0.010374093971908804,-0.010374093971908804,23
2025-12-10,1,0.010423120436665378,0.010423120436665378,23
2025-12-11,1,-0.007852109789048156,-0.007852109789048156,23
2025-12-12,1,0.004500324403169165,0.004500324403169165,23
2025-12-15,1,-0.0029353071458769753,-0.0029353071458769753,23
2025-12-16,-1,-0.011465783513628147,0.011465783513628147,23
2025-12-17,-1,0.007680277183799156,-0.007680277183799156,23
2025-12-18,1,0.005133019542001405,0.005133019542001405,23
2025-12-19,1,-0.005880607654919934,-0.005880607654919934,23
2025-12-22,-1,0.0021793180931501954,-0.0021793180931501954,23
2025-12-23,-1,0.0023299399235519047,-0.0023299399235519047,23
2025-12-24,1,0.0029444048504647657,0.0029444048504647657,23
2025-12-26,1,-0.006180493175747204,-0.006180493175747204,23
2025-12-29,-1,0.006374435075477303,-0.006374435075477303,23
2025-12-30,1,-0.00525264868920694,-0.00525264868920694,23
2025-12-31,1,0.015219806898944421,0.015219806898944421,23
2026-01-02,1,0.009637405949947109,0.009637405949947109,23
2026-01-05,1,0.00015154751864354665,0.00015154751864354665,23
2026-01-06,1,-0.003938829386702314,-0.003938829386702314,23
2026-01-07,-1,-0.002129268283626473,0.002129268283626473,23
2026-01-08,-1,0.012193309622246629,-0.012193309622246629,23
2026-01-09,1,0.007077150510334196,0.007077150510334196,23
2026-01-12,1,-0.0017941854383279887,-0.0017941854383279887,23
2026-01-13,1,-0.0016477023192283946,-0.0016477023192283946,23
2026-01-14,-1,-0.003600868091148457,0.003600868091148457,23
2026-01-15,-1,0.0027103247380777518,-0.0027103247380777518,23
2026-01-16,1,-0.019372178361253156,-0.019372178361253156,23
2026-01-20,-1,0.010719707741626783,-0.010719707741626783,23
2026-01-21,-1,0.005454554702296388,-0.005454554702296388,23
2026-01-22,1,0.004972902773048071,0.004972902773048071,23
2026-01-23,1,0.009296672581954546,0.009296672581954546,23
2026-01-26,1,0.01530231491094991,0.01530231491094991,23
2026-01-27,1,-0.013754680456290025,-0.013754680456290025,23
2026-01-28,-1,0.0008901714723361653,-0.0008901714723361653,23
2026-01-29,1,-0.009783516775450973,-0.009783516775450973,23
2026-01-30,-1,0.008682547532382179,-0.008682547532382179,23
2026-02-02,1,-0.00445229199453645,-0.00445229199453645,23
2026-02-03,-1,-0.0032796841785606157,0.0032796841785606157,23
2026-02-04,1,-0.010469592310081599,-0.010469592310081599,23
2026-02-05,-1,0.020253873393571986,-0.020253873393571986,23
2026-02-06,1,0.014518568250867947,0.014518568250867947,23
2026-02-09,1,-0.004380885470961937,-0.004380885470961937,23
2026-02-10,1,0.003226770603085738,0.003226770603085738,23
2026-02-11,1,-0.010380103342600533,-0.010380103342600533,23
2026-02-12,1,-0.0022160070980755675,-0.0022160070980755675,23
2026-02-13,-1,0.004886020529780932,-0.004886020529780932,23
2026-02-17,-1,0.005893529988173052,-0.005893529988173052,23
2026-02-18,1,-0.007177352978811058,-0.007177352978811058,23
2026-02-19,-1,0.013573298694515845,-0.013573298694515845,23
2026-02-20,1,-0.0026200918947840712,-0.0026200918947840712,23
2026-02-23,1,0.0017513536553008802,0.0017513536553008802,23
2026-02-24,-1,0.010198090828476225,-0.010198090828476225,23
2026-02-25,1,-0.0025957987494570345,-0.0025957987494570345,23
2026-02-26,1,-0.00882013559935313,-0.00882013559935313,23
2026-02-27,-1,-0.029175782800329397,0.029175782800329397,23
2026-03-02,-1,-0.03305791850866957,0.03305791850866957,23
2026-03-03,-1,0.012121193438886513,-0.012121193438886513,23
2026-03-04,1,-0.021956034865385665,-0.021956034865385665,23
2026-03-05,-1,-0.00973310713436415,0.00973310713436415,23
2026-03-06,-1,0.010938468717185401,-0.010938468717185401,23
2026-03-09,-1,0.000784055773900505,-0.000784055773900505,23
2026-03-10,1,0.0007834415120595573,0.0007834415120595573,23
2026-03-11,1,-0.01800528777850885,-0.01800528777850885,23
2026-03-12,-1,-0.013073974471696115,0.013073974471696115,23
2026-03-13,1,0.015831979290446663,0.015831979290446663,23
2026-03-16,1,0.0044529067197942584,0.0044529067197942584,23
2026-03-17,1,-0.021374263416443107,-0.021374263416443107,23
2026-03-18,1,0.005662489343873922,0.005662489343873922,23
2026-03-19,-1,-0.03474903237957516,0.03474903237957516,23
2026-03-20,-1,0.02800000508626299,-0.02800000508626299,23
2026-03-23,1,-0.008754878613092876,-0.008754878613092876,23
2026-03-24,-1,0.011449145729922394,-0.011449145729922394,23
2026-03-25,1,-0.022315670516011243,-0.022315670516011243,23
2026-03-26,-1,-0.01091630594453008,0.01091630594453008,23
2026-03-27,-1,0.0005017156250319843,-0.0005017156250319843,23
2026-03-30,1,0.03760655074611985,0.03760655074611985,23
2026-03-31,1,0.015463902322123246,0.015463902322123246,23
2026-04-01,1,-0.009359139340408329,-0.009359139340408329,23
2026-04-02,-1,0.006725350901749749,-0.006725350901749749,23
2026-04-06,1,-0.0001590316797052127,-0.0001590316797052127,23
2026-04-07,-1,0.04517970585929243,-0.04517970585929243,23
2026-04-08,1,0.0010654444151552145,0.0010654444151552145,23
2026-04-09,1,0.0025848533832601994,0.0025848533832601994,23
2026-04-10,1,0.007279279796290394,0.007279279796290394,23
2026-04-13,-1,0.010689537850734565,-0.010689537850734565,23
2026-04-14,1,-0.00685236262912603,-0.00685236262912603,23
2026-04-15,1,-0.00584969852046735,-0.00584969852046735,23
2026-04-16,1,0.0200664130288144,0.0200664130288144,23
2026-04-17,1,-0.0036976778249240283,-0.0036976778249240283,23
2026-04-20,-1,-0.022713758394202754,0.022713758394202754,23
2026-04-21,-1,0.0016709799072140985,-0.0016709799072140985,23
2026-04-22,1,-0.010615780280850529,-0.010615780280850529,23
2026-04-23,-1,0.012109149929418805,-0.012109149929418805,23
2026-04-24,1,-0.006360717502799651,-0.006360717502799651,23
2026-04-27,1,-0.007011112333385361,-0.007011112333385361,23
2026-04-28,-1,-0.00967006704615736,0.00967006704615736,23
2026-04-29,-1,0.022473723699310444,-0.022473723699310444,23
2026-04-30,1,0.0,0.0,23
2026-05-01,1,0.0,0.0,23
2026-05-04,1,0.0,0.0,23
2026-05-05,1,0.0,0.0,23
2026-05-06,1,0.0,0.0,23
2026-05-07,1,0.0,0.0,23
2026-05-08,1,0.0,0.0,23
2026-05-11,1,0.0,0.0,23
2026-05-12,1,0.0,0.0,23
2026-05-13,1,0.0,0.0,23
2026-05-14,1,0.0,0.0,23
2026-05-15,1,0.0,0.0,23
2026-05-18,1,0.0,0.0,23
2026-05-19,1,0.0,0.0,23
