,MLP,LSTM,BuyAndHold
2019-11-04,0.9983364144146216,1.0016635855853784,1.0
2019-11-05,0.9975047009460593,1.0024980709182492,0.9983364144146216
2019-11-06,0.9966729874774967,1.001662194007594,0.9975047009460591
2019-11-07,0.9948046116372715,1.0035399226777442,0.9983364144146216
2019-11-08,0.9937665634656243,1.0024927594763229,0.9964649202931344
2019-11-11,0.9950095769536642,1.0037466877805172,0.9975047009460591
2019-11-12,0.9960479764500966,1.0047942053916823,0.9962570117570254
2019-11-13,0.998337276156567,1.0071036072818045,0.9952173104282274
2019-11-14,0.9916468547177869,1.0003544377114055,0.9929299199103955
2019-11-15,0.9943286760434547,0.9976490674966789,0.9995841036036555
2019-11-18,0.9922657062951528,0.9997189261814922,1.0022873905178318
2019-11-19,0.9854581028613798,1.0065776636663253,1.0002079085361089
2019-11-20,0.9862832907607006,1.007420536341858,0.99334581630674
2019-11-21,0.9844235453696536,1.005520934354418,0.9925140235140509
2019-11-22,0.9922462555558843,0.9975305740134441,0.9943855176355382
2019-11-25,0.9932755409286789,0.9964958070662289,1.0022873905178318
2019-11-26,0.9963634755765026,0.9933978611265012,1.00332709184663
2019-11-27,0.9897759549552894,0.9999657743987673,1.006446275157151
2019-11-29,0.995540094395931,1.0057892560974757,0.999792091463891
2019-12-02,0.9997055500778137,1.0099975954653944,0.9939696212391935
2019-12-03,0.9896244148810681,0.999812674207848,0.9898107365998744
2019-12-04,0.9875660807964235,1.001892198999917,0.999792091463891
2019-12-05,0.9970341820335381,0.9922867488399069,0.9977126094821681
2019-12-06,0.9931234650488387,0.9961788447302059,1.0072779886257135
2019-12-09,0.9927117982319098,0.9965917780547465,1.00332709184663
2019-12-10,0.9869486198297388,0.9908060744685738,1.0029111954502854
2019-12-11,0.9944764226066408,0.9832488495341668,1.0087335863508562
2019-12-12,1.0050559680994897,0.9727887464105831,1.0164275506970408
2019-12-13,1.0101422835704164,0.967865726590933,1.02724061902962
2019-12-16,1.0020041477725279,0.9756632644677541,1.0324392049977373
2019-12-17,1.0032248914255155,0.9768519169700415,1.024121435719099
2019-12-18,1.0020011696754487,0.9756603646594801,1.0228737465300652
2019-12-19,0.9999666805782894,0.9736793586142745,1.024121435719099
2019-12-20,1.0015877376788664,0.9721009161835185,1.0262008383766952
2019-12-23,1.0026008597185987,0.971117620536038,1.0278644239620736
2019-12-24,1.0066534251737844,0.9671923119910093,1.0289041252908717
2019-12-26,1.0121243769438466,0.9619358231548797,1.0330630099301907
2019-12-27,1.0038166525440315,0.969831589615135,1.0386774922946527
2019-12-30,0.9971299852447936,0.9633713051004158,1.0301518144799053
2019-12-31,0.9897319334873874,0.9562237206508486,1.0370139067092743
2020-01-02,0.9785028200971485,0.9670726628970485,1.0447078710554591
2020-01-03,0.9767298101039353,0.9653203639151104,1.032855022069955
2020-01-06,0.9806555132363133,0.9692002098429895,1.0347265161914425
2020-01-07,0.9788746588500786,0.9674401581005153,1.03056771087625
2020-01-08,0.9776917769186515,0.9662710937341965,1.0324392049977373
2020-01-09,0.9731681666736103,0.970741862459366,1.0336868148626444
2020-01-10,0.969234569713146,0.9668180727482644,1.0289041252908717
2020-01-13,0.9684541697551928,0.9660396184845618,1.0330630099301907
2020-01-14,0.9694280629254871,0.9650681534260618,1.03389480272288
2020-01-15,0.9737132820387251,0.9608022066737482,1.034934504051678
2020-01-16,0.9785828221934824,0.9559972348073059,1.0395092850873418
2020-01-17,0.9715706724821059,0.962847544849643,1.0447078710554591
2020-01-21,0.9723498167396558,0.9636196936564292,1.03722189456951
2020-01-22,0.9741056680961457,0.9653597803177507,1.0363901017768207
2020-01-23,0.9774342345270121,0.9686584616248356,1.0345186076553334
2020-01-24,0.9975428131843644,0.9885864978851152,1.0309836072725946
2020-01-27,0.9891203998889317,0.9802397041902224,1.009773367003781
2020-01-28,0.9873025321188945,0.9784381579220853,1.0182990448185283
2020-01-29,0.9877050291030133,0.9780392747075703,1.0201705389400155
2020-01-30,0.972812947764421,0.9927856210378206,1.02058643533636
2020-01-31,0.9746241458087301,0.9946340045111022,1.0051985859681172
2020-02-03,0.958464589890227,0.9781426792310325,1.00332709184663
2020-02-04,0.969798152087663,0.9665764294081765,1.0199625510797798
2020-02-05,0.9709705381485485,0.9654079380781205,1.0320233086013928
2020-02-06,0.9610048839243647,0.9753164999944419,1.0332709184662998
2020-02-07,0.9572922038293415,0.9715485293873727,1.0226658379939564
2020-02-10,0.9499239221233721,0.9640705166897756,1.0266167347730397
2020-02-11,0.9546974091692181,0.959225941229023,1.0345186076553334
2020-02-12,0.9493511269859127,0.9645975830813035,1.0397171936234508
2020-02-13,0.9493511269859127,0.9645975830813035,1.03389480272288
2020-02-14,0.9537427263275753,0.9690597109393895,1.03389480272288
2020-02-18,0.948732188853143,0.9639687048823151,1.0291121131511074
2020-02-19,0.9443460990211613,0.9684252347487086,1.0345186076553334
2020-02-20,0.947778703715104,0.9719453647201,1.0297359180835608
2020-02-21,0.9885020485332082,1.0137070819613774,1.0259929298405863
2020-02-24,1.0100640910541077,1.0358189179837927,0.9819089430417074
2020-02-25,1.0085333662169391,1.0342491624023302,0.9604907149126581
2020-02-26,1.0410174262196834,1.0675615078086977,0.9619463126378008
2020-02-27,1.0484582404991307,1.0599309660795961,0.930962784689333
2020-02-28,1.0272296690588014,1.0813918305814825,0.924308600996073
2020-03-02,1.0174896671614924,1.071138273077396,0.9430234628868192
2020-03-03,1.052599020534589,1.1080988175965707,0.9340818886757273
2020-03-04,1.0183957339443315,1.0720921135343418,0.9663131851373556
2020-03-05,1.0331189303326869,1.0565926154435181,0.9349136814684165
2020-03-06,1.1228844487964251,0.9647875181352128,0.9213974055457876
2020-03-09,1.0820875741599951,0.9998403817404959,0.841339134042306
2020-03-10,1.1450566219947822,0.9416574783152876,0.871906844918556
2020-03-11,1.2766990097190056,0.8333990424592129,0.8211686744264172
2020-03-12,1.1930468827579792,0.8880051806157232,0.7267623342076174
2020-03-13,1.3320861797461987,0.7845158560811454,0.7743814007133619
2020-03-16,1.2915972399904243,0.8083613217253962,0.6841339451338813
2020-03-17,1.3723697210960943,0.7578089145476733,0.7049282890063503
2020-03-18,1.346891567862245,0.7718776974346944,0.6608442625454081
2020-03-19,1.364367379136147,0.7618626455264607,0.6731128889410666
2020-03-20,1.3733350941904625,0.7568550740907275,0.6643793025902104
2020-03-23,1.2482897182596924,0.8257685007301115,0.660012469752719
2020-03-24,1.2933478210519929,0.8555753327854251,0.7201081505143575
2020-03-25,1.3571501111066606,0.8977818178913369,0.7461010803549437
2020-03-26,1.3131733587793217,0.8686903206971165,0.7829070785281091
2020-03-27,1.2940687671974398,0.8813283883803349,0.7575379536199763
2020-03-30,1.2982703854381434,0.8841899097511724,0.7685589304886644
2020-03-31,1.240149201840182,0.8446063494570127,0.7710543088667319
2020-04-01,1.2177409719114645,0.8598675238784487,0.7365356218872717
2020-04-02,1.2423929496763964,0.8424603448737334,0.7498440685979183
2020-04-03,1.1790952920017446,0.8853821648407385,0.7346642070899111
2020-04-06,1.1860814998717157,0.8906281054274756,0.77209401019553
2020-04-07,1.2032296959088467,0.9035046787065468,0.776668711907067
2020-04-08,1.2337152969932947,0.9263963038938517,0.7878976766359908
2020-04-09,1.217837364619435,0.9144735710717263,0.8078602277157706
2020-04-13,1.1984662677410844,0.9290193196688366,0.797463055779536
2020-04-14,1.1507860355980135,0.8920588661128942,0.8101476182336024
2020-04-15,1.1474022567470068,0.894681881887879,0.7779164010961008
2020-04-16,1.1103991740378631,0.9235348734862466,0.7802037916139326
2020-04-17,1.0963508076644874,0.9118506462599739,0.8053649286618297
2020-04-20,1.0745613484775072,0.8937280414309331,0.7951757445858308
2020-04-21,1.0607996365865342,0.9051738540245856,0.7793719988212435
2020-04-22,1.0663886972229975,0.9004047427030889,0.7893532743611335
2020-04-23,1.0796621085502698,0.9116121406641212,0.7851943897218142
2020-04-24,1.095194762044806,0.9247271285758127,0.7949677567255953
2020-04-27,1.1016902314068218,0.9302115747584025,0.8064046299906279
2020-04-28,1.1344500508201412,0.9578723112672042,0.8111873195624005
2020-04-29,1.114398805259345,0.9409420524909619,0.8353087552814995
2020-04-30,1.1386862780148934,0.9204349374827889,0.820544790169837
2020-05-01,1.1407512442095165,0.9187657621647499,0.8026616417476533
2020-05-04,1.1416394130621474,0.9180504273036568,0.8012060440225106
2020-05-05,1.1508318750323399,0.9106583002071753,0.8005822390900571
2020-05-06,1.1318471843655964,0.9256809690327584,0.7941359639329061
2020-05-07,1.1537144021643482,0.9435650682659465,0.807236422783317
2020-05-08,1.1475916078740787,0.9385575423118296,0.8228321806876688
2020-05-11,1.1338881157956862,0.9273501443507973,0.8184653875122407
2020-05-12,1.1502155672364045,0.9139967418064857,0.8086920205084597
2020-05-13,1.160418370515493,0.9058892798489112,0.7970472387073182
2020-05-14,1.158585723342494,0.9073199495710973,0.7899771586177137
2020-05-15,1.1059089083303186,0.9485725942200632,0.7912247684826207
2020-05-18,1.0906185846876568,0.9354576063083718,0.8271989738630968
2020-05-19,1.1145271408802802,0.9559647213165449,0.8157621005980642
2020-05-20,1.105630948722696,0.9483341795874433,0.8336452490202478
2020-05-21,1.1050749234564752,0.9478572593589704,0.826991065326988
2020-05-22,1.0764403115774372,0.9724180598643143,0.8265751689306433
2020-05-26,1.0912222652506482,0.9857715533718584,0.8479933177355659
2020-05-27,1.101780817973488,0.9953097760148518,0.8596381788608342
2020-05-28,1.1023086549851906,0.9957866052800921,0.8679559481394724
2020-05-29,1.127121223675717,1.0182014012021567,0.8683717652116903
2020-06-01,1.1392634888213076,1.0291702935673364,0.8879184992192523
2020-06-02,1.1722588402129046,1.05897712562265,0.8974838783627976
2020-06-03,1.1701471900846296,1.0570695356719908,0.9234768082033838
2020-06-04,1.1907362571309634,1.075668969766272,0.9218133019421323
2020-06-05,1.2049902730986504,1.0885455430453432,0.9380328647789375
2020-06-08,1.184137186852644,1.0697076033552093,0.9492618295078612
2020-06-09,1.1875687315916401,1.0666076673517517,0.9328342788108203
2020-06-10,1.258721975402375,1.0027018121481008,0.9301309918966438
2020-06-11,1.2353734278697992,1.0213013372056148,0.8744021439724967
2020-06-12,1.2411421791545574,1.016532225884118,0.8906217861334287
2020-06-15,1.2271673336720887,1.0279780384777706,0.8864629014941096
2020-06-16,1.2294445535988454,1.0298856284284297,0.8964441770339995
2020-06-17,1.2209047888427567,1.022732006927801,0.8981076832952511
2020-06-18,1.2260286694142102,1.0184398158347772,0.8918693959983358
2020-06-19,1.212249853851056,1.0298856284284295,0.8881264077553612
2020-06-22,1.2215122915492884,1.037754675753384,0.8981076832952511
2020-06-23,1.1892342358418941,1.0103323538772024,0.9049698548487467
2020-06-24,1.172954838822081,1.0241627676132194,0.8810563276657567
2020-06-25,1.1907062339670904,1.0086631785591633,0.8931170851873695
2020-06-26,1.1800095519604736,1.0177244809736838,0.879600729940614
2020-06-29,1.1822213238153159,1.019632070924343,0.8875026028229077
2020-06-30,1.189962788977553,1.0263088631597312,0.8891661090841594
2020-07-01,1.1996394885952049,1.034654739749926,0.8949885793088568
2020-07-02,1.2214813025528943,1.0534926794400599,0.9022665679345703
2020-07-06,1.2018513659181629,1.0365624206638175,0.9186941186316112
2020-07-07,1.187198047791971,1.049200488347036,0.9039301535199487
2020-07-08,1.2041965941140906,1.0341778195214528,0.9149511303886366
2020-07-09,1.1914243105515983,1.045146802849865,0.9018506715382257
2020-07-10,1.184084928945372,1.0387085162103293,0.9114161300058977
2020-07-13,1.2031128401159523,1.055400269390719,0.9058016476414359
2020-07-14,1.2180634898847493,1.068515348265643,0.9203576248928629
2020-07-15,1.2142578039562943,1.0651769066663326,0.9317945774820222
2020-07-16,1.2232281938175726,1.073045953991287,0.9288833027076101
2020-07-17,1.232198583678851,1.0809150013162416,0.9357454742611057
2020-07-20,1.2349168270762656,1.0832995114953736,0.9426076458146013
2020-07-21,1.2430716609628483,1.0904531329960023,0.9446870484721975
2020-07-22,1.2313830277041553,1.0801995754919158,0.9509253357691129
2020-07-23,1.241712539264141,1.0711382730773953,0.941983761558021
2020-07-24,1.22706180699274,1.0837764317238463,0.9340818886757273
2020-07-27,1.2211222010326734,1.0785304001738767,0.9451029448685421
2020-07-28,1.2051933420402041,1.092599228542514,0.9405281638328783
2020-07-29,1.1883595793066524,1.0773381450843107,0.9527968298906001
2020-07-30,1.21361022340698,1.0544465198970057,0.9394884625040802
2020-07-31,1.1891843453362752,1.0756689697662716,0.9195259114243004
2020-08-03,1.1934022418386974,1.0794842406308223,0.9380328647789375
2020-08-04,1.1997290363110384,1.0852071014460323,0.9413599566255675
2020-08-05,1.2013107852104161,1.086637862131451,0.9463505547334491
2020-08-06,1.1976201383411198,1.0832995114953732,0.9475982439224829
2020-08-07,1.1973565638058494,1.0835379261279934,0.9446870484721975
2020-08-10,1.193140523460412,1.0873531969925443,0.9448949570083064
2020-08-11,1.2198292059347475,1.111675582865268,0.9482220488549364
2020-08-12,1.2138111843689081,1.1061911366826782,0.96943228912375
2020-08-13,1.2015134317096616,1.094983738721646,0.9646495995519774
2020-08-14,1.1907855369640623,1.104760466960492,0.9548762325481963
2020-08-17,1.1905284595047214,1.1045219613646393,0.9634019896870702
2020-08-18,1.183074781925006,1.0976067544966308,0.9631940018268347
2020-08-19,1.1848739319550996,1.095937579178592,0.9571636230660282
2020-08-20,1.1933814614365548,1.0880686228168701,0.9557080253408855
2020-08-21,1.1766432762719954,1.1033297062750735,0.9488459331115167
2020-08-24,1.1784233642218795,1.1016605309570346,0.9621543004980365
2020-08-25,1.1893582456326077,1.091437950832913,0.9636098982231792
2020-08-26,1.1746088346106887,1.1049730375074864,0.9725514724342711
2020-08-27,1.1657082978537492,1.1133459126689629,0.9604907149126581
2020-08-28,1.173473041430942,1.1059299531699125,0.9677687828624983
2020-08-31,1.1770266973079906,1.1025808396079222,0.9613225077053473
2020-09-01,1.1586396142952702,1.1198049565055874,0.9584113122550619
2020-09-02,1.1299273362273825,1.1475548719204367,0.9733832652269602
2020-09-03,1.1274521772851336,1.1500686448082036,0.9492618295078612
2020-09-04,1.1437170573938253,1.133477494423791,0.9513412321654574
2020-09-08,1.1160689810385829,1.160878040835321,0.937616968382593
2020-09-09,1.0996348701098655,1.1779719649761444,0.9602828063765493
2020-09-10,1.1095436641528122,1.1673572764949145,0.9461426461973402
2020-09-11,1.1044684484170477,1.1620176128022288,0.9546683240120875
2020-09-14,1.111652743723991,1.154458974351121,0.9590351171875154
2020-09-15,1.111413306800177,1.1547076312334512,0.9652734044844309
2020-09-16,1.113808041451401,1.152219611376546,0.9650654959483219
2020-09-17,1.1221897040839561,1.1435488928130606,0.9671448986059181
2020-09-18,1.156954254010512,1.1081226521044012,0.9598669099802046
2020-09-21,1.1603167688846696,1.104902058993502,0.9301309918966438
2020-09-22,1.1764467057001138,1.0895424598937231,0.9274277049824674
2020-09-23,1.1775167135624818,1.088551493628255,0.9145352339922921
2020-09-24,1.1724249735222914,1.0932585361373566,0.9137034411996029
2020-09-25,1.1524993286353928,1.1118387283480349,0.9176544173028132
2020-09-28,1.1522424780334277,1.1115909395297956,0.9332501752071649
2020-09-29,1.1481337500402096,1.1076271689716672,0.9330421873469292
2020-09-30,1.139402690809646,1.1160501932206577,0.9297150955002993
2020-10-01,1.1391498136808682,1.115802498906163,0.9367851755899038
2020-10-02,1.1184104157992099,1.1361168348295383,0.9365772670537948
2020-10-05,1.1025585085346414,1.120013963778786,0.9536286226832893
2020-10-06,1.1115819477004545,1.1291802599787502,0.9401122674365338
2020-10-07,1.122312410860056,1.1400806053876666,0.9478062317827185
2020-10-08,1.1335306350311256,1.1514764339293173,0.9569557145299192
2020-10-09,1.1410907911625336,1.159156280731079,0.9665210936734646
2020-10-12,1.1232879328829923,1.1410715716531348,0.9729673688306156
2020-10-13,1.125970571930618,1.1383464616749694,0.9577875073226084
2020-10-14,1.1416532806756177,1.1224913794424565,0.9555001168047765
2020-10-15,1.134346369805731,1.1296756486077395,0.9421917494182567
2020-10-16,1.12937124217849,1.1346302909275914,0.9482220488549364
2020-10-19,1.1380778104206388,1.1258831795361992,0.9440632435397439
2020-10-20,1.125888519987154,1.1379418603609046,0.9513412321654574
2020-10-21,1.1253909882455346,1.1374390022309955,0.9411519687653319
2020-10-22,1.1154493335493245,1.1273909159069604,0.9415678651616765
2020-10-23,1.089809645690702,1.1533050926508948,0.9498856344403147
2020-10-26,1.104216722586531,1.1685515673172497,0.9280515892390476
2020-10-27,1.145085805234805,1.2118018003617113,0.9157829231813258
2020-10-28,1.1421157477499209,1.2149449019449348,0.8818881204584459
2020-10-29,1.1453389995924248,1.2115161133992467,0.8841755109762778
2020-10-30,1.1285911474500172,1.2292316480510619,0.8816802119223369
2020-11-02,1.1598096946673746,1.2632340645439237,0.8945726829125122
2020-11-03,1.1789605782620727,1.242375428308885,0.9193179235640647
2020-11-04,1.2059817729869222,1.2139007965114508,0.9344977850720719
2020-11-05,1.2093921343964804,1.2104680411214574,0.9559160132011212
2020-11-06,1.2440211430985593,1.1758082255517943,0.9586192207911709
2020-11-09,1.2626474326880661,1.1582032639059643,0.9860677483568999
2020-11-10,1.2736657081500171,1.1480964025032694,1.000831792792689
2020-11-11,1.256875897879332,1.1632309237886738,1.0095653791435453
2020-11-12,1.238512005367584,1.1462352540595948,0.9962570117570254
2020-11-13,1.251506019685734,1.1342093736170407,1.0108130683325791
2020-11-16,1.252015602214887,1.13374755140276,1.0214181488049225
2020-11-17,1.2456459663898678,1.1395154979101096,1.021834045201267
2020-11-18,1.2377475829773894,1.1322900658452992,1.01663545923315
2020-11-19,1.237244422045041,1.1327503568877177,1.023081734390301
2020-11-20,1.2377475829773896,1.1332110223112464,1.0226658379939564
2020-11-23,1.2563793016870004,1.1161528843704356,1.0222499415976116
2020-11-24,1.2563793016870004,1.1161528843704356,1.0376377909658545
2020-11-25,1.2606595055799164,1.1123504005867908,1.0376377909658545
2020-11-27,1.2425313572188057,1.1283458799387687,1.0411727913485935
2020-11-30,1.2128213789808624,1.1013661732753572,1.0262008383766952
2020-12-01,1.2135415014487039,1.1007122282341157,1.0507381704921388
2020-12-02,1.217381818889095,1.097228965105584,1.051362054748719
2020-12-03,1.2281826487424272,1.087494152922281,1.054689146595349
2020-12-04,1.220262034079291,1.094507460057446,1.0640465378786588
2020-12-07,1.2164217166388995,1.0910629080103373,1.0571844456492898
2020-12-08,1.2168987556813788,1.0914907856105172,1.0605115374959198
2020-12-09,1.2180922435179882,1.0925612780983394,1.0600956410995752
2020-12-10,1.2259848935934998,1.0996405480797153,1.059055939770777
2020-12-11,1.2373724378062927,1.1098545445366648,1.0521937682172815
2020-12-14,1.2205878055023538,1.0947996589810034,1.0424204805376271
2020-12-15,1.2268336384513236,1.0891974927527652,1.0565606407168362
2020-12-16,1.2362024336942317,1.0808797649298054,1.0619671352210625
2020-12-17,1.2304370635319373,1.085920745092845,1.070076916639465
2020-12-18,1.213380955341126,1.1009735927872928,1.0650863185315835
2020-12-21,1.2162636404222733,1.1035892265144371,1.0503222740957943
2020-12-22,1.199367718879436,1.0882585396740128,1.0478269750418534
2020-12-23,1.2026542866638492,1.085276438854302,1.062383031617407
2020-12-24,1.2108707956771378,1.0778618528501291,1.0652942270676924
2020-12-28,1.2186176926615038,1.0709659191409193,1.0725722950175327
2020-12-29,1.2176786477081698,1.0717911862838618,1.0794343872469014
2020-12-30,1.2038280480793888,1.0839823753424975,1.0786025944542124
2020-12-31,1.1892731199594795,1.070876445819149,1.0663339283964905
2021-01-04,1.2002721669034353,1.0609723959410666,1.0792264787107926
2021-01-05,1.2153958673779564,1.0476039040519778,1.0892077542506824
2021-01-06,1.2181456072607817,1.0452337806101482,1.102932018033547
2021-01-07,1.223874283007383,1.0403182718459911,1.1054273170874878
2021-01-08,1.2066882557675793,1.054926747901291,1.110625903055605
2021-01-11,1.2018761891194716,1.0507198802239857,1.0950301451512532
2021-01-12,1.2064227402758723,1.0546946254845482,1.0993969383266813
2021-01-13,1.1979477119303372,1.0472854756497059,1.0952380536873623
2021-01-14,1.1785239610697344,1.0642663605049965,1.102932018033547
2021-01-15,1.169263810794071,1.0559039794612846,1.0850488696113634
2021-01-19,1.1612597095518855,1.0486758738142834,1.0935745474261105
2021-01-20,1.1649879819116464,1.0453090565187806,1.1010605239120597
2021-01-21,1.1579699885723838,1.0516060931492206,1.1045955242947987
2021-01-22,1.1658652519943244,1.0587761469532635,1.0979413406015386
2021-01-25,1.1607518179498895,1.054132401043515,1.0904553641155896
2021-01-26,1.132322607165875,1.0799502819721485,1.0952380536873623
2021-01-27,1.121523937506961,1.0696510737171288,1.0684134103782135
2021-01-28,1.1448754634901306,1.0919225420340284,1.0786025944542124
2021-01-29,1.1297727966190556,1.0775184055779243,1.0561447443204917
2021-02-01,1.1170392112639689,1.0653737755866872,1.070076916639465
2021-02-02,1.1176831354026147,1.064759634306898,1.082137674161078
2021-02-03,1.119185679647802,1.0633282371511565,1.0827614790935314
2021-02-04,1.1262691727029874,1.0565982741787807,1.084217076818674
2021-02-05,1.129918185332008,1.053174989106504,1.0910792483721699
2021-02-08,1.1354991341420064,1.0479730941565197,1.0946142487549086
2021-02-09,1.13120611549182,1.0519352002496318,1.1000208225832615
2021-02-10,1.1239080083512591,1.0451485185908156,1.0958619379439425
2021-02-11,1.1315363560511367,1.0380547384606087,1.102932018033547
2021-02-12,1.1421312654492457,1.0283351250823438,1.110417994519496
2021-02-16,1.131324412596838,1.0380652381752167,1.1208151664557306
2021-02-17,1.136198061220039,1.0425371342666416,1.1102100066592604
2021-02-18,1.132778356236086,1.0393993279671137,1.1054273170874878
2021-02-19,1.1304414036612138,1.0415436370655717,1.1087544089341177
2021-02-22,1.1300164958255203,1.0419351302037145,1.106467018416286
2021-02-23,1.1200313642939326,1.0327283094529558,1.1060511220199414
2021-02-24,1.1008284793285605,1.0504343876567659,1.1158244890237223
2021-02-25,1.0901833360177264,1.0605922140622517,1.0966937307366316
2021-02-26,1.0726502290556417,1.0435350126558955,1.0860885709401615
2021-03-01,1.0760863072117135,1.0401922008380675,1.1035558229660005
2021-03-02,1.0698205629874753,1.0462489438993063,1.1070909026728661
2021-03-03,1.0819477253089365,1.058108905476314,1.1006446275157151
2021-03-04,1.0769856551064019,1.0532561657846609,1.0881680529218845
2021-03-05,1.0749370166664904,1.051252665498404,1.093158651029766
2021-03-08,1.0914682581696387,1.0350856608974506,1.0952380536873623
2021-03-09,1.0986114218158958,1.0283114957228408,1.1120815007807476
2021-03-10,1.1086117419253414,1.0189510941056303,1.119359568730588
2021-03-11,1.1094281168312787,1.0182007447523387,1.1295487528065868
2021-03-12,1.1067749373138804,1.0206357554750634,1.130380545599276
2021-03-15,1.107795367019404,1.021576766161422,1.1276772586850994
2021-03-16,1.1028882330201257,1.0170515494730805,1.1266375573563014
2021-03-17,1.0901205633948412,1.0288255241939794,1.131628155464183
2021-03-18,1.0887019334364763,1.0274866606227733,1.1185277759378986
2021-03-19,1.0844571059820678,1.0234805103146876,1.1199833736630413
2021-03-22,1.0698158410401406,1.0372985297013058,1.1243501668384694
2021-03-23,1.0726237443838487,1.0400210861434873,1.1091703053304622
2021-03-24,1.0667767168758269,1.0343517804513065,1.1062591098801768
2021-03-25,1.0534146225674987,1.0213958302325448,1.1122894886409833
2021-03-26,1.0495245980328118,1.0251676165302777,1.1262216609599567
2021-03-29,1.0508860954905452,1.0238377162056231,1.1220627763206377
2021-03-30,1.049719140067372,1.0249746357828282,1.1235183740457804
2021-03-31,1.0668351293063199,1.0082621131978562,1.1222707641808733
2021-04-01,1.0841457347758745,0.9919019211006795,1.1405697296752748
2021-04-05,1.0746151783756936,1.0006215764931827,1.1590767623540386
2021-04-06,1.076754695579574,0.9986293776851248,1.148887498953913
2021-04-07,1.0843402026143878,0.9915942468417669,1.1511748894717448
2021-04-08,1.087452207402928,0.9887484185334366,1.1592846708901476
2021-04-09,1.0820062175719944,0.9937000971414968,1.1626117627367776
2021-04-12,1.0755877401564007,0.9878054529816062,1.1567893718362068
2021-04-13,1.0757799877489824,0.987628895353451,1.1636514640655757
2021-04-14,1.084813644934039,0.9793354701472916,1.1638594519258114
2021-04-15,1.0974992731684137,0.9678832859412382,1.1736327396054655
2021-04-16,1.0963460808968173,0.9689002848153535,1.18735700338833
2021-04-19,1.0778942713415403,0.9852071461659612,1.186109393523423
2021-04-20,1.0678995961564954,0.9760719037978405,1.1661468424436432
2021-04-21,1.0712957491315376,0.979176024739424,1.1769598314520955
2021-04-22,1.0602827481343238,0.9691100214479472,1.173216843209121
2021-04-23,1.0630729942761348,0.9665597059749343,1.185277600730734
2021-04-26,1.0623289191771308,0.9672362286716718,1.1883967840412548
2021-04-27,1.0589806521905205,0.9641876765008212,1.1875649912485657
2021-04-28,1.0602745659851354,0.9630095853500137,1.1913079794915402
2021-04-29,1.0456717440024688,0.9762728079091645,1.192763577216683
2021-04-30,1.0321780212064777,0.9636746338466557,1.176336026519642
2021-05-03,1.0147048970103612,0.9799881051819279,1.1915158880276493
2021-05-04,1.0011947133068304,0.9669401546228131,1.1713454284117604
2021-05-05,0.9940032335150012,0.9599947218418999,1.1869411863161121
2021-05-06,1.0086997234626724,0.9458010529445905,1.1954668641308595
2021-05-07,1.0007463304546667,0.9532585026756476,1.2131420246928073
2021-05-10,0.988989112114054,0.9644578126405526,1.203576645549262
2021-05-11,0.999536034386326,0.9747431246426854,1.189436485370053
2021-05-12,0.9912345119436395,0.966647516633872,1.1767519229159866
2021-05-13,1.0101697685728952,0.9481819380276504,1.1865252899197676
2021-05-14,1.008953748389486,0.9493233386219433,1.209191127913724
2021-05-17,1.0101697685728954,0.9481791867297593,1.2077355301885813
2021-05-18,0.9992255206540812,0.9584518244723145,1.209191127913724
2021-05-19,0.9846332121850389,0.9444549595140803,1.1960906690633129
2021-05-20,0.9861516689775844,0.9429984638050385,1.213557921089152
2021-05-21,0.9917193009765989,0.9376744669115934,1.2154294152106393
2021-05-24,0.9934065109463606,0.9360792033048386,1.2222915074400083
2021-05-25,0.9900321553673168,0.939258832235486,1.2243709894217312
2021-05-26,0.9875013725929142,0.9368578394389993,1.220212104782412
2021-05-27,0.9844800097529148,0.9339914257397346,1.223331288092933
2021-05-28,0.9914870182042572,0.9273437683482125,1.2270741970117809
2021-06-01,0.9921543644646978,0.9267195953791393,1.2358078626867637
2021-06-02,0.985647897529507,0.9327969464663173,1.2366396554794528
2021-06-03,0.9783072795895863,0.9258499362645034,1.2285298740610502
2021-06-04,0.983073912730817,0.9213388924625436,1.237679356808251
2021-06-07,0.9832382512836461,0.9211848740329102,1.2437097355690574
2021-06-08,0.9822520318645513,0.922108851929581,1.2439176441051663
2021-06-09,0.9957300504219777,0.9347616129472216,1.2426699549161326
2021-06-10,0.9925201565473617,0.9317482605086226,1.2256185992866382
2021-06-11,0.9903381018884331,0.9296998128077074,1.2295695753898483
2021-06-14,0.9906723444793812,0.9293860358524996,1.232272782979898
2021-06-15,0.9809795643429068,0.9384791881521752,1.2326886793762426
2021-06-16,0.9895025910364462,0.9466329596094941,1.2206280011787565
2021-06-17,1.0090579397519541,0.9653410840736928,1.2100228413822864
2021-06-18,0.9945518529816905,0.9514634651810495,1.186109393523423
2021-06-21,0.994036205881411,0.950970158195223,1.2031607491529175
2021-06-22,0.9873394790258304,0.9573767532061108,1.203784554085371
2021-06-23,0.9777236274752408,0.9480527132660704,1.1956747726669683
2021-06-24,0.979070784707307,0.9467464381253597,1.2073196337922367
2021-06-25,0.9716612593333043,0.9539113355624063,1.2089831400534883
2021-06-28,0.9704824726656006,0.9527540825035533,1.1998336573062875
2021-06-29,0.9787140467829736,0.9608352854790345,1.2012892550314302
2021-06-30,0.9734172118488291,0.9556352110315359,1.1910999916313045
2021-07-01,0.9705438112029583,0.9528143005327585,1.1975462667884555
2021-07-02,0.9646627713335013,0.9585879078907578,1.2010812671711946
2021-07-06,0.9594538045216057,0.9534117440054396,1.193803278545481
2021-07-07,0.9474855457576743,0.9653046339049357,1.200249553702632
2021-07-08,0.9336887959703635,0.951248412612538,1.185277600730734
2021-07-09,0.9386938320774472,0.9461492482309157,1.2025369442204639
2021-07-12,0.9335273074308776,0.9513568071210171,1.2089831400534883
2021-07-13,0.9328814764525984,0.9506986413742363,1.2023289563602284
2021-07-14,0.9415879549532707,0.9595714054827257,1.2031607491529175
2021-07-15,0.9481587264245854,0.9662676725522722,1.1919317844239938
2021-07-16,0.9676482557547448,0.9861294336901002,1.1836140151453556
2021-07-19,0.9624411931813027,0.9808229210847194,1.1592846708901476
2021-07-20,0.9435529232479734,0.9615739028366456,1.165522958187063
2021-07-21,0.9443784162493564,0.9607326436899176,1.1883967840412548
2021-07-22,0.9527985456331904,0.9521666991236813,1.189436485370053
2021-07-23,0.957256283417954,0.947711917479093,1.2000415658423964
2021-07-26,0.9541193848202666,0.9508175394911387,1.2056560482068583
2021-07-27,0.949331437238734,0.9460461611802966,1.2017051514277748
2021-07-28,0.9563598320983105,0.9390420889297222,1.2077355301885813
2021-07-29,0.9524370099605065,0.9428938766890438,1.2166770250755463
2021-07-30,0.948350700528216,0.9388485108520703,1.2116864269676648
2021-08-02,0.9551570155422995,0.9321103930736966,1.216885012935782
2021-08-03,0.9543467487767264,0.9329011092188574,1.2256185992866382
2021-08-04,0.9496471149892544,0.9283070834322397,1.22457889795784
2021-08-05,0.9454749237542247,0.9323855191119561,1.2306092767186465
2021-08-06,0.9464376900288299,0.9333349565958895,1.2252027028902936
2021-08-09,0.9453121319454938,0.9322249810360355,1.2239550930253864
2021-08-10,0.9377727147783632,0.9247899415521073,1.225410690750529
2021-08-11,0.9379305624700561,0.9246342791455621,1.2351840577543103
2021-08-12,0.9440876462578939,0.918564479356958,1.2353919662904191
2021-08-13,0.9401407914991031,0.9224046319116243,1.2435017477088217
2021-08-16,0.9483502566242947,0.9304592219533125,1.2383031617407045
2021-08-17,0.9512420631487051,0.9332964733063306,1.2274900934081254
2021-08-18,0.9614252390647224,0.9432875392375595,1.223747105165151
2021-08-19,0.9572968243493907,0.9392370088379562,1.2106467256388667
2021-08-20,0.9492743617338355,0.9313658934232891,1.2158453116069838
2021-08-23,0.9502404025448671,0.9304180773868311,1.2260344956829827
2021-08-24,0.9520114466561841,0.9286839778341224,1.2272821848720166
2021-08-25,0.9466983143222331,0.9338669206316943,1.2295695753898483
2021-08-26,0.9365551007687541,0.9238611865311973,1.2227074038363528
2021-08-27,0.9370278503838149,0.9233948444868866,1.2358078626867637
2021-08-30,0.9345064189107112,0.925879591148405,1.2364316676192173
2021-08-31,0.9283604334522501,0.919790341905883,1.2331045757725871
2021-09-01,0.9338040301021469,0.9143969974209322,1.24121435719099
2021-09-02,0.9297602086673542,0.9183567770522926,1.24849242514083
2021-09-03,0.9324041955569358,0.9209683356626195,1.2430858513124772
2021-09-07,0.942258509146961,0.9307017869162167,1.2395508509297382
2021-09-08,0.9454537011133602,0.9338577901189475,1.2264503920793273
2021-09-09,0.9475446569985426,0.9359231006041392,1.2222915074400083
2021-09-10,0.9422132358717823,0.930657068913992,1.2195882998499583
2021-09-13,0.9396572173038066,0.9331817381268598,1.2264503920793273
2021-09-14,0.9394974318643953,0.9330230538201452,1.2231233002326973
2021-09-15,0.9399765642650317,0.9334988843657793,1.223331288092933
2021-09-16,0.953724530752667,0.9471521092081885,1.2227074038363528
2021-09-17,0.9731479906079629,0.9664417157736664,1.204824255414169
2021-09-20,0.9623466464986092,0.9557148071899227,1.1802869232987256
2021-09-21,0.9534593394184719,0.9468887453925084,1.1933873821491365
2021-09-22,0.9653117549912363,0.9351180086158248,1.2044083590178245
2021-09-23,0.9541178209050145,0.9459618104209521,1.2193803119897229
2021-09-24,0.9567516840549343,0.9485731587252273,1.2052401518105138
2021-09-27,0.9795945623134911,0.9712207710004004,1.2019130599638836
2021-09-28,0.9823725663117642,0.973975028005128,1.173216843209121
2021-09-29,0.9858647725179631,0.9774373820591019,1.169889751362491
2021-09-30,0.9795339100427436,0.9711606371986987,1.1657309460472987
2021-10-01,0.973978246050252,0.9766688101447223,1.173216843209121
2021-10-04,0.9689434048605755,0.9716200604689157,1.1665626595158611
2021-10-05,0.9622420865312677,0.9783398908405156,1.1725930382766674
2021-10-06,0.9550253023451026,0.9710023736483876,1.1644832568582648
2021-10-07,0.9560409498376243,0.9699697349071867,1.173216843209121
2021-10-08,0.9496086448616209,0.9764957536446436,1.1744645323981548
2021-10-11,0.94605391092362,0.9728403713831434,1.1665626595158611
2021-10-12,0.9601665980156353,0.9583280993093389,1.1709295320154158
2021-10-13,0.9700790813789558,0.948434596077047,1.1883967840412548
2021-10-14,0.9779754208076865,0.9407144404316643,1.2006654500989766
2021-10-15,0.9739432611185522,0.9445929743549017,1.210438737778631
2021-10-18,0.9685670054730248,0.9393787349696744,1.2054481396707493
2021-10-19,0.9722225591769219,0.9358333432780551,1.2121023233640094
2021-10-20,0.972554893765702,0.93551344760564,1.2166770250755463
2021-10-21,0.9777059848122801,0.9305585448286295,1.2170929214718909
2021-10-22,0.9735518975320421,0.9345123115792051,1.2235391966290419
2021-10-25,0.9690654756630241,0.9302057959407848,1.2183406106609247
2021-10-26,0.9659372934620525,0.933208537537901,1.2239550930253864
2021-10-27,0.9759802857402603,0.9235058309544751,1.2200041169221763
2021-10-28,0.9693947613054851,0.9297372787657342,1.2326886793762426
2021-10-29,0.9601750145358368,0.9208947074886022,1.2243709894217312
2021-11-01,0.957913508494511,0.9230636963842538,1.2360157712228725
2021-11-02,0.9666365131865543,0.9146580429685615,1.2331045757725871
2021-11-03,0.9642134357871807,0.91695082541764,1.244333540501511
2021-11-04,0.9655057601658913,0.9157218465818507,1.24121435719099
2021-11-05,0.9664750034499243,0.9148025799275644,1.2428779427763683
2021-11-08,0.9669595942812318,0.9143438976635566,1.244125631965402
2021-11-09,0.9561365932844925,0.9245779808396287,1.2447494368978556
2021-11-10,0.9525827628644561,0.9211414495144166,1.2308171852547554
2021-11-11,0.9503380059930007,0.9189707839523376,1.2353919662904191
2021-11-12,0.947784623324707,0.9214398886894044,1.2383031617407045
2021-11-15,0.950497565775887,0.9240774218680573,1.2349760698940746
2021-11-16,0.9488925623264752,0.922517031286298,1.2314410695113356
2021-11-17,0.9480927662305072,0.9217394664181766,1.233520472168932
2021-11-18,0.9357964570316898,0.9336939859372881,1.2345601734977298
2021-11-19,0.9437810686477206,0.9416606583796914,1.2185485191970336
2021-11-22,0.9470298352311203,0.944902125899515,1.208151347260799
2021-11-23,0.9529181134646185,0.9507771748301145,1.2039925419456066
2021-11-24,0.9752754581598733,0.9730842888682469,1.1965065654596576
2021-11-26,0.9695477006435653,0.9673694000099932,1.1684341536373484
2021-11-29,0.9764093523868206,0.9742156355542004,1.175296325190844
2021-11-30,0.9816289187864984,0.9794234750581434,1.1669785559122057
2021-12-01,0.9703741371254576,0.9681939797218566,1.1607402686152903
2021-12-02,0.9636712443279685,0.9748818130069382,1.17404863600181
2021-12-03,0.9537027925839503,0.9647973963905042,1.1659388545834075
2021-12-06,0.9727262966822617,0.9455525882941084,1.1779996121050205
2021-12-07,0.9749148647027545,0.9434251592696307,1.201497163567539
2021-12-08,0.9658239491287971,0.952222438687339,1.2042004504817156
2021-12-09,0.962625257971055,0.9490687940737629,1.192971485752792
2021-12-10,0.9843663236973356,0.9705036846086421,1.1969224618560022
2021-12-13,0.9917149206731388,0.9777487927254389,1.169889751362491
2021-12-14,0.9789277438908502,0.9651416952616203,1.1611561650116349
2021-12-15,0.980831543614871,0.9632647063780722,1.176128117983533
2021-12-16,0.9671584520162365,0.9766929108947192,1.1784154291772382
2021-12-17,0.9671584520162365,0.9766929108947192,1.161987957804324
2021-12-20,0.9546968993437606,0.964108509519148,1.161987957804324
2021-12-21,0.9673474769729316,0.9513332197376477,1.1769598314520955
2021-12-22,0.972913762014966,0.9458590835073174,1.1925555893564472
2021-12-23,0.9838776216979136,0.9352001056242848,1.199417760909943
2021-12-27,0.9852269831860593,0.9339175040299306,1.2129341161566984
2021-12-28,0.9869137011322827,0.9323186283990121,1.21459762241795
2021-12-29,0.9816848368924912,0.9372582371312996,1.2166770250755463
2021-12-30,0.9823595498086466,0.937902415603453,1.2102308292425221
2021-12-31,0.9735764099027111,0.9295167607421911,1.2093990364498328
2022-01-03,0.9757332942333335,0.927457487206079,1.220212104782412
2022-01-04,0.9676035383968135,0.9351850116887424,1.2229153916965885
2022-01-05,0.9715854105402676,0.9390334754440414,1.2127261282964628
2022-01-06,0.966399647872613,0.9340214562352229,1.2077355301885813
2022-01-07,0.9539865678335515,0.9460186492391436,1.2141817260216055
2022-01-10,0.9433940829686761,0.9355146352814713,1.1985859681172537
2022-01-11,0.9514877180298337,0.9274886001504118,1.2118943355037737
2022-01-12,0.9458221981868374,0.9330112201156862,1.2222915074400083
2022-01-13,0.9430703301562857,0.9357258146279577,1.2150135188142948
2022-01-14,0.9569913305918674,0.9495384000274603,1.2114784391074291
2022-01-18,0.9546572156333286,0.9472224628686143,1.1935953700093722
2022-01-19,0.961127770473379,0.9536426258248571,1.1965065654596576
2022-01-20,0.9759273057669833,0.9683269041611591,1.1883967840412548
2022-01-21,0.9904959760902452,0.982782115475061,1.1700977392227268
2022-01-24,0.9967502080647361,0.9889876402615665,1.1526304871968875
2022-01-25,0.994759661127371,0.987012595458479,1.1453524985711743
2022-01-26,0.9933177549555514,0.9884432722427009,1.1476398097648792
2022-01-27,0.9965621297885819,0.9852148184469807,1.1459763035036277
2022-01-28,0.9812415243326092,0.9700686603986048,1.1497192917466021
2022-01-31,0.9931268920428262,0.9583186249108213,1.1673944523085502
2022-02-01,0.9990695758979347,0.9525842271556736,1.1815346124877593
2022-02-02,0.9850868099668229,0.9659163940030279,1.188604692577364
2022-02-03,0.9882329406357089,0.9690012989677539,1.171969233344214
2022-02-04,0.9868257374580571,0.9676214808591014,1.1682262451012393
2022-02-07,0.9896322069235068,0.9648696270747247,1.169889751362491
2022-02-08,1.0062956486483998,0.9486231380352652,1.173216843209121
2022-02-09,0.9943681366923612,0.9598670640483487,1.192971485752792
2022-02-10,0.9757753015755736,0.9778147932618477,1.178831325573583
2022-02-11,0.9857733532282074,0.9878337420853687,1.1567893718362068
2022-02-14,0.9639309830165804,0.9659457186046098,1.1449366021748295
2022-02-15,0.9680415917384704,0.9618265181994704,1.1703056477588356
2022-02-16,0.9512567313512459,0.9785036155086012,1.175296325190844
2022-02-17,0.957422611766126,0.9848461054799296,1.1549178777147195
2022-02-18,0.9721708494353799,1.000016777503712,1.1474319012287704
2022-02-22,0.9800441704881881,1.0081156144026524,1.1297567406668223
2022-02-23,0.9984120119881382,1.0270095667127292,1.120607178595495
2022-02-24,0.9691469245147037,0.9969062381820032,1.099604926186917
2022-02-25,0.9472463133291572,1.0194341494394243,1.1318361433244186
2022-02-28,0.9217846122443528,1.0468362382345158,1.1062591098801768
2022-03-01,0.9093208315580205,1.0326815896164485,1.076523191796616
2022-03-02,0.885404999851991,1.0598419033869642,1.0910792483721699
2022-03-03,0.922838443948024,1.10465024832256,1.062383031617407
2022-03-04,0.9537694571378763,1.1416750944644956,1.017467252025839
2022-03-07,0.9311807332516818,1.1146360828001962,0.9833645407668501
2022-03-08,0.9796536909350393,1.0566132890024278,1.0066541836932599
2022-03-09,0.9611878232585704,1.0765297976222186,1.059055939770777
2022-03-10,0.952339530792198,1.0864398799886734,1.0390933886909972
2022-03-11,0.9344506985503577,1.0660320946079747,1.0295279302233251
2022-03-14,0.9405643077880205,1.0590576189386314,1.0488666763706516
2022-03-15,0.9774309799637111,1.0175464434354913,1.0557288479241471
2022-03-16,0.9835445892013739,1.0111819210662811,1.0971095478088495
2022-03-17,0.9924370539071338,1.0020395805532947,1.103971719362345
2022-03-18,0.9824330046115186,1.0121404260633926,1.113952994902235
2022-03-21,0.9700205573733973,0.9993526435101698,1.1027240301733112
2022-03-22,0.9530406378353974,1.0168460124371526,1.1166562818164114
2022-03-23,0.9476214735272904,1.011064039036778,1.0971095478088495
2022-03-24,0.9463713187546,1.0097301873151696,1.1033479144298917
2022-03-25,0.9474400175595488,1.0085899399058076,1.1048035121550341
2022-03-28,0.9709523425516924,0.983560076261293,1.1060511220199414
2022-03-29,0.9700617375646333,0.9844622456784743,1.1334996495856702
2022-03-30,0.9511806672232844,1.003623604372739,1.1324599482568722
2022-03-31,0.9408495270655509,0.9927228612440411,1.110417994519496
2022-04-01,0.939978060616107,0.9918033468665737,1.1224786727169822
2022-04-04,0.9311054482891946,1.001165146859558,1.1235183740457804
2022-04-05,0.9424137434492397,1.0133243185252803,1.112913293573437
2022-04-06,0.9376009545845776,1.0081493982417111,1.0993969383266813
2022-04-07,0.9370716567970694,1.0075802741987396,1.1050114206911432
2022-04-08,0.9298457916563516,1.0153498392335982,1.1056352256235966
2022-04-11,0.9374240789918018,1.023624988615098,1.0971095478088495
2022-04-12,0.9275715563430884,1.0128664764218056,1.0881680529218845
2022-04-13,0.9316059933521864,1.0172719004236594,1.099604926186917
2022-04-14,0.9282440292869317,1.0209430141758493,1.0948222366151443
2022-04-18,0.9252359597284658,1.017634544091501,1.0908712605119342
2022-04-19,0.9176765499437703,1.0093202147045335,1.0944063402187998
2022-04-20,0.9093749232477003,1.0184508824106961,1.1033479144298917
2022-04-21,0.8945011506764425,1.0351087057272594,1.0933666388900016
2022-04-22,0.9012462182435329,1.0429140373963512,1.075483490467818
2022-04-25,0.9312702507992844,1.0776575784817874,1.0673737090494153
2022-04-26,0.9267658890880953,1.072445171524602,1.0318153207411571
2022-04-27,0.9148699886448002,1.0586793422665761,1.0368059981731654
2022-04-28,0.9052684049379272,1.069790208782776,1.0501143655596852
2022-04-29,0.8998334784318861,1.076212868769474,1.0390933886909972
2022-05-02,0.892768087795625,1.0677625671215751,1.032855022069955
2022-05-03,0.9079269270196121,1.049632392773214,1.0409648828124844
2022-05-04,0.8774308708690535,1.0848881467715372,1.0586400433744325
2022-05-05,0.8911630286281661,1.1018670971106135,1.023081734390301
2022-05-06,0.918396579446184,1.1355396717348738,1.0070700800896046
2022-05-09,0.9092028839614102,1.1241722448667273,0.9762944606772456
2022-05-10,0.9138044604757413,1.1298618051302218,0.9860677483568999
2022-05-11,0.9103181298124797,1.1341724339647787,0.9810771502490183
2022-05-12,0.884558028121142,1.1662671448989257,0.9773341620060437
2022-05-13,0.8880354707907061,1.1616822256456387,1.0049906774320083
2022-05-16,0.9090832603459927,1.1341485923396004,1.0089415742110919
2022-05-17,0.8823616823966625,1.1674857368436047,1.032855022069955
2022-05-18,0.8713801632293218,1.1529556781924615,1.0024952990539409
2022-05-19,0.867631156235728,1.1479952268495845,1.0149719529718981
2022-05-20,0.8863926863975312,1.1231711447274195,1.0193387461473262
2022-05-23,0.8862156532489913,1.1233954680179337,1.041380779208829
2022-05-24,0.883737729316338,1.1265365640997174,1.0411727913485935
2022-05-25,0.8717020409134246,1.111194180709023,1.0382615958983081
2022-05-26,0.8820363599833463,1.0980206022692456,1.0524017560775172
2022-05-27,0.879452813067865,1.1012367823144549,1.0648783306713479
2022-05-31,0.866362605495033,1.1176281314046324,1.0617592266849536
2022-06-01,0.846555083956352,1.0920759628961776,1.0459554809203662
2022-06-02,0.8353664016064561,1.1065096262009886,1.0698690081033562
2022-06-03,0.8393153113965433,1.101278979280873,1.0557288479241471
2022-06-06,0.8411252545364953,1.0989041240784745,1.0607194460320286
2022-06-07,0.8294429741545359,1.1141666619955537,1.0630068365498606
2022-06-08,0.8686033623791715,1.1667696743667972,1.048242871438198
2022-06-09,0.8922941454943588,1.1985928153975767,0.9987523108109663
2022-06-10,0.9228522070908458,1.157545058593419,0.9715117711054729
2022-06-13,0.935533222078182,1.141639102987794,0.9382407733150465
2022-06-14,0.9138793327134135,1.1680635273130748,0.9253483023248712
2022-06-15,0.8918001344162971,1.139843274025804,0.9467664511297937
2022-06-16,0.8924022707031646,1.1390736610036194,0.9238927045997285
2022-06-17,0.878533885115424,1.156775445571234,0.923268899667275
2022-06-21,0.873468075961131,1.150105237693178,0.937616968382593
2022-06-22,0.8685970741750232,1.143691534867404,0.9322104738783668
2022-06-23,0.8399556342141098,1.1814040409345254,0.9270118879102495
2022-06-24,0.8383140243009984,1.1790951040026332,0.9575795194623729
2022-06-27,0.8301059747354417,1.167550419343172,0.9557080253408855
2022-06-28,0.835213174651619,1.1603671034952134,0.9463505547334491
2022-06-29,0.8401989792452187,1.1534402926995369,0.9405281638328783
2022-06-30,0.8400120623230157,1.1536968956171576,0.9349136814684165
2022-07-01,0.8635481300182751,1.1213717785706665,0.9351216693286521
2022-07-05,0.8617700594372524,1.1236807155025588,0.9089207516278303
2022-07-06,0.8489812041096704,1.140356381995707,0.9107922457493175
2022-07-07,0.8499361740029356,1.1416391029877941,0.924308600996073
2022-07-08,0.8363754120837834,1.123424210450277,0.9253483023248712
2022-07-11,0.8363754120837834,1.123424210450277,0.9105843372132085
2022-07-12,0.8375214196714214,1.1218848865405693,0.9105843372132085
2022-07-13,0.8509279058110311,1.1039264990553341,0.9093366480241748
2022-07-14,0.8339212002771522,1.1259896524344515,0.8947805914486212
2022-07-15,0.8390512779473462,1.1329164632301283,0.9126637398708048
2022-07-18,0.8660316783816749,1.1693463461705014,0.9182782222352667
2022-07-19,0.8565315506546985,1.156518940518953,0.9478062317827185
2022-07-20,0.8671716473215697,1.1708855722148706,0.937409059846484
2022-07-21,0.8641316093481461,1.1667808063209888,0.9490538416476255
2022-07-22,0.8719217111850579,1.1772992750406448,0.9457267498009956
2022-07-25,0.8588115610147106,1.1595974904730302,0.9542524276157428
2022-07-26,0.838671336620863,1.186791527820496,0.9399043589004248
2022-07-27,0.8437476478677889,1.193974941533793,0.9619463126378008
2022-07-28,0.8571634502893659,1.2129594470934948,0.9677687828624983
2022-07-29,0.8549879278456042,1.209880897139418,0.9831565529066145
2022-08-01,0.8417533901449191,1.1911528966319982,0.9806612538526737
2022-08-02,0.833776428412052,1.2024409783738388,0.9654813923446665
2022-08-03,0.8407141776246458,1.2124463391235925,0.9746308750918673
2022-08-04,0.8325311948539014,1.2006451494118493,0.9827406565102699
2022-08-05,0.8307522412993008,1.2032106892613619,0.9731752773667246
2022-08-08,0.8270324039114811,1.1978231045100545,0.9752547593484475
2022-08-09,0.8458084910754856,1.2250172397228585,0.9708878868488927
2022-08-10,0.8449228412481954,1.2237345187307713,0.9929299199103955
2022-08-11,0.849882534337621,1.2309178345787302,0.9918902185815973
2022-08-12,0.8415572773054419,1.2188600419493665,0.9977126094821681
2022-08-15,0.8404944569702435,1.220399365859074,0.9879392424783872
2022-08-16,0.8487987122425681,1.2083415732297103,0.9891869316674209
2022-08-17,0.8529435810661593,1.2024409783738388,0.9794135646636399
2022-08-18,0.8649543053286649,1.1855088068284085,0.9746308750918673
2022-08-19,0.8842337231232319,1.1590843825031274,0.9609066113090028
2022-08-22,0.8842337231232319,1.1590843825031274,0.9394884625040802
2022-08-23,0.8822766177119553,1.1616498244873017,0.9394884625040802
2022-08-24,0.8906551341671956,1.1726814011768603,0.9415678651616765
2022-08-25,0.8639608307997463,1.1375343370939128,0.9505094393727682
2022-08-26,0.8625968931748491,1.1393301660559025,0.9220212104782411
2022-08-29,0.8692008804819643,1.130607526298236,0.9234768082033838
2022-08-30,0.8759067673446798,1.1218848865405697,0.9164067281137793
2022-08-31,0.8903283074387103,1.103413391085432,0.9093366480241748
2022-09-01,0.8955034314923247,1.096999688259658,0.8943646950522766
2022-09-02,0.8925714072913704,1.100591444048976,0.8891661090841594
2022-09-06,0.9050548912860243,1.1159842916846983,0.8920773838585714
2022-09-07,0.9027662340344581,1.1131622467829034,0.9045539584524022
2022-09-08,0.8775911630033412,1.1442045449719689,0.9022665679345703
2022-09-09,0.8939230530735356,1.1654980853289014,0.9274277049824674
2022-09-12,0.8622431796113346,1.124193823472462,0.9446870484721975
2022-09-13,0.8610625366344337,1.1257331473821697,0.9112081421456621
2022-09-14,0.8696967574434644,1.1144449677749906,0.9124558313346959
2022-09-15,0.877304547258905,1.1046962099428577,0.9033062692633684
2022-09-16,0.875063472341725,1.107518156979314,0.8954044757052014
2022-09-19,0.8943200779359514,1.083146164533643,0.8976917868989066
2022-09-20,0.9053349248442432,1.0698056509121923,0.8779372236793623
2022-09-21,0.9109797452316988,1.0631353451687975,0.8671241553467832
2022-09-22,0.9468121422359309,1.021318073207794,0.8617175815184304
2022-09-23,0.9629847753294962,1.0038727936924614,0.8278228581196772
2022-09-26,0.9676607133145516,0.9989983169110564,0.813682697940468
2022-09-27,0.9413196316204797,1.0261924521238606,0.8097317218372578
2022-09-28,0.9293178458166622,1.0131085414200303,0.8317737548987606
2022-09-29,0.9281412142313837,1.0143912624121174,0.8211686744264172
2022-09-30,0.948797807564615,1.0369674258957986,0.8222083757552152
2022-10-03,0.9924584849796446,1.0846853905780125,0.8405073412496168
2022-10-04,0.9774354754484947,1.068266327002485,0.8791848335442695
2022-10-05,0.9565440972227268,1.0454335606011833,0.8658764661577495
2022-10-06,0.9746186835474542,1.0256793441539584,0.8473695128031123
2022-10-07,0.9792504047470331,1.0208049652378919,0.8313578585024161
2022-10-10,0.991309573656931,1.0082340646386256,0.8274069617233325
2022-10-11,0.9933274566347476,1.006181730624354,0.8172176983232069
2022-10-12,0.9654677255640605,1.0344019839116247,0.8155541920619553
2022-10-13,0.9520584186127653,1.0200352543503688,0.8384279385920206
2022-10-14,0.9817504228108368,1.0518472634269576,0.8267830774667523
2022-10-17,0.9934835778111489,1.0644181640262238,0.8525680987712296
2022-10-18,0.9764824644829296,1.046203173623368,0.8627573621713552
2022-10-19,0.9781586164339126,1.0444073446613782,0.8479933177355659
2022-10-20,0.9603782422200517,1.0633919480864187,0.8465377200104232
2022-10-21,0.9664022886957632,1.070062155964475,0.861925569378666
2022-10-24,0.9902669946666885,1.0964866781550944,0.8673320638828922
2022-10-25,1.0023150876181115,1.1098270939112067,0.8887502920119414
2022-10-26,0.9944374339899635,1.1011044541535404,0.8995632810203938
2022-10-27,1.0041686947705482,1.111879525790817,0.8924932009307893
2022-10-28,0.9937423755002267,1.1003348411313558,0.9012268666057722
2022-10-31,0.9888767893023613,1.1057223280173247,0.8918693959983358
2022-11-01,0.9714395566647733,1.0862247144877204,0.8962361891737639
2022-11-02,0.9817642741913036,1.0746800298282593,0.8804325227333032
2022-11-03,0.9377032116224383,1.1229111024803755,0.8710750521258668
2022-11-04,0.9437017437643421,1.1300944183283341,0.910168440816864
2022-11-07,0.9537707784801417,1.1421522109576978,0.9159908317174348
2022-11-08,0.9413451542160596,1.1272723734265393,0.9257641987212157
2022-11-09,0.8880007962899809,1.1911528966319984,0.9137034411996029
2022-11-10,0.9063613378761574,1.2157814919952896,0.9654813923446665
2022-11-11,0.8967985466802354,1.2029540863437413,0.9854439434244463
2022-11-14,0.8994761165417644,1.2065457442677205,0.9750467714882118
2022-11-15,0.8983286282915701,1.2050065182233514,0.9779579669384972
2022-11-16,0.8977548112081661,1.2042368073358283,0.9767103570735902
2022-11-17,0.9006236777502655,1.2080850681774282,0.97608647281701
2022-11-18,0.8946947209438034,1.2001320414419463,0.979205656127531
2022-11-21,0.9075088990846585,1.217320815904997,0.97275938097038
2022-11-22,0.9182191785307747,1.2316874476009145,0.9866916326134801
2022-11-23,0.9233830945315694,1.2386142583965913,0.9983364144146216
2022-11-25,0.9090389077376865,1.219373149919269,1.0039508967790836
2022-11-28,0.9065525615984208,1.2227083027909664,0.9883551388747317
2022-11-29,0.9236717116475225,1.2457976721098887,0.9910584257889082
2022-11-30,0.9328019008202789,1.2581119697915346,1.009773367003781
2022-12-01,0.9348942494440907,1.2552899248897398,1.019754642543671
2022-12-02,0.9248129399439337,1.2688261791268018,1.0220420330615028
2022-12-05,0.9312801663446729,1.259953264606277,1.011020976868688
2022-12-06,0.931473025474251,1.2596923404518683,1.0039508967790836
2022-12-07,0.9281925467659252,1.2641287479364431,1.0037429882429745
2022-12-08,0.9276177192649996,1.2633458759218417,1.0072779886257135
2022-12-09,0.931641657963621,1.2688261791268016,1.0066541836932599
2022-12-12,0.9396896084569347,1.2797868850880971,1.011020976868688
2022-12-13,0.9404560938555496,1.2787429893677116,1.019754642543671
2022-12-14,0.9149710025721384,1.3133951991040056,1.02058643533636
2022-12-15,0.9258931636661516,1.2977169820846783,0.9929299199103955
2022-12-16,0.9278556033220838,1.2949664581929847,0.9810771502490183
2022-12-19,0.9264760449842027,1.2968918459023224,0.978997747591422
2022-12-20,0.9400342035850461,1.3158707125768343,0.9804533453165647
2022-12-21,0.9311918936466426,1.3034931452126914,0.9948014140318827
2022-12-22,0.9270655073277418,1.3092693083407045,0.9854439434244463
2022-12-23,0.9282341040788664,1.3109196856311771,0.9898107365998744
2022-12-27,0.9202488786853813,1.299642369794016,0.9910584257889082
2022-12-28,0.9346612747665319,1.3199966033401351,0.982532747974161
2022-12-29,0.9251179203715473,1.3065187844490105,0.9979205973424038
2022-12-30,0.9352455359942542,1.320821739522491,0.9877313339422782
2023-01-03,0.9529688447600713,1.3458518846696417,0.9985444022748573
2023-01-04,0.9455678805943085,1.3563040643244466,1.017467252025839
2023-01-05,0.9701078922981662,1.3915037768946243,1.0095653791435453
2023-01-06,0.9757559241894018,1.383402350474871,1.0357662968443673
2023-01-09,0.9802355079208729,1.377051308672676,1.041796596281047
2023-01-10,0.9876363977909556,1.366654414254358,1.0465793651769464
2023-01-11,0.9999064036428843,1.3496756377552617,1.0544811587351133
2023-01-12,1.0051649775794254,1.342577604273701,1.0675816175855244
2023-01-13,1.0075020967859947,1.3394559635726748,1.073196099949986
2023-01-17,1.004580716351703,1.343339886451902,1.075691399003927
2023-01-18,1.000490664870607,1.3488091625416838,1.0725722950175327
2023-01-19,0.9932844296821915,1.339094093335294,1.0682054225179778
2023-01-20,0.9982757763413455,1.3323650209474378,1.0758993868641626
2023-01-23,0.9955881225069492,1.335952141903622,1.0813058813683887
2023-01-24,0.9994276593702616,1.3307999736721008,1.0783946859181035
2023-01-25,1.0007714862874597,1.329010584706066,1.0825535705574225
2023-01-26,0.9975078543220681,1.3333446424665252,1.0840091682825652
2023-01-27,0.9917485856436368,1.3410429177268544,1.0804740885756996
2023-01-30,0.9856053559555666,1.3327360395680021,1.0742358012787843
2023-01-31,0.9966029110957324,1.317865140182289,1.0808899849720441
2023-02-01,0.9984990063737065,1.3153578247395123,1.092950742493657
2023-02-02,0.9884495712039262,1.328596298789466,1.0950301451512532
2023-02-03,0.978589716629384,1.341849141095203,1.0840091682825652
2023-02-06,0.9727117778688249,1.3337892698915352,1.073196099949986
2023-02-07,0.9753346411201365,1.337385758533481,1.0796422957830105
2023-02-08,0.9777833577695101,1.3340280609438668,1.0767311003327251
2023-02-09,0.9698722188541654,1.3448215370479903,1.0794343872469014
2023-02-10,0.9559335249973804,1.325494191308498,1.0707008008960452
2023-02-13,0.9605091210790171,1.3191496852634779,1.0860885709401615
2023-02-14,0.9599600718909984,1.3199037416775965,1.0912871569082787
2023-02-15,0.9539202515505713,1.3282082344370574,1.090663351975825
2023-02-16,0.949161592527558,1.321582428884685,1.0838011804223295
2023-02-17,0.9397388271105778,1.3347023879144448,1.0892077542506824
2023-02-21,0.9457186869256541,1.3431955276510632,1.0783946859181035
2023-02-22,0.9403963641712055,1.3356362817364769,1.0715325143646077
2023-02-23,0.9558215953429916,1.357544595286123,1.0775628931254142
2023-02-24,0.9417571225288128,1.3375689542800357,1.0598877325634661
2023-02-27,0.9326527422088078,1.3504998216689619,1.075483490467818
2023-02-28,0.938297413552229,1.3423262246829966,1.0650863185315835
2023-03-01,0.9384795400567383,1.3420656749045556,1.0715325143646077
2023-03-02,0.951043559892418,1.3240985919362191,1.0717405022248434
2023-03-03,0.9494047686563806,1.326380213156976,1.0860885709401615
2023-03-06,0.9299214003284425,1.353599745951612,1.084217076818674
2023-03-07,0.9293751597367332,1.3528046345304694,1.0619671352210625
2023-03-08,0.9384688504166595,1.3660414708800397,1.062590940153516
2023-03-09,0.9449602076411858,1.3754903334257307,1.0521937682172815
2023-03-10,0.9528583480777129,1.3869869189270398,1.044915779591568
2023-03-13,0.9345010711727649,1.3602659451478316,1.0361821932407118
2023-03-14,0.8999103450398476,1.4106164350809178,1.0561447443204917
2023-03-15,0.886294823308572,1.3892739993236223,1.0170513556294944
2023-03-16,0.8996829622220213,1.4102600107530403,1.0324392049977373
2023-03-17,0.8822045155589043,1.3828624102491964,1.0168434470933856
2023-03-20,0.8981320067212654,1.3578959445039473,1.0365980103129298
2023-03-21,0.8926458558743647,1.3661905180523715,1.0553129515278026
2023-03-22,0.8926458558743647,1.3661905180523715,1.0488666763706516
2023-03-23,0.8988398427100643,1.37567038739606,1.0488666763706516
2023-03-24,0.8886114850642295,1.3600159314446567,1.041588687744938
2023-03-27,0.8886114850642295,1.3600159314446567,1.0534414574063153
2023-03-28,0.9017670045234784,1.3398814673377524,1.0534414574063153
2023-03-29,0.9156241677462043,1.319291940221692,1.069037215310667
2023-03-30,0.9187814977694185,1.3147426500227453,1.085464766007708
2023-03-31,0.9250961578158471,1.3057066029282076,1.0892077542506824
2023-04-03,0.9259731790639772,1.3044687505980288,1.0966937307366316
2023-04-04,0.9198338965022018,1.3131174916566228,1.0977334320654297
2023-04-05,0.911940571444166,1.3018493015622459,1.0904553641155896
2023-04-06,0.9115957193153584,1.302341598447688,1.0998128347230258
2023-04-10,0.907285166365992,1.2961833724936571,1.0993969383266813
2023-04-11,0.9144587653355972,1.2859348860750122,1.1045955242947987
2023-04-12,0.926585490682514,1.268881980281357,1.1133291899697815
2023-04-13,0.9255606722140811,1.2702853841774142,1.1280931550814441
2023-04-14,0.9221447409620629,1.2749735776941218,1.1268454658924103
2023-04-17,0.9158251899601744,1.266236055055439,1.1226866605772179
2023-04-18,0.9131296070130709,1.2699630155654065,1.130380545599276
2023-04-19,0.912961096928258,1.2701973761357117,1.127053453752646
2023-04-20,0.9068960192303336,1.2617590693952787,1.1268454658924103
2023-04-21,0.9110522796882357,1.2559764887947182,1.1343314423783595
2023-04-24,0.8954247631975444,1.2775205798728686,1.1395300283464767
2023-04-25,0.8937622843821842,1.2751486877971558,1.1199833736630413
2023-04-26,0.8839898623453103,1.261206176063699,1.1220627763206377
2023-04-27,0.8841519482692919,1.2609749248049615,1.1343314423783595
2023-04-28,0.8838278382389962,1.261437169583001,1.1345394302385952
2023-05-01,0.8731324545099094,1.2767020820411836,1.1341235338422504
2023-05-02,0.8707017220091933,1.2731478432444006,1.120399270059386
2023-05-03,0.8744081999290714,1.2785674884000764,1.1235183740457804
2023-05-04,0.8614058597293921,1.2595553503005301,1.1187356844740077
2023-05-05,0.8626680217804085,1.2577098056639946,1.1353711437071576
2023-05-08,0.8549374296759308,1.268980469752509,1.1370347292925358
2023-05-09,0.8561995315437482,1.270853802894217,1.1268454658924103
2023-05-10,0.8598388865261308,1.2762556840551467,1.1251819596311587
2023-05-11,0.8623922289150676,1.2800456007340553,1.120399270059386
2023-05-12,0.8562919558154752,1.2709909878994368,1.117072178212756
2023-05-15,0.8477449098515892,1.283677336661076,1.124973971770923
2023-05-16,0.844421055289032,1.278644269847311,1.113745086366126
2023-05-17,0.8458344460864552,1.28078446286223,1.118111879541554
2023-05-18,0.8398467785914064,1.2717177813952756,1.1162403854200669
2023-05-19,0.8382931974226615,1.2740702543075937,1.1241422583023606
2023-05-22,0.8266416053408537,1.2917787922420516,1.1220627763206377
2023-05-23,0.839691390843001,1.3121714703338236,1.106467018416286
2023-05-24,0.8425774842111106,1.316681519406199,1.088999766390447
2023-05-25,0.8338594802860467,1.3030580427891023,1.0852567781474722
2023-05-26,0.8256363186091344,1.3159082378322529,1.0964857428763959
2023-05-30,0.8351245495999633,1.331030684655232,1.0856726745438168
2023-05-31,0.8252538563437929,1.3152986652707275,1.073196099949986
2023-06-01,0.83473587555088,1.3001861188569395,1.0858806624040525
2023-06-02,0.828730564567614,1.3095400021732744,1.0983572369978833
2023-06-05,0.8328394837665043,1.3030471873952265,1.0904553641155896
2023-06-06,0.8546482002850542,1.3371687525636755,1.0958619379439425
2023-06-07,0.8458219628420903,1.3233593642007184,1.0671657211891796
2023-06-08,0.8497370153046815,1.3294847919683992,1.0781866980578678
2023-06-09,0.8466087675995401,1.3245903861998045,1.073196099949986
2023-06-12,0.8403981065821288,1.314873286412456,1.0771469967290697
2023-06-13,0.8434581772069961,1.31008554940108,1.0850488696113634
2023-06-14,0.8544100929908739,1.2930746922009906,1.088999766390447
2023-06-15,0.8540879705926934,1.2935621961809824,1.103139926569656
2023-06-16,0.8416865347362859,1.3123448381974478,1.1027240301733112
2023-06-20,0.8428139324106351,1.3141026594972642,1.086712375872615
2023-06-21,0.8463666605914143,1.319642019219854,1.0852567781474722
2023-06-22,0.8567894840178933,1.335893126916936,1.0806820764359353
2023-06-23,0.8556210639853508,1.3340713441804044,1.0673737090494153
2023-06-26,0.8469650315378559,1.3205749900949744,1.068829306774558
2023-06-27,0.8466388285713172,1.3210836007970284,1.0796422957830105
2023-06-28,0.845170666307001,1.323374501031276,1.0792264787107926
2023-06-29,0.8317941044448853,1.3024293812046006,1.0773549845893053
2023-06-30,0.829423396058953,1.3061414539875247,1.0944063402187998
2023-07-03,0.8191504670623563,1.3223188351418076,1.0912871569082787
2023-07-05,0.8341648128308179,1.3465558379944924,1.0777708809856499
2023-07-06,0.8290824808729985,1.3383516514079075,1.058016238441979
2023-07-07,0.8245475081926436,1.3310310430054095,1.0644624342750033
2023-07-10,0.8328778962155527,1.3175836613219978,1.0702849044997007
2023-07-11,0.8529028497962071,1.2859048861059807,1.0810979728322798
2023-07-12,0.8663596210468593,1.2656163762170072,1.1070909026728661
2023-07-13,0.8625148030703979,1.2712330560302967,1.1245581546987051
2023-07-14,0.8615535832984553,1.2726497671914887,1.1195674772666968
2023-07-17,0.8577087653219939,1.2669703680252709,1.1183197880776632
2023-07-18,0.8581850743877816,1.266266784831565,1.1233104655096713
2023-07-19,0.8550095392898436,1.2709523412908803,1.123934270442125
2023-07-20,0.8524691233251521,1.2671760704192605,1.1197753858028057
2023-07-21,0.8553101056470984,1.2713991263826392,1.1231024776494358
2023-07-24,0.8543567986355096,1.2699820570720977,1.119359568730588
2023-07-25,0.8535641248816948,1.2688037654659858,1.120607178595495
2023-07-26,0.8488168391426112,1.2758604983415938,1.1216468799242931
2023-07-27,0.8420123741160866,1.2656326756366876,1.1154085926273778
2023-07-28,0.8417009142858657,1.2661008323412608,1.1243501668384694
2023-07-31,0.8332916770845649,1.2787501499779839,1.123934270442125
2023-08-01,0.8487085525487279,1.3024085307756474,1.1127053057132013
2023-08-02,0.851132535351454,1.30612831876558,1.0921189497009678
2023-08-03,0.8496698265560273,1.3038836796518545,1.088999766390447
2023-08-04,0.8571202144542516,1.2924504865644337,1.0908712605119342
2023-08-07,0.8530710825376275,1.2985561674567418,1.1004366396554794
2023-08-08,0.8503176407062013,1.294364841616349,1.0952380536873623
2023-08-09,0.8533751574271335,1.289710648927906,1.0987731333942279
2023-08-10,0.8462945633109954,1.3004115904222093,1.1027240301733112
2023-08-11,0.8475819775433601,1.3023898240798752,1.0935745474261105
2023-08-14,0.8580738145849176,1.318511523409106,1.0919109618407323
2023-08-15,0.8636994456002847,1.327155837213038,1.0783946859181035
2023-08-16,0.87074050688134,1.337975093410236,1.0713246058284989
2023-08-17,0.8717628612089633,1.3395460374701367,1.062590940153516
2023-08-18,0.8673220916826375,1.3327223753402104,1.0613433302886088
2023-08-21,0.8646169960804895,1.3368790104253643,1.066749824792835
2023-08-22,0.8718869526039938,1.3256381346074742,1.0634227329462052
2023-08-23,0.8598830949003721,1.3438890918982072,1.072364307157297
2023-08-24,0.8536275734131358,1.33411249884656,1.0576003420456344
2023-08-25,0.8452962482029006,1.3210916857412753,1.0652942270676924
2023-08-28,0.8570614586407036,1.302704142056535,1.075691399003927
2023-08-29,0.8567346403136288,1.3032008947503912,1.090663351975825
2023-08-30,0.8488911874665009,1.3151317707618568,1.0902474555794806
2023-08-31,0.8521593084030266,1.3201948574539735,1.0802661800395907
2023-09-01,0.8618747503737895,1.3352463582722074,1.0761072954002715
2023-09-05,0.8649071530038381,1.3399442619604538,1.0638386293425497
2023-09-06,0.8679609692629071,1.3446753403880165,1.0600956410995752
2023-09-07,0.8672775197760183,1.3436165166574972,1.0563526528566005
2023-09-08,0.8578951048907915,1.3290809529901952,1.0571844456492898
2023-09-11,0.8523861792978924,1.3376155722405223,1.0686213189143223
2023-09-12,0.8558919286917528,1.3431170046845151,1.0617592266849536
2023-09-13,0.8449512978887801,1.3259483099219547,1.0573923541853987
2023-09-14,0.8438028254034685,1.3277505619034542,1.0709087094321543
2023-09-15,0.8374041751032884,1.3378190415004805,1.0694531117070116
2023-09-18,0.8369119904915995,1.3370327378671487,1.0613433302886088
2023-09-19,0.8359287152017367,1.3354618782453263,1.0619671352210625
2023-09-20,0.8244843434790631,1.3537451623079044,1.0632148244100963
2023-09-21,0.8269367311220677,1.357771809913864,1.0486587678345425
2023-09-22,0.8323640876763352,1.3666831467240412,1.0455395845240216
2023-09-25,0.84286239110551,1.383920620779298,1.0386774922946527
2023-09-26,0.846451205614103,1.3898132011755826,1.0255770334442418
2023-09-27,0.838350348457518,1.3765121648696665,1.0212102402688137
2023-09-28,0.8397030383004446,1.3742911435180203,1.0309836072725946
2023-09-29,0.8254994401838882,1.39753731294618,1.0326471135338462
2023-10-02,0.8351375891376718,1.4138543110384445,1.0151798615080072
2023-10-03,0.8306373949112452,1.4062356634164241,1.00332709184663
2023-10-04,0.8255004383662081,1.3975390028286554,1.0087335863508562
2023-10-05,0.8363244449600287,1.3792143955011569,1.0149719529718981
2023-10-06,0.8331110236476225,1.3845137705936699,1.028280320358418
2023-10-09,0.8200883705531296,1.3628719461222465,1.024329344255208
2023-10-10,0.8254977383427041,1.3538823349152298,1.0403409985559042
2023-10-11,0.8166460797035423,1.3683997632613334,1.0472031701093998
2023-10-12,0.8243503080595084,1.3813092285981932,1.0359742053804761
2023-10-13,0.8175016046964119,1.3698333098451019,1.0262008383766952
2023-10-16,0.818323036728352,1.3712097291116343,1.0347265161914425
2023-10-17,0.8334679916521394,1.3965871272861745,1.0336868148626444
2023-10-18,0.8404719216170495,1.4083231489779229,1.0145560565755536
2023-10-19,0.8481157762941969,1.395514847817144,1.0060303787608065
2023-10-20,0.846877398171192,1.397552511902838,0.9968808166894789
2023-10-23,0.8437022639190228,1.4027922512787268,0.9983364144146216
2023-10-24,0.8365240566285929,1.3908573140435057,1.0020794026575963
2023-10-25,0.840901013922442,1.3835799105819229,0.993553724842849
2023-10-26,0.8463854925260584,1.3745560013579534,0.9883551388747317
2023-10-27,0.8334800426457952,1.395514847817144,0.9819089430417074
2023-10-30,0.8353925023043945,1.3987169231073389,0.9968808166894789
2023-10-31,0.8409559851356213,1.4080319906546155,0.9991682072073108
2023-11-01,0.859558893287901,1.439179268586641,1.0058223909005708
2023-11-02,0.866687109810532,1.4272443313514198,1.0280723324981824
2023-11-03,0.8640792645394896,1.431538882796809,1.0365980103129298
2023-11-06,0.8680780136793121,1.438163697337703,1.0334789063265355
2023-11-07,0.8638666357992335,1.431186616145162,1.0286962167547626
2023-11-08,0.8635190653208397,1.431762443704915,1.0336868148626444
2023-11-09,0.8671685221978299,1.4257114420464236,1.0332709184662998
2023-11-10,0.8696014492542965,1.4217114675855456,1.0376377909658545
2023-11-13,0.8954948201178796,1.3793783938277113,1.04054898641614
2023-11-14,0.8956686385032216,1.3791106521056997,1.0715325143646077
2023-11-15,0.8934094635398069,1.3825892290292177,1.0717405022248434
2023-11-16,0.8810710098721319,1.3634949460156782,1.069037215310667
2023-11-17,0.8849590745901134,1.3574780001244282,1.0838011804223295
2023-11-20,0.8817472118629559,1.362404818908173,1.0885838699941022
2023-11-21,0.8810710098721318,1.3613600060202393,1.0846329732150188
2023-11-22,0.8716189484302779,1.3467554414877467,1.085464766007708
2023-11-24,0.8686453252926138,1.3513500446096673,1.0971095478088495
2023-11-27,0.8689757418680251,1.3518640731100466,1.0933666388900016
2023-11-28,0.8646771834883527,1.3451768132020159,1.092950742493657
2023-11-29,0.8628764447816065,1.3479782193235215,1.0983572369978833
2023-11-30,0.8548549893918074,1.3354471701587,1.0960698464800513
2023-12-01,0.8505164323401666,1.3422248269649237,1.1062591098801768
2023-12-04,0.8519626180240469,1.3445070948382962,1.1006446275157151
2023-12-05,0.8518014106780083,1.344252688816361,1.0987731333942279
2023-12-06,0.8551860988695701,1.3389112135085304,1.0989810419303367
2023-12-07,0.8595377881306289,1.3320980466936838,1.1033479144298917
2023-12-08,0.8613106439189647,1.329350502879644,1.1089623967943534
2023-12-11,0.8627612070059842,1.3271116976555333,1.1112497079880586
2023-12-12,0.8746880658862312,1.3087656317826935,1.1131212021095458
2023-12-13,0.8856478622142071,1.2923668659542606,1.1285090514777887
2023-12-14,0.87549392060507,1.307183835829483,1.1426492116569977
2023-12-15,0.872753940781689,1.3030928224582567,1.1295487528065868
2023-12-18,0.863784587486845,1.289700846376046,1.1330838325134525
2023-12-19,0.8449554834293515,1.3178142345879211,1.1447286143145938
2023-12-20,0.8325596501070938,1.2984813751390998,1.1197753858028057
2023-12-21,0.8317978026001803,1.2972931782353752,1.1362029364998467
2023-12-22,0.8368169067292353,1.2894652547579122,1.1372426378286449
2023-12-26,0.8413796917435838,1.2824343825400828,1.1441048093821404
2023-12-27,0.8359043265187818,1.2907799567085052,1.1503430966790558
2023-12-28,0.8349917463083284,1.289370776007829,1.1428571201931066
2023-12-29,0.8451597965027522,1.3050719932086392,1.1441048093821404
2024-01-02,0.8530904329286021,1.3173182589805386,1.1301725577390402
2024-01-03,0.8475447355109552,1.30875474896441,1.1195674772666968
2024-01-04,0.8497343599560239,1.312135905463724,1.1268454658924103
2024-01-05,0.8594815274489938,1.2970846034959462,1.123934270442125
2024-01-08,0.8509920899405963,1.3098964189135112,1.1368267414323003
2024-01-09,0.8473762061927504,1.3043306407723285,1.1255978560275033
2024-01-10,0.8504938641366876,1.309129520837648,1.130380545599276
2024-01-11,0.8484524108302858,1.3059871974164967,1.1262216609599567
2024-01-12,0.8321991179740592,1.3310052091695908,1.1289249478741332
2024-01-16,0.8382940878909765,1.3407534010793565,1.107298811208975
2024-01-17,0.8311576335821829,1.3293394766292455,1.0991890297905724
2024-01-18,0.8317812294332371,1.3283421079608069,1.1085465003980088
2024-01-19,0.8331844241794384,1.3261012270643737,1.1093782138665713
2024-01-22,0.8306898623500856,1.3300715863352526,1.1112497079880586
2024-01-23,0.8214911544527759,1.3153429366192253,1.1079226161414286
2024-01-24,0.8268285182917109,1.306796936108256,1.1201912821991504
2024-01-25,0.8343007462250435,1.294987129899157,1.1274693501489905
2024-01-26,0.8362831989750632,1.2919100011676719,1.1376585342249894
2024-01-29,0.8370456629028342,1.2907321289169509,1.140361821139166
2024-01-30,0.8307933656194816,1.3003732289677856,1.141401522467964
2024-01-31,0.8225586155861091,1.287484045045795,1.1328758446532168
2024-02-01,0.8149339945822301,1.2994182436621702,1.1441048093821404
2024-02-02,0.8194190355684229,1.3065696744771518,1.1334996495856702
2024-02-05,0.8133727549910917,1.296928835659878,1.1272613622887548
2024-02-06,0.8108407099399312,1.3009662001030429,1.135579131567393
2024-02-07,0.8108407099399312,1.3009662001030429,1.1320440518605275
2024-02-08,0.8084576387948436,1.2971426439172298,1.1320440518605275
2024-02-09,0.8078653485636964,1.2961923344890922,1.1353711437071576
2024-02-12,0.7927843999079303,1.3203892010574896,1.1362029364998467
2024-02-13,0.781991183560424,1.3024130068846735,1.114992696231033
2024-02-14,0.7736460808728934,1.2885141669584455,1.1301725577390402
2024-02-15,0.774491153274781,1.287106691642718,1.1422333152606532
2024-02-16,0.7781530262289078,1.2810211202798005,1.1434810044496868
2024-02-20,0.7792797894314247,1.2791662056147848,1.148887498953913
2024-02-21,0.7864627168028768,1.2673756291420513,1.1505510845392914
2024-02-22,0.7870260984041352,1.2664677461666898,1.1611561650116349
2024-02-23,0.7875894262783669,1.2655612494384645,1.161987957804324
2024-02-26,0.788997880281513,1.263298033670801,1.1628196712728864
2024-02-27,0.7850543165267571,1.2696122411757198,1.1648991532546094
2024-02-28,0.7853360073273862,1.2700677995761724,1.1590767623540386
2024-02-29,0.7784298164174562,1.2588989105775923,1.158660865957694
2024-03-01,0.7781528380698522,1.259346847864549,1.168850050033693
2024-03-04,0.7752446446623373,1.2640534093799178,1.1684341536373484
2024-03-05,0.7676279250019905,1.2516341807902822,1.1640673604619203
2024-03-06,0.780256515483665,1.2310429868182473,1.1755042337269528
2024-03-07,0.7769975544691854,1.2361847844470726,1.1948429798742792
2024-03-08,0.7767259657512702,1.2366168756921263,1.1898523817663975
2024-03-11,0.7692574573094818,1.224726345463191,1.189436485370053
2024-03-12,0.770589484529174,1.2226056395625464,1.2008733586350857
2024-03-13,0.7651280916267061,1.2312706030696774,1.2029527612926818
2024-03-14,0.7657941052365521,1.2323423752187095,1.1944270834779347
2024-03-15,0.7700640805385223,1.239213767241412,1.1933873821491365
2024-03-18,0.769119551873356,1.237693799027066,1.1867331984558767
2024-03-19,0.7598319359441539,1.222747846066542,1.1881887961810191
2024-03-20,0.7573354822295302,1.2267652257763955,1.2025369442204639
2024-03-21,0.7558901774729673,1.229106393802461,1.1985859681172537
2024-03-22,0.7556273902334522,1.2286790916811692,1.196298577599422
2024-03-25,0.7543143673052342,1.2265440660856823,1.1967144739957665
2024-03-26,0.759024701181357,1.2188848827061047,1.1987939559774894
2024-03-27,0.7569312028209898,1.222246741021717,1.2062798531393117
2024-03-28,0.7585013141130308,1.2247820618046183,1.2029527612926818
2024-04-01,0.7648079187630714,1.234965585685913,1.200457462238741
2024-04-02,0.7595978817060254,1.226552732853523,1.1904761866988511
2024-04-03,0.7656598930497467,1.2363413022522831,1.1985859681172537
2024-04-04,0.767802346099829,1.2328817986032117,1.1890205889737084
2024-04-05,0.7635174399996644,1.2260014044933845,1.1923476808203384
2024-04-08,0.7617960025562506,1.228765564960202,1.1990018645135982
2024-04-09,0.7526592355347056,1.2435030335915231,1.196298577599422
2024-04-10,0.7519971597528216,1.2424091876591665,1.1819505088841038
2024-04-11,0.7646868520121627,1.2633744134543743,1.182990210212902
2024-04-12,0.7660540524048757,1.2656332282746805,1.1630276591331221
2024-04-15,0.7716797904768566,1.2749277695868984,1.160948256475526
2024-04-16,0.7693126468562806,1.2710169024452205,1.152422499336652
2024-04-17,0.7705581632335933,1.273074677491953,1.1559575790435177
2024-04-18,0.7688921063589426,1.2703221080954021,1.1540860849220302
2024-04-19,0.7604594443096706,1.2563901182327224,1.156581383975971
2024-04-22,0.7715491920837522,1.2380682345066316,1.1692659464300375
2024-04-23,0.767897682218096,1.2439276384422988,1.186317302059532
2024-04-24,0.7662748061412378,1.2465565569200048,1.1807028196950702
2024-04-25,0.7601889563651442,1.236656249769072,1.1782075206411293
2024-04-26,0.7623187079974835,1.2331916234488192,1.1875649912485657
2024-04-29,0.7511374992333811,1.251279298384863,1.1908920830951957
2024-04-30,0.7526017130013553,1.2537184528381369,1.1734248310693567
2024-05-01,0.7447175665540052,1.2405846800667437,1.1711374405515247
2024-05-02,0.7511296709042702,1.229903102538317,1.1834061066092465
2024-05-03,0.757018278058552,1.2202610706905248,1.1935953700093722
2024-05-06,0.7618600904955872,1.2124564041458126,1.2029527612926818
2024-05-07,0.7644772270447436,1.2082913822354449,1.2106467256388667
2024-05-08,0.7711510550336602,1.197743090461336,1.214805530954059
2024-05-09,0.7744225256387857,1.1926618793453563,1.225410690750529
2024-05-10,0.7749459729160889,1.1918557359380841,1.2306092767186465
2024-05-13,0.7814889141263398,1.1817927866695064,1.2314410695113356
2024-05-14,0.7894713103898346,1.169721549120242,1.2418382414475702
2024-05-15,0.7859381161460576,1.1749565125568902,1.2545228039016365
2024-05-16,0.7843678242328278,1.1726089680465004,1.2489083215371746
2024-05-17,0.783976829265606,1.1731934950896306,1.2514036205911154
2024-05-20,0.7837161991005276,1.172803471299539,1.250779815658662
2024-05-21,0.7772036827057289,1.1825492209005823,1.2511956327308797
2024-05-22,0.7809809044529288,1.1882964281433086,1.2407984607946454
2024-05-23,0.774667828166475,1.1786908078790792,1.2347681613579655
2024-05-24,0.7736324983288445,1.1802661072762755,1.2447494368978556
2024-05-28,0.7857973277175397,1.1988249654670702,1.2430858513124772
2024-05-29,0.778051561399504,1.1870079005430811,1.2235391966290419
2024-05-30,0.7704569578287735,1.1754214519229738,1.235599874826528
2024-05-31,0.7709706075568996,1.1746378196861837,1.247660632348141
2024-06-03,0.7690444455685941,1.1775724876179163,1.24849242514083
2024-06-04,0.7630091837239484,1.1683312033920477,1.245373241830309
2024-06-05,0.7654109513781561,1.1646535804307967,1.2551466088340901
2024-06-06,0.7565622601035411,1.1781177985172393,1.2590975056131735
2024-06-07,0.7593432415396004,1.1824483393067298,1.2445414490376199
2024-06-10,0.7832836420022773,1.2197283007534585,1.239966747326083
2024-06-11,0.7717548125562869,1.2017756220611164,1.2008733586350857
2024-06-12,0.7602970330326677,1.2196176619038317,1.2185485191970336
2024-06-13,0.7724132963929828,1.2390537614129609,1.200457462238741
2024-06-14,0.7665668266668447,1.2296752456119164,1.1813267039516504
2024-06-17,0.7625491911599875,1.223230423377493,1.1902682781627423
2024-06-18,0.7642719805042634,1.2204668399084935,1.1965065654596576
2024-06-20,0.7579107838260286,1.2306250424933889,1.1992097730497073
2024-06-21,0.750754418605153,1.2190052022140616,1.1892284975098173
2024-06-24,0.7491938828515632,1.2215390550356027,1.200457462238741
2024-06-25,0.75582624661926,1.2323529331983665,1.1979621631848003
2024-06-26,0.756885171348791,1.2340794794810745,1.18735700338833
2024-06-27,0.7578143493667855,1.2355944774863183,1.1856934971270785
2024-06-28,0.7538223612439071,1.2290856557901588,1.1842378994019358
2024-07-01,0.7523739608974707,1.2314472308523645,1.1904761866988511
2024-07-02,0.743288558807603,1.2165767092418054,1.1881887961810191
2024-07-03,0.7494579891496502,1.2064789010965207,1.2025369442204639
2024-07-05,0.7461161837371202,1.211858545826657,1.212518219760354
2024-07-08,0.7393041135942862,1.222922862078337,1.207111645932001
2024-07-09,0.7294073037652915,1.2065520144407151,1.1960906690633129
2024-07-10,0.7322853847969416,1.201791225169021,1.2121023233640094
2024-07-11,0.7409196278918921,1.1876211245457988,1.216885012935782
2024-07-12,0.7332864336303839,1.199856382475896,1.2312330816511
2024-07-15,0.730533465802322,1.1953517770887525,1.2185485191970336
2024-07-16,0.7342594005783329,1.2014484214785204,1.2231233002326973
2024-07-17,0.7400310794810911,1.2108924606035734,1.216885012935782
2024-07-18,0.7444921984182025,1.2181920665749764,1.2073196337922367
2024-07-19,0.7340427145732886,1.201093864140185,1.2000415658423964
2024-07-22,0.7275201146995636,1.2117666145551618,1.216885012935782
2024-07-23,0.7342935893202933,1.2230485987149076,1.2060719446032029
2024-07-24,0.736721622313593,1.2270927608773983,1.1948429798742792
2024-07-25,0.726559045895495,1.2101658463186138,1.1908920830951957
2024-07-26,0.7216785713976774,1.2182948257655744,1.2073196337922367
2024-07-29,0.719300893318437,1.214280971099411,1.1992097730497073
2024-07-30,0.7128363791488938,1.2033679629043774,1.2031607491529175
2024-07-31,0.6985503229248848,1.2274848330292567,1.2139738174854966
2024-08-01,0.703922831012505,1.2369253442944557,1.1896443939061618
2024-08-02,0.7195462987536587,1.2643787274827851,1.180494911158961
2024-08-05,0.7174723066533586,1.2607343317057114,1.1542939934581393
2024-08-06,0.7164412468338647,1.2589225648954472,1.1576210853047693
2024-08-07,0.7264649831202923,1.2413089673376403,1.1592846708901476
2024-08-08,0.7309628499578839,1.2336234731030635,1.1755042337269528
2024-08-09,0.7290351857385535,1.2368767325941088,1.182782301676793
2024-08-12,0.7188829123588172,1.2196524463429461,1.179663118366272
2024-08-13,0.723257180794056,1.2122310886972425,1.1960906690633129
2024-08-14,0.7302560579663882,1.2005004668388328,1.2033686576890263
2024-08-15,0.7336305140489795,1.1949530481515311,1.2150135188142948
2024-08-16,0.7427540222681561,1.1800924831292687,1.2206280011787565
2024-08-19,0.74125427990121,1.182475283680734,1.2358078626867637
2024-08-20,0.7482531093975919,1.1713105010702776,1.2333125636328228
2024-08-21,0.7436288759552038,1.178549245717567,1.2449573454339644
2024-08-22,0.7565017639297208,1.1581474930380655,1.2372634604119064
2024-08-23,0.7542521265413265,1.1615915192463844,1.258681609216829
2024-08-26,0.7576265826239178,1.1563946634077649,1.2549386209738544
2024-08-27,0.7543771328828762,1.1613544238302915,1.2605531033383162
2024-08-28,0.7521274954944819,1.1578911344235177,1.2551466088340901
2024-08-29,0.7520032325020991,1.1580824357894148,1.2588895970770646
2024-08-30,0.7377160688870488,1.180084619456615,1.258681609216829
2024-09-03,0.7393311560409052,1.18266818729488,1.2347681613579655
2024-09-04,0.740578953297855,1.1846642212884844,1.2320648744437892
2024-09-05,0.7509708699744565,1.2012876100879626,1.2299854717861929
2024-09-06,0.7462064937532443,1.1936662943310217,1.2127261282964628
2024-09-09,0.7432821939407902,1.1983441390695309,1.2204200133185208
2024-09-10,0.7394678919463491,1.1921945952261008,1.2156373237467482
2024-09-11,0.7343082300756125,1.1838760176888186,1.2218756110436635
2024-09-12,0.7382795198840687,1.1774733728988518,1.2304012888584108
2024-09-13,0.7441122556289453,1.168170810866756,1.2370555518757975
2024-09-16,0.7405133023487177,1.173820754326001,1.2468288395554517
2024-09-17,0.7415060892951234,1.1753944653162274,1.2407984607946454
2024-09-18,0.7288137491612271,1.1552752693168065,1.2391349545333936
2024-09-19,0.7191940422248005,1.170523897014238,1.2603451948022073
2024-09-20,0.7173903729763098,1.1675883360477746,1.2437097355690574
2024-09-23,0.7104509510907112,1.1562940834933049,1.2468288395554517
2024-09-24,0.7066956804580956,1.1624059722982159,1.2588895970770646
2024-09-25,0.7218340956105461,1.1375056019253114,1.2522354133838047
2024-09-26,0.7215994303665701,1.1378754002366174,1.2790600566929533
2024-09-27,0.7150276843763143,1.1482382522348753,1.2786442396207356
2024-09-30,0.7227729356518785,1.160676083639307,1.2669993784954672
2024-10-01,0.7244518433850315,1.1633721835572575,1.2532751147126027
2024-10-02,0.7322831222019507,1.175948163617871,1.2503639192623173
2024-10-03,0.7288359402602184,1.1704124532469322,1.2368475640155618
2024-10-04,0.7321288328764067,1.1757003957210859,1.2426699549161326
2024-10-07,0.7340979116836213,1.1788624713406906,1.2370555518757975
2024-10-08,0.7316233231530872,1.1748886151231102,1.2337284600291676
2024-10-09,0.7296569260009282,1.1780463843655193,1.23788726534436
2024-10-10,0.7252325206879191,1.1709030893508,1.2345601734977298
2024-10-11,0.7279037418676904,1.1665903468268344,1.242046149983679
2024-10-14,0.7160047372848009,1.1856605385085395,1.2466209310193428
2024-10-15,0.7152762561030239,1.1844542177325703,1.2262424835432184
2024-10-16,0.7141857093721582,1.182648338306283,1.2274900934081254
2024-10-17,0.7191386193375975,1.1744466189725864,1.2293615875296127
2024-10-18,0.7106824653106888,1.188256615041998,1.23788726534436
2024-10-21,0.7132193576013446,1.1924982830064708,1.223331288092933
2024-10-22,0.7180860603616512,1.2006353794322977,1.218964415593378
2024-10-23,0.7152492437744552,1.1958922399291683,1.2106467256388667
2024-10-24,0.7124347528162736,1.2005980511209122,1.2154294152106393
2024-10-25,0.7189203169077258,1.1896685511521967,1.2106467256388667
2024-10-28,0.7132913349913625,1.1989833842476167,1.2216677025075546
2024-10-29,0.7187979680313821,1.2082395762048797,1.2121023233640094
2024-10-30,0.7255087488023391,1.2195198403059475,1.202744852756573
2024-10-31,0.7222167099357749,1.2139861968875039,1.1915158880276493
2024-11-01,0.7225931105467717,1.2133534987790777,1.1969224618560022
2024-11-04,0.7286157596415206,1.203240473558698,1.1975462667884555
2024-11-05,0.7119280117492754,1.230798721387941,1.2075275423283456
2024-11-06,0.7012629129517792,1.2123606353078877,1.1798711062265077
2024-11-07,0.690912636785997,1.2302544482505133,1.1975462667884555
2024-11-08,0.6911561787070695,1.2306881044261024,1.1798711062265077
2024-11-11,0.7049256992177347,1.2552064197044632,1.1794552098301632
2024-11-12,0.7093639600275519,1.2631092858745963,1.1559575790435177
2024-11-13,0.7071809301460107,1.2592221341864709,1.1486795904178042
2024-11-14,0.705011295358627,1.2630854342712317,1.152214590800543
2024-11-15,0.7022035355564729,1.2580551027965716,1.1486795904178042
2024-11-18,0.7041027228059479,1.2614576521848695,1.1532542921293412
2024-11-19,0.7058849798107175,1.2646507114701215,1.150135188142947
2024-11-20,0.7071644328328096,1.2669429562705636,1.1472239133685347
2024-11-21,0.7047246240105789,1.262571839089812,1.1451445107109386
2024-11-22,0.7086780371099446,1.2554889759721002,1.149095407490022
2024-11-25,0.7045971165260108,1.2627187058870286,1.155541682647173
2024-11-26,0.6988583067522254,1.252434101705543,1.148887498953913
2024-11-27,0.7065118792446654,1.2387180235008577,1.1582449695613495
2024-11-29,0.7062609369492339,1.2391579973404228,1.1709295320154158
2024-12-02,0.7087703120412,1.23475521636974,1.1705136356190713
2024-12-03,0.711154192054276,1.2306022372856302,1.1746725202583903
2024-12-04,0.7175530530695583,1.2195294590197248,1.1786234170374739
2024-12-05,0.7184313271723941,1.2180367733751991,1.1892284975098173
2024-12-06,0.7176785481484486,1.2193130436305624,1.19068409523496
2024-12-09,0.7119070189405705,1.2291186883206762,1.189436485370053
2024-12-10,0.7086448648246587,1.223486527825874,1.1798711062265077
2024-12-11,0.7149853506426184,1.2344334765207807,1.185277600730734
2024-12-12,0.7146056606603715,1.2337779357822691,1.1746725202583903
2024-12-13,0.7166286046755778,1.2372705805074422,1.175296325190844
2024-12-16,0.7283266126723245,1.257467375682075,1.171969233344214
2024-12-17,0.7450108687042085,1.2862730066758992,1.1528383957329966
2024-12-18,0.7480365372310918,1.291496871074076,1.1264295694960658
2024-12-19,0.7495617360169501,1.2941301508159897,1.1218548677845288
2024-12-20,0.7456635864906206,1.2873999342213982,1.1195674772666968
2024-12-23,0.7495214531311416,1.2807392666640396,1.1253898681672676
2024-12-24,0.7521392480353586,1.2762661288880657,1.131212338391965
2024-12-26,0.7497969662294593,1.2802406255533954,1.1351632351710486
2024-12-27,0.755170365145827,1.289415434068069,1.131628155464183
2024-12-30,0.7558691980712591,1.2906086561560584,1.1235183740457804
2024-12-31,0.7583896998771055,1.294912286277226,1.1224786727169822
2025-01-02,0.7554294555479945,1.2898578179046076,1.1187356844740077
2025-01-03,0.764940514171868,1.2736181634505024,1.1231024776494358
2025-01-06,0.7652202574673441,1.2731523937133515,1.1372426378286449
2025-01-07,0.7628425194891647,1.2771084086894335,1.1376585342249894
2025-01-08,0.771094759961185,1.2909238495282607,1.1341235338422504
2025-01-10,0.7748109097663904,1.2971452203130927,1.1218548677845288
2025-01-13,0.7714917412224499,1.2915884534194977,1.1164482939561757
2025-01-14,0.7810781843703766,1.2755393648581537,1.1212309835279484
2025-01-15,0.7886614502266618,1.2631555160867611,1.1351632351710486
2025-01-16,0.7920954138599042,1.257655526066804,1.1461842120397365
2025-01-17,0.8104097410211967,1.2285768136319553,1.1511748894717448
2025-01-21,0.8079773933242752,1.232264239673211,1.1777916242447848
2025-01-22,0.81513143419428,1.2213534532996009,1.1742566238620458
2025-01-23,0.8188515114310424,1.2157794697810387,1.1846537957982803
2025-01-24,0.8218561954970045,1.2113183029521581,1.1900602903025066
2025-01-27,0.8191376796155627,1.2153250720951043,1.1944270834779347
2025-01-28,0.8185653432465223,1.2144759172383857,1.1904761866988511
2025-01-29,0.8264237881247762,1.2028166256127073,1.1913079794915402
2025-01-30,0.8207085257561653,1.211134891247706,1.202744852756573
2025-01-31,0.8087065183859075,1.228846477559958,1.1944270834779347
2025-02-03,0.797847530786503,1.2123460186691,1.1769598314520955
2025-02-04,0.8053586603627148,1.2009327001012635,1.192763577216683
2025-02-05,0.8103660270197507,1.1934658276929841,1.2039925419456066
2025-02-06,0.8032722177936209,1.2039132287651824,1.2114784391074291
2025-02-07,0.7984039225463199,1.1966168167644549,1.2008733586350857
2025-02-10,0.7922200605202353,1.187348684326723,1.208151347260799
2025-02-11,0.7974970091811429,1.1794397984476228,1.2175088178682354
2025-02-12,0.8062919580262333,1.1664327118080609,1.2256185992866382
2025-02-13,0.8087274807336317,1.1629093313154475,1.2391349545333936
2025-02-14,0.8133279067792323,1.156294150671898,1.2428779427763683
2025-02-18,0.8035858159496387,1.17014431190168,1.2499480228659727
2025-02-19,0.7979029124272536,1.1618691319522347,1.2349760698940746
2025-02-20,0.802038525082762,1.1678912188644495,1.2437097355690574
2025-02-21,0.8006905817433568,1.1659284064304012,1.2372634604119064
2025-02-24,0.8086168833792434,1.1543864944285211,1.2393428630695027
2025-02-25,0.8102290490072894,1.1520849567460272,1.2516115291272243
2025-02-26,0.7988097730921622,1.1683223108804774,1.254106907505292
2025-02-27,0.7924955858361292,1.1590873138952198,1.2364316676192173
2025-02-28,0.7821811258594461,1.1440016024763484,1.2462050346229983
2025-03-03,0.7837272283935139,1.141740305548961,1.2624245974598034
2025-03-04,0.8021511500170544,1.114900184213647,1.264919975837871
2025-03-05,0.7939054664279633,1.1263607601316017,1.294655814597305
2025-03-06,0.8058874907521585,1.109361151744423,1.2813474472107853
2025-03-07,0.7846290969643113,1.1386248349351271,1.3006861933581115
2025-03-10,0.7855309655351087,1.1399335933746628,1.2663755735630138
2025-03-11,0.7833356865318022,1.1367478853726944,1.264919975837871
2025-03-12,0.7778138081012489,1.1447610318910255,1.2684549762206099
2025-03-13,0.7622755218137367,1.1218922881646411,1.259513402009518
2025-03-14,0.7698020440337121,1.110814997875693,1.2846745390574152
2025-03-17,0.7733802344444919,1.1056517125813048,1.2973591015114816
2025-03-18,0.7732568225998013,1.105828146515556,1.303389480272288
2025-03-19,0.7809067095966394,1.1167681862430103,1.3031814924120524
2025-03-20,0.7875768080320921,1.1263070385031866,1.290289021421877
2025-03-21,0.7879608513134264,1.1268562556035955,1.279268044553189
2025-03-24,0.7837321066264379,1.1208087630207588,1.2786442396207356
2025-03-25,0.7730828815794608,1.1360381311315144,1.2855063318501043
2025-03-26,0.7719418914543781,1.134361456715066,1.2680390798242653
2025-03-27,0.7754811544046882,1.139562370825903,1.2699105739457526
2025-03-28,0.7836454488285775,1.1515597258318415,1.2640881830451818
2025-03-31,0.7823426500397681,1.1496452750833583,1.250779815658662
2025-04-01,0.7797456520831204,1.145829010649725,1.2528592183162581
2025-04-02,0.7700713885317314,1.1600452512972217,1.2570181029555774
2025-04-03,0.8215384922756942,1.237575945444996,1.2414223450512256
2025-04-04,0.8464603904367275,1.27511860713269,1.1584528780974583
2025-04-07,0.8506911325870432,1.2814918504631485,1.1233104655096713
2025-04-08,0.783901967601766,1.180879810030114,1.1176959831452096
2025-04-09,0.7701089652046902,1.2016577627889702,1.2054481396707493
2025-04-10,0.7918802713926897,1.1676863895562077,1.1842378994019358
2025-04-11,0.7981006298508562,1.1585140081089624,1.217716805728471
2025-04-14,0.8055380194494829,1.147717975990327,1.2272821848720166
2025-04-15,0.8031039571685626,1.1511859898730255,1.238719058137049
2025-04-16,0.796342684518099,1.1414942404059116,1.2349760698940746
2025-04-17,0.7919547815474882,1.1477839521917907,1.245373241830309
2025-04-21,0.7759987154109793,1.1246587472201006,1.2385111496009402
2025-04-22,0.7780421597738431,1.1216971732747945,1.2634642987886016
2025-04-23,0.7885148669430212,1.1065987549170844,1.2667913906352315
2025-04-24,0.7922185763560166,1.1014009832620173,1.2838428255888528
2025-04-25,0.7968163383523493,1.0950088337534076,1.2898731250255324
2025-04-28,0.798221215486735,1.0930782095951839,1.2973591015114816
2025-04-29,0.7989875253926426,1.0920288304961407,1.2996464920293134
2025-04-30,0.7950283306247881,1.0974401225309218,1.3008941812183472
2025-05-01,0.7775313352227947,1.0732876438855428,1.2944479060611962
2025-05-02,0.7785090769952651,1.0719379900313961,1.3229361349557232
2025-05-05,0.7764313990394126,1.0747987684060363,1.3245997205411015
2025-05-06,0.7783868359630596,1.0775056414148194,1.321064640834236
2025-05-07,0.7812119680282616,1.0814164163628963,1.317737548987606
2025-05-08,0.7766340840159055,1.0750793412465713,1.3129548594158333
2025-05-09,0.7779792300640768,1.0732172819356143,1.3206487444378914
2025-05-12,0.7809140984099187,1.0691686501633961,1.3229361349557232
2025-05-13,0.7794466875610726,1.0711777183562874,1.3279268123877315
2025-05-14,0.7871506761517766,1.060590283638135,1.3254315133337908
2025-05-15,0.7897186567992946,1.0571302404648972,1.3385319721842017
2025-05-16,0.7984009037398461,1.0455080434748452,1.3428987653596298
2025-05-19,0.8045151700328793,1.0375013959881378,1.3576627304712925
2025-05-20,0.7997460497880173,1.0436516453507165,1.3680599024075268
2025-05-21,0.7992568972890187,1.0442899789949311,1.3599501209891243
2025-05-22,0.8003575137358405,1.0457280181661057,1.3591183281964352
2025-05-23,0.7911608205203576,1.0337118383903727,1.3572467547508211
2025-05-27,0.7834912890451547,1.043732665098665,1.3728425126551729
2025-05-28,0.7804953754555277,1.03974164066862,1.359534145268653
2025-05-29,0.7796629140753658,1.0386326722001038,1.3647327312367703
2025-05-30,0.7882071800715036,1.0272503765139207,1.366188328961913
2025-06-02,0.7815616800914617,1.03591128766675,1.3811602819338111
2025-06-03,0.7764588595958877,1.0291478171884074,1.3695155001326695
2025-06-04,0.7777473035133536,1.0274400650920248,1.3784570743437614
2025-06-05,0.7797385025263219,1.0248095993427337,1.3807444648615932
2025-06-06,0.7797385025263219,1.0248095993427337,1.3842794652443322
2025-06-09,0.778450058608856,1.0231161986826973,1.3842794652443322
2025-06-10,0.7780998403815769,1.0235764901778812,1.386566855762164
2025-06-11,0.7715621959557671,1.0149763353030008,1.3859430508297106
2025-06-12,0.7599675005716687,1.0302289507001676,1.3975878326308522
2025-06-13,0.7711029029755945,1.0453243513924222,1.3765855008981474
2025-06-16,0.7818603217929948,1.059907349076081,1.3564151206063852
2025-06-17,0.7828328071423297,1.0612256719783932,1.337492191531277
2025-06-18,0.7872197515924514,1.0671727120481713,1.3358286059458986
2025-06-20,0.7804418828458125,1.0579844814967587,1.3283427087840762
2025-06-23,0.791343619336486,1.0432058435455993,1.3397795820491087
2025-06-24,0.7860138609599326,1.050231912812157,1.3584945232639816
2025-06-25,0.7932816544820454,1.0405210551902184,1.349344961192654
2025-06-26,0.8006706040804458,1.0308292167499424,1.361821535786485
2025-06-27,0.8018818875982965,1.0292697409385354,1.3745060982405513
2025-06-30,0.8015185117844422,1.029736158419181,1.3765855008981474
2025-07-01,0.7998226963764495,1.027557490780268,1.375961695965694
2025-07-02,0.7998226963764495,1.027557490780268,1.3788728914159794
2025-07-03,0.7948773767494979,1.0339108991669002,1.3788728914159794
2025-07-07,0.7877609164991876,1.0246543949166822,1.3703472929253588
2025-07-08,0.7948695849163556,1.015408025640041,1.3826158796589538
2025-07-09,0.7946326684721534,1.015710675110362,1.3950924542527845
2025-07-10,0.7856283069348748,1.027220176920238,1.3946766371805668
2025-07-11,0.7857467199611644,1.0273750036350358,1.3788728914159794
2025-07-14,0.7948723353999743,1.0393068755174695,1.378665062203997
2025-07-15,0.790869446173314,1.0340730409632586,1.362653328579174
2025-07-16,0.789908756783203,1.032816925932061,1.3695155001326695
2025-07-17,0.7920650172020336,1.0356362670751504,1.371179085718048
2025-07-18,0.7959193443849999,1.030596679504481,1.3674360974750734
2025-07-21,0.7996531979981959,1.0257618967307454,1.3740902811683333
2025-07-22,0.8167567691292079,1.0038221463387815,1.3805364770013577
2025-07-23,0.8074823259338983,1.0152207558468955,1.4100644072246828
2025-07-24,0.8086867859483736,1.0137064282052735,1.3940528322481132
2025-07-25,0.8220565034661895,1.0304656591295238,1.3961322349057095
2025-07-28,0.8242974609738557,1.0332747479761926,1.3730505005154086
2025-07-29,0.8328095724090311,1.0439448643047506,1.3693075122724339
2025-07-30,0.8429050203628194,1.0565997273050969,1.3551673520932248
2025-07-31,0.8456544656893986,1.0600462166628817,1.338739801396184
2025-08-01,0.8360342285634157,1.0479870407434542,1.3343730082207559
2025-08-04,0.8373223972106231,1.046372293401249,1.3495529490528897
2025-08-05,0.841058155084202,1.0417038484309595,1.351632351710486
2025-08-06,0.8489161115974252,1.031971271092347,1.3576627304712925
2025-08-07,0.8514924488918398,1.0288393879343318,1.3703472929253588
2025-08-08,0.8468549631371189,1.0344427588293417,1.3745060982405513
2025-08-11,0.8395122937389722,1.025473606471477,1.367020121754602
2025-08-12,0.8466021935607652,1.0168132149632185,1.3788728914159794
2025-08-13,0.8483746443683823,1.014684409465471,1.3905178318653744
2025-08-14,0.850906689353171,1.0116559990960838,1.3934290273156598
2025-08-15,0.848881072683605,1.0140642857875344,1.3975878326308522
2025-08-18,0.8473618843292616,1.0122494795642625,1.3942608201083488
2025-08-19,0.8527864172872567,1.0057693902834517,1.3967560398381629
2025-08-20,0.8476142419065911,1.011869412016442,1.4056976140492548
2025-08-21,0.8349990579341577,0.9968095909828165,1.3971720155586342
2025-08-22,0.8231212154868275,1.01098918455143,1.4179663594311032
2025-08-25,0.8214068973421955,1.0130947761344125,1.3977958204910876
2025-08-26,0.8234885560287727,1.0156622217547133,1.3948846250408022
2025-08-27,0.8220117274474705,1.0138407526073219,1.3913496246580634
2025-08-28,0.818455347350868,1.01822706846305,1.3938448443878775
2025-08-29,0.8080315262742697,1.0311951757780822,1.387814465627071
2025-09-02,0.8052109166935622,1.027595564998302,1.3701393050651232
2025-09-03,0.8008268209671534,1.0220006615617157,1.3749220739610224
2025-09-04,0.805042948392251,1.0166201162242425,1.3824080504469716
2025-09-05,0.8099818142603125,1.010383243517225,1.389686039072685
2025-09-08,0.8088977065958667,1.0117355753832498,1.3982116375633056
2025-09-09,0.8111865008714991,1.0145983039761344,1.396340222765945
2025-09-10,0.8027062996813704,1.0039916213752316,1.3923892466627348
2025-09-11,0.8004521443692706,1.006811024994619,1.4069453825624152
2025-09-12,0.8061467286651848,0.9996483603778538,1.402994406459205
2025-09-15,0.8041299004984562,1.0021492933945668,1.4129756026749682
2025-09-16,0.8011639447778135,1.0058456245816538,1.4094406022922292
2025-09-17,0.7978420888528993,1.0016750995981658,1.404242016324112
2025-09-18,0.7950183105924052,1.0052202978395752,1.4100644072246828
2025-09-19,0.79760681140048,1.001947400198624,1.4050738091168011
2025-09-22,0.7977244950098358,1.002095233422657,1.409648590152465
2025-09-23,0.7925459654775941,1.008600461471764,1.4094406022922292
2025-09-24,0.8004313883251181,1.0186355149189417,1.400291040220902
2025-09-25,0.7921473081197614,1.0080931268658313,1.3863588679019283
2025-09-26,0.7955576917674118,1.0037530448129965,1.400707015941373
2025-09-29,0.8010848621715011,0.9967794284684927,1.4067373947021795
2025-09-30,0.8111983889277145,0.9841952992508556,1.4165107617059605
2025-10-01,0.8123743616321882,0.9827685375319124,1.4343939101281442
2025-10-02,0.8170783421710495,0.9770779048715376,1.4364733127857403
2025-10-03,0.8140207413626448,0.98073424238242,1.4447910820643786
2025-10-06,0.8206062602844707,0.9886684921899623,1.4393845082360257
2025-10-07,0.8148694779087113,0.9817568023138727,1.4277397264348841
2025-10-08,0.8059122527217475,0.992548489811762,1.4377209226506473
2025-10-09,0.8148693879902736,1.003579952671137,1.4219171768860601
2025-10-10,0.8096875768207683,0.9971981178827808,1.4061135897697261
2025-10-13,0.8062371146515811,0.9929485845078839,1.4150551639808178
2025-10-14,0.80765284004431,0.9912050000223575,1.4210853840933708
2025-10-15,0.8128437431436469,0.9848343803060794,1.4235807624714383
2025-10-16,0.8134335612184485,0.9841197618777651,1.4327303245427658
2025-10-17,0.8172087389250562,0.9795524226840047,1.4337699465474372
2025-10-20,0.8120179258330557,0.9857744236218033,1.4404241302406973
2025-10-21,0.812725743525752,0.9849151463129543,1.4312747268176231
2025-10-22,0.8088325662012493,0.9801971349238351,1.4325223366825302
2025-10-23,0.8101179183304796,0.9786394596680562,1.4393845082360257
2025-10-24,0.8139739747181707,0.9739812625657425,1.4416718987538577
2025-10-27,0.8119874646962787,0.9763582716585598,1.4485340703073533
2025-10-28,0.8164277153205384,0.9816973632255148,1.4449989112763608
2025-10-29,0.8202080165423773,0.9862429116825763,1.437097117718194
2025-10-30,0.8235465430774095,0.9902572569026094,1.430442934024934
2025-10-31,0.8248688408378343,0.9918472276991034,1.4246205431243633
2025-11-03,0.8342752249691286,1.0031577483072291,1.4223331526065313
2025-11-04,0.8263791052842467,0.9936632153205357,1.4061135897697261
2025-11-05,0.822626075664178,0.9981759715792844,1.4194219571562459
2025-11-06,0.8262580159767404,0.9937689686195461,1.4129756026749682
2025-11-07,0.8165729033859602,0.9821203501926179,1.4192139692960102
2025-11-10,0.8254422683457331,0.9714528595323737,1.435849507853287
2025-11-11,0.8301725241452017,0.9658858796248355,1.4514452657576387
2025-11-12,0.8244961810963009,0.9724901690217719,1.4597628763880235
2025-11-13,0.8311186113946338,0.9803013008472673,1.4497816801722603
2025-11-14,0.840972910303694,0.9919244096395003,1.4381368983711187
2025-11-17,0.8494637937723287,1.001939375007293,1.4210853840933708
2025-11-18,0.8524773856608215,1.0054938953946477,1.4067373947021795
2025-11-19,0.8639854334381993,1.01906759480615,1.401746796594298
2025-11-20,0.8515128736622838,1.0043562570914184,1.3828238675191895
2025-11-21,0.8494933260275294,1.0067383059907333,1.4027864185989694
2025-11-24,0.834851292694309,0.9893859673878184,1.399459406076466
2025-11-25,0.8424120595856341,0.9804256690323763,1.4235807624714383
2025-11-26,0.8477776780854756,0.974180993344724,1.4364733127857403
2025-11-28,0.8436315141065791,0.9789453487269663,1.4456227162088144
2025-12-01,0.8471679973442111,0.9748416331136429,1.4385527154433366
2025-12-02,0.8527775625712912,0.968386670527512,1.444583094204143
2025-12-03,0.8520459084664074,0.9692175133096202,1.4541484733476884
2025-12-04,0.8518019617391687,0.9694950070901841,1.4529008634827814
2025-12-05,0.849972733438543,0.9715769789380345,1.45248488776231
2025-12-08,0.8526554961692554,0.9746435602606713,1.449365704451789
2025-12-09,0.8418562092019527,0.9622992365034487,1.4447910820643786
2025-12-10,0.8480779601816595,0.9551873495184231,1.4630900475587802
2025-12-11,0.8429330138523425,0.9609820852366606,1.4739030365672325
2025-12-12,0.8479583760775554,0.9552529430736505,1.4649614623561407
2025-12-15,0.8355147828325662,0.969271059298497,1.4736952073552503
2025-12-16,0.84030079427842,0.974823255955282,1.452069070690092
2025-12-17,0.8332811198268002,0.9666798126177683,1.4437513014114538
2025-12-18,0.8370898570916341,0.9622613404624827,1.4558120589330668
2025-12-19,0.840779545777344,0.9580199262934757,1.4624662426263266
2025-12-22,0.8438741731823526,0.9544937763849274,1.468912438459351
2025-12-23,0.8456595386393752,0.9524743755412279,1.474319012287704
2025-12-24,0.8481590139562231,0.9496591927367793,1.477438195598225
2025-12-26,0.8448263802004259,0.9533906466624474,1.481804988773653
2025-12-29,0.8416127950237526,0.9497641002838099,1.4759825978730823
2025-12-30,0.8384235651371821,0.953363161600043,1.4815970009134174
2025-12-31,0.8466920056721744,0.9439611994681073,1.4759825978730823
2026-01-02,0.8543698948085204,0.9354012633992949,1.490538575124509
2026-01-05,0.8560235829155189,0.9335907338453463,1.5040549303712647
2026-01-06,0.8533067581001684,0.9365537392154245,1.50696612582155
2026-01-07,0.854251748481094,0.9355165573738685,1.5021833569256506
2026-01-08,0.8492906841600986,0.9300835479328692,1.503846942511029
2026-01-09,0.8538442015945762,0.9250968552373977,1.5125805288618852
2026-01-12,0.8504582367445834,0.9287653762964186,1.5206903102802878
2026-01-13,0.8536107267091001,0.9253226163798675,1.5146599315194813
2026-01-14,0.8518593532930967,0.9272211227843057,1.52027449320807
2026-01-15,0.8546614973115709,0.9241710804117369,1.517155309897549
2026-01-16,0.8672711899339809,0.9378063187969572,1.5221459080054305
2026-01-20,0.858372426714086,0.9281838195441795,1.4996881371958366
