feature_1,feature_2,correlation
PIVOTS_TRAD_D_R3,PIVOTS_TRAD_D_R4,1.0
TOS_STDEVALL_U_2,TOS_STDEVALL_L_3,1.0
SQZ_ON,SQZ_OFF,1.0
SQZ_20_2.0_20_1.5,SQZPRO_20_2.0_20_2.0_1.5_1.0,1.0
SQZ_ON,SQZPRO_ON_NORMAL,1.0
SQZ_OFF,SQZPRO_ON_NORMAL,1.0
SQZPRO_ON_WIDE,SQZPRO_OFF,1.0
MACD_12_26_9,STCmacd_10_12_26_0.5,1.0
STOCHk_14_3_3,STOCHFd_14_3,1.0
AMATe_LR_8_21_2,AMATe_SR_8_21_2,1.0
TOS_STDEVALL_L_3,TOS_STDEVALL_U_3,1.0
TOS_STDEVALL_U_2,TOS_STDEVALL_U_3,1.0
TOS_STDEVALL_U_1,TOS_STDEVALL_U_3,1.0
STOCHFk_14_3,WILLR_14,1.0
HLC3,VWAP_D,1.0
TOS_STDEVALL_L_2,TOS_STDEVALL_L_3,1.0
CMO_14,RSI_14,1.0
MEDIAN_30,QTL_30_0.5,1.0
TOS_STDEVALL_U_1,TOS_STDEVALL_L_3,1.0
TOS_STDEVALL_L_1,TOS_STDEVALL_L_3,1.0
HWMA_0.2_0.1_0.1,HWM_1,1.0
TOS_STDEVALL_LR,TOS_STDEVALL_L_3,1.0
TOS_STDEVALL_L_2,TOS_STDEVALL_U_2,1.0
TOS_STDEVALL_L_1,TOS_STDEVALL_U_2,1.0
TOS_STDEVALL_LR,TOS_STDEVALL_U_2,1.0
TOS_STDEVALL_U_1,TOS_STDEVALL_L_2,1.0
TOS_STDEVALL_L_1,TOS_STDEVALL_L_2,1.0
TOS_STDEVALL_LR,TOS_STDEVALL_L_2,1.0
TOS_STDEVALL_L_1,TOS_STDEVALL_U_1,1.0
TOS_STDEVALL_LR,TOS_STDEVALL_U_1,1.0
PIVOTS_TRAD_D_S3,PIVOTS_TRAD_D_S4,1.0
TOS_STDEVALL_LR,TOS_STDEVALL_L_1,1.0
TOS_STDEVALL_LR,TOS_STDEVALL_U_3,0.9999999999999998
TOS_STDEVALL_L_1,TOS_STDEVALL_U_3,0.9999999999999998
TOS_STDEVALL_L_2,TOS_STDEVALL_U_3,0.9999999999999998
TOS_STDEVALL_U_1,TOS_STDEVALL_U_2,0.9999999999999998
AOBV_LR_2,AOBV_SR_2,0.9999999999999997
HLC3,WCP,0.9999923438215798
WCP,VWAP_D,0.9999923438215796
HL2,OHLC4,0.9999876853802185
RMA_10,KCBe_20_2,0.9999862482007977
ABER_ZG_5_15,BBM_5_2.0_2.0,0.9999790388525348
HLC3,OHLC4,0.9999726423997836
OHLC4,VWAP_D,0.9999726423997833
HL2,HLC3,0.9999693108350134
HL2,VWAP_D,0.9999693108350132
AGl_13_8_5,EMA_10,0.999968281236963
ALMA_9_6.0_0.85,BBM_5_2.0_2.0,0.9999647766997192
ALMA_9_6.0_0.85,ABER_ZG_5_15,0.9999585723956891
OHLC4,WCP,0.9999421446694363
Close,WCP,0.9999313049630657
HL2,WCP,0.9999309982630472
EMA_10,FAMA_0.5_0.05,0.9999256945790054
AGl_13_8_5,FAMA_0.5_0.05,0.9999210445525792
AGt_13_8_5,SMMA_7,0.9999186499905002
SWMA_10,TRIMA_10,0.9999185933920557
FWMA_10,MAMA_0.5_0.05,0.9998916807864188
PWMA_10,SWMA_10,0.9998810977763215
Close,HLC3,0.9998777833588902
Close,VWAP_D,0.9998777833588899
SMA_10,SWMA_10,0.9998614887370868
SMA_10,TRIMA_10,0.9998517855756542
SSF3_20,TRIMA_10,0.9998503700737772
MIDPOINT_2,MIDPRICE_2,0.9998433244887454
TEMA_10,ZL_EMA_10,0.9998208684815812
High,HL2,0.9998202518236572
Low,HL2,0.999818398789643
SSF_20,TRIMA_10,0.9998136147391911
High,OHLC4,0.9998122036869516
AGl_13_8_5,WMA_10,0.9998079516955463
Low,OHLC4,0.9998018002147145
HMA_10,ZL_EMA_10,0.9997998610289562
PIVOTS_TRAD_D_P,PIVOTS_TRAD_D_R1,0.9997964700036731
PIVOTS_TRAD_D_S1,PIVOTS_TRAD_D_S2,0.9997937317595389
High,VWAP_D,0.9997929166429608
High,HLC3,0.9997929166429608
PIVOTS_TRAD_D_R1,PIVOTS_TRAD_D_R2,0.999792364581537
PIVOTS_TRAD_D_P,PIVOTS_TRAD_D_S1,0.9997892647773197
Low,HLC3,0.9997843495159211
Low,VWAP_D,0.9997843495159209
MAMA_0.5_0.05,ZL_EMA_10,0.9997781194652692
FAMA_0.5_0.05,WMA_10,0.9997750115673357
SSF_20,SSF3_20,0.9997723025064614
EMA_10,SMMA_7,0.9997702308232577
SMA_10,SSF_20,0.9997592887641374
Close,OHLC4,0.9997591699771596
High,WCP,0.9997562833652811
MAMA_0.5_0.05,MIDPOINT_2,0.9997536664549402
Open,OHLC4,0.9997526686538872
JMA_7_0.0,ZL_EMA_10,0.9997461215477
Low,WCP,0.9997443628963056
AGt_13_8_5,RMA_10,0.9997409210329337
PWMA_10,TRIMA_10,0.9997384850314616
LOGRET_1,PCTRET_1,0.9997270408499903
Close,HL2,0.9997246162739568
FAMA_0.5_0.05,SMA_10,0.9997185465857399
OBV_max_2,OBVe_4,0.9997177417020545
SINWMA_14,SSF_20,0.9997170437215075
Open,HL2,0.9997133495747518
AGj_13_8_5,KCBe_20_2,0.9997100448987547
FWMA_10,BBM_5_2.0_2.0,0.9997098846564054
MAMA_0.5_0.05,MIDPRICE_2,0.9997043179530541
DEMA_10,FWMA_10,0.9996940595906579
SMA_10,SSF3_20,0.9996877182535818
HMA_10,TEMA_10,0.9996835216037209
FWMA_10,ZL_EMA_10,0.9996674486166582
OBV_min_2,OBVe_4,0.9996625139744038
ABER_ATR_5_15,ATRr_14,0.999653969047733
OBV,OBV_max_2,0.9996536398217114
EMA_10,WMA_10,0.9996509517103811
MIDPRICE_2,ZL_EMA_10,0.9996508506553313
SMA_10,VWMA_10,0.9996482418038414
SSF3_20,SWMA_10,0.9996444093459563
SSF3_20,T3_10_0.7,0.9996380207424982
FWMA_10,ABER_ZG_5_15,0.9996315136203109
SSF_20,SWMA_10,0.999626388131528
OBV,OBV_min_2,0.9996260332987714
JMA_7_0.0,MAMA_0.5_0.05,0.9996147696707012
WMA_10,ABER_ZG_5_15,0.999614644952864
MIDPOINT_2,ZL_EMA_10,0.9996105636006805
AGt_13_8_5,KCBe_20_2,0.9996087913793729
FWMA_10,JMA_7_0.0,0.9996070908776503
MIDPOINT_2,OHLC4,0.9996032651170199
FAMA_0.5_0.05,SMMA_7,0.999597218768786
ALMA_9_6.0_0.85,WMA_10,0.999596344621918
DEMA_10,BBM_5_2.0_2.0,0.9995907854551397
EMA_10,SMA_10,0.9995880833354339
WMA_10,BBM_5_2.0_2.0,0.999580861348472
HL2,MIDPOINT_2,0.9995795129281289
DEMA_10,ZL_EMA_10,0.9995778317709759
ALMA_9_6.0_0.85,FWMA_10,0.999577632817351
ITS_9,SMA_10,0.9995748208001615
AGj_13_8_5,RMA_10,0.9995710236403402
AGl_13_8_5,SMMA_7,0.9995701774460442
HLC3,MIDPOINT_2,0.999568378633437
MIDPOINT_2,VWAP_D,0.9995683786334368
SINWMA_14,T3_10_0.7,0.9995646476301481
SSF_20,T3_10_0.7,0.9995645834661577
Open,HLC3,0.9995608129535927
Open,VWAP_D,0.9995608129535924
High,Close,0.9995549474875496
SINWMA_14,SSF3_20,0.9995491932045291
FAMA_0.5_0.05,SWMA_10,0.9995485195945049
Open,High,0.9995406692430374
MIDPOINT_2,WCP,0.9995398424958304
DEMA_10,MAMA_0.5_0.05,0.9995379185924151
JMA_7_0.0,TEMA_10,0.999537276412377
MAMA_0.5_0.05,TEMA_10,0.999536792359847
HMA_10,JMA_7_0.0,0.9995329903746114
Low,Close,0.9995329836212875
DEMA_10,ABER_ZG_5_15,0.9995324518594414
SMMA_7,SSF_20,0.9995309457975093
ABER_ZG_5_15,ABER_SG_5_15,0.9995308561993161
OBV,OBVe_4,0.9995254710720468
Open,Low,0.9995247480309051
ABER_ZG_5_15,ABER_XG_5_15,0.9995219162216853
AGt_13_8_5,MCGD_10,0.9995209778176947
MIDPOINT_2,TEMA_10,0.9995187518393762
ABER_SG_5_15,BBM_5_2.0_2.0,0.9995133212772916
SWMA_10,VWMA_10,0.9995124144177113
MIDPRICE_2,TEMA_10,0.9995070520097045
MCGD_10,RMA_10,0.9995067982680276
ITS_9,VWMA_10,0.9995001755017806
MIDPRICE_2,OHLC4,0.9994998316902276
ABER_XG_5_15,BBM_5_2.0_2.0,0.9994975163137974
HL2,MIDPRICE_2,0.9994963317121819
PWMA_10,SMA_10,0.9994941705592199
AGl_13_8_5,SMA_10,0.999489119919999
ALMA_9_6.0_0.85,ABER_XG_5_15,0.9994860016644429
ALMA_9_6.0_0.85,DEMA_10,0.9994858194760419
ALMA_9_6.0_0.85,ABER_SG_5_15,0.9994840063802378
DEMA_10,JMA_7_0.0,0.9994793736229974
MIDPRICE_2,PIVOTS_TRAD_D_P,0.9994735444331041
High,MIDPOINT_2,0.9994711771131377
DEMA_10,LINREG_14,0.9994700789239296
OBV_min_2,OBV_max_2,0.999469335829303
Open,WCP,0.9994616496998744
SMA_10,SMMA_7,0.9994565300207844
FAMA_0.5_0.05,VWMA_10,0.9994563746915234
FWMA_10,MIDPRICE_2,0.9994514542176338
ITS_9,FAMA_0.5_0.05,0.9994416297519072
DEMA_10,TEMA_10,0.999437069452617
Open,MIDPRICE_2,0.9994356990293417
MCGD_10,KCBe_20_2,0.9994289176416228
FWMA_10,MIDPOINT_2,0.9994264802192917
JMA_7_0.0,MIDPRICE_2,0.9994234666565341
AGt_13_8_5,EMA_10,0.9994199684787148
TRIMA_10,VWMA_10,0.9994123879177135
HLC3,MIDPRICE_2,0.9994115968872901
MIDPRICE_2,VWAP_D,0.9994115968872899
AGt_13_8_5,SSF_20,0.9994093474772227
ITS_9,EMA_10,0.9993937091785638
PIVOTS_TRAD_D_P,ZL_EMA_10,0.9993935675079948
High,MIDPRICE_2,0.999393404598346
Close,LDECAY_1,0.9993926648464013
WCP,LDECAY_1,0.999389261570036
High,LDECAY_1,0.9993791070796886
Open,MIDPOINT_2,0.9993787009238291
ITS_9,AGl_13_8_5,0.9993746154501719
RMA_10,SMMA_7,0.9993735691669615
PWMA_10,SSF3_20,0.9993684872135579
Close,MIDPOINT_2,0.9993627803557521
HLC3,LDECAY_1,0.9993575541303792
LDECAY_1,VWAP_D,0.9993575541303789
SINWMA_14,TRIMA_10,0.9993522913307908
T3_10_0.7,TRIMA_10,0.9993480223545309
JMA_7_0.0,MIDPOINT_2,0.9993478949091652
MIDPRICE_2,WCP,0.9993463025395046
MAMA_0.5_0.05,OHLC4,0.999337134292461
FAMA_0.5_0.05,SSF_20,0.9993317201340702
MAMA_0.5_0.05,BBM_5_2.0_2.0,0.9993285388101101
Low,MIDPOINT_2,0.9993262845677882
JMA_7_0.0,BBM_5_2.0_2.0,0.999324519824137
High,MAMA_0.5_0.05,0.9993233152349886
FAMA_0.5_0.05,TRIMA_10,0.9993194705885844
DEMA_10,ABER_XG_5_15,0.9993191159305107
PIVOTS_TRAD_D_R2,PIVOTS_TRAD_D_R3,0.9993120345775802
PIVOTS_TRAD_D_R2,PIVOTS_TRAD_D_R4,0.9993120345775802
FWMA_10,TEMA_10,0.9993011207051175
MCGD_10,SMMA_7,0.9993004968548597
SMA_10,WMA_10,0.9992999866611855
HLC3,MAMA_0.5_0.05,0.9992999225968549
MAMA_0.5_0.05,VWAP_D,0.9992999225968549
HL2,MAMA_0.5_0.05,0.9992982702768901
PIVOTS_TRAD_D_P,PIVOTS_TRAD_D_R2,0.9992976229670553
EMA_10,VWMA_10,0.9992960208932568
PIVOTS_TRAD_D_S1,PIVOTS_TRAD_D_R1,0.9992919678744058
PIVOTS_TRAD_D_P,PIVOTS_TRAD_D_S2,0.9992868659721788
PIVOTS_TRAD_D_S2,PIVOTS_TRAD_D_S4,0.9992800314492768
PIVOTS_TRAD_D_S2,PIVOTS_TRAD_D_S3,0.9992800314492768
MIDPOINT_2,PIVOTS_TRAD_D_P,0.9992798279857205
MAMA_0.5_0.05,WCP,0.999277779256816
High,Low,0.9992773712633037
ITS_9,SWMA_10,0.9992773530856983
OHLC4,LDECAY_1,0.9992772539807634
ZL_EMA_10,BBM_5_2.0_2.0,0.9992771449054296
EMA_10,SWMA_10,0.9992756719480131
WMA_10,ABER_SG_5_15,0.9992749269246398
PWMA_10,SSF_20,0.9992730240378619
AGl_13_8_5,VWMA_10,0.9992678222178139
EMA_10,SSF_20,0.9992648710040413
MIDPRICE_2,PIVOTS_TRAD_D_R1,0.9992647836870732
MIDPRICE_2,PIVOTS_TRAD_D_S1,0.9992604776694209
HMA_10,MAMA_0.5_0.05,0.9992585083870448
SSF_20,VWMA_10,0.9992541228031999
MAMA_0.5_0.05,LDECAY_1,0.9992539913908758
ACCBU_20,KCUe_20_2,0.9992528401296398
HL2,LDECAY_1,0.9992480849475821
SSF3_20,VWMA_10,0.9992425434386497
Low,MIDPRICE_2,0.9992376969797295
ITS_9,WMA_10,0.9992374129123204
JMA_7_0.0,ABER_ZG_5_15,0.9992290580146104
HMA_10,PIVOTS_TRAD_D_P,0.999224342374258
FWMA_10,WMA_10,0.9992229050765857
JMA_7_0.0,PIVOTS_TRAD_D_P,0.9992216565595908
WMA_10,VWMA_10,0.999216396323644
HMA_10,MIDPRICE_2,0.9992135580722673
PIVOTS_TRAD_D_R1,ZL_EMA_10,0.999210154424937
MAMA_0.5_0.05,ABER_ZG_5_15,0.99920747326901
ALMA_9_6.0_0.85,JMA_7_0.0,0.9992056198074591
MIDPOINT_2,LDECAY_1,0.9992036273690558
AGl_13_8_5,ALPHAT_14_1_50,0.999202349700658
DEMA_10,HMA_10,0.9992009029265088
MIDPOINT_2,PIVOTS_TRAD_D_R1,0.9991989296739201
ITS_9,TRIMA_10,0.9991895607429132
OBVe_4,OBVe_12,0.9991864872355559
AGl_13_8_5,SWMA_10,0.9991844742418666
MAMA_0.5_0.05,PIVOTS_TRAD_D_P,0.9991836353476374
FWMA_10,ABER_SG_5_15,0.9991795620911648
SMMA_7,KCBe_20_2,0.999177558170134
AGt_13_8_5,FAMA_0.5_0.05,0.9991765619292227
SWMA_10,WMA_10,0.9991707935612657
HILO_13_21,ACCBM_20,0.9991677187899776
PIVOTS_TRAD_D_S1,ZL_EMA_10,0.9991627282936242
AGl_13_8_5,ABER_ZG_5_15,0.9991605263353773
ALMA_9_6.0_0.85,ZL_EMA_10,0.9991523302250289
ZL_EMA_10,ABER_ZG_5_15,0.9991520375424011
FAMA_0.5_0.05,PWMA_10,0.9991511062452444
FWMA_10,PIVOTS_TRAD_D_R1,0.9991501619842865
FWMA_10,HMA_10,0.9991482670368854
MAMA_0.5_0.05,PIVOTS_TRAD_D_R1,0.999147139407448
FWMA_10,PIVOTS_TRAD_D_P,0.9991464828631496
LINREG_14,TEMA_10,0.9991449680984812
PWMA_10,VWMA_10,0.9991443911480365
AGl_13_8_5,ALMA_9_6.0_0.85,0.9991436882584757
MIDPOINT_2,PIVOTS_TRAD_D_S1,0.9991410861716885
SMA_10,T3_10_0.7,0.9991395985981467
FWMA_10,ABER_XG_5_15,0.9991364252542395
SMMA_7,TRIMA_10,0.9991347361402563
AGl_13_8_5,BBM_5_2.0_2.0,0.9991323787792971
ALMA_9_6.0_0.85,MAMA_0.5_0.05,0.9991318529287243
ACCBM_20,KCBe_20_2,0.9991278292031934
AGt_13_8_5,AGl_13_8_5,0.9991244038713464
Close,MAMA_0.5_0.05,0.999119889903518
Open,MAMA_0.5_0.05,0.999119648811233
EMA_10,ALPHAT_14_1_50,0.9991176376485612
AGt_13_8_5,SMA_10,0.999117173345827
ITS_9,SSF_20,0.9991090220282801
SINWMA_14,SMA_10,0.9991061221078462
DEMA_10,MIDPRICE_2,0.9991048695165864
SMMA_7,SWMA_10,0.9991035058168588
SSF_20,ALPHATl_14_1_50_2,0.9991001026677531
HMA_10,MIDPOINT_2,0.9990887617843435
EMA_10,TRIMA_10,0.9990884667380401
Open,Close,0.9990730405965919
JMA_7_0.0,PIVOTS_TRAD_D_R1,0.9990728300330399
ITS_9,SMMA_7,0.9990692459172706
OHLC4,TEMA_10,0.999066824228432
PIVOTS_TRAD_D_P,TEMA_10,0.9990615848453084
Close,MIDPRICE_2,0.9990591538060094
HMA_10,PIVOTS_TRAD_D_S1,0.9990506518799845
RMA_10,ACCBM_20,0.9990474218537283
AGj_13_8_5,ACCBM_20,0.999044591180332
AGt_13_8_5,SINWMA_14,0.9990398673176585
HL2,TEMA_10,0.9990323987073101
WMA_10,ALPHAT_14_1_50,0.9990319141978825
ITS_9,ALPHAT_14_1_50,0.9990254968170836
OHLC4,ZL_EMA_10,0.9990234929110736
DEMA_10,MIDPOINT_2,0.9990170340208799
HMA_10,BBM_5_2.0_2.0,0.9990125177537723
AGl_13_8_5,SSF_20,0.999012506862345
ITS_9,SSF3_20,0.9990085004138365
HLC3,TEMA_10,0.9990077561678337
TEMA_10,VWAP_D,0.9990077561678337
WMA_10,ABER_XG_5_15,0.9990062750814711
AGl_13_8_5,ABER_SG_5_15,0.9990016972460072
SWMA_10,T3_10_0.7,0.9989953912705315
ALMA_9_6.0_0.85,FAMA_0.5_0.05,0.9989918974040174
FAMA_0.5_0.05,ALPHAT_14_1_50,0.9989898405182642
HL2,ZL_EMA_10,0.9989878216392479
FAMA_0.5_0.05,ABER_ZG_5_15,0.9989830317501787
LINREG_14,BBM_5_2.0_2.0,0.9989811331716324
TEMA_10,WCP,0.9989724858507395
SMMA_7,VWMA_10,0.9989698279522731
FAMA_0.5_0.05,SSF3_20,0.9989570469119904
LINREG_14,ABER_ZG_5_15,0.9989516131318289
MCGD_10,KCLe_20_2,0.9989463475415301
HMA_10,PIVOTS_TRAD_D_R1,0.9989429273415976
ZL_EMA_10,VWAP_D,0.9989420258695918
HLC3,ZL_EMA_10,0.9989420258695918
SINWMA_14,SMMA_7,0.998940142873955
PIVOTS_TRAD_D_S1,TEMA_10,0.9989400287245882
Open,ZL_EMA_10,0.9989391692437937
JMA_7_0.0,PIVOTS_TRAD_D_S1,0.9989382589034225
DEMA_10,WMA_10,0.9989365845286937
High,FWMA_10,0.9989355275910703
MIDPRICE_2,LDECAY_1,0.9989318419312833
ALMA_9_6.0_0.85,HMA_10,0.9989266072141516
SMA_10,ALPHATl_14_1_50_2,0.9989254350151587
FAMA_0.5_0.05,BBM_5_2.0_2.0,0.998925014222394
LINREG_14,ZL_EMA_10,0.9989192590782688
High,ZL_EMA_10,0.99891881921458
DEMA_10,PIVOTS_TRAD_D_P,0.9989182532935139
ALMA_9_6.0_0.85,LINREG_14,0.9989179528374021
Open,TEMA_10,0.9989151413421288
Low,MAMA_0.5_0.05,0.9989110773402167
AGl_13_8_5,TRIMA_10,0.9989107173172819
SMMA_7,ALPHATl_14_1_50_2,0.9988975980866772
WCP,ZL_EMA_10,0.9988961914993438
SMMA_7,WMA_10,0.9988961761035369
HMA_10,ABER_ZG_5_15,0.998893536955956
FWMA_10,LDECAY_1,0.9988798822225792
AGt_13_8_5,TRIMA_10,0.9988798552449377
TRIMA_10,ALPHATl_14_1_50_2,0.998875975684534
FWMA_10,PIVOTS_TRAD_D_R2,0.9988716784289668
JMA_7_0.0,ABER_XG_5_15,0.9988705999240569
AGl_13_8_5,FWMA_10,0.9988677277105608
SINWMA_14,SWMA_10,0.99886605644361
High,TEMA_10,0.9988589854236601
FWMA_10,OHLC4,0.9988587817654171
JMA_7_0.0,LINREG_14,0.9988491003559514
MAMA_0.5_0.05,PIVOTS_TRAD_D_S1,0.9988467625115268
Low,TEMA_10,0.9988447805738074
EMA_10,ABER_ZG_5_15,0.9988366253056916
SWMA_10,ALPHATl_14_1_50_2,0.9988351078274321
ALMA_9_6.0_0.85,EMA_10,0.9988237969352312
SMMA_7,SSF3_20,0.9988218780939008
FWMA_10,HL2,0.9988197552048709
HMA_10,LINREG_14,0.9988194465333315
FAMA_0.5_0.05,ABER_SG_5_15,0.9988163937057731
ACCBM_20,DCM_20_20,0.9988159678042134
FWMA_10,LINREG_14,0.998812491371678
ZL_EMA_10,ABER_XG_5_15,0.9988090322810841
PIVOTS_TRAD_D_R1,TEMA_10,0.9988084945786813
PWMA_10,WMA_10,0.9988073960917878
LINREG_14,ABER_XG_5_15,0.9988018660783989
DEMA_10,ABER_SG_5_15,0.9988014874197747
EMA_10,BBM_5_2.0_2.0,0.9987963308345741
FAMA_0.5_0.05,ALPHATl_14_1_50_2,0.9987954992882049
FWMA_10,HLC3,0.9987941136928405
FWMA_10,VWAP_D,0.9987941136928403
TEMA_10,BBM_5_2.0_2.0,0.9987832095105943
Close,TEMA_10,0.9987753043579524
MAMA_0.5_0.05,PIVOTS_TRAD_D_R2,0.9987738670387231
KAMA_10_2_30,SMMA_7,0.9987687823906224
MIDPRICE_2,PIVOTS_TRAD_D_R2,0.9987686390865407
ITS_9,PWMA_10,0.9987637778039672
MIDPRICE_2,PIVOTS_TRAD_D_S2,0.998763706022665
DEMA_10,PIVOTS_TRAD_D_R1,0.998763379780907
EMA_10,PWMA_10,0.998761082789571
FWMA_10,WCP,0.9987583493218821
PIVOTS_TRAD_D_P,BBM_5_2.0_2.0,0.9987570083299655
Low,LDECAY_1,0.9987543882054088
PIVOTS_TRAD_D_R1,BBM_5_2.0_2.0,0.9987536439049506
EMA_10,ABER_SG_5_15,0.9987491848163123
MAMA_0.5_0.05,ABER_SG_5_15,0.9987422772344986
ALMA_9_6.0_0.85,PIVOTS_TRAD_D_P,0.9987401720152389
EMA_10,ALPHATl_14_1_50_2,0.9987396007151802
AGt_13_8_5,SWMA_10,0.9987322360305342
PIVOTS_TRAD_D_R2,ZL_EMA_10,0.9987316740068608
AGt_13_8_5,ALPHATl_14_1_50_2,0.9987308146204865
EMA_10,SSF3_20,0.9987299277725185
ALMA_9_6.0_0.85,PIVOTS_TRAD_D_R1,0.9987297167109686
MAMA_0.5_0.05,ABER_XG_5_15,0.9987261585249396
Open,FWMA_10,0.9987240044832212
TRIMA_10,WMA_10,0.998717301480689
AGj_13_8_5,MCGD_10,0.9987162996213118
FWMA_10,PIVOTS_TRAD_D_S1,0.9987141793238797
ZL_EMA_10,LDECAY_1,0.998713826924746
RMA_10,SSF_20,0.9987096626796176
Open,LDECAY_1,0.9987064762727728
JMA_7_0.0,OHLC4,0.9987047992361296
SSF3_20,ALPHATl_14_1_50_2,0.9987036083511394
MCGD_10,SSF_20,0.9987003000336182
ALPHATl_14_1_50_2,VWMA_10,0.9986971300201304
Low,ZL_EMA_10,0.998695272035729
RMA_10,SINWMA_14,0.9986883458114725
PIVOTS_TRAD_D_P,ABER_ZG_5_15,0.9986844800319269
PIVOTS_TRAD_D_R2,ABER_SG_5_15,0.9986756954456509
AGl_13_8_5,PWMA_10,0.9986747985290011
PIVOTS_TRAD_D_R1,ABER_ZG_5_15,0.9986709829907899
HL2,JMA_7_0.0,0.9986698139143599
EMA_10,KAMA_10_2_30,0.9986688720421198
T3_10_0.7,VWMA_10,0.9986677716465366
Close,ZL_EMA_10,0.9986673737818129
AGj_13_8_5,AGt_13_8_5,0.9986631227795398
MIDPRICE_2,BBM_5_2.0_2.0,0.9986531942707801
JMA_7_0.0,PIVOTS_TRAD_D_R2,0.9986466336272403
TEMA_10,ABER_ZG_5_15,0.9986447537907376
JMA_7_0.0,ABER_SG_5_15,0.9986421388119797
PIVOTS_TRAD_D_S2,ZL_EMA_10,0.9986405028908337
PWMA_10,T3_10_0.7,0.9986381109902053
Open,JMA_7_0.0,0.9986353659641931
ITS_9,AGt_13_8_5,0.9986299562198233
MIDPOINT_2,PIVOTS_TRAD_D_R2,0.9986287570075859
HMA_10,PIVOTS_TRAD_D_S2,0.9986271590087696
High,JMA_7_0.0,0.9986261655330344
KAMA_10_2_30,FAMA_0.5_0.05,0.9986205781962597
JMA_7_0.0,VWAP_D,0.998618414572347
HLC3,JMA_7_0.0,0.998618414572347
AGt_13_8_5,KAMA_10_2_30,0.9986155667413188
HMA_10,ABER_XG_5_15,0.9986152736152122
DEMA_10,PIVOTS_TRAD_D_S1,0.9986055045356557
LINREG_14,MAMA_0.5_0.05,0.9986040020213625
TEMA_10,LDECAY_1,0.9985929716782022
MAMA_0.5_0.05,WMA_10,0.9985879195399794
PIVOTS_TRAD_D_R2,BBM_5_2.0_2.0,0.998584099457091
SMMA_7,ALPHAT_14_1_50,0.9985837448293771
ALMA_9_6.0_0.85,TEMA_10,0.9985829458917168
ALMA_9_6.0_0.85,PIVOTS_TRAD_D_R2,0.9985819364711069
KAMA_10_2_30,ALPHATl_14_1_50_2,0.9985817870122252
ALPHAT_14_1_50,VWMA_10,0.9985776120630849
EMA_10,MCGD_10,0.9985758710617135
AGt_13_8_5,SSF3_20,0.9985735154624849
JMA_7_0.0,WCP,0.9985697887815294
ALPHAT_14_1_50,ABER_ZG_5_15,0.9985603154082723
Close,FWMA_10,0.9985597075774082
PWMA_10,SMMA_7,0.9985586560815989
ZL_EMA_10,ABER_SG_5_15,0.9985498832491274
SINWMA_14,ALPHATl_14_1_50_2,0.9985495385225055
MIDPRICE_2,ABER_ZG_5_15,0.9985467578566517
AGl_13_8_5,ALPHATl_14_1_50_2,0.9985378844906769
KAMA_10_2_30,SMA_10,0.9985352198479839
PIVOTS_TRAD_D_R2,ABER_ZG_5_15,0.9985333370659336
AGl_13_8_5,SSF3_20,0.9985233314274303
SINWMA_14,KCBe_20_2,0.9985176290808417
MIDPOINT_2,PIVOTS_TRAD_D_S2,0.9985160199243875
AGl_13_8_5,KAMA_10_2_30,0.9985159307747634
AGt_13_8_5,VWMA_10,0.998514623835814
PWMA_10,ALPHATl_14_1_50_2,0.9985135937409798
SMA_10,ALPHAT_14_1_50,0.998501584031801
ALPHAT_14_1_50,BBM_5_2.0_2.0,0.9984964383737154
SSF_20,WMA_10,0.9984931422949808
MCGD_10,SINWMA_14,0.9984893332989829
PIVOTS_TRAD_D_S2,TEMA_10,0.9984882546900204
ITS_9,ALPHATl_14_1_50_2,0.998484861227157
EMA_10,FWMA_10,0.9984788198542269
MIDPOINT_2,BBM_5_2.0_2.0,0.9984768869830581
OBV_max_2,OBVe_12,0.9984698854329319
SSF_20,KCBe_20_2,0.9984672220832861
ACCBL_20,KCLe_20_2,0.9984507163007696
ALMA_9_6.0_0.85,ALPHAT_14_1_50,0.998450606059353
FWMA_10,ALPHAT_14_1_50,0.9984464351494248
ALMA_9_6.0_0.85,MIDPRICE_2,0.9984441289071625
PIVOTS_TRAD_D_R1,ABER_SG_5_15,0.9984399003858766
SINWMA_14,VWMA_10,0.9984288701404216
FWMA_10,FAMA_0.5_0.05,0.9984256353143992
PWMA_10,SINWMA_14,0.9984256166516288
EMA_10,RMA_10,0.9984167379325719
ITS_9,T3_10_0.7,0.9984162490455507
AGj_13_8_5,KCUe_20_2,0.9984117849054939
T3_10_0.7,ALPHATl_14_1_50_2,0.9984090664185581
HMA_10,PIVOTS_TRAD_D_R2,0.9984079859645045
PIVOTS_TRAD_D_R1,PIVOTS_TRAD_D_R4,0.9984054868536539
PIVOTS_TRAD_D_R1,PIVOTS_TRAD_D_R3,0.9984054868536539
DCM_20_20,KCBe_20_2,0.9983982594628145
KAMA_10_2_30,SSF_20,0.9983907362080698
SMMA_7,T3_10_0.7,0.9983893060006951
JMA_7_0.0,PIVOTS_TRAD_D_S2,0.998381303182429
PIVOTS_TRAD_D_S2,PIVOTS_TRAD_D_R1,0.9983800287044976
PIVOTS_TRAD_D_S1,PIVOTS_TRAD_D_R2,0.9983750147317323
DEMA_10,OHLC4,0.9983721474603419
AGl_13_8_5,ABER_XG_5_15,0.9983699847356323
Open,HMA_10,0.9983675652925494
DEMA_10,PIVOTS_TRAD_D_R2,0.9983665857250423
TEMA_10,ABER_XG_5_15,0.9983653079081692
PIVOTS_TRAD_D_S1,PIVOTS_TRAD_D_S4,0.9983620059281537
PIVOTS_TRAD_D_S1,PIVOTS_TRAD_D_S3,0.9983620059281537
ALPHAT_14_1_50,ALPHATl_14_1_50_2,0.9983615235257496
Open,PIVOTS_TRAD_D_P,0.9983548411857673
Low,JMA_7_0.0,0.9983518951320297
KAMA_10_2_30,VWMA_10,0.9983512503197038
PIVOTS_TRAD_D_P,ABER_XG_5_15,0.9983453936985367
MCGD_10,ACCBM_20,0.9983435081137372
RMA_10,DCM_20_20,0.9983428546235065
Low,FWMA_10,0.9983415417776826
High,DEMA_10,0.9983367172342361
ITS_9,KAMA_10_2_30,0.998333873501059
Close,JMA_7_0.0,0.9983326396427967
DEMA_10,HL2,0.998329577616458
HMA_10,OHLC4,0.9983232991547809
JMA_7_0.0,WMA_10,0.9983199830016098
KAMA_10_2_30,ALPHAT_14_1_50,0.9983094601887076
Open,DEMA_10,0.9983078958667199
MIDPOINT_2,ABER_ZG_5_15,0.9983078608066975
FAMA_0.5_0.05,T3_10_0.7,0.998303488071004
QTL_30_0.5,HT_TL,0.9982941703408297
MEDIAN_30,HT_TL,0.9982941703408297
ITS_9,SINWMA_14,0.99829161314443
AGt_13_8_5,KCLe_20_2,0.9982897799325295
HL2,HMA_10,0.9982888480585074
DEMA_10,HLC3,0.9982840758315041
DEMA_10,VWAP_D,0.998284075831504
AGt_13_8_5,ACCBM_20,0.9982795393339542
EMA_10,SINWMA_14,0.9982615019721924
FAMA_0.5_0.05,SINWMA_14,0.9982613079331201
SSF3_20,WMA_10,0.998250024878382
SMMA_7,KCLe_20_2,0.9982436742353776
ALPHAT_14_1_50,ABER_SG_5_15,0.9982399154635827
DEMA_10,WCP,0.9982384034228248
KAMA_10_2_30,SWMA_10,0.9982383871320964
AGt_13_8_5,WMA_10,0.9982362614317039
DEMA_10,LDECAY_1,0.9982355398146792
Open,PIVOTS_TRAD_D_S1,0.9982325735013896
Open,PIVOTS_TRAD_D_R1,0.9982284952686021
HMA_10,ABER_SG_5_15,0.9982274924777076
MCGD_10,SMA_10,0.9982257041210553
AGj_13_8_5,DCM_20_20,0.9982234328391818
PIVOTS_TRAD_D_R2,TEMA_10,0.9982217852541977
KAMA_10_2_30,TRIMA_10,0.9982186404607734
ALMA_9_6.0_0.85,MIDPOINT_2,0.9982162732267943
PIVOTS_TRAD_D_S1,BBM_5_2.0_2.0,0.9982153966432965
FAMA_0.5_0.05,MCGD_10,0.998214582119515
JMA_7_0.0,LDECAY_1,0.9982125766330645
MCGD_10,ALPHATl_14_1_50_2,0.9982116273293036
AGl_13_8_5,MAMA_0.5_0.05,0.9982078889919027
AGl_13_8_5,MCGD_10,0.9982021276912353
FAMA_0.5_0.05,ABER_XG_5_15,0.9982005420574662
HMA_10,VWAP_D,0.9981991397952414
HLC3,HMA_10,0.9981991397952414
AGt_13_8_5,T3_10_0.7,0.9981933627528515
CHDLREXTl_22_22_14_2.0,DCU_20_20,0.9981837618061201
AGj_13_8_5,ATRTSe_14_20_3.0,0.9981812448244943
High,PIVOTS_TRAD_D_R1,0.9981781250644962
MAMA_0.5_0.05,PIVOTS_TRAD_D_S2,0.9981768211785237
ALMA_9_6.0_0.85,PIVOTS_TRAD_D_S1,0.9981766918783009
High,HMA_10,0.9981745344173397
OBV_min_2,OBVe_12,0.9981680074665376
AGt_13_8_5,PWMA_10,0.9981625884023836
HILO_13_21,DCM_20_20,0.9981601105220237
MIDPRICE_2,ABER_XG_5_15,0.9981596277179892
LINREG_14,ABER_SG_5_15,0.9981582046034666
HILO_13_21,KCBe_20_2,0.9981523043030137
PIVOTS_TRAD_D_S1,ABER_XG_5_15,0.9981520118375905
LINREG_14,PIVOTS_TRAD_D_P,0.9981510939638629
AGj_13_8_5,HT_TL,0.9981502581924759
AGl_13_8_5,DEMA_10,0.9981476606314045
IKS_26,DCM_20_20,0.9981442146740634
EMA_10,T3_10_0.7,0.9981409726822201
HMA_10,WCP,0.9981313891945527
LINREG_14,MIDPRICE_2,0.9981262858181297
ITS_9,ABER_ZG_5_15,0.9981245936945543
EMA_10,KCBe_20_2,0.9981207370370414
OHLC4,PIVOTS_TRAD_D_P,0.9981204341400984
LINREG_14,WMA_10,0.9981161237060436
PIVOTS_TRAD_D_S1,ABER_ZG_5_15,0.99811085056982
ABER_SG_5_15,ABER_XG_5_15,0.9981060356209779
HL2,PIVOTS_TRAD_D_P,0.9981053109216615
WMA_10,ZL_EMA_10,0.99809661272905
HILO_13_21,RMA_10,0.998086712283509
ABER_ZG_5_15,VWMA_10,0.9980857678268779
High,PIVOTS_TRAD_D_P,0.9980829068105888
MCGD_10,DCM_20_20,0.998080838863036
WMA_10,ALPHATl_14_1_50_2,0.9980804007642343
PIVOTS_TRAD_D_P,ABER_SG_5_15,0.9980788844001873
RMA_10,SMA_10,0.9980723861683224
SWMA_10,ALPHAT_14_1_50,0.998071848315484
AGt_13_8_5,ALPHAT_14_1_50,0.9980611464204563
ALMA_9_6.0_0.85,VWMA_10,0.9980607869971202
ITS_9,ALMA_9_6.0_0.85,0.9980587274392151
DEMA_10,PIVOTS_TRAD_D_S2,0.9980547975458937
MCGD_10,TRIMA_10,0.9980455935144283
Low,HMA_10,0.9980420958290338
FAMA_0.5_0.05,RMA_10,0.9980378687252897
ITS_9,BBM_5_2.0_2.0,0.9980320657632821
KAMA_10_2_30,WMA_10,0.9980297856834736
SINWMA_14,ACCBM_20,0.9980287002227819
OHLC4,PIVOTS_TRAD_D_R1,0.9980164224106086
Close,DEMA_10,0.9980101311114876
FWMA_10,PIVOTS_TRAD_D_S2,0.9980037284063363
HL2,PIVOTS_TRAD_D_R1,0.9979968241066456
KAMA_10_2_30,MCGD_10,0.9979907022766313
MIDPRICE_2,ABER_SG_5_15,0.9979888846525324
AGj_13_8_5,HILO_13_21,0.9979868768864479
AGj_13_8_5,VIDYA_14,0.9979839949006397
LINREG_14,MIDPOINT_2,0.9979804026256575
TEMA_10,ABER_SG_5_15,0.9979801152854545
RMA_10,ALPHATl_14_1_50_2,0.9979801109038422
BBM_5_2.0_2.0,VWMA_10,0.997979132091628
EMA_10,ABER_XG_5_15,0.9979743265370514
PIVOTS_TRAD_D_R2,WMA_10,0.9979723225458919
OHLC4,PIVOTS_TRAD_D_S1,0.9979697333618285
SMA_10,ABER_ZG_5_15,0.9979697024108234
ACCBL_20,ACCBM_20,0.9979695407499388
AGl_13_8_5,RMA_10,0.9979630555532744
KAMA_10_2_30,RMA_10,0.9979624571215525
HL2,PIVOTS_TRAD_D_S1,0.9979613888585286
Low,DEMA_10,0.997960733000326
ALMA_9_6.0_0.85,SMA_10,0.9979568584759579
OBV,OBVe_12,0.9979547552196457
RMA_10,TRIMA_10,0.997953984686927
PIVOTS_TRAD_D_R1,ABER_XG_5_15,0.9979538458105547
HT_TL,ACCBM_20,0.9979528341369797
AGj_13_8_5,SMMA_7,0.9979517598374071
PIVOTS_TRAD_D_R1,WMA_10,0.9979373121982285
ALPHAT_14_1_50,ABER_XG_5_15,0.9979334476829046
PIVOTS_TRAD_D_P,VWAP_D,0.997933055998497
HLC3,PIVOTS_TRAD_D_P,0.997933055998497
ACCBM_20,ACCBU_20,0.997926777784782
HILO_13_21,MCGD_10,0.9979261893550885
RMA_10,KCLe_20_2,0.9979197259128747
AGj_13_8_5,ACCBU_20,0.9979171791859792
LINREG_14,PIVOTS_TRAD_D_R1,0.9979137737301176
HMA_10,LDECAY_1,0.9979050728450302
HILO_13_21,ACCBL_20,0.9978995723146854
SSF_20,ALPHAT_14_1_50,0.9978974701960289
MIDPOINT_2,ABER_XG_5_15,0.9978901296846522
MAMA_0.5_0.05,ALPHAT_14_1_50,0.9978871520917157
KAMA_10_2_30,SSF3_20,0.9978870406267757
PIVOTS_TRAD_D_R3,ABER_SG_5_15,0.9978850839397915
PIVOTS_TRAD_D_R4,ABER_SG_5_15,0.9978850839397915
SWMA_10,ABER_ZG_5_15,0.9978845918247591
LINREG_14,PIVOTS_TRAD_D_S1,0.997883519095005
SSF_20,KCLe_20_2,0.997881678468945
ALMA_9_6.0_0.85,SWMA_10,0.9978726949654311
SMA_10,BBM_5_2.0_2.0,0.9978639588396493
KCBe_20_2,KCUe_20_2,0.9978615150467591
AGl_13_8_5,T3_10_0.7,0.9978597984978106
PIVOTS_TRAD_D_R1,LDECAY_1,0.9978537594194289
Low,PIVOTS_TRAD_D_S1,0.9978521036778959
ABER_SG_5_15,BBU_5_2.0_2.0,0.997849852893045
AGl_13_8_5,SINWMA_14,0.997845950519762
High,PIVOTS_TRAD_D_R2,0.9978407235928561
PIVOTS_TRAD_D_S2,ABER_XG_5_15,0.9978398310350264
Close,HMA_10,0.9978369944025455
PIVOTS_TRAD_D_R1,VWAP_D,0.9978364840397277
HLC3,PIVOTS_TRAD_D_R1,0.9978364840397275
PIVOTS_TRAD_D_P,WCP,0.9978240813088143
SMA_10,ABER_SG_5_15,0.9978184201716483
DEMA_10,FAMA_0.5_0.05,0.9978180386576966
LDECAY_1,BBM_5_2.0_2.0,0.9978161583874066
ITS_9,ABER_SG_5_15,0.9978160202055943
MCGD_10,SWMA_10,0.9978140263263721
SMMA_7,ABER_SG_5_15,0.997809170779954
High,BBM_5_2.0_2.0,0.997800519102474
ATRTSe_14_20_3.0,KCBe_20_2,0.9977929126425222
MIDPOINT_2,ABER_SG_5_15,0.9977805264075981
PIVOTS_TRAD_D_S1,VWAP_D,0.9977729148699906
HLC3,PIVOTS_TRAD_D_S1,0.9977729148699906
EMA_10,KCLe_20_2,0.997767030581425
Low,PIVOTS_TRAD_D_P,0.997766243160001
TRIMA_10,ALPHAT_14_1_50,0.997761493359434
SMA_10,KCBe_20_2,0.997758963028439
KCLe_20_2,KCBe_20_2,0.9977528881345472
PIVOTS_TRAD_D_P,WMA_10,0.9977522695237633
EMA_10,MAMA_0.5_0.05,0.9977495766165706
DEMA_10,ALPHAT_14_1_50,0.9977492086350664
KAMA_10_2_30,KCBe_20_2,0.9977457856573642
KAMA_10_2_30,PWMA_10,0.9977436603743928
AGl_13_8_5,JMA_7_0.0,0.9977404502289084
SWMA_10,BBM_5_2.0_2.0,0.9977391067126227
PIVOTS_TRAD_D_R1,WCP,0.9977334627731358
AGl_13_8_5,PIVOTS_TRAD_D_R2,0.9977305598539618
ALPHATl_14_1_50_2,KCBe_20_2,0.9977305170619079
KAMA_10_2_30,SINWMA_14,0.9977248574659502
MCGD_10,SSF3_20,0.99771492425046
AGt_13_8_5,DCM_20_20,0.9977142764092992
ABER_XG_5_15,BBL_5_2.0_2.0,0.9977121832917728
High,PIVOTS_TRAD_D_S1,0.9977104292740113
FAMA_0.5_0.05,KCBe_20_2,0.9977101504509697
ITS_9,MCGD_10,0.9977095175551999
PIVOTS_TRAD_D_P,LDECAY_1,0.9977072025168908
ITS_9,FWMA_10,0.99770401580442
IKS_26,AGj_13_8_5,0.997693425863422
SWMA_10,ABER_SG_5_15,0.9976808302244325
VIDYA_14,ATRTSe_14_20_3.0,0.9976803708830846
ABER_SG_5_15,VWMA_10,0.9976774760930472
SMMA_7,ABER_ZG_5_15,0.9976733133736815
RMA_10,KCUe_20_2,0.9976716474119229
ALMA_9_6.0_0.85,SMMA_7,0.9976705052107244
TRIMA_10,KCBe_20_2,0.9976629832871815
Open,BBM_5_2.0_2.0,0.9976619275211057
High,ABER_ZG_5_15,0.9976610983409637
PIVOTS_TRAD_D_S1,WCP,0.9976558428017945
Open,PIVOTS_TRAD_D_S2,0.997653876520673
Open,PIVOTS_TRAD_D_R2,0.9976427067499074
RMA_10,ATRTSe_14_20_3.0,0.9976398078259973
MCGD_10,VWMA_10,0.9976350228394397
MAMA_0.5_0.05,FAMA_0.5_0.05,0.9976333888595313
AGl_13_8_5,KCBe_20_2,0.997633274634615
JMA_7_0.0,ALPHAT_14_1_50,0.9976321340834141
DEMA_10,EMA_10,0.9976321327793403
RMA_10,SSF3_20,0.9976308241830637
OHLC4,BBM_5_2.0_2.0,0.9976271448860659
RMA_10,SWMA_10,0.9976254788066273
LDECAY_1,ABER_ZG_5_15,0.9976170261857952
SMMA_7,BBM_5_2.0_2.0,0.997606999485204
MIDPRICE_2,WMA_10,0.9976012426801065
HL2,BBM_5_2.0_2.0,0.9975827327637787
AGl_13_8_5,PIVOTS_TRAD_D_R1,0.997581805695579
MCGD_10,ACCBL_20,0.9975768377821724
PIVOTS_TRAD_D_R2,LDECAY_1,0.9975651255766561
PWMA_10,ABER_ZG_5_15,0.9975587038055449
SMMA_7,ACCBM_20,0.9975574473468936
IKS_26,HT_TL,0.9975546436464803
HILO_13_21,SINWMA_14,0.9975546307234076
Open,ABER_ZG_5_15,0.9975504800666847
ABER_XG_5_15,VWMA_10,0.9975480767861012
FAMA_0.5_0.05,KCLe_20_2,0.9975438330247639
High,ABER_SG_5_15,0.9975430208768591
SMA_10,KCLe_20_2,0.9975359402856896
ALMA_9_6.0_0.85,PWMA_10,0.9975278705353697
SINWMA_14,KCLe_20_2,0.9975220491713245
PIVOTS_TRAD_D_S2,BBM_5_2.0_2.0,0.9975121346726474
LDECAY_1,ABER_SG_5_15,0.9975062292707086
HLC3,BBM_5_2.0_2.0,0.9975062160598013
BBM_5_2.0_2.0,VWAP_D,0.9975062160598013
ITS_9,ABER_XG_5_15,0.9974862020554174
ALMA_9_6.0_0.85,PIVOTS_TRAD_D_S2,0.9974805370561052
LINREG_14,PIVOTS_TRAD_D_R2,0.9974728096550902
AGl_13_8_5,ZL_EMA_10,0.9974715881178188
AGl_13_8_5,KCLe_20_2,0.9974697523461244
OHLC4,ABER_ZG_5_15,0.99746363518475
Low,PIVOTS_TRAD_D_S2,0.9974619933961464
PWMA_10,ALPHAT_14_1_50,0.9974596996169297
OHLC4,PIVOTS_TRAD_D_R2,0.9974590105336161
ACCBL_20,DCM_20_20,0.9974560410059607
Low,PIVOTS_TRAD_D_R1,0.9974530433616111
WCP,BBM_5_2.0_2.0,0.9974450702737179
ALMA_9_6.0_0.85,LDECAY_1,0.9974425635529842
PIVOTS_TRAD_D_R2,ABER_XG_5_15,0.9974393493942592
HL2,PIVOTS_TRAD_D_R2,0.9974326953752487
ITS_9,RMA_10,0.9974319169054506
High,ALMA_9_6.0_0.85,0.9974271923573736
MIDPOINT_2,WMA_10,0.9974256779396965
HL2,ABER_ZG_5_15,0.9974229878352279
HWM_1,HWU_1,0.9974229611677685
HWMA_0.2_0.1_0.1,HWU_1,0.9974229611677685
ALPHATl_14_1_50_2,KCLe_20_2,0.9974192133039355
PIVOTS_TRAD_D_S2,ABER_ZG_5_15,0.9974177775392887
LINREG_14,PIVOTS_TRAD_D_S2,0.9974163105365852
HMA_10,WMA_10,0.997414337158489
SSF3_20,ALPHAT_14_1_50,0.9974120498870134
Close,PIVOTS_TRAD_D_P,0.9974062334020083
FWMA_10,VWMA_10,0.9973939452131572
DCU_20_20,KCUe_20_2,0.9973819110834694
MCGD_10,T3_10_0.7,0.9973791594482209
PWMA_10,BBM_5_2.0_2.0,0.9973777682878331
TEMA_10,WMA_10,0.9973741496670552
OHLC4,PIVOTS_TRAD_D_S2,0.9973687049984487
HWMA_0.2_0.1_0.1,HWL_1,0.997367168878736
HWM_1,HWL_1,0.997367168878736
HL2,PIVOTS_TRAD_D_S2,0.9973648805550419
AGt_13_8_5,HILO_13_21,0.9973647118039245
EMA_10,PIVOTS_TRAD_D_R2,0.9973623119471263
TRIMA_10,KCLe_20_2,0.9973525235055889
T3_10_0.7,WMA_10,0.9973511891376788
Open,ALMA_9_6.0_0.85,0.9973499418299226
HT_TL,ACCBU_20,0.9973416163557247
AGj_13_8_5,SINWMA_14,0.9973410139344574
ACCBU_20,DCU_20_20,0.9973340335896276
Close,PIVOTS_TRAD_D_R1,0.9973334558561706
SSF3_20,KCBe_20_2,0.9973322603183593
QTL_30_0.5,ACCBU_20,0.9973290797354103
MEDIAN_30,ACCBU_20,0.9973290797354103
HLC3,ABER_ZG_5_15,0.9973254083369135
ABER_ZG_5_15,VWAP_D,0.9973254083369132
PWMA_10,ABER_SG_5_15,0.9973176030716723
KCLe_20_2,VWMA_10,0.9973129136636707
SSF_20,ACCBM_20,0.997303382687942
SWMA_10,KCBe_20_2,0.9972976674603614
ITS_9,KCLe_20_2,0.9972905231914508
PIVOTS_TRAD_D_R2,VWAP_D,0.9972885713603846
HLC3,PIVOTS_TRAD_D_R2,0.9972885713603844
PIVOTS_TRAD_D_S1,LDECAY_1,0.9972858114246689
CKSPl_10_3_20,CHDLREXTl_22_22_14_2.0,0.9972813868645496
RMA_10,VWMA_10,0.9972672848106489
AGl_13_8_5,PIVOTS_TRAD_D_P,0.9972666436719096
FAMA_0.5_0.05,PIVOTS_TRAD_D_R2,0.9972662789532293
RMA_10,T3_10_0.7,0.997262949150791
MCGD_10,ALPHAT_14_1_50,0.9972544648090587
KAMA_10_2_30,KCLe_20_2,0.9972540251663187
WCP,ABER_ZG_5_15,0.9972537463133737
IKS_26,ATRTSe_14_20_3.0,0.9972475885619454
FWMA_10,SMA_10,0.9972344520478604
ALMA_9_6.0_0.85,OHLC4,0.9972326361694722
EMA_10,JMA_7_0.0,0.9972299320590058
CHDLREXTs_22_22_14_2.0,DCL_20_20,0.9972251397222464
Open,LINREG_14,0.9972242536650632
PIVOTS_TRAD_D_R2,ALPHAT_14_1_50,0.9972238999626672
MCGD_10,PWMA_10,0.9972219286531717
PIVOTS_TRAD_D_P,PIVOTS_TRAD_D_R4,0.9972203562313293
PIVOTS_TRAD_D_P,PIVOTS_TRAD_D_R3,0.9972203562313293
FWMA_10,PIVOTS_TRAD_D_R3,0.9972181656669328
FWMA_10,PIVOTS_TRAD_D_R4,0.9972181656669328
ACCBU_20,KCBe_20_2,0.9972165831629319
JMA_7_0.0,FAMA_0.5_0.05,0.9972141298204021
Close,PIVOTS_TRAD_D_S1,0.9972137556905537
PIVOTS_TRAD_D_R2,WCP,0.9971936622416431
ITS_9,DEMA_10,0.9971935891601563
SWMA_10,KCLe_20_2,0.9971930447169242
LINREG_14,OHLC4,0.9971902443588494
ALMA_9_6.0_0.85,HL2,0.9971867847171285
FWMA_10,SMMA_7,0.9971840016288408
ZL_EMA_10,ALPHAT_14_1_50,0.9971765207140412
SMA_10,ABER_XG_5_15,0.9971726756889266
Close,BBM_5_2.0_2.0,0.9971705222110425
DEMA_10,BBL_5_2.0_2.0,0.9971704572857746
PIVOTS_TRAD_D_S2,PIVOTS_TRAD_D_R2,0.9971700205446541
ACCBM_20,KCUe_20_2,0.9971659411860356
KAMA_10_2_30,T3_10_0.7,0.9971658289927398
AGl_13_8_5,MIDPRICE_2,0.9971658183235493
HLC3,PIVOTS_TRAD_D_S2,0.9971645249554802
PIVOTS_TRAD_D_S2,VWAP_D,0.99716452495548
PIVOTS_TRAD_D_R1,ALPHAT_14_1_50,0.9971644205774012
Open,ABER_XG_5_15,0.9971637462464837
EMA_10,PIVOTS_TRAD_D_R1,0.9971418164330463
HL2,LINREG_14,0.9971407878853613
SWMA_10,ABER_XG_5_15,0.9971406230054336
MCGD_10,ATRTSe_14_20_3.0,0.9971366744961474
PIVOTS_TRAD_D_P,PIVOTS_TRAD_D_S3,0.9971348380140481
PIVOTS_TRAD_D_P,PIVOTS_TRAD_D_S4,0.9971348380140481
PIVOTS_TRAD_D_S1,ABER_SG_5_15,0.9971291192944233
MCGD_10,WMA_10,0.997125919856244
MIDPRICE_2,ALPHAT_14_1_50,0.9971182868199743
HT_TL,KCBe_20_2,0.997117639468387
ACCBU_20,CHDLREXTl_22_22_14_2.0,0.9971158928474849
TRIMA_10,ABER_ZG_5_15,0.9971147703163559
ALMA_9_6.0_0.85,TRIMA_10,0.997104704498401
SMMA_7,DCM_20_20,0.9970988729401211
High,LINREG_14,0.9970960071913841
AGt_13_8_5,ABER_SG_5_15,0.9970907630148682
ITS_9,KCBe_20_2,0.99708763304258
ALMA_9_6.0_0.85,VWAP_D,0.9970843033641552
ALMA_9_6.0_0.85,HLC3,0.9970843033641552
HLC3,LINREG_14,0.9970696206355008
LINREG_14,VWAP_D,0.9970696206355008
CHDLREXTl_22_22_14_2.0,KCUe_20_2,0.9970569726418356
FAMA_0.5_0.05,PIVOTS_TRAD_D_R1,0.9970565681116339
SINWMA_14,ACCBL_20,0.9970541705510114
WMA_10,LDECAY_1,0.9970514718219625
SSF3_20,KCLe_20_2,0.9970490976943706
JMA_7_0.0,BBL_5_2.0_2.0,0.997046047466519
ALMA_9_6.0_0.85,PIVOTS_TRAD_D_R3,0.9970441916592874
ALMA_9_6.0_0.85,PIVOTS_TRAD_D_R4,0.9970441916592874
DEMA_10,VWMA_10,0.9970425721749194
PIVOTS_TRAD_D_S2,WCP,0.9970415322727924
IKS_26,KCBe_20_2,0.9970330860401607
AGj_13_8_5,CHDLREXTl_22_22_14_2.0,0.9970322556573392
PIVOTS_TRAD_D_R3,BBM_5_2.0_2.0,0.9970318295889445
PIVOTS_TRAD_D_R4,BBM_5_2.0_2.0,0.9970318295889445
AGl_13_8_5,BBU_5_2.0_2.0,0.9970262301136578
AGl_13_8_5,MIDPOINT_2,0.9970207224115767
OHLC4,ABER_XG_5_15,0.9970164108469788
LINREG_14,WCP,0.9970111568167727
ALMA_9_6.0_0.85,WCP,0.9970101985159098
PWMA_10,RMA_10,0.9970070951464147
PIVOTS_TRAD_D_S1,WMA_10,0.9970051451168164
SINWMA_14,WMA_10,0.9970036723871488
PIVOTS_TRAD_D_R4,ABER_ZG_5_15,0.9970026789343844
PIVOTS_TRAD_D_R3,ABER_ZG_5_15,0.9970026789343844
Low,BBM_5_2.0_2.0,0.9970024290864843
AGj_13_8_5,SSF_20,0.9969975348950374
HT_TL,DCM_20_20,0.9969972145251362
FAMA_0.5_0.05,BBU_5_2.0_2.0,0.9969946870859898
Open,ABER_SG_5_15,0.9969931534946997
ATRTSe_14_20_3.0,DCM_20_20,0.9969887956963024
MAMA_0.5_0.05,PIVOTS_TRAD_D_R4,0.9969869169972909
MAMA_0.5_0.05,PIVOTS_TRAD_D_R3,0.9969869169972909
TRIMA_10,ABER_SG_5_15,0.9969865694631664
LINREG_14,LDECAY_1,0.9969820656127957
RMA_10,ACCBU_20,0.9969752844446259
HL2,ABER_XG_5_15,0.9969700987382751
PIVOTS_TRAD_D_P,ALPHAT_14_1_50,0.9969665395846808
OHLC4,ABER_SG_5_15,0.996966312892826
EMA_10,BBU_5_2.0_2.0,0.9969625632553649
TRIMA_10,BBM_5_2.0_2.0,0.9969560332291062
T3_10_0.7,KCBe_20_2,0.9969533374104689
WMA_10,BBU_5_2.0_2.0,0.9969499759051246
Close,ABER_ZG_5_15,0.9969477157914597
HL2,ABER_SG_5_15,0.9969313154204852
VIDYA_14,KCUe_20_2,0.9969186657455718
EMA_10,ZL_EMA_10,0.9969119387614719
RMA_10,ACCBL_20,0.9969094917160062
High,PIVOTS_TRAD_D_S2,0.9969087935762013
KCBe_20_2,VWMA_10,0.9969085949051198
MIDPOINT_2,ALPHAT_14_1_50,0.9969060232261537
DCM_20_20,KCLe_20_2,0.9969047347795882
IKS_26,CKSPs_10_3_20,0.9968988519322698
IKS_26,ACCBM_20,0.9968978685912449
FAMA_0.5_0.05,ZL_EMA_10,0.9968909947817829
ZL_EMA_10,BBL_5_2.0_2.0,0.9968870386696748
High,WMA_10,0.9968862294098392
T3_10_0.7,KCLe_20_2,0.9968792923980457
AGj_13_8_5,MEDIAN_30,0.9968764499120418
AGj_13_8_5,QTL_30_0.5,0.9968764499120418
AGl_13_8_5,LINREG_14,0.9968738815721395
HLC3,ABER_XG_5_15,0.9968581138287645
ABER_XG_5_15,VWAP_D,0.9968581138287643
ITS_9,MAMA_0.5_0.05,0.9968534495810131
PWMA_10,ABER_XG_5_15,0.9968527382624132
ALPHATl_14_1_50_2,ABER_ZG_5_15,0.9968498881265592
HLC3,ABER_SG_5_15,0.9968480980337695
ABER_SG_5_15,VWAP_D,0.9968480980337693
ACCBL_20,KCBe_20_2,0.9968454050017428
AGl_13_8_5,LDECAY_1,0.9968444162939577
ALMA_9_6.0_0.85,SSF_20,0.9968438450391932
ALMA_9_6.0_0.85,ALPHATl_14_1_50_2,0.996842552028752
SSF_20,ABER_ZG_5_15,0.9968371013650132
KAMA_10_2_30,ABER_ZG_5_15,0.9968367423355353
PIVOTS_TRAD_D_S2,BBL_5_2.0_2.0,0.9968316901422235
High,ABER_XG_5_15,0.9968308457286936
Low,LINREG_14,0.9968245611622472
Low,ABER_ZG_5_15,0.9968223133788274
TEMA_10,BBL_5_2.0_2.0,0.9968186439386038
Close,PIVOTS_TRAD_D_R2,0.9968180036449716
ALMA_9_6.0_0.85,KAMA_10_2_30,0.996815965946343
SSF_20,ABER_SG_5_15,0.9968130665685832
PIVOTS_TRAD_D_R3,WMA_10,0.9968098097667298
PIVOTS_TRAD_D_R4,WMA_10,0.9968098097667298
AGl_13_8_5,PIVOTS_TRAD_D_R4,0.9968097306866807
AGl_13_8_5,PIVOTS_TRAD_D_R3,0.9968097306866807
FWMA_10,SWMA_10,0.9968071411930864
AGt_13_8_5,ALMA_9_6.0_0.85,0.9968050407688797
AGt_13_8_5,ABER_ZG_5_15,0.9968025175195442
IKS_26,RMA_10,0.9967984973425077
KAMA_10_2_30,ABER_SG_5_15,0.9967953749123537
RMA_10,HT_TL,0.9967947748778941
LINREG_14,BBL_5_2.0_2.0,0.9967939698715648
HILO_13_21,HT_TL,0.9967929230450834
T3_10_0.7,ALPHAT_14_1_50,0.9967897422433
WCP,ABER_SG_5_15,0.9967836205336371
LDECAY_1,ABER_XG_5_15,0.9967794659418201
WCP,ABER_XG_5_15,0.9967792673661267
HMA_10,BBL_5_2.0_2.0,0.9967779533094405
VIDYA_14,KCBe_20_2,0.9967755456471511
RMA_10,ALPHAT_14_1_50,0.9967695522614423
KAMA_10_2_30,BBM_5_2.0_2.0,0.9967674778433363
EMA_10,PIVOTS_TRAD_D_P,0.9967659241136646
ALMA_9_6.0_0.85,BBU_5_2.0_2.0,0.9967569673100808
Low,ABER_XG_5_15,0.9967488918345184
Close,LINREG_14,0.9967446819890825
ABER_ZG_5_15,BBU_5_2.0_2.0,0.9967369060840099
ALPHATl_14_1_50_2,ABER_SG_5_15,0.9967247215765883
AGt_13_8_5,BBM_5_2.0_2.0,0.9967245939251829
FAMA_0.5_0.05,PIVOTS_TRAD_D_P,0.996723465681571
MEDIAN_30,ACCBM_20,0.9967201404183825
QTL_30_0.5,ACCBM_20,0.9967201404183825
DEMA_10,SMA_10,0.996718130468723
AGt_13_8_5,ACCBL_20,0.9967145195984062
BBM_5_2.0_2.0,BBU_5_2.0_2.0,0.9967135107462458
AGt_13_8_5,ATRTSe_14_20_3.0,0.9967099657412335
HILO_13_21,SSF_20,0.9967095800434315
RMA_10,WMA_10,0.9967073258824277
High,ALPHAT_14_1_50,0.9967052087460696
ACCBM_20,KCLe_20_2,0.9967035673735181
SSF_20,BBM_5_2.0_2.0,0.996698731776457
Close,ALMA_9_6.0_0.85,0.9966968731534819
JMA_7_0.0,PIVOTS_TRAD_D_R4,0.9966963085118679
JMA_7_0.0,PIVOTS_TRAD_D_R3,0.9966963085118679
PIVOTS_TRAD_D_R4,ZL_EMA_10,0.9966952562323519
PIVOTS_TRAD_D_R3,ZL_EMA_10,0.9966952562323519
MIDPRICE_2,PIVOTS_TRAD_D_R3,0.9966896017395698
MIDPRICE_2,PIVOTS_TRAD_D_R4,0.9966896017395698
PIVOTS_TRAD_D_R3,BBU_5_2.0_2.0,0.9966873133996625
PIVOTS_TRAD_D_R4,BBU_5_2.0_2.0,0.9966873133996625
LINREG_14,FAMA_0.5_0.05,0.9966748959184869
ALPHATl_14_1_50_2,BBM_5_2.0_2.0,0.9966743580995499
ALPHAT_14_1_50,KCLe_20_2,0.9966713282473916
PWMA_10,KCBe_20_2,0.9966679450581435
Low,PIVOTS_TRAD_D_R2,0.996661226169444
FWMA_10,BBL_5_2.0_2.0,0.996654410337743
HILO_13_21,SMMA_7,0.9966514647376127
SINWMA_14,ALPHAT_14_1_50,0.9966510316677987
BBL_5_2.0_2.0,BBM_5_2.0_2.0,0.9966503697248752
PWMA_10,KCLe_20_2,0.9966488015085436
EMA_10,MIDPRICE_2,0.9966247631058016
ACCBM_20,ATRTSe_14_20_3.0,0.9966219994229806
High,AGl_13_8_5,0.9966211447490667
AGl_13_8_5,HMA_10,0.9966198378704596
MIDPRICE_2,PIVOTS_TRAD_D_S3,0.9966157409555834
MIDPRICE_2,PIVOTS_TRAD_D_S4,0.9966157409555834
MIDPOINT_2,PIVOTS_TRAD_D_R4,0.9966031925338095
MIDPOINT_2,PIVOTS_TRAD_D_R3,0.9966031925338095
AGj_13_8_5,KCLe_20_2,0.9966029428603603
WMA_10,KCLe_20_2,0.9966026915080709
PIVOTS_TRAD_D_S1,BBL_5_2.0_2.0,0.9965974503814566
HMA_10,PIVOTS_TRAD_D_S3,0.9965925834879776
HMA_10,PIVOTS_TRAD_D_S4,0.9965925834879776
SMMA_7,ABER_XG_5_15,0.996586706772968
ABER_ZG_5_15,BBL_5_2.0_2.0,0.9965847684904715
Low,ALMA_9_6.0_0.85,0.9965838868871211
Close,PIVOTS_TRAD_D_S2,0.9965817670368136
EMA_10,PIVOTS_TRAD_D_R3,0.9965730981351537
EMA_10,PIVOTS_TRAD_D_R4,0.9965730981351537
AGt_13_8_5,KCUe_20_2,0.9965665859483652
Open,WMA_10,0.9965514021893614
T3_10_0.7,ACCBM_20,0.9965413957560199
ALMA_9_6.0_0.85,BBL_5_2.0_2.0,0.9965359504524544
MAMA_0.5_0.05,BBL_5_2.0_2.0,0.9965333583016026
SMMA_7,BBU_5_2.0_2.0,0.9965287315481443
HT_TL,KCUe_20_2,0.9965273581466064
OHLC4,WMA_10,0.9965268993214297
SSF_20,ACCBL_20,0.9965149810650545
HT_TL,CHDLREXTl_22_22_14_2.0,0.9965122892221339
HILO_13_21,KCLe_20_2,0.9965084510122126
Close,ABER_SG_5_15,0.9964991533722681
DEMA_10,SWMA_10,0.9964950090231434
CKSPl_10_3_20,DCU_20_20,0.9964805949394074
PIVOTS_TRAD_D_S4,TEMA_10,0.9964778459054284
PIVOTS_TRAD_D_S3,TEMA_10,0.9964778459054284
HL2,WMA_10,0.9964774944669713
AGl_13_8_5,TEMA_10,0.9964741600822399
SINWMA_14,DCM_20_20,0.9964716316499784
EMA_10,MIDPOINT_2,0.9964709155124685
AGj_13_8_5,EMA_10,0.9964657919669607
SSF3_20,ABER_ZG_5_15,0.9964584174999537
RMA_10,VIDYA_14,0.9964580257541354
ALPHAT_14_1_50,LDECAY_1,0.9964541506965696
Close,ABER_XG_5_15,0.9964517602885385
ALMA_9_6.0_0.85,SSF3_20,0.9964503366575953
PIVOTS_TRAD_D_S3,ZL_EMA_10,0.9964492820324505
PIVOTS_TRAD_D_S4,ZL_EMA_10,0.9964492820324505
AGj_13_8_5,KAMA_10_2_30,0.996444048343121
ITS_9,JMA_7_0.0,0.9964422351348448
DEMA_10,PIVOTS_TRAD_D_R4,0.9964397625431174
DEMA_10,PIVOTS_TRAD_D_R3,0.9964397625431174
PIVOTS_TRAD_D_S2,LDECAY_1,0.9964327534447701
FAMA_0.5_0.05,MIDPRICE_2,0.9964305289258613
MAMA_0.5_0.05,VWMA_10,0.9964281853131903
FAMA_0.5_0.05,PIVOTS_TRAD_D_R3,0.9964241756909655
FAMA_0.5_0.05,PIVOTS_TRAD_D_R4,0.9964241756909655
T3_10_0.7,ACCBL_20,0.9964192376372075
ALPHAT_14_1_50,KCBe_20_2,0.9964113447224506
WMA_10,VWAP_D,0.9964095101631866
HLC3,WMA_10,0.9964095101631865
AGl_13_8_5,PIVOTS_TRAD_D_S1,0.9964051328566708
PIVOTS_TRAD_D_R2,BBU_5_2.0_2.0,0.9963966542965057
Open,ALPHAT_14_1_50,0.9963784941860866
EMA_10,LDECAY_1,0.9963731703494303
IKS_26,MCGD_10,0.9963715006332728
HILO_13_21,ACCBU_20,0.9963676408822311
ACCBM_20,CHDLREXTl_22_22_14_2.0,0.9963655388546275
MIDPRICE_2,BBL_5_2.0_2.0,0.9963614798206728
WCP,WMA_10,0.9963526513270793
LINREG_14,ALPHAT_14_1_50,0.9963435367813418
CHDLREXTl_22_22_14_2.0,KCBe_20_2,0.9963412493846764
OHLC4,ALPHAT_14_1_50,0.9963407964649696
FWMA_10,KAMA_10_2_30,0.9963208380477931
SSF3_20,ABER_SG_5_15,0.996319782478916
MIDPOINT_2,PIVOTS_TRAD_D_S3,0.9963141831027011
MIDPOINT_2,PIVOTS_TRAD_D_S4,0.9963141831027011
HL2,ALPHAT_14_1_50,0.9963135691036354
ALPHATl_14_1_50_2,ACCBM_20,0.9963086662679707
IKS_26,HILO_13_21,0.9963058149183385
MAMA_0.5_0.05,SMMA_7,0.9962983149108146
SSF3_20,BBM_5_2.0_2.0,0.9962978158237941
WMA_10,KCBe_20_2,0.9962973627639953
TRIMA_10,ABER_XG_5_15,0.9962952569974503
HILOl_13_21,QTL_30_0.5,0.9962781127387875
HILOl_13_21,MEDIAN_30,0.9962781127387875
HMA_10,ALPHAT_14_1_50,0.996269206535772
SMMA_7,ACCBL_20,0.9962661575906568
EMA_10,LINREG_14,0.9962617042711285
AGt_13_8_5,FWMA_10,0.9962588380278407
CHDLREXTl_22_22_14_2.0,DCM_20_20,0.9962546739253193
TEMA_10,ALPHAT_14_1_50,0.9962545472299432
AGj_13_8_5,ALPHATl_14_1_50_2,0.996245946194655
FAMA_0.5_0.05,MIDPOINT_2,0.9962293255044928
ITS_9,PIVOTS_TRAD_D_R2,0.9962231020284812
High,PIVOTS_TRAD_D_R3,0.9962209216779891
High,PIVOTS_TRAD_D_R4,0.9962209216779891
HMA_10,PIVOTS_TRAD_D_R4,0.9962191452982693
HMA_10,PIVOTS_TRAD_D_R3,0.9962191452982693
HLC3,ALPHAT_14_1_50,0.9962190390884887
ALPHAT_14_1_50,VWAP_D,0.9962190390884886
MAMA_0.5_0.05,SMA_10,0.9962075959409282
CHDLREXTs_22_22_14_2.0,DCM_20_20,0.9962026992525019
SMA_10,BBU_5_2.0_2.0,0.9962023126385444
HT_TL,ATRTSe_14_20_3.0,0.9961994834074542
PIVOTS_TRAD_D_S1,ALPHAT_14_1_50,0.9961953282632365
SSF_20,DCM_20_20,0.9961895328508279
FWMA_10,PWMA_10,0.9961843445538626
PIVOTS_TRAD_D_P,BBL_5_2.0_2.0,0.9961829438614768
HILO_13_21,T3_10_0.7,0.9961760544422298
PIVOTS_TRAD_D_R2,SMMA_7,0.9961620016276732
AGl_13_8_5,OHLC4,0.9961510540844174
WCP,ALPHAT_14_1_50,0.9961489256429791
ALPHATl_14_1_50_2,DCM_20_20,0.9961451543687638
Open,AGl_13_8_5,0.9961354860534906
FWMA_10,BBU_5_2.0_2.0,0.9961339365230893
MIDPOINT_2,BBL_5_2.0_2.0,0.9961338166111228
PIVOTS_TRAD_D_S2,WMA_10,0.996112864939941
RMA_10,CHDLREXTl_22_22_14_2.0,0.9961077005262443
High,EMA_10,0.9961065126633643
AGl_13_8_5,HL2,0.9961039205276316
JMA_7_0.0,PIVOTS_TRAD_D_S4,0.9961027487761114
JMA_7_0.0,PIVOTS_TRAD_D_S3,0.9961027487761114
ACCBU_20,DCM_20_20,0.9961025294887605
SWMA_10,BBU_5_2.0_2.0,0.9961018423960228
AGt_13_8_5,BBU_5_2.0_2.0,0.9961014561339435
PIVOTS_TRAD_D_R3,ALPHAT_14_1_50,0.9960993450908522
PIVOTS_TRAD_D_R4,ALPHAT_14_1_50,0.9960993450908522
Close,WMA_10,0.9960910443488601
JMA_7_0.0,VWMA_10,0.9960840700628675
FAMA_0.5_0.05,LDECAY_1,0.9960768074838102
HMA_10,FAMA_0.5_0.05,0.996063667628105
PIVOTS_TRAD_D_S2,ABER_SG_5_15,0.9960593846515131
VIDYA_14,ACCBU_20,0.9960551870316621
AGj_13_8_5,ACCBL_20,0.9960521353650669
PIVOTS_TRAD_D_S4,BBL_5_2.0_2.0,0.9960515774618492
PIVOTS_TRAD_D_S3,BBL_5_2.0_2.0,0.9960515774618492
ITS_9,PIVOTS_TRAD_D_R1,0.996050097603468
AGl_13_8_5,HLC3,0.9960470337398623
AGl_13_8_5,VWAP_D,0.9960470337398623
PIVOTS_TRAD_D_R3,LDECAY_1,0.996044779146307
PIVOTS_TRAD_D_R4,LDECAY_1,0.996044779146307
DEMA_10,PWMA_10,0.9960425547828664
QTL_30_0.5,KCUe_20_2,0.9960398912973998
MEDIAN_30,KCUe_20_2,0.9960398912973998
ALPHATl_14_1_50_2,ABER_XG_5_15,0.9960275638188282
ATRTSe_14_20_3.0,KCUe_20_2,0.9960253916496578
FWMA_10,TRIMA_10,0.9960244231094568
TRIMA_10,ACCBM_20,0.9960234019228205
SMMA_7,ATRTSe_14_20_3.0,0.9960198666330574
PIVOTS_TRAD_D_R3,TEMA_10,0.9960100006116256
PIVOTS_TRAD_D_R4,TEMA_10,0.9960100006116256
AGj_13_8_5,SMA_10,0.996002063403206
EMA_10,HMA_10,0.9959970159144349
AGl_13_8_5,WCP,0.9959957261954786
AGj_13_8_5,TRIMA_10,0.9959902760438343
IKS_26,CHDLREXTl_22_22_14_2.0,0.9959815159720059
ATRTSe_14_20_3.0,CHDLREXTl_22_22_14_2.0,0.9959799307736033
ITS_9,LINREG_14,0.9959655893369781
Low,ABER_SG_5_15,0.995955303539285
VIDYA_14,HT_TL,0.9959426427943591
DEMA_10,SMMA_7,0.9959393857788275
LINREG_14,VWMA_10,0.9959358937003769
SSF3_20,ACCBM_20,0.9959350696886157
KAMA_10_2_30,ABER_XG_5_15,0.9959298369328742
ITS_9,ZL_EMA_10,0.9959197416297566
SSF_20,ABER_XG_5_15,0.9959126986676017
AGj_13_8_5,FAMA_0.5_0.05,0.9959117618257274
EMA_10,ACCBM_20,0.9959085186220253
HILO_13_21,ALPHATl_14_1_50_2,0.9959073043549787
PIVOTS_TRAD_D_S3,ABER_XG_5_15,0.9958984450533734
PIVOTS_TRAD_D_S4,ABER_XG_5_15,0.9958984450533734
FWMA_10,SSF_20,0.9958738550594473
IKS_26,QTL_30_0.5,0.9958685357964041
IKS_26,MEDIAN_30,0.9958685357964041
Low,BBL_5_2.0_2.0,0.995859845559572
Close,ALPHAT_14_1_50,0.9958476349131026
FAMA_0.5_0.05,TEMA_10,0.9958401015366738
SMA_10,ACCBM_20,0.9958381118112505
PIVOTS_TRAD_D_R2,SMA_10,0.9958381014470705
AGj_13_8_5,AGl_13_8_5,0.995836153249187
EMA_10,PIVOTS_TRAD_D_S1,0.9958324539559524
EMA_10,TEMA_10,0.9958019810008378
FAMA_0.5_0.05,PIVOTS_TRAD_D_S1,0.9958009737010811
PWMA_10,BBU_5_2.0_2.0,0.9957708126281173
ITS_9,PIVOTS_TRAD_D_P,0.995765003719843
PIVOTS_TRAD_D_R2,VWMA_10,0.9957649168700579
FWMA_10,ALPHATl_14_1_50_2,0.9957645018246443
SMMA_7,KCUe_20_2,0.9957615065051495
DEMA_10,PIVOTS_TRAD_D_S4,0.995753499397467
DEMA_10,PIVOTS_TRAD_D_S3,0.995753499397467
PIVOTS_TRAD_D_R1,SMMA_7,0.9957519876978594
Close,AGl_13_8_5,0.9957507800772706
High,FAMA_0.5_0.05,0.995743895762532
VIDYA_14,ACCBM_20,0.9957376874758179
MAMA_0.5_0.05,PIVOTS_TRAD_D_S3,0.9957313042465455
MAMA_0.5_0.05,PIVOTS_TRAD_D_S4,0.9957313042465455
ITS_9,MIDPRICE_2,0.9957301288786562
PIVOTS_TRAD_D_R3,SMMA_7,0.995728463989287
PIVOTS_TRAD_D_R4,SMMA_7,0.995728463989287
Low,PIVOTS_TRAD_D_S3,0.9957234251055819
Low,PIVOTS_TRAD_D_S4,0.9957234251055819
KAMA_10_2_30,ACCBM_20,0.9957185685807871
Low,WMA_10,0.9957056609466591
EMA_10,DCM_20_20,0.9956933476136336
ALPHATl_14_1_50_2,ACCBL_20,0.9956898680769329
LINREG_14,SWMA_10,0.9956774675026486
ALPHAT_14_1_50,BBU_5_2.0_2.0,0.9956774358842434
JMA_7_0.0,SMA_10,0.9956761470209057
SSF_20,BBU_5_2.0_2.0,0.9956659228181871
VIDYA_14,CHDLREXTl_22_22_14_2.0,0.9956637776990679
MAMA_0.5_0.05,SWMA_10,0.9956541079360155
SSF3_20,ABER_XG_5_15,0.9956500619074862
TRIMA_10,BBU_5_2.0_2.0,0.9956333990016374
JMA_7_0.0,SMMA_7,0.9956325434272366
PIVOTS_TRAD_D_R1,BBU_5_2.0_2.0,0.9956276219622062
KAMA_10_2_30,DCM_20_20,0.9956214745361476
PIVOTS_TRAD_D_R1,VWMA_10,0.9956168088935029
AGj_13_8_5,SSF3_20,0.9956149766407777
QTL_30_0.5,CHDLREXTl_22_22_14_2.0,0.9956044826459216
MEDIAN_30,CHDLREXTl_22_22_14_2.0,0.9956044826459216
IKS_26,VIDYA_14,0.99559930972774
PIVOTS_TRAD_D_S1,PIVOTS_TRAD_D_R3,0.9955944895832202
PIVOTS_TRAD_D_S1,PIVOTS_TRAD_D_R4,0.9955944895832202
ABER_XG_5_15,KCLe_20_2,0.9955876807605373
KAMA_10_2_30,ATRTSe_14_20_3.0,0.995587618412411
ZL_EMA_10,VWMA_10,0.9955804882715126
WMA_10,BBL_5_2.0_2.0,0.9955721644625883
MCGD_10,ABER_ZG_5_15,0.9955716172664761
MCGD_10,KCUe_20_2,0.9955714951418869
DEMA_10,TRIMA_10,0.9955712529851819
EMA_10,OHLC4,0.995570095746044
AGt_13_8_5,ABER_XG_5_15,0.995562906791227
Open,EMA_10,0.9955620714556266
AGt_13_8_5,ACCBU_20,0.9955620580293152
ALMA_9_6.0_0.85,MCGD_10,0.9955616728642173
Low,ALPHAT_14_1_50,0.9955589781538675
Open,PIVOTS_TRAD_D_R4,0.9955580721157469
Open,PIVOTS_TRAD_D_R3,0.9955580721157469
LINREG_14,SMA_10,0.9955508055732141
Open,BBL_5_2.0_2.0,0.995548465672426
HILO_13_21,ATRTSe_14_20_3.0,0.995547771354974
RMA_10,ABER_SG_5_15,0.9955476478694907
MCGD_10,HT_TL,0.9955459416154744
HILOl_13_21,HT_TL,0.9955370461767536
DCM_20_20,KCUe_20_2,0.9955315440205451
PIVOTS_TRAD_D_S4,PIVOTS_TRAD_D_R1,0.9955226352277037
PIVOTS_TRAD_D_S3,PIVOTS_TRAD_D_R1,0.9955226352277037
EMA_10,HL2,0.9955222757952306
Open,PIVOTS_TRAD_D_S3,0.9955164218860292
Open,PIVOTS_TRAD_D_S4,0.9955164218860292
LINREG_14,PWMA_10,0.9955157250730392
HILO_13_21,TRIMA_10,0.9955055656192218
OHLC4,BBL_5_2.0_2.0,0.9955032587367235
HILO_13_21,SSF3_20,0.995502234189864
PIVOTS_TRAD_D_R1,SMA_10,0.9955012715523839
ITS_9,BBU_5_2.0_2.0,0.9954993656093597
MAMA_0.5_0.05,BBU_5_2.0_2.0,0.995497276329714
ITS_9,MIDPOINT_2,0.9954806242653421
AGj_13_8_5,SWMA_10,0.9954766741332948
MCGD_10,ABER_SG_5_15,0.9954681358802131
MCGD_10,BBM_5_2.0_2.0,0.9954646352235443
EMA_10,HLC3,0.995463630032053
EMA_10,VWAP_D,0.9954636300320528
HL2,BBL_5_2.0_2.0,0.9954587730394658
KAMA_10_2_30,MAMA_0.5_0.05,0.995453056330579
CKSPs_10_3_20,CHDLREXTs_22_22_14_2.0,0.9954485737207176
VIDYA_14,MEDIAN_30,0.9954465640379614
VIDYA_14,QTL_30_0.5,0.9954465640379614
HILO_13_21,KCUe_20_2,0.9954333081065924
IKS_26,AGt_13_8_5,0.9954326530923833
OHLC4,PIVOTS_TRAD_D_R3,0.9954248180328741
OHLC4,PIVOTS_TRAD_D_R4,0.9954248180328741
LINREG_14,PIVOTS_TRAD_D_R4,0.9954219111796514
LINREG_14,PIVOTS_TRAD_D_R3,0.9954219111796514
FWMA_10,PIVOTS_TRAD_D_S4,0.9954218702117963
FWMA_10,PIVOTS_TRAD_D_S3,0.9954218702117963
EMA_10,WCP,0.9954114573282856
SSF3_20,ACCBL_20,0.9954096277207056
BBU_5_2.0_2.0,VWMA_10,0.9954015925533095
TRIMA_10,ACCBL_20,0.9953938323891133
PIVOTS_TRAD_D_P,VWMA_10,0.9953897626069342
FWMA_10,SSF3_20,0.9953886932129129
HL2,PIVOTS_TRAD_D_R4,0.9953874627063091
HL2,PIVOTS_TRAD_D_R3,0.9953874627063091
DEMA_10,BBU_5_2.0_2.0,0.9953864825885077
AGl_13_8_5,PIVOTS_TRAD_D_S2,0.995382206296813
FAMA_0.5_0.05,ACCBM_20,0.9953815206936509
BBL_5_2.0_2.0,VWAP_D,0.9953790956004399
HLC3,BBL_5_2.0_2.0,0.9953790956004398
HILO_13_21,MEDIAN_30,0.9953577156311781
HILO_13_21,QTL_30_0.5,0.9953577156311781
PIVOTS_TRAD_D_R2,SWMA_10,0.9953428265332036
T3_10_0.7,ABER_ZG_5_15,0.9953414681903483
ALMA_9_6.0_0.85,T3_10_0.7,0.9953344704099393
WCP,BBL_5_2.0_2.0,0.9953164199893875
AGt_13_8_5,PIVOTS_TRAD_D_R2,0.9953157927985541
JMA_7_0.0,SWMA_10,0.9953084809028965
AGt_13_8_5,MAMA_0.5_0.05,0.9952993190877072
ITS_9,PIVOTS_TRAD_D_R4,0.9952985999305812
ITS_9,PIVOTS_TRAD_D_R3,0.9952985999305812
PIVOTS_TRAD_D_S2,ALPHAT_14_1_50,0.9952906595660822
Open,FAMA_0.5_0.05,0.9952770784350363
QTL_30_0.5,KCBe_20_2,0.9952760716721027
MEDIAN_30,KCBe_20_2,0.9952760716721027
HLC3,PIVOTS_TRAD_D_R4,0.9952713789427262
PIVOTS_TRAD_D_R3,VWAP_D,0.9952713789427262
PIVOTS_TRAD_D_R4,VWAP_D,0.9952713789427262
HLC3,PIVOTS_TRAD_D_R3,0.9952713789427262
ALPHATl_14_1_50_2,BBU_5_2.0_2.0,0.9952700829360858
SWMA_10,ACCBM_20,0.9952681848615343
ITS_9,LDECAY_1,0.9952637877277153
DEMA_10,KAMA_10_2_30,0.9952551778328463
PIVOTS_TRAD_D_R1,BBL_5_2.0_2.0,0.9952503248041965
LINREG_14,PIVOTS_TRAD_D_S3,0.9952452167944223
LINREG_14,PIVOTS_TRAD_D_S4,0.9952452167944223
IKS_26,ACCBU_20,0.9952410011167458
MCGD_10,VIDYA_14,0.9952365361757045
IKS_26,CHDLREXTs_22_22_14_2.0,0.9952279728495176
SMA_10,ZL_EMA_10,0.9952270314821694
Low,AGl_13_8_5,0.9952231753380241
FAMA_0.5_0.05,OHLC4,0.9952189519421275
PIVOTS_TRAD_D_R3,SMA_10,0.9952130608069857
PIVOTS_TRAD_D_R4,SMA_10,0.9952130608069857
ITS_9,AGj_13_8_5,0.9952087196423581
PIVOTS_TRAD_D_P,SMMA_7,0.9952079102870156
HILO_13_21,SMA_10,0.9952030754661724
SMMA_7,ZL_EMA_10,0.9951919576828008
PIVOTS_TRAD_D_R4,WCP,0.9951905216650957
PIVOTS_TRAD_D_R3,WCP,0.9951905216650957
HL2,PIVOTS_TRAD_D_S4,0.995188186767945
HL2,PIVOTS_TRAD_D_S3,0.995188186767945
OHLC4,PIVOTS_TRAD_D_S4,0.9951806529484597
OHLC4,PIVOTS_TRAD_D_S3,0.9951806529484597
AGl_13_8_5,ACCBM_20,0.9951776454322745
SMA_10,ACCBL_20,0.9951764699376877
ATRTSe_14_20_3.0,KCLe_20_2,0.9951753397302385
T3_10_0.7,BBM_5_2.0_2.0,0.9951738347070985
HL2,FAMA_0.5_0.05,0.9951663579104879
SINWMA_14,KCUe_20_2,0.995164623278736
ALMA_9_6.0_0.85,KCLe_20_2,0.9951642838929362
Close,EMA_10,0.9951639732757188
PIVOTS_TRAD_D_R3,ABER_XG_5_15,0.9951630851288169
PIVOTS_TRAD_D_R4,ABER_XG_5_15,0.9951630851288169
ABER_ZG_5_15,KCLe_20_2,0.9951529188330571
QTL_30_0.5,CKSPl_10_3_20,0.995151460693188
MEDIAN_30,CKSPl_10_3_20,0.995151460693188
ABER_SG_5_15,KCBe_20_2,0.9951494268926742
High,ITS_9,0.9951436156100706
ACCBU_20,ATRTSe_14_20_3.0,0.9951355166118624
AGj_13_8_5,T3_10_0.7,0.995130069459033
MIDPRICE_2,VWMA_10,0.9951269365671119
MEDIAN_30,DCM_20_20,0.9950939089644754
QTL_30_0.5,DCM_20_20,0.9950939089644754
FAMA_0.5_0.05,VWAP_D,0.995090522916409
HLC3,FAMA_0.5_0.05,0.9950905229164088
AGt_13_8_5,PIVOTS_TRAD_D_R3,0.9950904993492453
AGt_13_8_5,PIVOTS_TRAD_D_R4,0.9950904993492453
HILO_13_21,KAMA_10_2_30,0.9950873291474667
T3_10_0.7,ABER_SG_5_15,0.995083082754192
DEMA_10,SSF_20,0.9950795499992708
PIVOTS_TRAD_D_P,SMA_10,0.9950779604858646
AGl_13_8_5,DCM_20_20,0.9950762844415109
BBM_5_2.0_2.0,KCLe_20_2,0.9950479501760676
RMA_10,BBU_5_2.0_2.0,0.9950470488467458
ZL_EMA_10,BBU_5_2.0_2.0,0.9950449772546623
KAMA_10_2_30,BBU_5_2.0_2.0,0.9950395707893434
Close,BBL_5_2.0_2.0,0.9950374845837769
FAMA_0.5_0.05,WCP,0.9950297731531778
IKS_26,KCUe_20_2,0.99502890141958
SMA_10,DCM_20_20,0.9950218304884725
FAMA_0.5_0.05,DCM_20_20,0.9950140881750603
VIDYA_14,DCM_20_20,0.9950082495189134
AGt_13_8_5,HT_TL,0.995007453863141
SSF3_20,BBU_5_2.0_2.0,0.995007098463568
DEMA_10,SSF3_20,0.9949919853259293
T3_10_0.7,DCM_20_20,0.9949914176710397
EMA_10,ACCBL_20,0.9949882051302976
EMA_10,HILO_13_21,0.9949819287108838
JMA_7_0.0,BBU_5_2.0_2.0,0.9949814608245969
MIDPRICE_2,SMMA_7,0.9949790476179603
PIVOTS_TRAD_D_R1,SWMA_10,0.9949777953610799
FWMA_10,MCGD_10,0.9949706626970045
DEMA_10,ALPHATl_14_1_50_2,0.9949685715357551
ALMA_9_6.0_0.85,RMA_10,0.9949652370560261
SUPERT_7_3.0,ATRTSe_14_20_3.0,0.994960110251773
HLC3,PIVOTS_TRAD_D_S4,0.9949598840188341
HLC3,PIVOTS_TRAD_D_S3,0.9949598840188341
PIVOTS_TRAD_D_S4,VWAP_D,0.9949598840188338
PIVOTS_TRAD_D_S3,VWAP_D,0.9949598840188338
RMA_10,ABER_ZG_5_15,0.9949550785055994
AGj_13_8_5,VWMA_10,0.9949522381661383
SMMA_7,LDECAY_1,0.9949286068950759
ACCBL_20,CHDLREXTs_22_22_14_2.0,0.9949250359557483
MAMA_0.5_0.05,PWMA_10,0.9949244606783911
ITS_9,TEMA_10,0.9949181158545641
JMA_7_0.0,KAMA_10_2_30,0.9949050011243555
LDECAY_1,BBU_5_2.0_2.0,0.994898998964196
TRIMA_10,DCM_20_20,0.99489874961371
SINWMA_14,ABER_SG_5_15,0.9948923718313107
ITS_9,ACCBM_20,0.9948895080293876
MCGD_10,ACCBU_20,0.9948864648308416
SUPERT_7_3.0,DCM_20_20,0.9948844652052314
KAMA_10_2_30,PIVOTS_TRAD_D_R2,0.9948830927843949
ITS_9,PIVOTS_TRAD_D_S1,0.9948802344700716
MIDPOINT_2,VWMA_10,0.9948679348436933
AGt_13_8_5,VIDYA_14,0.9948675672408283
RMA_10,BBM_5_2.0_2.0,0.9948614718022875
Close,PIVOTS_TRAD_D_R4,0.9948571370325339
Close,PIVOTS_TRAD_D_R3,0.9948571370325339
PIVOTS_TRAD_D_S3,BBM_5_2.0_2.0,0.9948283754551729
PIVOTS_TRAD_D_S4,BBM_5_2.0_2.0,0.9948283754551729
RMA_10,QTL_30_0.5,0.9948259986689335
RMA_10,MEDIAN_30,0.9948259986689335
PIVOTS_TRAD_D_S4,WCP,0.9948229830349551
PIVOTS_TRAD_D_S3,WCP,0.9948229830349551
ITS_9,DCM_20_20,0.9948151019916723
MIDPOINT_2,SMMA_7,0.9948114987897707
AGt_13_8_5,PIVOTS_TRAD_D_R1,0.9947970087052519
AGj_13_8_5,PWMA_10,0.9947966270742726
KAMA_10_2_30,ACCBL_20,0.9947924555550978
ALMA_9_6.0_0.85,PIVOTS_TRAD_D_S4,0.9947819913865745
ALMA_9_6.0_0.85,PIVOTS_TRAD_D_S3,0.9947819913865745
MAMA_0.5_0.05,TRIMA_10,0.9947815430287293
SWMA_10,ZL_EMA_10,0.994781539937464
ACCBM_20,VWMA_10,0.9947802162469049
MIDPRICE_2,SMA_10,0.994770767818833
ALMA_9_6.0_0.85,SINWMA_14,0.9947651931602178
AGt_13_8_5,CHDLREXTl_22_22_14_2.0,0.9947647093552348
SINWMA_14,ABER_ZG_5_15,0.9947629449980147
FAMA_0.5_0.05,PIVOTS_TRAD_D_S2,0.9947603013506287
PIVOTS_TRAD_D_R3,VWMA_10,0.9947589594948706
PIVOTS_TRAD_D_R4,VWMA_10,0.9947589594948706
Close,FAMA_0.5_0.05,0.9947566326333447
BBU_5_2.0_2.0,KCBe_20_2,0.994754385907242
AGt_13_8_5,DEMA_10,0.994752408231713
EMA_10,PIVOTS_TRAD_D_S2,0.994748716346535
ITS_9,HMA_10,0.9947455472332247
MCGD_10,ABER_XG_5_15,0.9947286187023462
ALPHAT_14_1_50,DCM_20_20,0.9947238019513981
SINWMA_14,ACCBU_20,0.9947233324269313
JMA_7_0.0,PWMA_10,0.9947227688501611
PIVOTS_TRAD_D_R3,SWMA_10,0.9947215975973237
PIVOTS_TRAD_D_R4,SWMA_10,0.9947215975973237
SWMA_10,ACCBL_20,0.994721059220277
SSF_20,KCUe_20_2,0.9947144208817748
PIVOTS_TRAD_D_S3,ABER_ZG_5_15,0.9947122207169932
PIVOTS_TRAD_D_S4,ABER_ZG_5_15,0.9947122207169932
PIVOTS_TRAD_D_P,BBU_5_2.0_2.0,0.9947104949413029
Open,ITS_9,0.9947045281913813
High,BBL_5_2.0_2.0,0.9947009679997787
HILO_13_21,SWMA_10,0.9946946475836386
ALPHATl_14_1_50_2,ATRTSe_14_20_3.0,0.9946916549984767
HT_TL,ACCBL_20,0.9946883798063105
ALPHAT_14_1_50,BBL_5_2.0_2.0,0.9946848843911552
ITS_9,OHLC4,0.9946806728527349
SINWMA_14,ATRTSe_14_20_3.0,0.994678147641833
HILO_13_21,VIDYA_14,0.9946747036509892
MAMA_0.5_0.05,SSF_20,0.994665952906914
ABER_XG_5_15,BBU_5_2.0_2.0,0.9946648376948255
IKS_26,KCLe_20_2,0.9946614795200552
CKSPl_10_3_20,ACCBU_20,0.9946579438952311
T3_10_0.7,ABER_XG_5_15,0.9946550613100894
DEMA_10,HWMA_0.2_0.1_0.1,0.9946445548547069
DEMA_10,HWM_1,0.9946445548547069
ITS_9,HL2,0.9946405591945527
FAMA_0.5_0.05,ACCBL_20,0.9946358035746519
EMA_10,ATRTSe_14_20_3.0,0.9946352843771987
CKSPl_10_3_20,HT_TL,0.9946348560748935
HMA_10,BBU_5_2.0_2.0,0.9946280265598494
MCGD_10,CHDLREXTs_22_22_14_2.0,0.9946248240942263
MAMA_0.5_0.05,ALPHATl_14_1_50_2,0.994623228251925
KAMA_10_2_30,PIVOTS_TRAD_D_R1,0.9946198798404665
SINWMA_14,BBM_5_2.0_2.0,0.9945972998015837
PIVOTS_TRAD_D_R2,PWMA_10,0.9945971322686353
AGl_13_8_5,BBL_5_2.0_2.0,0.9945969270242406
SUPERT_7_3.0,ACCBM_20,0.9945898785054172
PIVOTS_TRAD_D_P,SWMA_10,0.9945795263153528
LDECAY_1,VWMA_10,0.9945786597448872
Low,EMA_10,0.9945743841716815
CHDLREXTs_22_22_14_2.0,KCLe_20_2,0.9945739341496428
IKS_26,ACCBL_20,0.9945709287926463
ITS_9,HLC3,0.9945637014469844
ITS_9,VWAP_D,0.9945637014469841
SSF_20,ATRTSe_14_20_3.0,0.9945630360654937
ACCBL_20,VWMA_10,0.9945617154668331
PWMA_10,ACCBM_20,0.994555492702931
High,SMMA_7,0.9945543120636683
LINREG_14,BBU_5_2.0_2.0,0.9945498962537076
AGt_13_8_5,JMA_7_0.0,0.9945486408088013
PIVOTS_TRAD_D_R2,SSF_20,0.9945477373762244
MIDPOINT_2,SMA_10,0.9945449891311782
TEMA_10,VWMA_10,0.9945413508529912
PIVOTS_TRAD_D_R2,TRIMA_10,0.9945401933515484
SMA_10,LDECAY_1,0.9945398672439258
LINREG_14,TRIMA_10,0.9945336313712526
PIVOTS_TRAD_D_S1,VWMA_10,0.9945304412789227
ABER_SG_5_15,BBL_5_2.0_2.0,0.9945284241553691
HMA_10,VWMA_10,0.9945281915897879
HILO_13_21,PSARs_0.02_0.2,0.9945264548592644
SMMA_7,ACCBU_20,0.9945254594366876
FWMA_10,KCLe_20_2,0.9945197937733127
HILO_13_21,FAMA_0.5_0.05,0.9945105523573287
ITS_9,WCP,0.994502452950176
AGj_13_8_5,ALPHAT_14_1_50,0.9944933803953885
ALMA_9_6.0_0.85,KCBe_20_2,0.9944932234460627
SSF3_20,DCM_20_20,0.9944894896489724
ABER_ZG_5_15,KCBe_20_2,0.9944817632013383
ITS_9,ACCBL_20,0.9944769770280122
CKSPl_10_3_20,KCUe_20_2,0.9944710245161162
DCM_20_20,VWMA_10,0.9944642923386053
CKSPs_10_3_20,HT_TL,0.9944579086815162
IKS_26,SMMA_7,0.9944540393301167
HILOl_13_21,ACCBU_20,0.9944357864816374
AGj_13_8_5,DCU_20_20,0.9944254721402963
HILOl_13_21,ACCBM_20,0.9944004665177418
CKSPs_10_3_20,DCM_20_20,0.9943929421778686
BBM_5_2.0_2.0,KCBe_20_2,0.9943852158935381
HILO_13_21,CHDLREXTs_22_22_14_2.0,0.9943827473219867
KAMA_10_2_30,ZL_EMA_10,0.9943785410205439
SWMA_10,DCM_20_20,0.9943705213658853
PIVOTS_TRAD_D_R2,ALPHATl_14_1_50_2,0.9943704536731307
AGl_13_8_5,ACCBL_20,0.9943643337332537
HILO_13_21,CHDLREXTl_22_22_14_2.0,0.9943524583980752
FWMA_10,RMA_10,0.9943452813579519
High,VWMA_10,0.9943305035378521
JMA_7_0.0,ALPHATl_14_1_50_2,0.9943294107333513
MIDPRICE_2,BBU_5_2.0_2.0,0.994327685906576
Close,PIVOTS_TRAD_D_S3,0.994321760615012
Close,PIVOTS_TRAD_D_S4,0.994321760615012
QTL_30_0.5,ATRTSe_14_20_3.0,0.9943175151804649
MEDIAN_30,ATRTSe_14_20_3.0,0.9943175151804649
LINREG_14,SMMA_7,0.9943173620214831
JMA_7_0.0,TRIMA_10,0.9942989847335142
High,PIVOTS_TRAD_D_S4,0.9942969996337179
High,PIVOTS_TRAD_D_S3,0.9942969996337179
IKS_26,SUPERT_7_3.0,0.9942848053536207
High,BBU_5_2.0_2.0,0.994280841351991
HILO_13_21,SUPERT_7_3.0,0.9942706605388401
FWMA_10,T3_10_0.7,0.9942690434476007
MCGD_10,BBU_5_2.0_2.0,0.9942681377929123
KAMA_10_2_30,PIVOTS_TRAD_D_P,0.9942374775713295
AGl_13_8_5,HILO_13_21,0.9942305159971884
Close,ITS_9,0.9942278668576257
Low,FAMA_0.5_0.05,0.9942253286812351
HILO_13_21,VWMA_10,0.9942234181097279
MEDIAN_30,DCU_20_20,0.9942166020294976
QTL_30_0.5,DCU_20_20,0.9942166020294976
FAMA_0.5_0.05,BBL_5_2.0_2.0,0.9942134454123756
PIVOTS_TRAD_D_R4,SSF_20,0.9942070931273098
PIVOTS_TRAD_D_R3,SSF_20,0.9942070931273098
MIDPOINT_2,BBU_5_2.0_2.0,0.994203413421795
PIVOTS_TRAD_D_R1,PWMA_10,0.9942019474737328
Low,PIVOTS_TRAD_D_R4,0.9941891166060212
Low,PIVOTS_TRAD_D_R3,0.9941891166060212
SINWMA_14,BBU_5_2.0_2.0,0.9941774475294775
AGj_13_8_5,WMA_10,0.9941580443347231
High,SMA_10,0.9941535051149367
AGt_13_8_5,PIVOTS_TRAD_D_P,0.9941524707494797
KAMA_10_2_30,PIVOTS_TRAD_D_R4,0.9941460278905506
KAMA_10_2_30,PIVOTS_TRAD_D_R3,0.9941460278905506
EMA_10,KCUe_20_2,0.9941432660316029
SUPERT_7_3.0,KCBe_20_2,0.9941386819713037
ITS_9,HILO_13_21,0.9941371119860568
PIVOTS_TRAD_D_R2,BBL_5_2.0_2.0,0.9941343757757816
TEMA_10,BBU_5_2.0_2.0,0.9941327865365605
HILOl_13_21,CHDLREXTl_22_22_14_2.0,0.9941282267283046
AGj_13_8_5,SUPERT_7_3.0,0.994121553953152
HMA_10,SMMA_7,0.9941214272517065
PWMA_10,ZL_EMA_10,0.9941164553809271
LDECAY_1,BBL_5_2.0_2.0,0.9941082339543816
HMA_10,SMA_10,0.9941005764898192
KAMA_10_2_30,MIDPRICE_2,0.9940938613146504
PWMA_10,ACCBL_20,0.9940930156905209
MAMA_0.5_0.05,SSF3_20,0.994092564591994
PIVOTS_TRAD_D_R4,TRIMA_10,0.994092525554513
PIVOTS_TRAD_D_R3,TRIMA_10,0.994092525554513
SMA_10,TEMA_10,0.9940904702386295
MIDPRICE_2,SWMA_10,0.994089702644474
PIVOTS_TRAD_D_R1,TRIMA_10,0.9940864147977073
PIVOTS_TRAD_D_S1,SMMA_7,0.9940844959363956
AGj_13_8_5,CKSPs_10_3_20,0.9940660014161561
AGl_13_8_5,ATRTSe_14_20_3.0,0.994065439721461
JMA_7_0.0,SSF_20,0.9940624150442968
PIVOTS_TRAD_D_R1,SSF_20,0.9940468531223037
HILO_13_21,PWMA_10,0.9940426451025041
AGt_13_8_5,ZL_EMA_10,0.9940421779786074
RMA_10,SUPERT_7_3.0,0.9940413739591383
HT_TL,DCU_20_20,0.9940365713731266
ACCBL_20,ATRTSe_14_20_3.0,0.9940339248713471
PIVOTS_TRAD_D_S1,SMA_10,0.9940285436043449
PIVOTS_TRAD_D_R3,PWMA_10,0.9939919387525145
PIVOTS_TRAD_D_R4,PWMA_10,0.9939919387525145
EMA_10,BBL_5_2.0_2.0,0.9939881388507904
KAMA_10_2_30,LDECAY_1,0.9939638370075013
VIDYA_14,CKSPl_10_3_20,0.9939569573521071
AGt_13_8_5,LDECAY_1,0.9939557141552958
KAMA_10_2_30,LINREG_14,0.993952988452556
FAMA_0.5_0.05,ATRTSe_14_20_3.0,0.9939512966449254
Open,VWMA_10,0.9939509663556776
T3_10_0.7,BBU_5_2.0_2.0,0.9939394188483954
ITS_9,BBL_5_2.0_2.0,0.9939345730347823
MAMA_0.5_0.05,MCGD_10,0.9939329096305533
PIVOTS_TRAD_D_R1,ALPHATl_14_1_50_2,0.9939295380968752
BBL_5_2.0_2.0,VWMA_10,0.9939272596510288
KAMA_10_2_30,MIDPOINT_2,0.9939151392256085
KAMA_10_2_30,KCUe_20_2,0.9939046179955547
ACCBL_20,DCL_20_20,0.9938938397414279
ITS_9,PIVOTS_TRAD_D_S2,0.9938885622148285
OHLC4,VWMA_10,0.9938833742039068
AGt_13_8_5,MIDPRICE_2,0.9938833483969975
DCL_20_20,KCLe_20_2,0.9938823852829709
VIDYA_14,DCU_20_20,0.9938650360075979
FWMA_10,KCBe_20_2,0.9938610504123165
ALPHAT_14_1_50,ACCBM_20,0.993848812946761
Open,SMMA_7,0.9938458928134117
OHLC4,SMMA_7,0.993842268480229
SMMA_7,VIDYA_14,0.9938402828923463
HMA_10,SWMA_10,0.9938381713171661
HL2,VWMA_10,0.9938305421522154
PIVOTS_TRAD_D_R3,ALPHATl_14_1_50_2,0.9938245760678035
PIVOTS_TRAD_D_R4,ALPHATl_14_1_50_2,0.9938245760678035
PIVOTS_TRAD_D_P,PWMA_10,0.993818671717648
PIVOTS_TRAD_D_R2,SSF3_20,0.9938170405149577
SMMA_7,CHDLREXTl_22_22_14_2.0,0.9938017281228447
MCGD_10,CHDLREXTl_22_22_14_2.0,0.9937987007599975
MIDPOINT_2,SWMA_10,0.9937972362017492
HL2,SMMA_7,0.9937934789971186
SMMA_7,TEMA_10,0.993790737796873
DEMA_10,T3_10_0.7,0.9937907323579984
ABER_SG_5_15,KCLe_20_2,0.9937840720348083
Low,ITS_9,0.9937745847823184
SMA_10,ATRTSe_14_20_3.0,0.9937704687067005
SSF_20,ACCBU_20,0.9937637082754024
SMMA_7,HT_TL,0.9937615912102905
LINREG_14,HWM_1,0.9937604832848315
HWMA_0.2_0.1_0.1,LINREG_14,0.9937604832848315
HLC3,VWMA_10,0.9937519432986851
VWAP_D,VWMA_10,0.9937519432986851
FWMA_10,SINWMA_14,0.9937358552280756
HLC3,SMMA_7,0.993732117829362
SMMA_7,VWAP_D,0.9937321178293618
MCGD_10,PIVOTS_TRAD_D_R2,0.9937242793394192
PIVOTS_TRAD_D_S4,LDECAY_1,0.9937208280214598
PIVOTS_TRAD_D_S3,LDECAY_1,0.9937208280214598
SWMA_10,TEMA_10,0.993718683879791
TRIMA_10,ZL_EMA_10,0.993717107657034
ALPHATl_14_1_50_2,KCUe_20_2,0.9937133697305225
AGt_13_8_5,MIDPOINT_2,0.9937125845476455
ZL_EMA_10,ALPHATl_14_1_50_2,0.9937112336655772
PIVOTS_TRAD_D_R3,RMA_10,0.9937084934254887
PIVOTS_TRAD_D_R4,RMA_10,0.9937084934254887
SWMA_10,LDECAY_1,0.9937073197301801
PIVOTS_TRAD_D_S2,PIVOTS_TRAD_D_R4,0.9936958095415732
PIVOTS_TRAD_D_S2,PIVOTS_TRAD_D_R3,0.9936958095415732
SINWMA_14,HT_TL,0.9936928583484836
WCP,VWMA_10,0.993689843816544
MCGD_10,CKSPs_10_3_20,0.9936872761057233
SINWMA_14,ABER_XG_5_15,0.9936855996629678
ALPHAT_14_1_50,ATRTSe_14_20_3.0,0.9936833594083893
SMMA_7,WCP,0.9936786286402599
HILO_13_21,HILOs_13_21,0.9936682734835264
PSARs_0.02_0.2,ACCBM_20,0.9936562811028588
SMA_10,KCUe_20_2,0.9936555693623526
TRIMA_10,KCUe_20_2,0.9936453050754062
AGj_13_8_5,CKSPl_10_3_20,0.9936443924397562
IKS_26,CKSPl_10_3_20,0.9936404981081063
MCGD_10,SUPERT_7_3.0,0.9936148640382697
PIVOTS_TRAD_D_P,TRIMA_10,0.993602645842133
PIVOTS_TRAD_D_S3,PIVOTS_TRAD_D_R2,0.9935998056739054
PIVOTS_TRAD_D_S4,PIVOTS_TRAD_D_R2,0.9935998056739054
PIVOTS_TRAD_D_S2,VWMA_10,0.9935974308263692
SUPERTl_7_3.0,CKSPl_10_3_20,0.993591469371413
LINREG_14,SSF3_20,0.9935863056954416
PWMA_10,DCM_20_20,0.993586151529561
PIVOTS_TRAD_D_R2,RMA_10,0.9935729416504008
High,KAMA_10_2_30,0.9935722297164589
Open,SMA_10,0.9935702837441001
TRIMA_10,ATRTSe_14_20_3.0,0.9935541277045987
FAMA_0.5_0.05,KCUe_20_2,0.9935516489189813
ACCBM_20,DCU_20_20,0.9935404554238255
ACCBM_20,CHDLREXTs_22_22_14_2.0,0.9935374216102647
PIVOTS_TRAD_D_P,ALPHATl_14_1_50_2,0.9935323761530063
SUPERT_7_3.0,HT_TL,0.9935321660260118
TOS_STDEVALL_L_2,AD,0.993531984253271
TOS_STDEVALL_L_1,AD,0.993531984253271
TOS_STDEVALL_LR,AD,0.993531984253271
TOS_STDEVALL_L_3,AD,0.993531984253271
TOS_STDEVALL_U_3,AD,0.9935319842532708
TOS_STDEVALL_U_1,AD,0.9935319842532707
TOS_STDEVALL_U_2,AD,0.9935319842532707
High,AGt_13_8_5,0.9935249605491389
OHLC4,SMA_10,0.9935200309010742
JMA_7_0.0,SSF3_20,0.9935146792149037
LINREG_14,SSF_20,0.993502201697073
PIVOTS_TRAD_D_S1,SWMA_10,0.9935021491157697
LINREG_14,ALPHATl_14_1_50_2,0.9935020412638937
PIVOTS_TRAD_D_P,SSF_20,0.9935020410022194
SSF_20,ZL_EMA_10,0.9934986107761468
MAMA_0.5_0.05,KCLe_20_2,0.993495704078442
AGl_13_8_5,KCUe_20_2,0.9934723792108303
HL2,SMA_10,0.9934644331735727
ADX_14,ADXR_14_2,0.9934483953360991
BBU_5_2.0_2.0,KCUe_20_2,0.9934326623309898
Close,SMMA_7,0.9934273600068592
Close,VWMA_10,0.9934127831685101
RMA_10,ABER_XG_5_15,0.9934100168521353
ABER_XG_5_15,HWM_1,0.9934067212415333
HWMA_0.2_0.1_0.1,ABER_XG_5_15,0.9934067212415333
PIVOTS_TRAD_D_R3,SSF3_20,0.9934064589334267
PIVOTS_TRAD_D_R4,SSF3_20,0.9934064589334267
ITS_9,ATRTSe_14_20_3.0,0.9933972512341167
HLC3,SMA_10,0.9933944068937656
SMA_10,VWAP_D,0.9933944068937653
ALPHAT_14_1_50,ACCBL_20,0.9933596070771572
PIVOTS_TRAD_D_R4,KCBe_20_2,0.9933478417722833
PIVOTS_TRAD_D_R3,KCBe_20_2,0.9933478417722833
PIVOTS_TRAD_D_R1,SSF3_20,0.9933406797402065
SMA_10,WCP,0.9933365974377711
HILOs_13_21,CKSPs_10_3_20,0.9933320349608628
HMA_10,PWMA_10,0.9933305954466246
MCGD_10,PIVOTS_TRAD_D_R1,0.9933265317068029
KAMA_10_2_30,VIDYA_14,0.9933119945248166
DCU_20_20,KCBe_20_2,0.9933111843919247
HILO_13_21,CKSPs_10_3_20,0.9933101556275654
HMA_10,KAMA_10_2_30,0.9933020195518731
High,SWMA_10,0.9933014895862584
HT_TL,KCLe_20_2,0.9932963280478079
CKSPs_10_3_20,ATRTSe_14_20_3.0,0.9932925639663761
WMA_10,ACCBM_20,0.9932913620154713
SSF3_20,KCUe_20_2,0.9932893844310087
MAMA_0.5_0.05,RMA_10,0.9932830264007528
WMA_10,DCM_20_20,0.9932695527850461
KAMA_10_2_30,PIVOTS_TRAD_D_S1,0.9932628182107465
AGj_13_8_5,HILOl_13_21,0.9932526400502365
HWMA_0.2_0.1_0.1,ABER_ZG_5_15,0.9932459244761076
ABER_ZG_5_15,HWM_1,0.9932459244761076
IKS_26,SINWMA_14,0.9932429947184624
MCGD_10,PIVOTS_TRAD_D_R4,0.9932374584185463
MCGD_10,PIVOTS_TRAD_D_R3,0.9932374584185463
SINWMA_14,VIDYA_14,0.9932330657898178
MIDPRICE_2,PWMA_10,0.9932291305006121
PIVOTS_TRAD_D_S1,BBU_5_2.0_2.0,0.9932253814774875
DEMA_10,MCGD_10,0.9932189270789235
KAMA_10_2_30,SUPERT_7_3.0,0.9932080643174497
JMA_7_0.0,MCGD_10,0.9932026087128941
AGt_13_8_5,SUPERT_7_3.0,0.9931995005144141
HWMA_0.2_0.1_0.1,BBM_5_2.0_2.0,0.9931944438488232
BBM_5_2.0_2.0,HWM_1,0.9931944438488232
HILO_13_21,HILOl_13_21,0.993193604789154
CKSPl_10_3_20,ATRTSe_14_20_3.0,0.9931825476176152
SUPERT_7_3.0,CHDLREXTl_22_22_14_2.0,0.9931812264911016
AGj_13_8_5,BBU_5_2.0_2.0,0.9931805778690961
SUPERT_7_3.0,ACCBL_20,0.9931801741432829
WMA_10,HWM_1,0.9931688337549744
HWMA_0.2_0.1_0.1,WMA_10,0.9931688337549744
KAMA_10_2_30,TEMA_10,0.9931665351477239
Open,BBU_5_2.0_2.0,0.9931663985732586
SWMA_10,ATRTSe_14_20_3.0,0.9931642146906086
CKSPs_10_3_20,KCBe_20_2,0.993161370358722
OHLC4,BBU_5_2.0_2.0,0.9931421714051532
HILOl_13_21,CKSPl_10_3_20,0.9931372761209929
ALMA_9_6.0_0.85,HWMA_0.2_0.1_0.1,0.993136714699001
ALMA_9_6.0_0.85,HWM_1,0.993136714699001
PWMA_10,TEMA_10,0.9931338029424138
PIVOTS_TRAD_D_R2,KCBe_20_2,0.993131754022472
AGj_13_8_5,ABER_SG_5_15,0.9931259463061339
MIDPRICE_2,TRIMA_10,0.9931093501384035
DEMA_10,KCLe_20_2,0.9931091276029728
MAD_30,STDEV_30,0.9931054918183392
HL2,BBU_5_2.0_2.0,0.9930981254799367
SWMA_10,KCUe_20_2,0.9930807655889557
IKS_26,KAMA_10_2_30,0.9930732611295346
Close,SMA_10,0.9930724193594728
MIDPRICE_2,ALPHATl_14_1_50_2,0.993069044094137
PSARs_0.02_0.2,ACCBL_20,0.993053703313137
MIDPRICE_2,SSF_20,0.9930381271327178
PIVOTS_TRAD_D_S4,WMA_10,0.9930346994975262
PIVOTS_TRAD_D_S3,WMA_10,0.9930346994975262
PSARs_0.02_0.2,DCM_20_20,0.9930258066628345
HLC3,BBU_5_2.0_2.0,0.9930252449794693
BBU_5_2.0_2.0,VWAP_D,0.9930252449794693
MCGD_10,QTL_30_0.5,0.9930221098477949
MCGD_10,MEDIAN_30,0.9930221098477949
HILO_13_21,ALPHAT_14_1_50,0.9930211246389079
SSF3_20,ATRTSe_14_20_3.0,0.9930130993842329
KAMA_10_2_30,OHLC4,0.9930050021917447
AGt_13_8_5,LINREG_14,0.992999635144369
RMA_10,DCU_20_20,0.992992408680518
Open,KAMA_10_2_30,0.9929894073668657
CKSPs_10_3_20,ACCBM_20,0.9929885047987564
SINWMA_14,CHDLREXTl_22_22_14_2.0,0.9929834413747404
Low,VWMA_10,0.9929679721285984
WCP,BBU_5_2.0_2.0,0.9929660183893683
CHDLREXTs_22_22_14_2.0,KCBe_20_2,0.992963961662864
RMA_10,CHDLREXTs_22_22_14_2.0,0.9929575028247276
HL2,KAMA_10_2_30,0.9929513310469621
SSF3_20,ZL_EMA_10,0.9929415006280712
ATRTSe_14_20_3.0,VWMA_10,0.9929386490196858
IKS_26,ALPHATl_14_1_50_2,0.9929343117393257
AGt_13_8_5,PIVOTS_TRAD_D_S1,0.9929201478792463
MAMA_0.5_0.05,T3_10_0.7,0.9929123958394853
KAMA_10_2_30,VWAP_D,0.9929013356297389
HLC3,KAMA_10_2_30,0.9929013356297389
PIVOTS_TRAD_D_S2,SMA_10,0.992898149221609
SSF_20,LDECAY_1,0.9928972068216707
MCGD_10,PSARs_0.02_0.2,0.9928929559344641
AGt_13_8_5,HMA_10,0.9928924310719833
MIDPOINT_2,PWMA_10,0.9928887828693338
SMA_10,BBL_5_2.0_2.0,0.9928882192460201
JMA_7_0.0,KCLe_20_2,0.9928780551554927
RMA_10,CKSPs_10_3_20,0.9928728282372723
TRIMA_10,LDECAY_1,0.9928701466191203
PIVOTS_TRAD_D_R1,RMA_10,0.9928680664381505
ABER_XG_5_15,HWL_1,0.9928621001453003
ABER_XG_5_15,KCBe_20_2,0.9928613457123321
KAMA_10_2_30,WCP,0.992853542473362
IKS_26,HILOl_13_21,0.9928487270277618
PIVOTS_TRAD_D_P,SSF3_20,0.9928430311065212
PIVOTS_TRAD_D_S2,SMMA_7,0.992832484983426
FWMA_10,HWMA_0.2_0.1_0.1,0.9928321153967717
FWMA_10,HWM_1,0.9928321153967717
MCGD_10,PIVOTS_TRAD_D_P,0.9928274330254574
MIDPOINT_2,TRIMA_10,0.9928216216217692
SINWMA_14,PSARs_0.02_0.2,0.9928176616261271
SINWMA_14,SUPERT_7_3.0,0.9927924102882179
WMA_10,ACCBL_20,0.9927873823715935
HILOl_13_21,DCM_20_20,0.9927808145126145
MAMA_0.5_0.05,KCBe_20_2,0.9927796496029482
Open,SWMA_10,0.9927784412310738
PWMA_10,LDECAY_1,0.9927782122741807
HMA_10,ALPHATl_14_1_50_2,0.9927759302544787
MIDPOINT_2,SSF_20,0.9927666409904576
IKS_26,SSF_20,0.9927664782560397
SUPERT_7_3.0,ALPHATl_14_1_50_2,0.9927581303514994
KAMA_10_2_30,CHDLREXTl_22_22_14_2.0,0.9927532831964857
SWMA_10,BBL_5_2.0_2.0,0.9927395849718924
MIDPOINT_2,ALPHATl_14_1_50_2,0.9927222876782267
Open,AGt_13_8_5,0.9927178697781971
AGt_13_8_5,OHLC4,0.9927117786900881
PIVOTS_TRAD_D_S1,PWMA_10,0.9927115341803926
T3_10_0.7,KCUe_20_2,0.9927080964055697
Close,BBU_5_2.0_2.0,0.9926976294298893
DEMA_10,SINWMA_14,0.9926891724826366
Low,SMMA_7,0.9926687096185076
AGt_13_8_5,HL2,0.9926629960215916
ALPHATl_14_1_50_2,ACCBU_20,0.9926571837435716
OHLC4,SWMA_10,0.9926484334221237
SSF_20,HT_TL,0.9926396513192101
ATRTSe_14_20_3.0,DCU_20_20,0.9926278395702469
PIVOTS_TRAD_D_R2,T3_10_0.7,0.992620624035061
Close,KAMA_10_2_30,0.9926194111490949
AGt_13_8_5,HLC3,0.9926009315190546
AGt_13_8_5,VWAP_D,0.9926009315190546
PIVOTS_TRAD_D_S3,ABER_SG_5_15,0.9925993844900609
PIVOTS_TRAD_D_S4,ABER_SG_5_15,0.9925993844900609
ALPHATl_14_1_50_2,LDECAY_1,0.9925992868637363
MCGD_10,ZL_EMA_10,0.9925959212364228
HL2,SWMA_10,0.9925883358474414
HMA_10,TRIMA_10,0.9925851626109212
SSF_20,VIDYA_14,0.9925802837733558
ITS_9,KCUe_20_2,0.9925716444681779
SUPERT_7_3.0,KCLe_20_2,0.9925640419494751
IKS_26,EMA_10,0.9925575503460388
PIVOTS_TRAD_D_P,KCLe_20_2,0.9925568145895527
AGt_13_8_5,WCP,0.9925471170300157
HILOs_13_21,HT_TL,0.9925466979859373
PIVOTS_TRAD_D_R1,KCLe_20_2,0.9925462568488371
DCM_20_20,DCU_20_20,0.9925215983594002
DEMA_10,HWL_1,0.992516408852098
MCGD_10,MIDPRICE_2,0.9925153780665957
AGj_13_8_5,CHDLREXTs_22_22_14_2.0,0.9925152280788127
AGt_13_8_5,CHDLREXTs_22_22_14_2.0,0.9925010090111619
TEMA_10,TRIMA_10,0.9924981375620361
HLC3,SWMA_10,0.9924963783931674
SWMA_10,VWAP_D,0.9924963783931672
AGt_13_8_5,TEMA_10,0.9924838085254113
AGt_13_8_5,MEDIAN_30,0.9924800651532749
AGt_13_8_5,QTL_30_0.5,0.9924800651532749
QTL_30_0.5,CKSPs_10_3_20,0.99247250250618
MEDIAN_30,CKSPs_10_3_20,0.99247250250618
HILOl_13_21,DCU_20_20,0.9924438117334861
SMMA_7,SUPERT_7_3.0,0.9924427086641482
EMA_10,ACCBU_20,0.9924387234258573
PIVOTS_TRAD_D_S1,TRIMA_10,0.9924364828405273
PIVOTS_TRAD_D_R2,KCLe_20_2,0.9924309629613082
SSF_20,CHDLREXTl_22_22_14_2.0,0.9924302370154766
SWMA_10,WCP,0.9924276354484465
High,SSF_20,0.9924198567316206
Low,SMA_10,0.9924119130375857
HWMA_0.2_0.1_0.1,VWMA_10,0.9924065314804605
HWM_1,VWMA_10,0.9924065314804605
PWMA_10,ATRTSe_14_20_3.0,0.9924057058961647
WMA_10,ATRTSe_14_20_3.0,0.9924049495142804
High,TRIMA_10,0.992399919764478
PIVOTS_TRAD_D_S2,SWMA_10,0.9923972399115044
HILO_13_21,WMA_10,0.9923935714066107
JMA_7_0.0,RMA_10,0.992391998194137
PIVOTS_TRAD_D_R1,KCBe_20_2,0.9923856050059923
MIDPRICE_2,SSF3_20,0.9923814857523043
PIVOTS_TRAD_D_S1,ALPHATl_14_1_50_2,0.9923794020636436
HILOl_13_21,KCUe_20_2,0.9923741333819052
PWMA_10,KCUe_20_2,0.9923703804980876
DEMA_10,RMA_10,0.9923540490496363
PWMA_10,BBL_5_2.0_2.0,0.9923500578290269
JMA_7_0.0,HWM_1,0.9923495270087458
HWMA_0.2_0.1_0.1,JMA_7_0.0,0.9923495270087456
MAMA_0.5_0.05,SINWMA_14,0.9923464783283082
High,PWMA_10,0.9923446639781701
HWMA_0.2_0.1_0.1,ZL_EMA_10,0.99234336536942
ZL_EMA_10,HWM_1,0.9923433653694198
PIVOTS_TRAD_D_R2,SINWMA_14,0.9923428969529388
High,ALPHATl_14_1_50_2,0.9923399372729452
PIVOTS_TRAD_D_R3,SINWMA_14,0.9923389601254554
PIVOTS_TRAD_D_R4,SINWMA_14,0.9923389601254554
T3_10_0.7,ACCBU_20,0.9923225470349412
KAMA_10_2_30,ACCBU_20,0.9923159873017658
MCGD_10,MIDPOINT_2,0.9923145007807129
HMA_10,SSF_20,0.9923014291218777
HWMA_0.2_0.1_0.1,TEMA_10,0.9923009995290825
TEMA_10,HWM_1,0.9923009995290825
TRIMA_10,ACCBU_20,0.9922970741710027
Close,AGt_13_8_5,0.9922949776822082
ZL_EMA_10,KCLe_20_2,0.992292787855531
PIVOTS_TRAD_D_S1,SSF_20,0.9922884181799427
PIVOTS_TRAD_D_R3,T3_10_0.7,0.9922723389840519
PIVOTS_TRAD_D_R4,T3_10_0.7,0.9922723389840519
HWMA_0.2_0.1_0.1,MAMA_0.5_0.05,0.9922615649007579
MAMA_0.5_0.05,HWM_1,0.9922615649007579
PSARs_0.02_0.2,KCBe_20_2,0.9922463442532645
IKS_26,HILOs_13_21,0.9922461429520584
T3_10_0.7,ATRTSe_14_20_3.0,0.9922346294668425
RMA_10,PSARs_0.02_0.2,0.9922338308505447
TEMA_10,ALPHATl_14_1_50_2,0.9922235291249486
VIDYA_14,ALPHATl_14_1_50_2,0.992222122569073
QTL_30_0.5,ACCBL_20,0.9922198380142434
MEDIAN_30,ACCBL_20,0.9922198380142434
SSF3_20,LDECAY_1,0.9922101874801229
JMA_7_0.0,T3_10_0.7,0.9922088790933307
ITS_9,HWMA_0.2_0.1_0.1,0.992207170828171
ITS_9,HWM_1,0.992207170828171
VIDYA_14,KCLe_20_2,0.9922039755787675
KCUe_20_2,VWMA_10,0.9921968766362133
ALPHATl_14_1_50_2,CHDLREXTl_22_22_14_2.0,0.9921897165087148
PIVOTS_TRAD_D_S4,ALPHAT_14_1_50,0.9921770254885885
PIVOTS_TRAD_D_S3,ALPHAT_14_1_50,0.9921770254885885
KAMA_10_2_30,PIVOTS_TRAD_D_S2,0.9921742596153635
ABER_SG_5_15,KCUe_20_2,0.9921717441283142
MIDPRICE_2,KCLe_20_2,0.9921688657392198
HWMA_0.2_0.1_0.1,ABER_SG_5_15,0.9921502676335643
ABER_SG_5_15,HWM_1,0.9921502676335643
MCGD_10,LDECAY_1,0.9921483662950021
HILOs_13_21,ACCBM_20,0.9921382295426192
Close,SWMA_10,0.9921307908460613
SMA_10,ACCBU_20,0.9921129633154945
PIVOTS_TRAD_D_R1,T3_10_0.7,0.9921100237368983
AGj_13_8_5,ALMA_9_6.0_0.85,0.9921078043176748
DCL_20_20,DCM_20_20,0.9921028541746796
AGj_13_8_5,ABER_ZG_5_15,0.9920930733190231
SSF3_20,ACCBU_20,0.9920903242930398
MIDPOINT_2,SSF3_20,0.992089358876858
SSF_20,SUPERT_7_3.0,0.9920828521470441
AGl_13_8_5,PIVOTS_TRAD_D_S3,0.9920588867118396
AGl_13_8_5,PIVOTS_TRAD_D_S4,0.9920588867118396
PSARs_0.02_0.2,CHDLREXTs_22_22_14_2.0,0.9920524054008493
PIVOTS_TRAD_D_P,RMA_10,0.992047451407064
SMMA_7,BBL_5_2.0_2.0,0.9920440268545468
SUPERT_7_3.0,ACCBU_20,0.9920273409344312
RMA_10,LDECAY_1,0.9920145010417791
SSF_20,TEMA_10,0.9920087791551344
HILOl_13_21,VIDYA_14,0.9919860475922281
AGj_13_8_5,BBM_5_2.0_2.0,0.9919848870885072
CKSPl_10_3_20,ACCBM_20,0.9919846333569246
High,MCGD_10,0.9919812858682484
IKS_26,DCU_20_20,0.9919768122580045
Low,KAMA_10_2_30,0.9919675205343955
PIVOTS_TRAD_D_S1,KCLe_20_2,0.9919650599117339
SMMA_7,CHDLREXTs_22_22_14_2.0,0.9919577586984955
CKSPs_10_3_20,KCLe_20_2,0.9919307193688062
EMA_10,VIDYA_14,0.9919215957754396
MIDPOINT_2,KCLe_20_2,0.9919170651173925
AGj_13_8_5,HILOs_13_21,0.9919161195173308
EMA_10,CHDLREXTl_22_22_14_2.0,0.9919115177830118
HILOs_13_21,QTL_30_0.5,0.9918903483044416
HILOs_13_21,MEDIAN_30,0.9918903483044416
SWMA_10,HWM_1,0.99188123070251
HWMA_0.2_0.1_0.1,SWMA_10,0.99188123070251
KAMA_10_2_30,BBL_5_2.0_2.0,0.9918659423016531
JMA_7_0.0,KCBe_20_2,0.9918588944605559
SUPERTl_7_3.0,CHDLREXTl_22_22_14_2.0,0.9918576570524433
T3_10_0.7,PSARs_0.02_0.2,0.9918526302199894
HWMA_0.2_0.1_0.1,SMA_10,0.9918475737429863
SMA_10,HWM_1,0.9918475737429863
Open,PWMA_10,0.9918465848009261
ALPHAT_14_1_50,KCUe_20_2,0.991842587098542
ACCBL_20,ACCBU_20,0.9918377154220448
FAMA_0.5_0.05,HWM_1,0.9918328945796483
HWMA_0.2_0.1_0.1,FAMA_0.5_0.05,0.9918328945796482
SSF_20,PSARs_0.02_0.2,0.9918086086861089
LINREG_14,T3_10_0.7,0.9918060131859185
AGj_13_8_5,PSARs_0.02_0.2,0.9918030821756134
IKS_26,AGl_13_8_5,0.9918029393892632
BBL_5_2.0_2.0,KCLe_20_2,0.9918001143867065
SINWMA_14,PSARl_0.02_0.2,0.9917957256491706
CKSPl_10_3_20,KCBe_20_2,0.9917895649768376
VIDYA_14,CKSPs_10_3_20,0.9917856755338392
Open,TRIMA_10,0.9917811986113525
BBL_5_2.0_2.0,HWM_1,0.9917804476057068
HWMA_0.2_0.1_0.1,BBL_5_2.0_2.0,0.9917804476057068
RMA_10,ZL_EMA_10,0.9917802885045339
Open,ALPHATl_14_1_50_2,0.9917623641205726
DEMA_10,KCBe_20_2,0.9917584469703514
AGl_13_8_5,HWMA_0.2_0.1_0.1,0.9917469373553881
AGl_13_8_5,HWM_1,0.9917469373553881
SUPERT_7_3.0,VIDYA_14,0.9917445370701856
HILOl_13_21,KCBe_20_2,0.9917411396720137
ALPHATl_14_1_50_2,HT_TL,0.9917317901362761
CKSPs_10_3_20,ACCBL_20,0.9917308700587033
ACCBM_20,BBU_5_2.0_2.0,0.991729364387972
MIDPRICE_2,RMA_10,0.991725113009012
Open,SSF_20,0.9917245321057628
FAMA_0.5_0.05,ACCBU_20,0.9917237327528542
MCGD_10,PIVOTS_TRAD_D_S1,0.9917181596832426
High,SSF3_20,0.9917179914530483
AGt_13_8_5,PSARs_0.02_0.2,0.9916957259803417
BBU_5_2.0_2.0,KCLe_20_2,0.991693334398984
WMA_10,KCUe_20_2,0.9916848619215423
OHLC4,PWMA_10,0.9916729373381854
PWMA_10,HWM_1,0.9916714999998892
HWMA_0.2_0.1_0.1,PWMA_10,0.9916714999998891
PIVOTS_TRAD_D_R1,SINWMA_14,0.991667274024804
OHLC4,TRIMA_10,0.9916638200053887
IKS_26,FAMA_0.5_0.05,0.9916622858501822
PIVOTS_TRAD_D_S1,SSF3_20,0.9916546584895892
KAMA_10_2_30,HT_TL,0.9916545093209783
TRIMA_10,BBL_5_2.0_2.0,0.9916440995490315
HMA_10,SSF3_20,0.9916433430222396
OHLC4,SSF_20,0.9916283782197638
ATRTSe_14_20_3.0,CHDLREXTs_22_22_14_2.0,0.9916262587469328
HMA_10,HWMA_0.2_0.1_0.1,0.9916262520367362
HMA_10,HWM_1,0.9916262520367362
ACCBL_20,CHDLREXTl_22_22_14_2.0,0.9916261848805007
OHLC4,ALPHATl_14_1_50_2,0.9916255028934604
PIVOTS_TRAD_D_S2,PWMA_10,0.991622190444999
SSF3_20,TEMA_10,0.9916145831369235
HT_TL,CHDLREXTs_22_22_14_2.0,0.9916085297492281
HL2,PWMA_10,0.9916082121636814
T3_10_0.7,ZL_EMA_10,0.9916060477508309
HL2,TRIMA_10,0.9916029018194155
PIVOTS_TRAD_D_S2,BBU_5_2.0_2.0,0.9915981258115216
DEMA_10,HWU_1,0.9915959511227279
PIVOTS_TRAD_D_P,T3_10_0.7,0.9915853412080092
AGl_13_8_5,ACCBU_20,0.9915773288511788
HL2,SSF_20,0.9915719628549505
ABER_SG_5_15,DCM_20_20,0.9915706329255376
AGt_13_8_5,PIVOTS_TRAD_D_S2,0.9915677188343671
HL2,ALPHATl_14_1_50_2,0.9915632037696851
BBL_5_2.0_2.0,HWL_1,0.9915538455105926
MIDPOINT_2,RMA_10,0.9915536477867699
Low,BBU_5_2.0_2.0,0.991549556369496
LDECAY_1,KCBe_20_2,0.9915322578415967
PIVOTS_TRAD_D_P,KCBe_20_2,0.9915255054928106
TRIMA_10,VWAP_D,0.9915160733931122
HLC3,TRIMA_10,0.9915160733931122
IKS_26,SMA_10,0.9915128210940933
Low,SWMA_10,0.9915119274999898
HLC3,PWMA_10,0.9915064746590707
PWMA_10,VWAP_D,0.9915064746590706
JMA_7_0.0,SINWMA_14,0.9914996563782839
High,RMA_10,0.9914984384071619
LINREG_14,HWL_1,0.9914963660758496
AGj_13_8_5,PIVOTS_TRAD_D_R3,0.991489270717449
AGj_13_8_5,PIVOTS_TRAD_D_R4,0.991489270717449
HLC3,SSF_20,0.9914876948516987
SSF_20,VWAP_D,0.9914876948516985
HWMA_0.2_0.1_0.1,MIDPRICE_2,0.9914864668112086
MIDPRICE_2,HWM_1,0.9914864668112086
HLC3,ALPHATl_14_1_50_2,0.9914712805459207
ALPHATl_14_1_50_2,VWAP_D,0.9914712805459206
ABER_SG_5_15,ACCBM_20,0.9914503775318726
TRIMA_10,WCP,0.9914499148148489
ABER_SG_5_15,ATRTSe_14_20_3.0,0.9914495936259998
HWMA_0.2_0.1_0.1,SSF3_20,0.9914489613095099
SSF3_20,HWM_1,0.9914489613095099
TRIMA_10,VIDYA_14,0.9914474104375104
ALPHATl_14_1_50_2,BBL_5_2.0_2.0,0.991446722641689
Low,AGt_13_8_5,0.9914369848246981
AGj_13_8_5,FWMA_10,0.9914364282555076
SWMA_10,ACCBU_20,0.991435322324271
PWMA_10,WCP,0.9914328695512683
LDECAY_1,KCLe_20_2,0.9914301557084665
SSF_20,WCP,0.9914228157995844
CKSPl_10_3_20,DCM_20_20,0.99141260949812
VIDYA_14,ACCBL_20,0.9914110487265813
HMA_10,MCGD_10,0.9914055667041856
WCP,ALPHATl_14_1_50_2,0.9914025782601675
PIVOTS_TRAD_D_R4,KCUe_20_2,0.9914010384833809
PIVOTS_TRAD_D_R3,KCUe_20_2,0.9914010384833809
IKS_26,TRIMA_10,0.991394203803921
SMA_10,VIDYA_14,0.9913920190887519
SUPERT_7_3.0,KCUe_20_2,0.9913695459744405
LINREG_14,MCGD_10,0.9913646329320563
FAMA_0.5_0.05,PIVOTS_TRAD_D_S4,0.9913587719664576
FAMA_0.5_0.05,PIVOTS_TRAD_D_S3,0.9913587719664576
EMA_10,HT_TL,0.991356315221189
Open,MCGD_10,0.9913486403358693
HWMA_0.2_0.1_0.1,ALPHAT_14_1_50,0.991327641433909
ALPHAT_14_1_50,HWM_1,0.991327641433909
LINREG_14,KCLe_20_2,0.9913215480806181
IKS_26,ALPHAT_14_1_50,0.9913124326661545
AGt_13_8_5,DCU_20_20,0.9913068017957746
MCGD_10,OHLC4,0.9913038883680633
MCGD_10,DCL_20_20,0.9913030328562737
RMA_10,CKSPl_10_3_20,0.9913018576929413
HILOl_13_21,RMA_10,0.9912960551604432
EMA_10,PIVOTS_TRAD_D_S3,0.9912929019081652
EMA_10,PIVOTS_TRAD_D_S4,0.9912929019081652
ABER_ZG_5_15,DCM_20_20,0.9912793009534163
AGt_13_8_5,CKSPs_10_3_20,0.9912789273369729
PIVOTS_TRAD_D_S2,ALPHATl_14_1_50_2,0.9912762300746827
PIVOTS_TRAD_D_S2,KCLe_20_2,0.9912733344925178
PSARs_0.02_0.2,KCLe_20_2,0.9912707803207094
ALPHATl_14_1_50_2,CHDLREXTs_22_22_14_2.0,0.9912698940275565
PIVOTS_TRAD_D_P,HWM_1,0.9912667302146276
HWMA_0.2_0.1_0.1,PIVOTS_TRAD_D_P,0.9912667302146276
ALMA_9_6.0_0.85,DCM_20_20,0.9912639649233536
HL2,MCGD_10,0.9912551190501917
ALPHATl_14_1_50_2,PSARs_0.02_0.2,0.9912521285400243
PIVOTS_TRAD_D_S2,TRIMA_10,0.9912461713966502
KCLe_20_2,KCUe_20_2,0.991239764166
ZL_EMA_10,KCBe_20_2,0.9912251342890297
FAMA_0.5_0.05,VIDYA_14,0.9912193894718175
HWMA_0.2_0.1_0.1,MIDPOINT_2,0.9912076801224987
MIDPOINT_2,HWM_1,0.9912076801224985
HILOs_13_21,DCM_20_20,0.9911961302360358
MIDPRICE_2,KCBe_20_2,0.991194108245819
CHDLREXTl_22_22_14_2.0,KCLe_20_2,0.9911846571365563
MCGD_10,VWAP_D,0.9911803368903203
HLC3,MCGD_10,0.9911803368903203
ITS_9,IKS_26,0.991178697514325
BBM_5_2.0_2.0,DCM_20_20,0.9911718909728462
FAMA_0.5_0.05,CHDLREXTl_22_22_14_2.0,0.9911713940052435
HMA_10,KCLe_20_2,0.9911652844657556
Close,TRIMA_10,0.9911609009249649
AGl_13_8_5,VIDYA_14,0.9911599120732354
AGl_13_8_5,CHDLREXTl_22_22_14_2.0,0.9911480356795904
HILOs_13_21,PSARs_0.02_0.2,0.9911425348734328
HWMA_0.2_0.1_0.1,TRIMA_10,0.9911376883891614
TRIMA_10,HWM_1,0.9911376883891614
Close,SSF_20,0.9911376370430439
SINWMA_14,CHDLREXTs_22_22_14_2.0,0.9911353668979574
MIDPRICE_2,T3_10_0.7,0.9911339738188731
EMA_10,HWMA_0.2_0.1_0.1,0.9911282370092918
EMA_10,HWM_1,0.9911282370092918
Close,PWMA_10,0.9911215521349016
MCGD_10,WCP,0.9911202028687178
SMA_10,CHDLREXTl_22_22_14_2.0,0.991110820120665
ATRTSe_14_20_3.0,BBU_5_2.0_2.0,0.9911075954615476
Close,ALPHATl_14_1_50_2,0.9911059493703523
SSF3_20,VIDYA_14,0.9910972332510624
SSF_20,BBL_5_2.0_2.0,0.9910959221478666
TRIMA_10,CHDLREXTl_22_22_14_2.0,0.9910780287517517
TRIMA_10,HT_TL,0.9910746120753987
HWMA_0.2_0.1_0.1,T3_10_0.7,0.9910677283026241
T3_10_0.7,HWM_1,0.9910677283026241
PSARl_0.02_0.2,ACCBM_20,0.991059715976644
Open,SSF3_20,0.9910518293732731
SMMA_7,PSARs_0.02_0.2,0.9910430795571032
T3_10_0.7,LDECAY_1,0.9910389849284833
PIVOTS_TRAD_D_S2,SSF_20,0.9910367359213025
MIDPOINT_2,KCBe_20_2,0.9910229549978912
ABER_ZG_5_15,HWL_1,0.9910165809018581
SUPERT_7_3.0,TRIMA_10,0.9910100442023508
WMA_10,HWL_1,0.9910044522618121
High,KCBe_20_2,0.9909995597298799
High,KCLe_20_2,0.9909972036730698
SUPERT_7_3.0,QTL_30_0.5,0.9909960118385982
SUPERT_7_3.0,MEDIAN_30,0.9909960118385982
SINWMA_14,QTL_30_0.5,0.9909926188602318
SINWMA_14,MEDIAN_30,0.9909926188602318
BBU_5_2.0_2.0,DCM_20_20,0.990985077673577
HWMA_0.2_0.1_0.1,PIVOTS_TRAD_D_S1,0.9909835660413979
PIVOTS_TRAD_D_S1,HWM_1,0.9909835660413979
SSF_20,CHDLREXTs_22_22_14_2.0,0.9909735937616183
Open,KCLe_20_2,0.9909706039038948
ACCBL_20,KCUe_20_2,0.9909623239493757
PIVOTS_TRAD_D_P,SINWMA_14,0.9909600672445837
SSF3_20,BBL_5_2.0_2.0,0.9909580493025965
OHLC4,SSF3_20,0.9909529214846247
SUPERT_7_3.0,T3_10_0.7,0.9909517084113139
ALMA_9_6.0_0.85,HWL_1,0.9909503971865111
BBM_5_2.0_2.0,HWL_1,0.990947174956697
PIVOTS_TRAD_D_R3,KCLe_20_2,0.9909337756494566
PIVOTS_TRAD_D_R4,KCLe_20_2,0.9909337756494566
SMMA_7,MEDIAN_30,0.990924783661265
SMMA_7,QTL_30_0.5,0.990924783661265
SSF3_20,PSARs_0.02_0.2,0.9909245204530442
T3_10_0.7,PSARl_0.02_0.2,0.9909205591682395
ITS_9,ACCBU_20,0.990917086213711
AGj_13_8_5,PIVOTS_TRAD_D_R2,0.9909155697398507
HWMA_0.2_0.1_0.1,PIVOTS_TRAD_D_R1,0.9909135179654681
PIVOTS_TRAD_D_R1,HWM_1,0.9909135179654681
MCGD_10,TEMA_10,0.9908993369980458
HL2,SSF3_20,0.9908938087120309
HILO_13_21,DCU_20_20,0.9908721321818593
ABER_SG_5_15,HWU_1,0.9908637762215223
LINREG_14,HWU_1,0.9908509853775139
Close,MCGD_10,0.9908492649474979
OHLC4,KCLe_20_2,0.9908429942075725
MIDPOINT_2,T3_10_0.7,0.990838371467276
IKS_26,PSARs_0.02_0.2,0.9908331157322344
SINWMA_14,ZL_EMA_10,0.990823304341787
HILOs_13_21,MCGD_10,0.9908167751290151
HLC3,SSF3_20,0.990811396176752
SSF3_20,VWAP_D,0.990811396176752
SMA_10,HT_TL,0.9908067433604684
HILOs_13_21,KCBe_20_2,0.9908052585353362
IKS_26,SWMA_10,0.9908028895143492
SWMA_10,VIDYA_14,0.9907961019393973
ALMA_9_6.0_0.85,ACCBM_20,0.9907933732962173
HL2,KCLe_20_2,0.9907869393417077
TRIMA_10,PSARs_0.02_0.2,0.9907777571109069
FWMA_10,DCM_20_20,0.9907765778662975
ABER_ZG_5_15,ACCBM_20,0.9907703075211498
IKS_26,VWMA_10,0.9907692410859322
SSF3_20,SUPERT_7_3.0,0.990762357724978
EMA_10,SUPERT_7_3.0,0.9907594458595441
SMA_10,SUPERT_7_3.0,0.9907507743541482
SSF3_20,WCP,0.9907474594338073
T3_10_0.7,HT_TL,0.9907334022905726
PIVOTS_TRAD_D_R4,BBL_5_2.0_2.0,0.9907319368645405
PIVOTS_TRAD_D_R3,BBL_5_2.0_2.0,0.9907319368645405
LINREG_14,SINWMA_14,0.9907262415251077
AGt_13_8_5,BBL_5_2.0_2.0,0.9907080305928956
ACCBU_20,KCLe_20_2,0.9907024846238539
HLC3,KCLe_20_2,0.9906919347054405
KCLe_20_2,VWAP_D,0.9906919347054405
IKS_26,SSF3_20,0.9906848983006764
TEMA_10,KCLe_20_2,0.9906530551733557
EMA_10,CHDLREXTs_22_22_14_2.0,0.9906507846501215
ABER_XG_5_15,ACCBL_20,0.9906486196624037
PWMA_10,ACCBU_20,0.9906441943796005
HWMA_0.2_0.1_0.1,PIVOTS_TRAD_D_S2,0.9906377097414386
PIVOTS_TRAD_D_S2,HWM_1,0.9906377097414385
SINWMA_14,LDECAY_1,0.9906371594678475
ALMA_9_6.0_0.85,ATRTSe_14_20_3.0,0.9906353780637576
ACCBM_20,BBM_5_2.0_2.0,0.9906322322318855
PIVOTS_TRAD_D_S1,RMA_10,0.9906290045508716
ABER_ZG_5_15,ATRTSe_14_20_3.0,0.9906266572902244
HILOl_13_21,ATRTSe_14_20_3.0,0.9906256630067007
WCP,KCLe_20_2,0.9906217112363199
HWL_1,VWMA_10,0.9906215348029017
ITS_9,VIDYA_14,0.9906130114405255
SSF3_20,HT_TL,0.9906119181166078
OHLC4,HWM_1,0.990587398035415
HWMA_0.2_0.1_0.1,OHLC4,0.9905873980354148
ACCBU_20,VWMA_10,0.9905755805111857
ITS_9,PIVOTS_TRAD_D_S4,0.9905754223455472
ITS_9,PIVOTS_TRAD_D_S3,0.9905754223455472
ITS_9,CHDLREXTl_22_22_14_2.0,0.9905738652261299
HILOl_13_21,ACCBL_20,0.990569690724682
High,HWMA_0.2_0.1_0.1,0.9905614194883019
High,HWM_1,0.9905614194883019
ATRTSe_14_20_3.0,BBM_5_2.0_2.0,0.9905498756775123
HL2,HWMA_0.2_0.1_0.1,0.9905443844738064
HL2,HWM_1,0.9905443844738064
FAMA_0.5_0.05,HT_TL,0.9905425779677219
ACCBU_20,BBU_5_2.0_2.0,0.990537293414034
Open,HWM_1,0.9905291517603063
Open,HWMA_0.2_0.1_0.1,0.9905291517603063
Open,RMA_10,0.9905157000044189
HMA_10,RMA_10,0.9905141176309906
MCGD_10,PIVOTS_TRAD_D_S2,0.990513071627331
OHLC4,RMA_10,0.9905112914897837
Low,PWMA_10,0.9905087410415313
FWMA_10,HWL_1,0.9905057108835997
High,T3_10_0.7,0.9905039244292337
SSF3_20,CHDLREXTl_22_22_14_2.0,0.9904992267654861
HLC3,HWMA_0.2_0.1_0.1,0.9904981823986109
HWMA_0.2_0.1_0.1,VWAP_D,0.9904981823986109
HWM_1,VWAP_D,0.9904981823986109
HLC3,HWM_1,0.9904981823986109
MIDPRICE_2,SINWMA_14,0.9904941318505669
HWMA_0.2_0.1_0.1,PIVOTS_TRAD_D_R2,0.9904931911084706
PIVOTS_TRAD_D_R2,HWM_1,0.9904931911084706
Close,SSF3_20,0.9904651651206087
HL2,RMA_10,0.9904635759500833
LDECAY_1,HWM_1,0.9904629833719005
HWMA_0.2_0.1_0.1,LDECAY_1,0.9904629833719005
HILOs_13_21,RMA_10,0.9904584290397628
IKS_26,T3_10_0.7,0.9904566689044371
HWMA_0.2_0.1_0.1,WCP,0.990452339167306
WCP,HWM_1,0.990452339167306
PIVOTS_TRAD_D_S2,SSF3_20,0.9904508960241075
HILO_13_21,BBU_5_2.0_2.0,0.9904478586763364
Low,TRIMA_10,0.990442555129349
SWMA_10,CHDLREXTl_22_22_14_2.0,0.990439404278546
ALMA_9_6.0_0.85,ACCBL_20,0.9904283490474617
Low,ALPHATl_14_1_50_2,0.9904232601821573
LINREG_14,RMA_10,0.9904155950497329
ALPHAT_14_1_50,CHDLREXTl_22_22_14_2.0,0.9904029722520677
HLC3,RMA_10,0.9904012451619151
RMA_10,VWAP_D,0.9904012451619147
ABER_ZG_5_15,ACCBL_20,0.9903997597451312
SUPERT_7_3.0,ALPHAT_14_1_50,0.9903984727137155
T3_10_0.7,CHDLREXTl_22_22_14_2.0,0.9903978149109662
AGl_13_8_5,HT_TL,0.990394328868078
PIVOTS_TRAD_D_S4,VWMA_10,0.9903692208340401
PIVOTS_TRAD_D_S3,VWMA_10,0.9903692208340401
PIVOTS_TRAD_D_S1,T3_10_0.7,0.9903633559067215
Low,SSF_20,0.9903604898963235
RMA_10,WCP,0.9903473482283692
Close,KCLe_20_2,0.990320597393512
CKSPs_10_3_20,ACCBU_20,0.990312834877973
ABER_ZG_5_15,HWU_1,0.9903046892423977
HILOs_13_21,CHDLREXTs_22_22_14_2.0,0.9902979625943433
HT_TL,PSARs_0.02_0.2,0.9902950894420749
HILOs_13_21,ACCBL_20,0.9902897358554366
SUPERT_7_3.0,SWMA_10,0.9902869592164983
AGj_13_8_5,MAMA_0.5_0.05,0.9902840053562207
BBM_5_2.0_2.0,HWU_1,0.9902712100015384
SSF_20,PSARl_0.02_0.2,0.9902610015815839
FAMA_0.5_0.05,SUPERT_7_3.0,0.9902341150377914
ACCBL_20,BBM_5_2.0_2.0,0.9902316005751317
MIDPOINT_2,SINWMA_14,0.9902281998666713
FWMA_10,ATRTSe_14_20_3.0,0.9902276964753545
Close,HWM_1,0.9902242686018089
Close,HWMA_0.2_0.1_0.1,0.9902242686018089
SSF_20,HWM_1,0.9902177176873893
HWMA_0.2_0.1_0.1,SSF_20,0.9902177176873893
Low,KCLe_20_2,0.9902166582767156
PSARs_0.02_0.2,ACCBU_20,0.990197718339202
SUPERT_7_3.0,VWMA_10,0.9901943478843241
SMMA_7,CKSPs_10_3_20,0.9901820215113264
SMA_10,PSARs_0.02_0.2,0.9901770488169913
HMA_10,T3_10_0.7,0.9901753567475006
VIDYA_14,VWMA_10,0.9901726467481914
SMMA_7,DCU_20_20,0.9901709218558638
SWMA_10,HT_TL,0.9901696474145021
Low,HWM_1,0.9901684139589821
Low,HWMA_0.2_0.1_0.1,0.9901684139589821
Low,MCGD_10,0.9901661137143097
WMA_10,HWU_1,0.9901637270068623
ITS_9,HWL_1,0.9901581100007243
ALMA_9_6.0_0.85,HWU_1,0.9901534770423096
SSF3_20,PSARl_0.02_0.2,0.9901341894516235
ITS_9,SUPERT_7_3.0,0.9901287061403158
HILOs_13_21,ACCBU_20,0.9901096366265378
AGj_13_8_5,ABER_XG_5_15,0.990106257333217
HILO_13_21,DCL_20_20,0.9900959711040209
Close,RMA_10,0.9900951634896464
KAMA_10_2_30,CHDLREXTs_22_22_14_2.0,0.9900824486867396
PIVOTS_TRAD_D_R4,ATRTSe_14_20_3.0,0.9900778043954527
PIVOTS_TRAD_D_R3,ATRTSe_14_20_3.0,0.9900778043954527
MEDIAN_30,KCLe_20_2,0.9900749064838897
QTL_30_0.5,KCLe_20_2,0.9900749064838897
T3_10_0.7,VIDYA_14,0.9900739762350292
HILO_13_21,ABER_SG_5_15,0.9900735051198137
AGl_13_8_5,CHDLREXTs_22_22_14_2.0,0.9900673425444475
PWMA_10,VIDYA_14,0.9900662023178899
PIVOTS_TRAD_D_S1,KCBe_20_2,0.9900658158246188
CKSPs_10_3_20,KCUe_20_2,0.9900608859373727
ABER_XG_5_15,DCM_20_20,0.990041830795603
MCGD_10,BBL_5_2.0_2.0,0.9900353047130048
High,SINWMA_14,0.9900322129186728
VIDYA_14,ALPHAT_14_1_50,0.9900309016092869
ALPHAT_14_1_50,CHDLREXTs_22_22_14_2.0,0.9900268796350999
AGl_13_8_5,SUPERT_7_3.0,0.9900242480374802
JMA_7_0.0,HWL_1,0.9900204937564543
ZL_EMA_10,HWL_1,0.9900010385808914
FWMA_10,HWU_1,0.9899890528289066
AGj_13_8_5,PIVOTS_TRAD_D_R1,0.989986556417882
RMA_10,TEMA_10,0.9899811189808424
Open,KCBe_20_2,0.9899767077074844
OHLC4,KCBe_20_2,0.9899736163725491
IKS_26,PWMA_10,0.9899636980788663
ALPHAT_14_1_50,ACCBU_20,0.989962243867001
FWMA_10,ACCBM_20,0.9899594965599942
T3_10_0.7,TEMA_10,0.9899528435300383
CHDLREXTl_22_22_14_2.0,VWMA_10,0.9899406559751392
HMA_10,KCBe_20_2,0.9899363620872971
HL2,KCBe_20_2,0.9899263352799988
ITS_9,CHDLREXTs_22_22_14_2.0,0.9899107850447897
PIVOTS_TRAD_D_R4,DCM_20_20,0.9898929145622024
PIVOTS_TRAD_D_R3,DCM_20_20,0.9898929145622024
SWMA_10,PSARs_0.02_0.2,0.9898886624646523
FAMA_0.5_0.05,CHDLREXTs_22_22_14_2.0,0.9898844870874699
T3_10_0.7,CHDLREXTs_22_22_14_2.0,0.989880256855919
SUPERT_7_3.0,CHDLREXTs_22_22_14_2.0,0.9898734668295481
HLC3,KCBe_20_2,0.9898640670797753
KCBe_20_2,VWAP_D,0.989864067079775
SWMA_10,HWL_1,0.9898621132464249
MAMA_0.5_0.05,HWL_1,0.989861103398831
SMA_10,CHDLREXTs_22_22_14_2.0,0.9898600090287899
PSARl_0.02_0.2,ACCBL_20,0.9898507673360963
PIVOTS_TRAD_D_R2,DCM_20_20,0.9898354256520392
WCP,KCBe_20_2,0.9898102137543955
TEMA_10,HWL_1,0.9898014097823398
CHDLREXTs_22_22_14_2.0,VWMA_10,0.9897956078276674
Open,T3_10_0.7,0.9897916130379317
LINREG_14,KCBe_20_2,0.9897861396805838
T3_10_0.7,BBL_5_2.0_2.0,0.989784723445345
PIVOTS_TRAD_D_R2,ATRTSe_14_20_3.0,0.9897765725518606
SMA_10,HWL_1,0.9897759911639368
PIVOTS_TRAD_D_R4,ACCBM_20,0.9897710872408881
PIVOTS_TRAD_D_R3,ACCBM_20,0.9897710872408881
BBU_5_2.0_2.0,CHDLREXTl_22_22_14_2.0,0.989760957705133
ALMA_9_6.0_0.85,HILO_13_21,0.9897543122123401
HILO_13_21,ABER_ZG_5_15,0.9897454386211534
ITS_9,HT_TL,0.9897351570352093
Low,SSF3_20,0.9897064144615874
OHLC4,T3_10_0.7,0.9897034989900348
FAMA_0.5_0.05,HWL_1,0.989698511196727
SUPERT_7_3.0,CKSPs_10_3_20,0.9896917554507861
TRIMA_10,CHDLREXTs_22_22_14_2.0,0.9896832965478445
HILO_13_21,CKSPl_10_3_20,0.9896787923794581
PWMA_10,HWL_1,0.9896774795993708
SUPERTl_7_3.0,DCU_20_20,0.9896740966817907
MAMA_0.5_0.05,DCM_20_20,0.9896736119995494
IKS_26,WMA_10,0.9896496848227919
PWMA_10,CHDLREXTl_22_22_14_2.0,0.989648154816788
PWMA_10,SUPERT_7_3.0,0.9896454175960931
HL2,T3_10_0.7,0.9896433416015639
TEMA_10,HWU_1,0.9896320319476494
SUPERT_7_3.0,SUPERTl_7_3.0,0.9896215051414485
HILO_13_21,PSARl_0.02_0.2,0.9896130303401282
TRIMA_10,PSARl_0.02_0.2,0.9896056044123807
HWL_1,HWU_1,0.9895941290459404
HILOl_13_21,SUPERT_7_3.0,0.9895838616598862
HILO_13_21,BBM_5_2.0_2.0,0.9895750379090621
PIVOTS_TRAD_D_S1,SINWMA_14,0.9895720847501351
HLC3,T3_10_0.7,0.9895657006843
T3_10_0.7,VWAP_D,0.9895657006842998
Close,KCBe_20_2,0.9895582088547435
PSARl_0.02_0.2,KCBe_20_2,0.9895563479833972
RMA_10,PSARl_0.02_0.2,0.9895523788108695
SSF_20,MEDIAN_30,0.9895504479334916
SSF_20,QTL_30_0.5,0.9895504479334916
T3_10_0.7,HWL_1,0.9895483635073328
AGl_13_8_5,HWL_1,0.9895446261480225
MCGD_10,DCU_20_20,0.9895421658806774
ALMA_9_6.0_0.85,KCUe_20_2,0.9895317436868335
PIVOTS_TRAD_D_S2,HWL_1,0.9895260509990994
ABER_ZG_5_15,KCUe_20_2,0.9895202402144266
ZL_EMA_10,HWU_1,0.9895185883238219
PIVOTS_TRAD_D_R2,KCUe_20_2,0.9895144894038382
JMA_7_0.0,HWU_1,0.9895115659202495
SSF3_20,HWL_1,0.9895079010181653
T3_10_0.7,WCP,0.9895041758894828
MAMA_0.5_0.05,HWU_1,0.98949472798624
SINWMA_14,DCU_20_20,0.9894923217820671
CKSPs_10_3_20,DCL_20_20,0.989473102887599
KAMA_10_2_30,PSARs_0.02_0.2,0.9894702799433938
FWMA_10,ACCBL_20,0.989462955148876
PWMA_10,PSARs_0.02_0.2,0.9894338887018025
BBM_5_2.0_2.0,KCUe_20_2,0.9894323265256318
HILOs_13_21,VIDYA_14,0.9894321000838517
HWMA_0.2_0.1_0.1,ALPHATl_14_1_50_2,0.9894279421113199
ALPHATl_14_1_50_2,HWM_1,0.9894279421113197
PSARs_0.02_0.2,VWMA_10,0.9894226633578238
PWMA_10,HT_TL,0.9893930168305789
EMA_10,PSARs_0.02_0.2,0.9893887352996176
PIVOTS_TRAD_D_S1,HWL_1,0.989385084840709
TEMA_10,KCBe_20_2,0.9893783346475793
HT_TL,VWMA_10,0.9893592656378506
CKSPs_10_3_20,PSARs_0.02_0.2,0.9893384695529368
WMA_10,ACCBU_20,0.9893358693893342
ALPHAT_14_1_50,HWL_1,0.989322995745453
SUPERT_7_3.0,CKSPl_10_3_20,0.9893019765521653
HMA_10,HWL_1,0.9892993077218838
HMA_10,SINWMA_14,0.9892918197027547
PIVOTS_TRAD_D_S3,SMA_10,0.9892816126039496
PIVOTS_TRAD_D_S4,SMA_10,0.9892816126039496
AGj_13_8_5,JMA_7_0.0,0.9892397767764605
Close,T3_10_0.7,0.9892292201656518
ABER_SG_5_15,ACCBU_20,0.9892257932558186
MAMA_0.5_0.05,ATRTSe_14_20_3.0,0.9892200743954144
ABER_SG_5_15,ACCBL_20,0.9892195500007677
SWMA_10,CHDLREXTs_22_22_14_2.0,0.9892118790964899
VIDYA_14,WMA_10,0.9891859974200282
PIVOTS_TRAD_D_R1,DCM_20_20,0.9891743425236117
PIVOTS_TRAD_D_P,HWL_1,0.9891699398326996
PIVOTS_TRAD_D_R2,ACCBM_20,0.9891544735088375
Open,SINWMA_14,0.9891497251521146
TRIMA_10,HWL_1,0.9891462270857037
AGj_13_8_5,LDECAY_1,0.9891459639509136
ABER_XG_5_15,ACCBM_20,0.9891408981926525
SSF3_20,CHDLREXTs_22_22_14_2.0,0.9891361954899719
PIVOTS_TRAD_D_S2,T3_10_0.7,0.9891332524611276
HILOl_13_21,MCGD_10,0.9891196575913781
MIDPRICE_2,HWL_1,0.9891147818653473
PIVOTS_TRAD_D_S2,RMA_10,0.9891007604440136
ITS_9,HWU_1,0.9890929534463837
AGj_13_8_5,PSARl_0.02_0.2,0.9890849483349502
OHLC4,SINWMA_14,0.9890788439662959
Low,RMA_10,0.9890645747735572
FAMA_0.5_0.05,PSARs_0.02_0.2,0.9890611138513723
SINWMA_14,TEMA_10,0.9890599423926358
SINWMA_14,CKSPs_10_3_20,0.9890559882427129
ITS_9,PSARs_0.02_0.2,0.9890501074237112
HILOl_13_21,PSARl_0.02_0.2,0.989045338513137
SUPERTl_7_3.0,HT_TL,0.9890448925410411
AGt_13_8_5,PSARl_0.02_0.2,0.9890396982136271
WMA_10,CHDLREXTl_22_22_14_2.0,0.9890366273896629
HWU_1,VWMA_10,0.9890300261125121
HL2,SINWMA_14,0.9890207477412208
PIVOTS_TRAD_D_S3,SMMA_7,0.9890194938635105
PIVOTS_TRAD_D_S4,SMMA_7,0.9890194938635105
PIVOTS_TRAD_D_R1,ATRTSe_14_20_3.0,0.9890152190804099
SUPERT_7_3.0,DCU_20_20,0.9890101904318828
ALPHATl_14_1_50_2,PSARl_0.02_0.2,0.9889884322003741
HILOl_13_21,SUPERTl_7_3.0,0.9889649676929543
HILOl_13_21,SINWMA_14,0.9889584031337593
AGj_13_8_5,PIVOTS_TRAD_D_P,0.9889510801645477
HLC3,SINWMA_14,0.9889468457992773
SINWMA_14,VWAP_D,0.9889468457992772
VIDYA_14,BBU_5_2.0_2.0,0.9889451797306777
SUPERTl_7_3.0,MEDIAN_30,0.9889425109620273
SUPERTl_7_3.0,QTL_30_0.5,0.9889425109620273
PSARs_0.02_0.2,ATRTSe_14_20_3.0,0.9889360114048033
IKS_26,DCL_20_20,0.988928922647179
EMA_10,HWL_1,0.9889224512413248
FWMA_10,KCUe_20_2,0.9889143244028786
PSARs_0.02_0.2,KCUe_20_2,0.9889009705951365
HWMA_0.2_0.1_0.1,SMMA_7,0.9888993762393552
SMMA_7,HWM_1,0.9888993762393552
SINWMA_14,WCP,0.9888872027629686
AGt_13_8_5,HILOl_13_21,0.9888870870242787
AGt_13_8_5,CKSPl_10_3_20,0.9888808282228562
ABER_XG_5_15,ATRTSe_14_20_3.0,0.9888531638649881
AGj_13_8_5,DEMA_10,0.9888368309480503
HILOs_13_21,KCUe_20_2,0.9888318320196225
ALPHAT_14_1_50,HT_TL,0.988831713060053
JMA_7_0.0,DCM_20_20,0.9888229921138084
PSARl_0.02_0.2,DCM_20_20,0.9888170636914057
MIDPOINT_2,HWL_1,0.9888130640625897
FAMA_0.5_0.05,HWU_1,0.9888050315043748
ALPHATl_14_1_50_2,DCL_20_20,0.9888015029941005
ABER_XG_5_15,HWU_1,0.9887978530729858
HMA_10,HWU_1,0.9887899721440087
AGl_13_8_5,HWU_1,0.9887867248788371
PIVOTS_TRAD_D_S3,SWMA_10,0.9887789358876495
PIVOTS_TRAD_D_S4,SWMA_10,0.9887789358876495
SMA_10,HWU_1,0.9887575018992033
QTL_30_0.5,CHDLREXTs_22_22_14_2.0,0.9887558620433654
MEDIAN_30,CHDLREXTs_22_22_14_2.0,0.9887558620433654
AGt_13_8_5,DCL_20_20,0.9887523593715951
FWMA_10,HILO_13_21,0.9887454538222124
SWMA_10,HWU_1,0.9887390774756092
PIVOTS_TRAD_D_S3,PIVOTS_TRAD_D_R4,0.9887269654986832
PIVOTS_TRAD_D_S3,PIVOTS_TRAD_D_R3,0.9887269654986832
PIVOTS_TRAD_D_S4,PIVOTS_TRAD_D_R3,0.9887269654986832
PIVOTS_TRAD_D_S4,PIVOTS_TRAD_D_R4,0.9887269654986832
SSF_20,DCU_20_20,0.98871922033315
KAMA_10_2_30,QTL_30_0.5,0.9887038299145819
KAMA_10_2_30,MEDIAN_30,0.9887038299145819
ABER_SG_5_15,CHDLREXTl_22_22_14_2.0,0.9887025997979184
HILOs_13_21,ATRTSe_14_20_3.0,0.9886965335904466
MIDPRICE_2,HWU_1,0.9886951759278637
SMMA_7,DCL_20_20,0.9886813381970613
KAMA_10_2_30,DCU_20_20,0.9886795319531203
KAMA_10_2_30,PIVOTS_TRAD_D_S4,0.9886759133510805
KAMA_10_2_30,PIVOTS_TRAD_D_S3,0.9886759133510805
ACCBM_20,DCL_20_20,0.9886737852206315
VIDYA_14,ABER_SG_5_15,0.9886496492643333
Close,SINWMA_14,0.988617940128418
MAMA_0.5_0.05,ACCBM_20,0.9886160096632929
CKSPs_10_3_20,CHDLREXTl_22_22_14_2.0,0.9886129948521878
AGl_13_8_5,PSARs_0.02_0.2,0.9886120978864413
ALPHATl_14_1_50_2,CKSPs_10_3_20,0.9886090735363192
PSARl_0.02_0.2,CHDLREXTl_22_22_14_2.0,0.9886064046952258
AGj_13_8_5,MIDPRICE_2,0.9885921437221178
QTL_30_0.5,PSARs_0.02_0.2,0.9885917005884091
MEDIAN_30,PSARs_0.02_0.2,0.9885917005884091
HWMA_0.2_0.1_0.1,PIVOTS_TRAD_D_S3,0.9885826218989104
PIVOTS_TRAD_D_S3,HWM_1,0.9885826218989104
HWMA_0.2_0.1_0.1,PIVOTS_TRAD_D_S4,0.9885826218989104
PIVOTS_TRAD_D_S4,HWM_1,0.9885826218989104
ACCBL_20,BBU_5_2.0_2.0,0.9885660703375274
PIVOTS_TRAD_D_S3,KCLe_20_2,0.9885597464466219
PIVOTS_TRAD_D_S4,KCLe_20_2,0.9885597464466219
High,AGj_13_8_5,0.98855182096065
SMA_10,PSARl_0.02_0.2,0.9885437292766369
AGt_13_8_5,HILOs_13_21,0.9885319101859049
KAMA_10_2_30,CKSPs_10_3_20,0.9885162599915975
AGj_13_8_5,ZL_EMA_10,0.9885142003313884
PWMA_10,HWU_1,0.9885056035055175
High,HWU_1,0.9884991442149974
PIVOTS_TRAD_D_S2,KCBe_20_2,0.9884981820162062
PIVOTS_TRAD_D_R3,ACCBU_20,0.9884978288217774
PIVOTS_TRAD_D_R4,ACCBU_20,0.9884978288217774
Low,KCBe_20_2,0.9884889695256053
HILO_13_21,ABER_XG_5_15,0.9884723454049675
SWMA_10,PSARl_0.02_0.2,0.9884656463515734
PIVOTS_TRAD_D_S3,HWL_1,0.988462399401879
PIVOTS_TRAD_D_S4,HWL_1,0.988462399401879
QTL_30_0.5,ALPHATl_14_1_50_2,0.9884502099484027
MEDIAN_30,ALPHATl_14_1_50_2,0.9884502099484027
SSF_20,CKSPs_10_3_20,0.9884477758573664
MIDPOINT_2,HWU_1,0.9884405210364112
HILOs_13_21,KCLe_20_2,0.9884297696807341
AGj_13_8_5,MIDPOINT_2,0.9884226039453758
Low,T3_10_0.7,0.9884198131482648
PWMA_10,CHDLREXTs_22_22_14_2.0,0.9884173928379637
PSARs_0.02_0.2,DCL_20_20,0.9884141127040248
SUPERT_7_3.0,PSARs_0.02_0.2,0.9884092602940557
PIVOTS_TRAD_D_R2,HWU_1,0.9883994270590731
PIVOTS_TRAD_D_P,DCM_20_20,0.9883940345983924
SINWMA_14,BBL_5_2.0_2.0,0.9883896944009051
SMMA_7,PSARl_0.02_0.2,0.9883756789295712
HWMA_0.2_0.1_0.1,PIVOTS_TRAD_D_R3,0.9883576733189585
PIVOTS_TRAD_D_R3,HWM_1,0.9883576733189585
HWMA_0.2_0.1_0.1,PIVOTS_TRAD_D_R4,0.9883576733189585
PIVOTS_TRAD_D_R4,HWM_1,0.9883576733189585
SSF_20,DCL_20_20,0.9883434472710672
PIVOTS_TRAD_D_R1,HWL_1,0.9883347247528583
PIVOTS_TRAD_D_R1,HWU_1,0.9883301009872452
HWMA_0.2_0.1_0.1,KAMA_10_2_30,0.9883156781769185
KAMA_10_2_30,HWM_1,0.9883156781769185
JMA_7_0.0,ATRTSe_14_20_3.0,0.9883027560146773
WMA_10,CHDLREXTs_22_22_14_2.0,0.9883018902447248
RMA_10,DCL_20_20,0.9882850385451842
HILOs_13_21,SINWMA_14,0.9882725107682234
ABER_SG_5_15,HWL_1,0.9882541256933327
SSF_20,HWL_1,0.9882421732718328
LDECAY_1,DCM_20_20,0.9882370539645704
SSF3_20,HWU_1,0.9882318212818749
SUPERT_7_3.0,WMA_10,0.9882236890055003
IKS_26,SUPERTl_7_3.0,0.9882220838728263
BBU_5_2.0_2.0,DCU_20_20,0.9882218494738573
IKS_26,BBU_5_2.0_2.0,0.9882164555786254
SUPERTl_7_3.0,VIDYA_14,0.9882047850180001
PIVOTS_TRAD_D_P,HWU_1,0.9882046078530842
DEMA_10,DCM_20_20,0.9882022607069137
IKS_26,ABER_SG_5_15,0.98820137207193
PIVOTS_TRAD_D_R1,ACCBM_20,0.9881916540656828
ALPHATl_14_1_50_2,DCU_20_20,0.9881865313714371
DCL_20_20,VWMA_10,0.9881820075459585
LDECAY_1,HWU_1,0.9881791606616027
PWMA_10,PSARl_0.02_0.2,0.9881776614490094
MIDPRICE_2,DCM_20_20,0.9881756710056983
EMA_10,HWU_1,0.9881746681486153
ALPHAT_14_1_50,HWU_1,0.9881740390185243
PSARl_0.02_0.2,ACCBU_20,0.9881737262517314
PIVOTS_TRAD_D_S2,SINWMA_14,0.9881586697395993
VIDYA_14,CHDLREXTs_22_22_14_2.0,0.9881490405874742
HWMA_0.2_0.1_0.1,SINWMA_14,0.9881422796249788
SINWMA_14,HWM_1,0.9881422796249788
T3_10_0.7,DCL_20_20,0.9881325781931223
ALPHAT_14_1_50,DCL_20_20,0.9881170491074538
SINWMA_14,DCL_20_20,0.988116641657682
Open,HWL_1,0.9881109254779437
EMA_10,CKSPs_10_3_20,0.9881081868130877
ACCBU_20,CHDLREXTs_22_22_14_2.0,0.9881070005947122
PIVOTS_TRAD_D_P,ATRTSe_14_20_3.0,0.9880889819488471
Low,HWL_1,0.9880834198772267
MAMA_0.5_0.05,ACCBL_20,0.9880787780179363
ITS_9,DCL_20_20,0.9880777872219274
DCL_20_20,KCBe_20_2,0.9880689645327247
EMA_10,DCL_20_20,0.9880659377120244
MCGD_10,PSARl_0.02_0.2,0.9880532007838656
RWIh_14,RWIl_14,0.9880464539040223
RMA_10,BBL_5_2.0_2.0,0.988040897209342
HWMA_0.2_0.1_0.1,BBU_5_2.0_2.0,0.9880355674970845
BBU_5_2.0_2.0,HWM_1,0.9880355674970845
EMA_10,MEDIAN_30,0.988024355327972
EMA_10,QTL_30_0.5,0.988024355327972
EMA_10,DCU_20_20,0.9880177378452794
OHLC4,HWL_1,0.9880090544409541
OHLC4,HWU_1,0.9880052261303549
MCGD_10,CKSPl_10_3_20,0.9880023692304924
PIVOTS_TRAD_D_S3,PWMA_10,0.9879907370853078
PIVOTS_TRAD_D_S4,PWMA_10,0.9879907370853078
HL2,HWU_1,0.9879800219904623
MIDPOINT_2,DCM_20_20,0.9879784845420166
VIDYA_14,PSARs_0.02_0.2,0.9879766743918711
TRIMA_10,HWU_1,0.9879720261599232
HLC3,HWU_1,0.9879688817625498
HWU_1,VWAP_D,0.9879688817625498
SUPERTl_7_3.0,ATRTSe_14_20_3.0,0.9879489322084659
HL2,HWL_1,0.9879482652434006
High,DCM_20_20,0.9879422718971422
WCP,HWU_1,0.9879406092727102
PIVOTS_TRAD_D_R1,KCUe_20_2,0.9879311852309499
WMA_10,HT_TL,0.9879251727568231
HILOl_13_21,HILOs_13_21,0.9879095224948402
ZL_EMA_10,DCM_20_20,0.9879006035473981
PIVOTS_TRAD_D_R3,CHDLREXTl_22_22_14_2.0,0.9878927357980484
PIVOTS_TRAD_D_R4,CHDLREXTl_22_22_14_2.0,0.9878927357980484
HILOl_13_21,CKSPs_10_3_20,0.9878739177764312
HLC3,HWL_1,0.9878668662948517
HWL_1,VWAP_D,0.9878668662948517
LDECAY_1,ATRTSe_14_20_3.0,0.9878477247200481
HILO_13_21,PIVOTS_TRAD_D_R3,0.9878385161460168
HILO_13_21,PIVOTS_TRAD_D_R4,0.9878385161460168
SUPERTl_7_3.0,ACCBU_20,0.9878055369415714
WCP,HWL_1,0.9878035034949599
Open,HWU_1,0.9877888677609632
MIDPRICE_2,ATRTSe_14_20_3.0,0.9877860907038916
MAMA_0.5_0.05,KCUe_20_2,0.98778169653639
Close,HWU_1,0.9877653996701499
AGl_13_8_5,DCL_20_20,0.9876999078340857
HILOs_13_21,SUPERT_7_3.0,0.9876982090155668
ALPHAT_14_1_50,PSARs_0.02_0.2,0.9876886803851653
High,ATRTSe_14_20_3.0,0.9876804485278023
MIDPOINT_2,ATRTSe_14_20_3.0,0.9876769083914675
Low,SINWMA_14,0.9876457868244698
HT_TL,PSARl_0.02_0.2,0.9876100841128338
ITS_9,PSARl_0.02_0.2,0.9875874464863381
PIVOTS_TRAD_D_S3,ALPHATl_14_1_50_2,0.9875853237619107
PIVOTS_TRAD_D_S4,ALPHATl_14_1_50_2,0.9875853237619107
LDECAY_1,HWL_1,0.9875837341242245
ALPHATl_14_1_50_2,HWL_1,0.987583662767844
ZL_EMA_10,ATRTSe_14_20_3.0,0.9875801758547986
HT_TL,BBU_5_2.0_2.0,0.9875796614232464
TRIMA_10,QTL_30_0.5,0.9875778585290521
TRIMA_10,MEDIAN_30,0.9875778585290521
SMA_10,DCL_20_20,0.9875774528494411
PSARl_0.02_0.2,VWMA_10,0.987572648617142
DEMA_10,ACCBL_20,0.9875700136020651
IKS_26,ALMA_9_6.0_0.85,0.987565105618545
IKS_26,ABER_ZG_5_15,0.9875637228988424
FAMA_0.5_0.05,DCL_20_20,0.987548416000324
AGt_13_8_5,PIVOTS_TRAD_D_S3,0.9875462176335171
AGt_13_8_5,PIVOTS_TRAD_D_S4,0.9875462176335171
AGj_13_8_5,SUPERTl_7_3.0,0.9875334182851995
Close,HWL_1,0.9875231981008922
T3_10_0.7,QTL_30_0.5,0.9875028078748419
T3_10_0.7,MEDIAN_30,0.9875028078748419
PSARl_0.02_0.2,KCLe_20_2,0.9874937757997091
DEMA_10,ACCBM_20,0.9874919723235214
KAMA_10_2_30,PSARl_0.02_0.2,0.9874890676202238
DEMA_10,ATRTSe_14_20_3.0,0.9874748242125976
IKS_26,BBM_5_2.0_2.0,0.9874630574610329
HILO_13_21,PIVOTS_TRAD_D_R2,0.9874588511485352
High,HWL_1,0.9874577249805228
PIVOTS_TRAD_D_S4,TRIMA_10,0.987454500452294
PIVOTS_TRAD_D_S3,TRIMA_10,0.987454500452294
PIVOTS_TRAD_D_R2,ACCBL_20,0.987440642188612
T3_10_0.7,HWU_1,0.9874353544451909
PIVOTS_TRAD_D_S1,HWU_1,0.9874299030336707
JMA_7_0.0,ACCBM_20,0.9874247356102036
PIVOTS_TRAD_D_R2,HWL_1,0.9874216813210257
BBL_5_2.0_2.0,KCBe_20_2,0.9873824714609103
SMMA_7,CKSPl_10_3_20,0.9873537687643044
AGj_13_8_5,OHLC4,0.987352805560347
Open,AGj_13_8_5,0.9873462314296756
LDECAY_1,KCUe_20_2,0.9873378650593551
TRIMA_10,DCL_20_20,0.987332533221902
LDECAY_1,ACCBM_20,0.9873207853812361
AGj_13_8_5,PIVOTS_TRAD_D_S1,0.9873088492796361
AGj_13_8_5,HL2,0.9873084017049905
AGl_13_8_5,CKSPs_10_3_20,0.9872950749332429
SMA_10,MEDIAN_30,0.9872905131823764
SMA_10,QTL_30_0.5,0.9872905131823764
PSARl_0.02_0.2,KCUe_20_2,0.9872830621016586
HILO_13_21,MAMA_0.5_0.05,0.9872727988861741
AGt_13_8_5,HWM_1,0.9872570396242565
AGt_13_8_5,HWMA_0.2_0.1_0.1,0.9872570396242565
AGj_13_8_5,HLC3,0.9872467583030956
AGj_13_8_5,VWAP_D,0.9872467583030955
KAMA_10_2_30,DCL_20_20,0.9872413358937511
PIVOTS_TRAD_D_R3,HWU_1,0.9872251808825662
PIVOTS_TRAD_D_R4,HWU_1,0.9872251808825662
HILOl_13_21,SMMA_7,0.9872238256966852
QQE_14_5_4.236_RSIMA,SMI_5_20_5_1.0,0.9871965389054665
AGj_13_8_5,WCP,0.9871932772085941
FAMA_0.5_0.05,DCU_20_20,0.9871913709715351
SSF3_20,MEDIAN_30,0.9871903201291186
SSF3_20,QTL_30_0.5,0.9871903201291186
PIVOTS_TRAD_D_R1,ACCBL_20,0.9871865523051121
SMA_10,DCU_20_20,0.9871782714239661
HILOs_13_21,SMMA_7,0.9871778106541993
TRIMA_10,DCU_20_20,0.9871756339474728
SUPERTl_7_3.0,KCUe_20_2,0.9871702304841153
AGl_13_8_5,DCU_20_20,0.9871657190674034
PIVOTS_TRAD_D_P,ACCBM_20,0.9871490853400633
FAMA_0.5_0.05,CKSPs_10_3_20,0.9871448384527358
AGj_13_8_5,HMA_10,0.9871382717245645
PIVOTS_TRAD_D_S4,SSF_20,0.9871360151235347
PIVOTS_TRAD_D_S3,SSF_20,0.9871360151235347
IKS_26,FWMA_10,0.9871217033728265
BBU_5_2.0_2.0,HWU_1,0.9871046516038581
Low,HWU_1,0.9871003121131188
SMA_10,CKSPs_10_3_20,0.9870984073164148
CHDLREXTs_22_22_14_2.0,KCUe_20_2,0.9870931426081363
JMA_7_0.0,ACCBL_20,0.9870670941273375
TRIMA_10,CKSPs_10_3_20,0.9870541578998866
PIVOTS_TRAD_D_S4,BBU_5_2.0_2.0,0.9870464423661162
PIVOTS_TRAD_D_S3,BBU_5_2.0_2.0,0.9870464423661162
SWMA_10,DCL_20_20,0.987046073529195
SSF_20,HWU_1,0.9870410750607703
ABER_XG_5_15,DCL_20_20,0.9870385626524294
PIVOTS_TRAD_D_S1,DCM_20_20,0.9870223434076076
OHLC4,DCM_20_20,0.9870217357193293
Open,DCM_20_20,0.9870216565434162
FAMA_0.5_0.05,QTL_30_0.5,0.9870087970443507
FAMA_0.5_0.05,MEDIAN_30,0.9870087970443507
SSF3_20,DCL_20_20,0.9870032050821977
HL2,DCM_20_20,0.9869814112803212
PIVOTS_TRAD_D_R3,VIDYA_14,0.9869778427542386
PIVOTS_TRAD_D_R4,VIDYA_14,0.9869778427542386
SUPERT_7_3.0,PSARl_0.02_0.2,0.9869518951158843
Close,AGj_13_8_5,0.9869426270619309
WMA_10,PSARs_0.02_0.2,0.9869289727029716
HLC3,DCM_20_20,0.9869135645268027
DCM_20_20,VWAP_D,0.9869135645268025
VIDYA_14,ABER_ZG_5_15,0.9869079983112898
IKS_26,PIVOTS_TRAD_D_R3,0.9869065946424467
IKS_26,PIVOTS_TRAD_D_R4,0.9869065946424467
ALMA_9_6.0_0.85,VIDYA_14,0.9868957252917491
AGl_13_8_5,QTL_30_0.5,0.9868932065331012
AGl_13_8_5,MEDIAN_30,0.9868932065331012
PIVOTS_TRAD_D_P,ACCBL_20,0.9868765128616512
BBL_5_2.0_2.0,HWU_1,0.9868653707764107
WCP,DCM_20_20,0.9868569926556938
HILOl_13_21,SSF_20,0.986821977770571
ALMA_9_6.0_0.85,CHDLREXTl_22_22_14_2.0,0.9868105621589639
ABER_ZG_5_15,CHDLREXTl_22_22_14_2.0,0.9868032572399436
VIDYA_14,BBM_5_2.0_2.0,0.9867744120599844
MCGD_10,PIVOTS_TRAD_D_S4,0.9867647680834839
MCGD_10,PIVOTS_TRAD_D_S3,0.9867647680834839
BBL_5_2.0_2.0,BBU_5_2.0_2.0,0.9867500788815448
AGj_13_8_5,LINREG_14,0.9867470999147626
HILOs_13_21,SSF_20,0.9867344404483875
BBM_5_2.0_2.0,CHDLREXTl_22_22_14_2.0,0.9867156848642565
MIDPRICE_2,ACCBM_20,0.9867142325529895
FAMA_0.5_0.05,PSARl_0.02_0.2,0.9867123782427
High,KCUe_20_2,0.986710165924584
ALPHAT_14_1_50,CKSPs_10_3_20,0.9867087993741698
SSF3_20,DCU_20_20,0.986694788100112
HILOl_13_21,KCLe_20_2,0.9866897705185413
OHLC4,ATRTSe_14_20_3.0,0.9866680453817651
ALMA_9_6.0_0.85,ACCBU_20,0.986665071978253
ITS_9,CKSPs_10_3_20,0.9866639758510823
ABER_ZG_5_15,ACCBU_20,0.986661874858583
Open,ATRTSe_14_20_3.0,0.9866494382157733
ABER_XG_5_15,CHDLREXTs_22_22_14_2.0,0.9866349862058199
PIVOTS_TRAD_D_R3,ACCBL_20,0.9866332250952103
PIVOTS_TRAD_D_R4,ACCBL_20,0.9866332250952103
HL2,ATRTSe_14_20_3.0,0.9866315730610523
SMMA_7,HWL_1,0.9866288552959543
PIVOTS_TRAD_D_S3,SSF3_20,0.9866245364510045
PIVOTS_TRAD_D_S4,SSF3_20,0.9866245364510045
ZL_EMA_10,ACCBM_20,0.9866228957957739
PIVOTS_TRAD_D_S1,ATRTSe_14_20_3.0,0.9866162949681742
EMA_10,PSARl_0.02_0.2,0.986614277546274
High,ACCBM_20,0.9866127118842042
PIVOTS_TRAD_D_S2,HWU_1,0.9866041954718225
Close,DCM_20_20,0.9865971153121114
HILO_13_21,PIVOTS_TRAD_D_R1,0.9865907418353147
T3_10_0.7,DCU_20_20,0.9865784571859431
AGj_13_8_5,DCL_20_20,0.9865722871047238
JMA_7_0.0,KCUe_20_2,0.9865692315477483
HLC3,ATRTSe_14_20_3.0,0.9865660753853706
ATRTSe_14_20_3.0,VWAP_D,0.9865660753853704
IKS_26,PIVOTS_TRAD_D_R2,0.9865412186504162
ACCBU_20,BBM_5_2.0_2.0,0.9865296065377804
MOM_10,ROC_10,0.9865278318727819
MIDPOINT_2,ACCBM_20,0.9865241082401999
WCP,ATRTSe_14_20_3.0,0.9865106848128884
HMA_10,DCM_20_20,0.986490569423449
AGj_13_8_5,TEMA_10,0.9864847466112112
WMA_10,DCL_20_20,0.9864785925981853
ABER_ZG_5_15,CHDLREXTs_22_22_14_2.0,0.9864626698543999
PIVOTS_TRAD_D_R2,CHDLREXTl_22_22_14_2.0,0.9864621483926053
SWMA_10,MEDIAN_30,0.9864610386584841
SWMA_10,QTL_30_0.5,0.9864610386584841
HILOs_13_21,CHDLREXTl_22_22_14_2.0,0.9864463495989709
ALMA_9_6.0_0.85,CHDLREXTs_22_22_14_2.0,0.9864452830085219
CHDLREXTl_22_22_14_2.0,CHDLREXTs_22_22_14_2.0,0.9864413843362954
HT_TL,ABER_SG_5_15,0.9864245065884809
DEMA_10,HILO_13_21,0.9864218368277051
SWMA_10,DCU_20_20,0.9864201197003544
SWMA_10,CKSPs_10_3_20,0.9864051241281254
PIVOTS_TRAD_D_R2,ACCBU_20,0.986403327958758
CKSPs_10_3_20,VWMA_10,0.9863985212464935
SINWMA_14,CKSPl_10_3_20,0.9863777653590543
SSF3_20,CKSPs_10_3_20,0.9863690181152991
PWMA_10,DCL_20_20,0.9863441395168432
BBM_5_2.0_2.0,CHDLREXTs_22_22_14_2.0,0.9863384064101683
HMA_10,ATRTSe_14_20_3.0,0.9862999379321506
ZL_EMA_10,ACCBL_20,0.9862986932364092
MIDPRICE_2,ACCBL_20,0.9862966799583143
ITS_9,DCU_20_20,0.9862865438342543
FWMA_10,CHDLREXTl_22_22_14_2.0,0.9862792314452907
Close,ATRTSe_14_20_3.0,0.9862543776236736
HWL_1,KCLe_20_2,0.986245755269684
PSARl_0.02_0.2,ATRTSe_14_20_3.0,0.9862447659974553
PSARs_0.02_0.2,CHDLREXTl_22_22_14_2.0,0.9862367314633128
PIVOTS_TRAD_D_P,KCUe_20_2,0.9862254349217021
SUPERTl_7_3.0,ACCBM_20,0.9862230899386407
FWMA_10,VIDYA_14,0.9862156966353318
HILO_13_21,JMA_7_0.0,0.9861944298093092
SINWMA_14,HWL_1,0.9861914524215275
DEMA_10,KCUe_20_2,0.9861458025333717
KAMA_10_2_30,CKSPl_10_3_20,0.9861329813091537
ALPHATl_14_1_50_2,HWU_1,0.9861255233714744
HILOs_13_21,ALPHATl_14_1_50_2,0.9860961084651245
LDECAY_1,ACCBL_20,0.9860782651353557
KAMA_10_2_30,HWL_1,0.9860769764971339
SUPERTl_7_3.0,DCM_20_20,0.9860721255678845
ALPHAT_14_1_50,DCU_20_20,0.9860695616528256
ITS_9,QTL_30_0.5,0.9860475029389832
ITS_9,MEDIAN_30,0.9860475029389832
IKS_26,MAMA_0.5_0.05,0.9860317373632169
TRIX_30_9,TRIXs_30_9,0.986028486064818
SMMA_7,HWU_1,0.9860214035210181
SUPERT_7_3.0,ABER_SG_5_15,0.9860210566208046
MIDPOINT_2,ACCBL_20,0.9860206101852407
FWMA_10,CHDLREXTs_22_22_14_2.0,0.9859825483566562
IKS_26,ABER_XG_5_15,0.9859801882171361
HILOl_13_21,ALPHATl_14_1_50_2,0.9859682297301234
MIDPRICE_2,KCUe_20_2,0.9859506421480139
PIVOTS_TRAD_D_R2,VIDYA_14,0.9859456547757469
ATRTSe_14_20_3.0,DCL_20_20,0.985935369248781
FWMA_10,ACCBU_20,0.9859244272778686
T3_10_0.7,CKSPs_10_3_20,0.9859204712121136
PIVOTS_TRAD_D_S1,ACCBL_20,0.9859164461094285
SUPERT_7_3.0,BBU_5_2.0_2.0,0.9859128058528734
ABER_XG_5_15,KCUe_20_2,0.9859018959667937
ZL_EMA_10,KCUe_20_2,0.9858909084319709
PIVOTS_TRAD_D_R3,DCU_20_20,0.9858858343744588
PIVOTS_TRAD_D_R4,DCU_20_20,0.9858858343744588
ABER_SG_5_15,DCU_20_20,0.9858793155932168
MIDPOINT_2,KCUe_20_2,0.9858589062022681
VIDYA_14,PSARl_0.02_0.2,0.9858443694604001
HILOl_13_21,KAMA_10_2_30,0.9858344259652392
HILOl_13_21,T3_10_0.7,0.9858025927997218
ACCBL_20,DCU_20_20,0.985797323381295
AGl_13_8_5,PSARl_0.02_0.2,0.9857590312123861
HILOl_13_21,PSARs_0.02_0.2,0.9857551099620121
ALMA_9_6.0_0.85,SUPERT_7_3.0,0.9857416171907489
IKS_26,PIVOTS_TRAD_D_R1,0.9857389970188167
SUPERT_7_3.0,ABER_ZG_5_15,0.9857379116821335
TEMA_10,ATRTSe_14_20_3.0,0.9857035633678853
Low,AGj_13_8_5,0.9857009146073881
HILO_13_21,PIVOTS_TRAD_D_P,0.9856952494550637
Low,DCM_20_20,0.9856580538718871
SUPERTl_7_3.0,KCBe_20_2,0.9856395716697063
HILO_13_21,LDECAY_1,0.9856094149094856
QTL_30_0.5,VWMA_10,0.9856063541798183
MEDIAN_30,VWMA_10,0.9856063541798183
TEMA_10,DCM_20_20,0.9855997626360131
HILOs_13_21,KAMA_10_2_30,0.9855827094007661
PWMA_10,CKSPs_10_3_20,0.9855802288761254
LINREG_14,DCM_20_20,0.9855711341060694
PWMA_10,DCU_20_20,0.9855674152329015
AGj_13_8_5,PIVOTS_TRAD_D_S2,0.9855664416996811
PSARl_0.02_0.2,DCU_20_20,0.9855485617993001
HWMA_0.2_0.1_0.1,KCLe_20_2,0.9855425873332052
HWM_1,KCLe_20_2,0.9855425873332052
SUPERT_7_3.0,BBM_5_2.0_2.0,0.9855401168946576
PWMA_10,MEDIAN_30,0.9855394765513382
PWMA_10,QTL_30_0.5,0.9855394765513382
PIVOTS_TRAD_D_S2,DCM_20_20,0.9855372751651932
LINREG_14,ATRTSe_14_20_3.0,0.9855295527746271
DCU_20_20,VWMA_10,0.9854982056242352
PIVOTS_TRAD_D_S1,ACCBM_20,0.9854741114330706
MEDIAN_30,PSARl_0.02_0.2,0.9854689739126706
QTL_30_0.5,PSARl_0.02_0.2,0.9854689739126706
HILOl_13_21,CHDLREXTs_22_22_14_2.0,0.9854585385798115
CKSPl_10_3_20,CKSPs_10_3_20,0.9854413763709285
CKSPl_10_3_20,ACCBL_20,0.9854340594299484
SUPERT_7_3.0,DCL_20_20,0.9854187733009518
KAMA_10_2_30,HWU_1,0.9854092493434755
Open,ACCBM_20,0.9853955355586624
OHLC4,ACCBM_20,0.9853863427573186
ABER_SG_5_15,CHDLREXTs_22_22_14_2.0,0.9853619964433543
PIVOTS_TRAD_D_R3,HT_TL,0.9853589372193056
PIVOTS_TRAD_D_R4,HT_TL,0.9853589372193056
HL2,ACCBM_20,0.9853343309817961
IKS_26,PSARl_0.02_0.2,0.9853247816093658
ACCBL_20,BBL_5_2.0_2.0,0.9853106707415704
High,ACCBL_20,0.9853007754538916
HILOs_13_21,T3_10_0.7,0.9852972668253481
SSF_20,CKSPl_10_3_20,0.9852862764199265
HILO_13_21,ZL_EMA_10,0.9852766306729044
HLC3,ACCBM_20,0.9852752669697488
ACCBM_20,VWAP_D,0.9852752669697487
HILO_13_21,MIDPRICE_2,0.9852489575656997
PIVOTS_TRAD_D_S4,T3_10_0.7,0.9852485455288448
PIVOTS_TRAD_D_S3,T3_10_0.7,0.9852485455288448
ISA_9,ISB_26,0.9852418349881742
ALMA_9_6.0_0.85,HT_TL,0.9852343464976685
WCP,ACCBM_20,0.9852231195368052
Low,ATRTSe_14_20_3.0,0.9852198750690163
HT_TL,ABER_ZG_5_15,0.9851800489988999
MAMA_0.5_0.05,CHDLREXTl_22_22_14_2.0,0.9851754622569325
HILOs_13_21,TRIMA_10,0.985162525683373
RMA_10,SUPERTl_7_3.0,0.9851358102190151
MCGD_10,HWM_1,0.9851141254432718
HWMA_0.2_0.1_0.1,MCGD_10,0.9851141254432717
PIVOTS_TRAD_D_R1,CHDLREXTl_22_22_14_2.0,0.9851083997111233
MEDIAN_30,ALPHAT_14_1_50,0.9851073897821493
QTL_30_0.5,ALPHAT_14_1_50,0.9851073897821493
IKS_26,JMA_7_0.0,0.9850822995689261
HILOs_13_21,SSF3_20,0.9850634736988472
WMA_10,CKSPs_10_3_20,0.985045970147175
High,HILO_13_21,0.9850363134028406
HT_TL,BBM_5_2.0_2.0,0.9850319585225207
HILO_13_21,MIDPOINT_2,0.9850160772285197
ALPHAT_14_1_50,PSARl_0.02_0.2,0.9850159991325946
HMA_10,ACCBM_20,0.9850103540139953
MAMA_0.5_0.05,VIDYA_14,0.9849967969697032
PIVOTS_TRAD_D_S2,ATRTSe_14_20_3.0,0.9849845789476457
Close,ACCBM_20,0.9849766447176708
ABER_ZG_5_15,DCL_20_20,0.9849580824503297
SINWMA_14,HWU_1,0.9849519373692752
Open,ACCBL_20,0.9849515894295837
ALMA_9_6.0_0.85,DCL_20_20,0.9849264541281123
ALPHATl_14_1_50_2,CKSPl_10_3_20,0.9849220972492837
PIVOTS_TRAD_D_S2,ACCBL_20,0.9849058611368037
AGt_13_8_5,HWL_1,0.9849017438282788
MAMA_0.5_0.05,CHDLREXTs_22_22_14_2.0,0.9848734064124748
OHLC4,KCUe_20_2,0.9848382396647216
BBM_5_2.0_2.0,DCL_20_20,0.98482432359532
WMA_10,DCU_20_20,0.9848166408040984
HL2,KCUe_20_2,0.9847997226451966
HILOl_13_21,SSF3_20,0.9847958687751375
FWMA_10,SUPERT_7_3.0,0.984795398084985
OHLC4,ACCBL_20,0.9847947262552661
IKS_26,PIVOTS_TRAD_D_P,0.984793337197994
PIVOTS_TRAD_D_R1,VIDYA_14,0.9847702255155856
HLC3,KCUe_20_2,0.9847696603607592
KCUe_20_2,VWAP_D,0.9847696603607591
HMA_10,ACCBL_20,0.9847624827355771
HILOl_13_21,TRIMA_10,0.9847623652877138
BBL_5_2.0_2.0,DCL_20_20,0.9847602984914982
LDECAY_1,CHDLREXTl_22_22_14_2.0,0.9847599549467112
BBL_5_2.0_2.0,DCM_20_20,0.9847518612320385
LINREG_14,ACCBL_20,0.9847505618190134
WCP,KCUe_20_2,0.9847320102613952
HL2,ACCBL_20,0.9847294124788509
DCU_20_20,KCLe_20_2,0.9847289779442837
Open,KCUe_20_2,0.9847198428780859
PIVOTS_TRAD_D_S3,RMA_10,0.984719134391111
PIVOTS_TRAD_D_S4,RMA_10,0.984719134391111
PIVOTS_TRAD_D_R1,ACCBU_20,0.9846948731485076
LINREG_14,ACCBM_20,0.9846783534657182
TMO_14_5_3,TMOs_14_5_3,0.9846640676651047
IKS_26,LDECAY_1,0.9846555485894967
CKSPl_10_3_20,KCLe_20_2,0.9846381894002978
ACCBL_20,VWAP_D,0.98463460003501
HLC3,ACCBL_20,0.98463460003501
EMA_10,CKSPl_10_3_20,0.9846224177250278
HILOs_13_21,SMA_10,0.9846106234881158
APO_12_26,PPO_12_26_9,0.9846072268170619
MAMA_0.5_0.05,ACCBU_20,0.9845987918661243
WCP,ACCBL_20,0.9845646117878846
Close,KCUe_20_2,0.9845290052752304
EMA_10,HILOs_13_21,0.9845259425047089
IKS_26,MIDPRICE_2,0.9845149805613445
SUPERT_7_3.0,ABER_XG_5_15,0.984513979780928
HT_TL,DCL_20_20,0.9845048246686513
AGt_13_8_5,HWU_1,0.9844714502485441
FWMA_10,DCL_20_20,0.9844627196112613
HMA_10,KCUe_20_2,0.9844503905916961
QTL_30_0.5,BBU_5_2.0_2.0,0.9844434603865918
MEDIAN_30,BBU_5_2.0_2.0,0.9844434603865918
High,IKS_26,0.984405874057019
IKS_26,MIDPOINT_2,0.9843558045011199
FWMA_10,HT_TL,0.9843480438513421
PIVOTS_TRAD_D_R4,HWL_1,0.9843257404998081
PIVOTS_TRAD_D_R3,HWL_1,0.9843257404998081
PSARs_0.02_0.2,BBU_5_2.0_2.0,0.984306955970908
JMA_7_0.0,CHDLREXTs_22_22_14_2.0,0.9842963069593301
PIVOTS_TRAD_D_R3,SUPERT_7_3.0,0.9842831052092536
PIVOTS_TRAD_D_R4,SUPERT_7_3.0,0.9842831052092536
WMA_10,PSARl_0.02_0.2,0.9842742641897062
Close,ACCBL_20,0.9842647575217797
VIDYA_14,ABER_XG_5_15,0.9842106191204277
PIVOTS_TRAD_D_R2,HT_TL,0.984181702179233
AGj_13_8_5,BBL_5_2.0_2.0,0.9841637373343287
PIVOTS_TRAD_D_R2,CHDLREXTs_22_22_14_2.0,0.9841501047644475
TEMA_10,ACCBM_20,0.9841437323315677
PSARs_0.02_0.2,ABER_SG_5_15,0.9841202825124447
HILO_13_21,PIVOTS_TRAD_D_S1,0.9841169341421274
HILOl_13_21,SMA_10,0.9841050171201751
CKSPs_10_3_20,DCU_20_20,0.9841019662191961
IKS_26,ZL_EMA_10,0.9840998264131365
HILOs_13_21,DCL_20_20,0.9840879276926772
PIVOTS_TRAD_D_R1,CHDLREXTs_22_22_14_2.0,0.9840789813229991
PSARs_0.02_0.2,ABER_ZG_5_15,0.9840586917067637
HILO_13_21,SUPERTl_7_3.0,0.9840572587410236
ALMA_9_6.0_0.85,PSARs_0.02_0.2,0.984045030494825
PIVOTS_TRAD_D_S3,KCBe_20_2,0.9840364037374691
PIVOTS_TRAD_D_S4,KCBe_20_2,0.9840364037374691
HILOs_13_21,SWMA_10,0.9840207923601266
EMA_10,HILOl_13_21,0.984005762924176
LINREG_14,KCUe_20_2,0.9840018242266202
JMA_7_0.0,CHDLREXTl_22_22_14_2.0,0.9839902014486239
LDECAY_1,ACCBU_20,0.9839873562719198
PIVOTS_TRAD_D_R2,SUPERT_7_3.0,0.9839576817685771
ABER_XG_5_15,CHDLREXTl_22_22_14_2.0,0.9839467910887807
High,CHDLREXTl_22_22_14_2.0,0.9839431395979289
WMA_10,MEDIAN_30,0.9839277767955769
WMA_10,QTL_30_0.5,0.9839277767955769
PIVOTS_TRAD_D_S1,KCUe_20_2,0.9839253468073513
PIVOTS_TRAD_D_S3,SINWMA_14,0.9839243847888078
PIVOTS_TRAD_D_S4,SINWMA_14,0.9839243847888078
HWMA_0.2_0.1_0.1,RMA_10,0.9839195625227475
RMA_10,HWM_1,0.9839195625227475
PIVOTS_TRAD_D_P,CHDLREXTs_22_22_14_2.0,0.9838989528238232
JMA_7_0.0,VIDYA_14,0.9838791146683701
VIDYA_14,LDECAY_1,0.983876964071239
HILO_13_21,OHLC4,0.98386585464858
Open,HILO_13_21,0.9838567937897507
TEMA_10,ACCBL_20,0.9838535626735315
TEMA_10,KCUe_20_2,0.9838501010908021
HILO_13_21,HL2,0.9838175750275987
PSARs_0.02_0.2,BBM_5_2.0_2.0,0.9838038771755468
BBU_5_2.0_2.0,HWL_1,0.9838015776769364
Low,ACCBL_20,0.9837983708988625
IKS_26,DEMA_10,0.9837789205933587
HILO_13_21,VWAP_D,0.9837610167194076
HILO_13_21,HLC3,0.9837610167194076
PIVOTS_TRAD_D_S2,ACCBM_20,0.9837257967943631
HILOs_13_21,FAMA_0.5_0.05,0.9837254597539228
HILO_13_21,WCP,0.9837101556339607
Low,ACCBM_20,0.9836924176584119
HILO_13_21,LINREG_14,0.9836430236999036
PIVOTS_TRAD_D_P,CHDLREXTl_22_22_14_2.0,0.9836380706232675
HILO_13_21,HMA_10,0.9836210987001412
MIDPRICE_2,CHDLREXTs_22_22_14_2.0,0.9836176038858846
MCGD_10,HWL_1,0.9836041034232054
FAMA_0.5_0.05,CKSPl_10_3_20,0.9835936489757823
AGl_13_8_5,CKSPl_10_3_20,0.9835905047599589
PIVOTS_TRAD_D_S4,HWU_1,0.9835788678691096
PIVOTS_TRAD_D_S3,HWU_1,0.9835788678691096
TRIMA_10,CKSPl_10_3_20,0.983549290019754
PIVOTS_TRAD_D_P,VIDYA_14,0.9835248480268405
HILOs_13_21,CKSPl_10_3_20,0.9834857517868062
SMA_10,CKSPl_10_3_20,0.9834827199966807
High,VIDYA_14,0.9834765335108315
Close,HILO_13_21,0.9834676725275832
DEMA_10,CHDLREXTs_22_22_14_2.0,0.9834637506696141
AGl_13_8_5,HILOs_13_21,0.9834489682813087
MIDPRICE_2,CHDLREXTl_22_22_14_2.0,0.9834485060350651
BBU_5_2.0_2.0,CHDLREXTs_22_22_14_2.0,0.9834456852172695
HILOs_13_21,VWMA_10,0.9834021693068751
MAMA_0.5_0.05,DCL_20_20,0.983393552488297
QQE_14_5_4.236_RSIMA,SMIs_5_20_5_1.0,0.983389376276245
ATRTSe_14_20_3.0,BBL_5_2.0_2.0,0.9833823539462265
High,ACCBU_20,0.9833788352197474
Open,IKS_26,0.983359818124492
IKS_26,OHLC4,0.9833586324501369
MAMA_0.5_0.05,SUPERT_7_3.0,0.9833540572629311
MIDPOINT_2,CHDLREXTs_22_22_14_2.0,0.9833494573470957
IKS_26,HL2,0.9833194524048788
HILOs_13_21,PWMA_10,0.9833153709576307
MIDPOINT_2,CHDLREXTl_22_22_14_2.0,0.9832850393533589
IKS_26,PIVOTS_TRAD_D_S1,0.9832818391552445
HILOl_13_21,SWMA_10,0.9832730586406832
IKS_26,HLC3,0.9832504421175221
IKS_26,VWAP_D,0.9832504421175219
ZL_EMA_10,CHDLREXTs_22_22_14_2.0,0.9832499556467245
MIDPRICE_2,VIDYA_14,0.9832399128669246
JMA_7_0.0,ACCBU_20,0.9832226215540093
IKS_26,WCP,0.983193373283233
PIVOTS_TRAD_D_R2,DCU_20_20,0.9831526100231529
PIVOTS_TRAD_D_R1,SUPERT_7_3.0,0.9831392862003296
ITS_9,HILOs_13_21,0.983135594834929
ZL_EMA_10,CHDLREXTl_22_22_14_2.0,0.9831348152412834
ABER_XG_5_15,ACCBU_20,0.9831346667401281
JMA_7_0.0,DCL_20_20,0.9831333624664768
PIVOTS_TRAD_D_S1,CHDLREXTs_22_22_14_2.0,0.98312538558014
DEMA_10,VIDYA_14,0.9831015150584465
HWMA_0.2_0.1_0.1,KCBe_20_2,0.9831013850619207
HWM_1,KCBe_20_2,0.9831013850619207
HILOl_13_21,FAMA_0.5_0.05,0.9830922902296146
DEMA_10,CHDLREXTl_22_22_14_2.0,0.9830882275207864
CKSPl_10_3_20,BBU_5_2.0_2.0,0.9830835185665655
HILOs_13_21,DCU_20_20,0.983083409306497
PSARs_0.02_0.2,ABER_XG_5_15,0.983060012510523
PIVOTS_TRAD_D_R3,CHDLREXTs_22_22_14_2.0,0.9830374878464371
PIVOTS_TRAD_D_R4,CHDLREXTs_22_22_14_2.0,0.9830374878464371
CKSPs_10_3_20,ABER_SG_5_15,0.9830367537929988
MIDPOINT_2,VIDYA_14,0.983035763390684
VIDYA_14,ZL_EMA_10,0.983028036555066
HT_TL,ABER_XG_5_15,0.9829862213849397
MAMA_0.5_0.05,HT_TL,0.9829537418797091
PIVOTS_TRAD_D_R1,HT_TL,0.9829477894254873
Close,IKS_26,0.9829323430430623
ACCBM_20,BBL_5_2.0_2.0,0.9829196006029011
PIVOTS_TRAD_D_P,ACCBU_20,0.9829085035098719
CKSPs_10_3_20,ABER_ZG_5_15,0.9828788846535947
ALMA_9_6.0_0.85,CKSPs_10_3_20,0.9828678536034002
DEMA_10,DCL_20_20,0.9828585352576191
SSF3_20,CKSPl_10_3_20,0.982847103818177
DEMA_10,ACCBU_20,0.9828274095075943
ITS_9,HILOl_13_21,0.9828109020167596
HILO_13_21,TEMA_10,0.982761390174181
CKSPs_10_3_20,BBM_5_2.0_2.0,0.9827429419961955
PSARl_0.02_0.2,PSARs_0.02_0.2,0.9827294359004936
AGl_13_8_5,HILOl_13_21,0.982713694289055
QTL_30_0.5,ABER_SG_5_15,0.982712215319068
MEDIAN_30,ABER_SG_5_15,0.982712215319068
IKS_26,HMA_10,0.982704743708969
High,CHDLREXTs_22_22_14_2.0,0.9826937927300787
BBL_5_2.0_2.0,CHDLREXTs_22_22_14_2.0,0.982682338262953
CKSPl_10_3_20,PSARl_0.02_0.2,0.9826720051029582
PIVOTS_TRAD_D_S1,DCL_20_20,0.9826587725206555
SWMA_10,CKSPl_10_3_20,0.9826512171491645
FWMA_10,PSARs_0.02_0.2,0.9826327731429614
PIVOTS_TRAD_D_P,DCL_20_20,0.9826286335207577
AGt_13_8_5,SUPERTl_7_3.0,0.982611033743768
PIVOTS_TRAD_D_S2,DCL_20_20,0.9825921867605804
MIDPRICE_2,ACCBU_20,0.9825914342806974
ITS_9,CKSPl_10_3_20,0.9825378972154707
Low,KCUe_20_2,0.9825226912840359
HILO_13_21,PIVOTS_TRAD_D_S2,0.9825176568973268
HILOl_13_21,VWMA_10,0.9825117399716357
Open,CHDLREXTs_22_22_14_2.0,0.982500923642458
PSARs_0.02_0.2,DCU_20_20,0.9824556662142353
MIDPOINT_2,ACCBU_20,0.9824498832467815
LDECAY_1,CHDLREXTs_22_22_14_2.0,0.9824190498209145
CKSPs_10_3_20,BBU_5_2.0_2.0,0.982410890814035
ALMA_9_6.0_0.85,DCU_20_20,0.9824001559310173
ABER_ZG_5_15,DCU_20_20,0.9823994032754868
OHLC4,CHDLREXTs_22_22_14_2.0,0.9823846104913179
JMA_7_0.0,SUPERT_7_3.0,0.9823829143890247
ZL_EMA_10,ACCBU_20,0.9823736155828399
HILOl_13_21,PWMA_10,0.9823632111166883
HL2,CHDLREXTs_22_22_14_2.0,0.9823441425022164
OHLC4,CHDLREXTl_22_22_14_2.0,0.9823378161810848
MIDPRICE_2,DCL_20_20,0.9823372164092614
ALPHAT_14_1_50,CKSPl_10_3_20,0.9823370905118577
FWMA_10,CKSPs_10_3_20,0.9823205417857901
BBM_5_2.0_2.0,DCU_20_20,0.9823192655575508
T3_10_0.7,CKSPl_10_3_20,0.9823029348577419
HL2,CHDLREXTl_22_22_14_2.0,0.9823016986809001
DEMA_10,SUPERT_7_3.0,0.9822995871128238
Open,CHDLREXTl_22_22_14_2.0,0.9822691323157113
PIVOTS_TRAD_D_P,SUPERT_7_3.0,0.9822537795339074
CHDLREXTl_22_22_14_2.0,VWAP_D,0.9822529764161354
HLC3,CHDLREXTl_22_22_14_2.0,0.9822529764161354
PIVOTS_TRAD_D_S2,CHDLREXTs_22_22_14_2.0,0.9822478958922591
CHDLREXTs_22_22_14_2.0,VWAP_D,0.9822382354390462
HLC3,CHDLREXTs_22_22_14_2.0,0.9822382354390462
Low,HILO_13_21,0.982236160324816
HILOs_13_21,ALPHAT_14_1_50,0.9822129385188776
WCP,CHDLREXTl_22_22_14_2.0,0.9822060639204899
TOS_STDEVALL_L_3,NVI_1,0.9821998053062182
TOS_STDEVALL_U_3,NVI_1,0.9821998053062181
TOS_STDEVALL_L_2,NVI_1,0.9821998053062181
TOS_STDEVALL_LR,NVI_1,0.9821998053062181
TOS_STDEVALL_U_2,NVI_1,0.9821998053062179
TOS_STDEVALL_L_1,NVI_1,0.9821998053062178
TOS_STDEVALL_U_1,NVI_1,0.9821998053062175
WCP,CHDLREXTs_22_22_14_2.0,0.982162760758236
ACCBL_20,HWL_1,0.9821373454749517
ZL_EMA_10,DCL_20_20,0.9821146771053482
HILO_13_21,BBL_5_2.0_2.0,0.9820959074358268
OHLC4,VIDYA_14,0.9820328252678723
MIDPOINT_2,DCL_20_20,0.9820206845289998
PIVOTS_TRAD_D_R1,DCL_20_20,0.9820041839035469
HL2,VIDYA_14,0.9820008088132244
Open,VIDYA_14,0.9819898565762731
Close,CHDLREXTl_22_22_14_2.0,0.9819755461064907
ABER_SG_5_15,DCL_20_20,0.9819685845425153
HLC3,VIDYA_14,0.9819394660484383
VIDYA_14,VWAP_D,0.9819394660484383
HMA_10,CHDLREXTs_22_22_14_2.0,0.9819194563343052
CKSPl_10_3_20,VWMA_10,0.981917566031449
FWMA_10,DCU_20_20,0.9818971403419239
VIDYA_14,WCP,0.9818862571020996
Low,IKS_26,0.9818712151016604
MCGD_10,SUPERTl_7_3.0,0.9818555633157722
LDECAY_1,HT_TL,0.9818554953519362
Close,CHDLREXTs_22_22_14_2.0,0.9818466926871708
PIVOTS_TRAD_D_R4,MEDIAN_30,0.9818115410769725
PIVOTS_TRAD_D_R3,QTL_30_0.5,0.9818115410769725
PIVOTS_TRAD_D_R4,QTL_30_0.5,0.9818115410769725
PIVOTS_TRAD_D_R3,MEDIAN_30,0.9818115410769725
CKSPs_10_3_20,ABER_XG_5_15,0.9817841371260709
IKS_26,TEMA_10,0.9817678278283986
PWMA_10,CKSPl_10_3_20,0.9817288132310894
HMA_10,CHDLREXTl_22_22_14_2.0,0.9816730982911136
JMA_7_0.0,HT_TL,0.9816450762179715
HILOl_13_21,ALPHAT_14_1_50,0.9816394508557099
PIVOTS_TRAD_D_S1,VIDYA_14,0.9816380924321215
Close,VIDYA_14,0.9816369084112089
Low,CHDLREXTs_22_22_14_2.0,0.9816368175804173
IKS_26,PIVOTS_TRAD_D_S2,0.9816328662576009
PIVOTS_TRAD_D_P,HT_TL,0.9816168026749761
MIDPRICE_2,SUPERT_7_3.0,0.981588859445138
PIVOTS_TRAD_D_S1,CHDLREXTl_22_22_14_2.0,0.9815713167493655
HMA_10,VIDYA_14,0.9815524847002847
PIVOTS_TRAD_D_S3,ACCBL_20,0.9815109645848638
PIVOTS_TRAD_D_S4,ACCBL_20,0.9815109645848638
PIVOTS_TRAD_D_S2,KCUe_20_2,0.9815100035198262
MCGD_10,HWU_1,0.9815033589442598
SUPERT_7_3.0,ZL_EMA_10,0.9814696365442013
IKS_26,LINREG_14,0.9814674407795558
SUPERT_7_3.0,LDECAY_1,0.9814183055904588
OHLC4,ACCBU_20,0.9814067435125591
RMA_10,HWU_1,0.9814011586421699
HL2,ACCBU_20,0.9813694784557251
MIDPOINT_2,SUPERT_7_3.0,0.9813428115615319
ACCBU_20,VWAP_D,0.9813317004388092
HLC3,ACCBU_20,0.9813317004388091
RMA_10,HWL_1,0.981311688542998
Open,ACCBU_20,0.981308911712173
WCP,ACCBU_20,0.981290275524731
PIVOTS_TRAD_D_R2,DCL_20_20,0.9812791860274319
AD,NVI_1,0.9812664121534056
PIVOTS_TRAD_D_S4,DCM_20_20,0.9812511293862015
PIVOTS_TRAD_D_S3,DCM_20_20,0.9812511293862015
HILOs_13_21,SUPERTs_7_3.0,0.9812433300512861
PIVOTS_TRAD_D_R2,CKSPs_10_3_20,0.9812280770679221
Open,DCL_20_20,0.9812276352965479
PSARl_0.02_0.2,ABER_SG_5_15,0.9811807201847742
High,SUPERT_7_3.0,0.9811552824053013
PIVOTS_TRAD_D_R1,DCU_20_20,0.9811525776871358
KAMA_10_2_30,SUPERTl_7_3.0,0.9811464769621676
PIVOTS_TRAD_D_S4,DCL_20_20,0.9811440618697514
PIVOTS_TRAD_D_S3,DCL_20_20,0.9811440618697514
PIVOTS_TRAD_D_R3,PSARs_0.02_0.2,0.9811417774525427
PIVOTS_TRAD_D_R4,PSARs_0.02_0.2,0.9811417774525427
MAMA_0.5_0.05,CKSPs_10_3_20,0.9811354183905169
PIVOTS_TRAD_D_R4,CKSPs_10_3_20,0.98110491252029
PIVOTS_TRAD_D_R3,CKSPs_10_3_20,0.98110491252029
Close,ACCBU_20,0.9810762789430276
Low,DCL_20_20,0.981073150516911
OHLC4,DCL_20_20,0.9810449679310769
LINREG_14,VIDYA_14,0.9810274314854625
High,HT_TL,0.9810224627259515
LDECAY_1,DCU_20_20,0.9810193949730647
SMMA_7,SUPERTl_7_3.0,0.9809996991998154
MIDPRICE_2,HT_TL,0.9809925347514823
HL2,DCL_20_20,0.9809924202574858
TEMA_10,VIDYA_14,0.9809836195622588
PSARl_0.02_0.2,BBU_5_2.0_2.0,0.9809445376912841
ACCBL_20,HWM_1,0.9809426537714602
HWMA_0.2_0.1_0.1,ACCBL_20,0.9809426537714602
PIVOTS_TRAD_D_R2,PSARs_0.02_0.2,0.9809260705374591
ALMA_9_6.0_0.85,QTL_30_0.5,0.9809092229033312
ALMA_9_6.0_0.85,MEDIAN_30,0.9809092229033312
TEMA_10,CHDLREXTs_22_22_14_2.0,0.9809053364087196
MAMA_0.5_0.05,PSARs_0.02_0.2,0.9808954406933236
HILOs_13_21,WMA_10,0.9808904421991991
HMA_10,DCL_20_20,0.9808832256460566
HLC3,DCL_20_20,0.9808766702652001
DCL_20_20,VWAP_D,0.9808766702652001
MEDIAN_30,ABER_ZG_5_15,0.9808708712660683
QTL_30_0.5,ABER_ZG_5_15,0.9808708712660683
LINREG_14,CHDLREXTs_22_22_14_2.0,0.9808560033632492
DEMA_10,HT_TL,0.9808321287169343
CKSPl_10_3_20,ABER_SG_5_15,0.9808184667746087
MIDPOINT_2,HT_TL,0.980817781701593
TEMA_10,CHDLREXTl_22_22_14_2.0,0.980808128411952
SUPERTl_7_3.0,ACCBL_20,0.9807972654722231
WMA_10,CKSPl_10_3_20,0.9807968425159675
WCP,DCL_20_20,0.9807963105573084
MAMA_0.5_0.05,DCU_20_20,0.9807780060835334
SINWMA_14,SUPERTl_7_3.0,0.9807724017623155
PIVOTS_TRAD_D_R4,CKSPl_10_3_20,0.9807557848694555
PIVOTS_TRAD_D_R3,CKSPl_10_3_20,0.9807557848694555
AGj_13_8_5,PIVOTS_TRAD_D_S4,0.9807498523898863
AGj_13_8_5,PIVOTS_TRAD_D_S3,0.9807498523898863
QTL_30_0.5,BBM_5_2.0_2.0,0.9807329151352084
MEDIAN_30,BBM_5_2.0_2.0,0.9807329151352084
PIVOTS_TRAD_D_S1,SUPERT_7_3.0,0.9807279572748526
ALMA_9_6.0_0.85,PSARl_0.02_0.2,0.9807079812883076
ZL_EMA_10,HT_TL,0.9806990538079106
DEMA_10,PSARs_0.02_0.2,0.9806989038780444
LINREG_14,CHDLREXTl_22_22_14_2.0,0.9806971618068904
CKSPl_10_3_20,CHDLREXTs_22_22_14_2.0,0.9806929162850168
HMA_10,ACCBU_20,0.9806868461327524
VIDYA_14,DCL_20_20,0.9806794274631307
HWU_1,KCBe_20_2,0.9806638818667722
PIVOTS_TRAD_D_R1,CKSPs_10_3_20,0.9806585850031105
PSARl_0.02_0.2,ABER_ZG_5_15,0.9806468001754409
CKSPl_10_3_20,PSARs_0.02_0.2,0.9806391847685102
High,DCL_20_20,0.9805585330423464
MEDIAN_30,DCL_20_20,0.980490531196636
QTL_30_0.5,DCL_20_20,0.980490531196636
PIVOTS_TRAD_D_S1,ACCBU_20,0.980484684625001
PSARl_0.02_0.2,CHDLREXTs_22_22_14_2.0,0.9804658696592796
Close,DCL_20_20,0.9804657352429093
PIVOTS_TRAD_D_S3,ATRTSe_14_20_3.0,0.980450400128238
PIVOTS_TRAD_D_S4,ATRTSe_14_20_3.0,0.980450400128238
HWL_1,KCBe_20_2,0.9804160257577594
Open,SUPERT_7_3.0,0.9803687956105621
PSARl_0.02_0.2,BBM_5_2.0_2.0,0.9803605797163782
Low,CHDLREXTl_22_22_14_2.0,0.980295957549499
LINREG_14,DCL_20_20,0.9802666735297113
LDECAY_1,DCL_20_20,0.9802552746090805
JMA_7_0.0,CKSPs_10_3_20,0.98019876291347
JMA_7_0.0,PSARs_0.02_0.2,0.9801778674558301
Low,VIDYA_14,0.9801617448271827
High,DCU_20_20,0.9801470527780953
OHLC4,SUPERT_7_3.0,0.9801398415856613
FWMA_10,QTL_30_0.5,0.9801266397897318
FWMA_10,MEDIAN_30,0.9801266397897318
PIVOTS_TRAD_D_R2,QTL_30_0.5,0.9801226831732308
PIVOTS_TRAD_D_R2,MEDIAN_30,0.9801226831732308
IKS_26,BBL_5_2.0_2.0,0.9801185710683957
CHDLREXTs_22_22_14_2.0,DCU_20_20,0.9801010820726518
PIVOTS_TRAD_D_R1,PSARs_0.02_0.2,0.9800925615068926
DEC_1,INC_1,0.9800850181543962
HL2,SUPERT_7_3.0,0.9800808555016869
LINREG_14,ACCBU_20,0.980011951001349
TEMA_10,DCL_20_20,0.9799923119936654
PIVOTS_TRAD_D_P,CKSPs_10_3_20,0.9799812500281134
SUPERTs_7_3.0,CKSPs_10_3_20,0.9799717631828512
SUPERTl_7_3.0,CKSPs_10_3_20,0.9799660641772201
SUPERT_7_3.0,VWAP_D,0.9799562481594585
HLC3,SUPERT_7_3.0,0.9799562481594585
LINREG_14,SUPERT_7_3.0,0.9799410569552096
HMA_10,SUPERT_7_3.0,0.9799293892513011
SUPERT_7_3.0,WCP,0.9798714855596191
TEMA_10,ACCBU_20,0.979820182375708
HWU_1,KCLe_20_2,0.9797399554714843
SUPERTl_7_3.0,KCLe_20_2,0.9796951317828222
PIVOTS_TRAD_D_S2,VIDYA_14,0.9796881225798354
PIVOTS_TRAD_D_S1,HT_TL,0.9796723730526781
Open,HT_TL,0.9796457934282717
MIDPRICE_2,CKSPs_10_3_20,0.9796165496296547
HILOs_13_21,BBU_5_2.0_2.0,0.9796059483884361
OHLC4,HT_TL,0.9795659158283601
HILOl_13_21,WMA_10,0.9795573085007321
Close,SUPERT_7_3.0,0.9795278067082434
HL2,HT_TL,0.9795150461257136
HWMA_0.2_0.1_0.1,ACCBM_20,0.9794927830734631
ACCBM_20,HWM_1,0.9794927830734631
SUPERTs_7_3.0,VIDYA_14,0.9794871952281796
HLC3,HT_TL,0.9794319682558655
HT_TL,VWAP_D,0.9794319682558652
MIDPOINT_2,CKSPs_10_3_20,0.9794153897716
SUPERTl_7_3.0,ALPHATl_14_1_50_2,0.9793959035086879
PIVOTS_TRAD_D_S2,CHDLREXTl_22_22_14_2.0,0.9793948380347351
SSF_20,SUPERTl_7_3.0,0.9793873531918927
SUPERTl_7_3.0,PSARl_0.02_0.2,0.979373132318429
WCP,HT_TL,0.9793679607462837
JMA_7_0.0,DCU_20_20,0.9793656617589128
PIVOTS_TRAD_D_P,PSARs_0.02_0.2,0.979337264354663
ACCBU_20,DCL_20_20,0.9793166167608446
HILOs_13_21,PSARl_0.02_0.2,0.9792307578416477
AGj_13_8_5,HWM_1,0.9792024799042499
AGj_13_8_5,HWMA_0.2_0.1_0.1,0.9792024799042499
High,CKSPs_10_3_20,0.9792019759073143
DCL_20_20,HWL_1,0.9791975185405877
ZL_EMA_10,CKSPs_10_3_20,0.9791841882866179
PIVOTS_TRAD_D_S4,CHDLREXTs_22_22_14_2.0,0.9791779395916209
PIVOTS_TRAD_D_S3,CHDLREXTs_22_22_14_2.0,0.9791779395916209
PSARl_0.02_0.2,ABER_XG_5_15,0.9791745607531815
CKSPs_10_3_20,LDECAY_1,0.9791593472362614
PIVOTS_TRAD_D_S2,SUPERT_7_3.0,0.9791412315603276
CKSPs_10_3_20,PSARl_0.02_0.2,0.9791397789010692
HMA_10,HT_TL,0.9791048790675663
SUPERT_7_3.0,TEMA_10,0.9791028448614222
Close,HT_TL,0.9790864971428918
HILO_13_21,HWMA_0.2_0.1_0.1,0.9790511064638326
HILO_13_21,HWM_1,0.9790511064638326
PIVOTS_TRAD_D_P,DCU_20_20,0.9790169519501722
Low,ACCBU_20,0.9789942677973381
HILOl_13_21,BBU_5_2.0_2.0,0.9789748192019209
ZL_EMA_10,PSARs_0.02_0.2,0.9789302110200074
PIVOTS_TRAD_D_S4,ACCBM_20,0.9788730168103884
PIVOTS_TRAD_D_S3,ACCBM_20,0.9788730168103884
MIDPRICE_2,DCU_20_20,0.9788729974404695
DEMA_10,CKSPs_10_3_20,0.9788186366963505
FWMA_10,PSARl_0.02_0.2,0.978800084252342
BBL_5_2.0_2.0,KCUe_20_2,0.9787967820141419
MIDPOINT_2,DCU_20_20,0.9787949515353438
HWMA_0.2_0.1_0.1,DCM_20_20,0.9787784964416029
DCM_20_20,HWM_1,0.9787784964416029
CHDLREXTl_22_22_14_2.0,DCL_20_20,0.9787496179549243
MAMA_0.5_0.05,QTL_30_0.5,0.9787245484336435
MAMA_0.5_0.05,MEDIAN_30,0.9787245484336435
PIVOTS_TRAD_D_S1,CKSPs_10_3_20,0.9787079410806587
PIVOTS_TRAD_D_R3,PSARl_0.02_0.2,0.9786829278264043
PIVOTS_TRAD_D_R4,PSARl_0.02_0.2,0.9786829278264043
MIDPRICE_2,PSARs_0.02_0.2,0.9786819883021509
Low,SUPERT_7_3.0,0.9786458478678034
PIVOTS_TRAD_D_R1,MEDIAN_30,0.978630079150278
PIVOTS_TRAD_D_R1,QTL_30_0.5,0.978630079150278
SUPERT_7_3.0,BBL_5_2.0_2.0,0.9785927945169712
PIVOTS_TRAD_D_R4,DCL_20_20,0.9785864406678462
PIVOTS_TRAD_D_R3,DCL_20_20,0.9785864406678462
ZL_EMA_10,DCU_20_20,0.9785509792283614
SLOPE_1,PCTRET_1,0.9785291813534251
ISA_9,CKSPl_10_3_20,0.9785128542304654
PIVOTS_TRAD_D_R2,CKSPl_10_3_20,0.9784757399636429
LDECAY_1,PSARs_0.02_0.2,0.9784552429064215
Open,CKSPs_10_3_20,0.9784538415699666
DEMA_10,DCU_20_20,0.9784176992755237
OHLC4,CKSPs_10_3_20,0.9783938588008235
BBU_5_2.0_2.0,DCL_20_20,0.9783835191217202
SUPERTs_7_3.0,HT_TL,0.9783597055189227
HL2,CKSPs_10_3_20,0.9783589117404938
MIDPOINT_2,PSARs_0.02_0.2,0.9783535562303622
HILOs_13_21,ABER_SG_5_15,0.9782776949993632
CKSPs_10_3_20,VWAP_D,0.9782666567463102
HLC3,CKSPs_10_3_20,0.97826665674631
WCP,CKSPs_10_3_20,0.9781980922533605
High,PSARs_0.02_0.2,0.9781919647759323
ALMA_9_6.0_0.85,CKSPl_10_3_20,0.9781805468887571
LINREG_14,HT_TL,0.9781754870476936
DCL_20_20,KCUe_20_2,0.9781186415646946
CKSPl_10_3_20,ABER_ZG_5_15,0.9781111703850947
EMA_10,SUPERTl_7_3.0,0.9780786530214953
QTL_30_0.5,ABER_XG_5_15,0.9780785991951564
MEDIAN_30,ABER_XG_5_15,0.9780785991951564
CKSPl_10_3_20,BBM_5_2.0_2.0,0.978063573904958
QTL_30_0.5,LDECAY_1,0.9780443568700127
MEDIAN_30,LDECAY_1,0.9780443568700127
VIDYA_14,BBL_5_2.0_2.0,0.97800361958354
LINREG_14,PSARs_0.02_0.2,0.9779913353817693
PIVOTS_TRAD_D_S2,ACCBU_20,0.977990445908584
TEMA_10,HT_TL,0.9779775493112749
ABER_XG_5_15,DCU_20_20,0.9779515734155109
HILO_13_21,PIVOTS_TRAD_D_S4,0.9779134825262431
HILO_13_21,PIVOTS_TRAD_D_S3,0.9779134825262431
Close,CKSPs_10_3_20,0.9779030860055192
OHLC4,DCU_20_20,0.9778711709627714
HL2,DCU_20_20,0.9778433540128355
HLC3,DCU_20_20,0.9778231569082001
DCU_20_20,VWAP_D,0.9778231569082001
PIVOTS_TRAD_D_S1,PSARs_0.02_0.2,0.9777986134157431
WCP,DCU_20_20,0.9777905939083343
HMA_10,CKSPs_10_3_20,0.9777850307408112
SUPERTl_7_3.0,TRIMA_10,0.9777603540025165
ISA_9,VIDYA_14,0.9777047983107783
ALMA_9_6.0_0.85,HILOs_13_21,0.9777036773083738
Open,DCU_20_20,0.9776932387894858
HILOs_13_21,ABER_ZG_5_15,0.9776876772688182
HILOl_13_21,DCL_20_20,0.9776583110415273
FWMA_10,CKSPl_10_3_20,0.9776508773589822
Low,HT_TL,0.9776450278396676
PIVOTS_TRAD_D_S2,HT_TL,0.9776375967353668
PIVOTS_TRAD_D_R2,PSARl_0.02_0.2,0.9776163564241287
Close,DCU_20_20,0.9776034626805665
HILOs_13_21,SUPERTl_7_3.0,0.9775737305068364
SUPERTs_7_3.0,QTL_30_0.5,0.9775546372501563
SUPERTs_7_3.0,MEDIAN_30,0.9775546372501563
HILOs_13_21,BBM_5_2.0_2.0,0.9774752776055466
SLOPE_1,LOGRET_1,0.977474427274111
HILOl_13_21,ABER_SG_5_15,0.977450938043982
SMA_10,SUPERTl_7_3.0,0.977424359574033
ACCBM_20,HWL_1,0.977372442954248
DEMA_10,PSARl_0.02_0.2,0.977354843029641
HILO_13_21,HWL_1,0.9773517548267783
PIVOTS_TRAD_D_S2,CKSPs_10_3_20,0.9773324917564498
HWU_1,KCUe_20_2,0.9773182926829238
HMA_10,PSARs_0.02_0.2,0.9772529497670228
IKS_26,SUPERTs_7_3.0,0.9772450591845422
AGj_13_8_5,HWU_1,0.9772302496999994
SUPERTs_7_3.0,ATRTSe_14_20_3.0,0.9771957291226516
Low,CKSPs_10_3_20,0.977157080058049
FAMA_0.5_0.05,SUPERTl_7_3.0,0.9771330743142053
JMA_7_0.0,MEDIAN_30,0.977126992987874
JMA_7_0.0,QTL_30_0.5,0.977126992987874
DCM_20_20,HWL_1,0.9771234161587604
SSF3_20,SUPERTl_7_3.0,0.9771224060582423
Open,PSARs_0.02_0.2,0.9771024938278194
BBL_5_2.0_2.0,CHDLREXTl_22_22_14_2.0,0.9770624320772654
OHLC4,PSARs_0.02_0.2,0.9770594938126221
High,MEDIAN_30,0.9770509075904713
High,QTL_30_0.5,0.9770509075904713
IKS_26,PIVOTS_TRAD_D_S4,0.9770471663347841
IKS_26,PIVOTS_TRAD_D_S3,0.9770471663347841
PIVOTS_TRAD_D_P,MEDIAN_30,0.9770465041765686
PIVOTS_TRAD_D_P,QTL_30_0.5,0.9770465041765686
HL2,PSARs_0.02_0.2,0.9770110499239832
HMA_10,DCU_20_20,0.9769885252539535
AGl_13_8_5,SUPERTl_7_3.0,0.976960210819119
PSARs_0.02_0.2,VWAP_D,0.9769380865092069
HLC3,PSARs_0.02_0.2,0.9769380865092069
ISA_9,MEDIAN_30,0.976904092604629
ISA_9,QTL_30_0.5,0.976904092604629
WCP,PSARs_0.02_0.2,0.9768791882642299
AGj_13_8_5,SUPERTs_7_3.0,0.9768278869899402
TEMA_10,CKSPs_10_3_20,0.9768132383438771
PSARl_0.02_0.2,DCL_20_20,0.97676845809249
MAMA_0.5_0.05,PSARl_0.02_0.2,0.9767411790258792
PSARs_0.02_0.2,BBL_5_2.0_2.0,0.9767364968130334
PIVOTS_TRAD_D_R1,CKSPl_10_3_20,0.9767346054569185
SUPERTl_7_3.0,SWMA_10,0.9767066583143221
SUPERTl_7_3.0,T3_10_0.7,0.9766866234740188
Close,PSARs_0.02_0.2,0.9766132568245592
MIDPRICE_2,MEDIAN_30,0.9766082194760907
MIDPRICE_2,QTL_30_0.5,0.9766082194760907
SUPERT_7_3.0,SUPERTs_7_3.0,0.9765897600238012
LINREG_14,CKSPs_10_3_20,0.9765679771554847
CKSPs_10_3_20,BBL_5_2.0_2.0,0.9765257362703113
ACCBM_20,HWU_1,0.9765149708727544
CKSPl_10_3_20,LDECAY_1,0.9765036527227844
FWMA_10,HILOs_13_21,0.9764868189934086
MAMA_0.5_0.05,CKSPl_10_3_20,0.9764860887841558
ITS_9,SUPERTl_7_3.0,0.9764658126419631
MIDPOINT_2,QTL_30_0.5,0.9764626326662053
MIDPOINT_2,MEDIAN_30,0.9764626326662053
HWMA_0.2_0.1_0.1,KCUe_20_2,0.9764623657063001
HWM_1,KCUe_20_2,0.9764623657063001
TEMA_10,PSARs_0.02_0.2,0.9763488195932895
PIVOTS_TRAD_D_R1,PSARl_0.02_0.2,0.976347211515011
HWMA_0.2_0.1_0.1,ATRTSe_14_20_3.0,0.9763448735238649
ATRTSe_14_20_3.0,HWM_1,0.9763448735238649
PIVOTS_TRAD_D_S2,PSARs_0.02_0.2,0.9763448341082901
SUPERTl_7_3.0,VWMA_10,0.9763436536173626
PIVOTS_TRAD_D_S1,DCU_20_20,0.9763017597442515
HILOs_13_21,ABER_XG_5_15,0.9761616244013301
SUPERTl_7_3.0,ALPHAT_14_1_50,0.9761439475561181
ZL_EMA_10,QTL_30_0.5,0.976120305229288
ZL_EMA_10,MEDIAN_30,0.976120305229288
TEMA_10,DCU_20_20,0.9761113307817776
HILOl_13_21,PIVOTS_TRAD_D_R4,0.9761047124213101
HILOl_13_21,PIVOTS_TRAD_D_R3,0.9761047124213101
AGj_13_8_5,HWL_1,0.9760672654491995
DEMA_10,QTL_30_0.5,0.9760058078872914
DEMA_10,MEDIAN_30,0.9760058078872914
ACCBU_20,BBL_5_2.0_2.0,0.9759059946420894
HT_TL,BBL_5_2.0_2.0,0.9758922509496282
PWMA_10,SUPERTl_7_3.0,0.975871697814157
HILOs_13_21,PIVOTS_TRAD_D_R3,0.9758632077172986
HILOs_13_21,PIVOTS_TRAD_D_R4,0.9758632077172986
LINREG_14,DCU_20_20,0.9757882577189136
SUPERTl_7_3.0,CHDLREXTs_22_22_14_2.0,0.9757515305291514
ALMA_9_6.0_0.85,HILOl_13_21,0.9757237480561767
HILOl_13_21,ABER_ZG_5_15,0.9757103987219762
HILO_13_21,HWU_1,0.9756590731360534
COPC_11_14_10,SQZ_20_2.0_20_1.5,0.9755178021381796
COPC_11_14_10,SQZPRO_20_2.0_20_2.0_1.5_1.0,0.9755178021381796
HILOl_13_21,BBM_5_2.0_2.0,0.9755149016058304
Adj Close,ABER_SG_5_15,0.9754986698477648
Low,PSARs_0.02_0.2,0.9754701190126904
KST_10_15_20_30_10_10_10_15,MACDs_12_26_9,0.9754641558319642
Adj Close,PIVOTS_TRAD_D_R4,0.9754439344846845
Adj Close,PIVOTS_TRAD_D_R3,0.9754439344846845
JMA_7_0.0,PSARl_0.02_0.2,0.9754218164668719
High,CKSPl_10_3_20,0.9753832491857991
PIVOTS_TRAD_D_S4,KCUe_20_2,0.9753620888642347
PIVOTS_TRAD_D_S3,KCUe_20_2,0.9753620888642347
DCM_20_20,HWU_1,0.9753440753636514
OHLC4,QTL_30_0.5,0.9753152214749752
OHLC4,MEDIAN_30,0.9753152214749752
HL2,MEDIAN_30,0.9752748806250081
HL2,QTL_30_0.5,0.9752748806250081
Open,QTL_30_0.5,0.9752556219629179
Open,MEDIAN_30,0.9752556219629179
HWMA_0.2_0.1_0.1,DCL_20_20,0.975240523452702
DCL_20_20,HWM_1,0.975240523452702
HLC3,MEDIAN_30,0.9752281300650275
HLC3,QTL_30_0.5,0.9752281300650275
MEDIAN_30,VWAP_D,0.9752281300650273
QTL_30_0.5,VWAP_D,0.9752281300650273
WCP,MEDIAN_30,0.9751823638558739
WCP,QTL_30_0.5,0.9751823638558739
Low,DCU_20_20,0.975173565607621
PIVOTS_TRAD_D_P,PSARl_0.02_0.2,0.9751724483729234
HILOs_13_21,PIVOTS_TRAD_D_R2,0.9751444591455384
LDECAY_1,PSARl_0.02_0.2,0.9751317562711594
JMA_7_0.0,CKSPl_10_3_20,0.9750218024053281
High,Adj Close,0.9749846801782049
Close,QTL_30_0.5,0.974955923158813
Close,MEDIAN_30,0.974955923158813
LINREG_14,PSARl_0.02_0.2,0.9748672770225774
PIVOTS_TRAD_D_S1,QTL_30_0.5,0.9748444920992838
PIVOTS_TRAD_D_S1,MEDIAN_30,0.9748444920992838
HWMA_0.2_0.1_0.1,PSARs_0.02_0.2,0.9748216382854336
PSARs_0.02_0.2,HWM_1,0.9748216382854333
PIVOTS_TRAD_D_P,CKSPl_10_3_20,0.9748045176877403
SUPERTl_7_3.0,BBU_5_2.0_2.0,0.9747954088974116
HILOs_13_21,MAMA_0.5_0.05,0.9747755573584458
PSARl_0.02_0.2,HWM_1,0.9747245985598767
HWMA_0.2_0.1_0.1,PSARl_0.02_0.2,0.9747245985598767
SUPERTs_7_3.0,KCUe_20_2,0.9746868344848691
FWMA_10,HILOl_13_21,0.9746787783784957
ACCBL_20,HWU_1,0.974677563389901
PIVOTS_TRAD_D_S3,SUPERT_7_3.0,0.9746072628754462
PIVOTS_TRAD_D_S4,SUPERT_7_3.0,0.9746072628754462
SUPERTl_7_3.0,PSARs_0.02_0.2,0.9745715595524469
ZL_EMA_10,PSARl_0.02_0.2,0.9745307723468912
MIDPRICE_2,CKSPl_10_3_20,0.9744924788798505
MIDPOINT_2,CKSPl_10_3_20,0.9744713954421234
ATRTSe_14_20_3.0,HWU_1,0.9744640055751127
CKSPl_10_3_20,ABER_XG_5_15,0.9744473624385197
SUPERTs_7_3.0,ACCBU_20,0.9744440471449474
PIVOTS_TRAD_D_S4,VIDYA_14,0.974425730144876
PIVOTS_TRAD_D_S3,VIDYA_14,0.974425730144876
Adj Close,LDECAY_1,0.9743927752462733
Adj Close,PIVOTS_TRAD_D_R2,0.9743409189972436
HMA_10,MEDIAN_30,0.9743402673393547
HMA_10,QTL_30_0.5,0.9743402673393547
CHDLREXTs_22_22_14_2.0,HWL_1,0.9742671357433185
Adj Close,BBU_5_2.0_2.0,0.9742067448689045
HILOl_13_21,PIVOTS_TRAD_D_R2,0.9741732473754147
SUPERTl_7_3.0,WMA_10,0.9741465743226179
MIDPRICE_2,PSARl_0.02_0.2,0.9741275009787074
HILOs_13_21,PIVOTS_TRAD_D_R1,0.9740863822114474
SUPERTs_7_3.0,KCBe_20_2,0.9740692372267981
ZL_EMA_10,CKSPl_10_3_20,0.9740328505411828
HILO_13_21,SUPERTs_7_3.0,0.9739167657040603
PIVOTS_TRAD_D_S3,CHDLREXTl_22_22_14_2.0,0.9737244171691947
PIVOTS_TRAD_D_S4,CHDLREXTl_22_22_14_2.0,0.9737244171691947
MIDPOINT_2,PSARl_0.02_0.2,0.9737183433568649
Adj Close,WCP,0.9737177361365508
HILOs_13_21,JMA_7_0.0,0.9737082521790804
Adj Close,HLC3,0.9736986722155343
Adj Close,VWAP_D,0.9736986722155343
ACCBU_20,HWU_1,0.973687647042911
Close,Adj Close,0.9736856196684402
Adj Close,HL2,0.9736156972777834
ISA_9,HT_TL,0.973601207125933
SUPERTs_7_3.0,ACCBM_20,0.9735746114804628
Adj Close,OHLC4,0.9735727253934368
High,PSARl_0.02_0.2,0.973540495316286
VIDYA_14,HWU_1,0.9735161255401175
Adj Close,MAMA_0.5_0.05,0.9735092370388013
VIDYA_14,HWM_1,0.9734708902304834
HWMA_0.2_0.1_0.1,VIDYA_14,0.9734708902304832
PIVOTS_TRAD_D_S2,DCU_20_20,0.973458703261314
RMA_10,SUPERTs_7_3.0,0.9734087920427457
ISA_9,SUPERTs_7_3.0,0.9734057030237798
SUPERTs_7_3.0,DCM_20_20,0.9734051090749195
DEMA_10,CKSPl_10_3_20,0.9733892161923468
OHLC4,CKSPl_10_3_20,0.9733844269279577
ACCBU_20,HWM_1,0.9733576673310027
HWMA_0.2_0.1_0.1,ACCBU_20,0.9733576673310027
Adj Close,MIDPOINT_2,0.9733543214533238
HL2,CKSPl_10_3_20,0.9733421935703828
CHDLREXTs_22_22_14_2.0,HWM_1,0.9733327934628445
HWMA_0.2_0.1_0.1,CHDLREXTs_22_22_14_2.0,0.9733327934628445
HLC3,CKSPl_10_3_20,0.9733273572756133
CKSPl_10_3_20,VWAP_D,0.973327357275613
PSARs_0.02_0.2,HWL_1,0.9733268167740381
WCP,CKSPl_10_3_20,0.9732975752147482
MCGD_10,SUPERTs_7_3.0,0.9732917189022166
Adj Close,MIDPRICE_2,0.9732791042469273
Adj Close,FWMA_10,0.9732765793781724
PIVOTS_TRAD_D_S3,CKSPs_10_3_20,0.9732671273814655
PIVOTS_TRAD_D_S4,CKSPs_10_3_20,0.9732671273814655
Adj Close,PIVOTS_TRAD_D_R1,0.9732597184873094
Open,CKSPl_10_3_20,0.9732352001434286
PSARl_0.02_0.2,BBL_5_2.0_2.0,0.9732345063664056
SUPERTl_7_3.0,ABER_SG_5_15,0.9732029635313034
PIVOTS_TRAD_D_S1,PSARl_0.02_0.2,0.9731975239459656
Low,QTL_30_0.5,0.9731364071886365
Low,MEDIAN_30,0.9731364071886365
ATRTSe_14_20_3.0,HWL_1,0.9731322813559516
Close,CKSPl_10_3_20,0.9731191856064592
Volume,PVOL,0.973104727698419
TEMA_10,MEDIAN_30,0.9730877106456929
TEMA_10,QTL_30_0.5,0.9730877106456929
DEMA_10,HILOs_13_21,0.9730826343581142
HILOs_13_21,PIVOTS_TRAD_D_P,0.9730554513978324
HILOl_13_21,ABER_XG_5_15,0.9730247981814766
D_9_3,STOCHd_14_3_3,0.9729827502885018
HILOl_13_21,MAMA_0.5_0.05,0.9729550539203721
PSARl_0.02_0.2,HWL_1,0.972905343768645
HILOs_13_21,LDECAY_1,0.9728780830390468
Open,Adj Close,0.972873177894946
LINREG_14,QTL_30_0.5,0.9728374424764566
LINREG_14,MEDIAN_30,0.9728374424764566
PIVOTS_TRAD_D_R4,SUPERTl_7_3.0,0.9727902392550571
PIVOTS_TRAD_D_R3,SUPERTl_7_3.0,0.9727902392550571
Adj Close,ZL_EMA_10,0.9726458577097755
Adj Close,KCUe_20_2,0.9725815201711446
HMA_10,PSARl_0.02_0.2,0.9725679883969459
PIVOTS_TRAD_D_S2,QTL_30_0.5,0.9725586136386846
PIVOTS_TRAD_D_S2,MEDIAN_30,0.9725586136386846
Adj Close,JMA_7_0.0,0.9725485747510655
HILOl_13_21,PIVOTS_TRAD_D_R1,0.9725202092398483
HILOs_13_21,MIDPRICE_2,0.9724755915200304
HMA_10,CKSPl_10_3_20,0.9724379485302885
Open,PSARl_0.02_0.2,0.9723877307646189
HILOs_13_21,ZL_EMA_10,0.9723690228115456
High,HILOs_13_21,0.9723639518406874
Adj Close,TEMA_10,0.9723533425776628
PIVOTS_TRAD_D_S1,CKSPl_10_3_20,0.9723532712320294
HILOl_13_21,LDECAY_1,0.9723053080895236
HILOs_13_21,MIDPOINT_2,0.9722399196051198
PIVOTS_TRAD_D_S4,HT_TL,0.9722349885312102
PIVOTS_TRAD_D_S3,HT_TL,0.9722349885312102
Adj Close,AGl_13_8_5,0.972216345087977
Adj Close,BBM_5_2.0_2.0,0.9722072088294385
OHLC4,PSARl_0.02_0.2,0.9721337339161027
Adj Close,ABER_ZG_5_15,0.9721174050873117
ISA_9,SUPERTl_7_3.0,0.9721113327150204
SUPERT_7_3.0,HWM_1,0.9720945112566802
HWMA_0.2_0.1_0.1,SUPERT_7_3.0,0.9720945112566801
Adj Close,ALPHAT_14_1_50,0.9720931166196958
HL2,PSARl_0.02_0.2,0.972058587845555
SUPERTs_7_3.0,CHDLREXTl_22_22_14_2.0,0.9720211569424183
TEMA_10,PSARl_0.02_0.2,0.9719855552994657
Adj Close,EMA_10,0.9719789085078562
PSARl_0.02_0.2,VWAP_D,0.9719426888576336
HLC3,PSARl_0.02_0.2,0.9719426888576336
PIVOTS_TRAD_D_S4,PSARs_0.02_0.2,0.9719355742172294
PIVOTS_TRAD_D_S3,PSARs_0.02_0.2,0.9719355742172294
Low,Adj Close,0.9718869615352786
Adj Close,WMA_10,0.971874723409837
Adj Close,PIVOTS_TRAD_D_P,0.9718647647050578
SUPERTs_7_3.0,CKSPl_10_3_20,0.9718625664732633
WCP,PSARl_0.02_0.2,0.9718624600748949
Adj Close,ALMA_9_6.0_0.85,0.9718362396528216
Adj Close,DEMA_10,0.9717910795645166
HWMA_0.2_0.1_0.1,CHDLREXTl_22_22_14_2.0,0.971761480013212
CHDLREXTl_22_22_14_2.0,HWM_1,0.971761480013212
AO_5_34,STCmacd_10_12_26_0.5,0.9717392154321955
AO_5_34,MACD_12_26_9,0.9717392154321955
SMIs_5_20_5_1.0,TSI_13_25_13,0.9717038349218152
Adj Close,HMA_10,0.9716745231227897
PIVOTS_TRAD_D_S4,ACCBU_20,0.971643992635288
PIVOTS_TRAD_D_S3,ACCBU_20,0.971643992635288
Close,PSARl_0.02_0.2,0.9715330955211205
PSARl_0.02_0.2,HWU_1,0.9714736121690475
ISA_9,IKS_26,0.9714601852878475
TEMA_10,CKSPl_10_3_20,0.9713979989527717
Adj Close,FAMA_0.5_0.05,0.9713480061598113
PIVOTS_TRAD_D_S2,PSARl_0.02_0.2,0.9713243131095561
ISA_9,KCUe_20_2,0.9713067885959128
HILOs_13_21,PIVOTS_TRAD_D_S1,0.9712947168713911
Adj Close,SMMA_7,0.9712670398000847
PSARs_0.02_0.2,HWU_1,0.9712491672228907
HILOl_13_21,JMA_7_0.0,0.9711259110864507
ALMA_9_6.0_0.85,SUPERTl_7_3.0,0.9711128707115668
Adj Close,ITS_9,0.971108697983049
SUPERTl_7_3.0,ABER_ZG_5_15,0.9710645841873695
HILOl_13_21,SUPERTs_7_3.0,0.9710550667317751
HILOs_13_21,OHLC4,0.9710214054259579
Open,HILOs_13_21,0.9710173122321377
CHDLREXTl_22_22_14_2.0,HWU_1,0.9710047751338702
High,HILOl_13_21,0.971000757853151
HILOs_13_21,HL2,0.9709744650113797
ISA_9,CKSPs_10_3_20,0.9709644076119103
ISA_9,ATRTSe_14_20_3.0,0.970945897468351
SUPERTl_7_3.0,BBM_5_2.0_2.0,0.9709407817386797
Low,CKSPl_10_3_20,0.9709380291738406
SUPERTs_7_3.0,CHDLREXTs_22_22_14_2.0,0.9709251283871283
HILOs_13_21,HLC3,0.9709163232585513
HILOs_13_21,VWAP_D,0.970916323258551
HILOs_13_21,WCP,0.9708649665098117
SUPERT_7_3.0,HWL_1,0.9708611893957437
HILOl_13_21,PIVOTS_TRAD_D_P,0.970860248590087
LINREG_14,CKSPl_10_3_20,0.970858750274691
ISA_9,DCU_20_20,0.9708257508892937
Adj Close,AGt_13_8_5,0.9707980510022327
CKSPl_10_3_20,DCL_20_20,0.9707577578734691
ISA_9,AGj_13_8_5,0.9707510090583685
PIVOTS_TRAD_D_R2,SUPERTl_7_3.0,0.9707352548531921
DEMA_10,HILOl_13_21,0.9707044677448937
Close,HILOs_13_21,0.9706221756902874
IKS_26,HWMA_0.2_0.1_0.1,0.970574385146895
IKS_26,HWM_1,0.970574385146895
HILOs_13_21,HMA_10,0.9705620315985203
HILOl_13_21,MIDPRICE_2,0.9704858164433725
HWL_1,KCUe_20_2,0.970482935020377
QTL_30_0.5,BBL_5_2.0_2.0,0.970447930295542
MEDIAN_30,BBL_5_2.0_2.0,0.970447930295542
Adj Close,LINREG_14,0.9704361642392126
AGt_13_8_5,SUPERTs_7_3.0,0.9703497337627083
FWMA_10,SUPERTl_7_3.0,0.9703423245609006
SUPERTs_7_3.0,DCU_20_20,0.9702927136459515
HILOl_13_21,MIDPOINT_2,0.9702391400035235
Low,PSARl_0.02_0.2,0.9702169111043386
HILOs_13_21,LINREG_14,0.9702025266940342
Adj Close,PIVOTS_TRAD_D_S1,0.9700807845790909
ISA_9,CHDLREXTl_22_22_14_2.0,0.9700041365128579
Adj Close,SMA_10,0.9699955692780355
HILOl_13_21,ZL_EMA_10,0.9699584884051491
Adj Close,KAMA_10_2_30,0.9699560463450573
Adj Close,RMA_10,0.9698812505304922
Adj Close,DCU_20_20,0.9698619096952865
BBL_5_2.0_2.0,DCU_20_20,0.9698107431970658
PIVOTS_TRAD_D_S2,CKSPl_10_3_20,0.969720231780252
Adj Close,KCBe_20_2,0.9696568292854972
ISA_9,ACCBU_20,0.9696256621824983
ISA_9,HILOl_13_21,0.9696199867614786
HILOs_13_21,PIVOTS_TRAD_D_S2,0.9695679307930497
Adj Close,VWMA_10,0.9695586415826588
HILOs_13_21,TEMA_10,0.9694764417661227
DCU_20_20,HWU_1,0.9693829725338586
DCL_20_20,DCU_20_20,0.9693727463097179
KAMA_10_2_30,SUPERTs_7_3.0,0.9693475962830824
Low,HILOs_13_21,0.9692260767807651
SUPERTs_7_3.0,ACCBL_20,0.9691555390087117
Adj Close,ACCBU_20,0.9691426396113335
HILOl_13_21,OHLC4,0.9691134337945579
SUPERTs_7_3.0,KCLe_20_2,0.9691120990124488
PIVOTS_TRAD_D_R1,SUPERTl_7_3.0,0.9690878495813232
HILOl_13_21,HL2,0.9690750868555391
Adj Close,SWMA_10,0.969063266655449
HILOl_13_21,HLC3,0.9690375960160195
HILOl_13_21,VWAP_D,0.9690375960160195
Open,HILOl_13_21,0.9690220430486315
HILOl_13_21,WCP,0.9689965971172554
MAMA_0.5_0.05,SUPERTl_7_3.0,0.968953329579779
HWMA_0.2_0.1_0.1,HT_TL,0.9689232624493318
HT_TL,HWM_1,0.9689232624493318
SUPERTs_7_3.0,PSARs_0.02_0.2,0.9689034151321756
HILOs_13_21,BBL_5_2.0_2.0,0.9688069665827754
Adj Close,SSF_20,0.9687937190612455
Adj Close,ALPHATl_14_1_50_2,0.9687902842938347
Close,HILOl_13_21,0.9687850030541307
IKS_26,HWL_1,0.9687062387800797
SUPERTl_7_3.0,LDECAY_1,0.9685851944660765
Adj Close,AGj_13_8_5,0.968562746702291
SMMA_7,SUPERTs_7_3.0,0.9685455655599897
HILOl_13_21,PIVOTS_TRAD_D_S1,0.9685010633067761
Adj Close,TRIMA_10,0.9684751520956502
VIDYA_14,HWL_1,0.9683265365128554
ISA_9,HILOs_13_21,0.9683224576228373
SUPERT_7_3.0,HWU_1,0.968277454077044
Adj Close,MCGD_10,0.9680894192044139
Adj Close,PWMA_10,0.9680693803002097
Adj Close,PIVOTS_TRAD_D_S2,0.9679888370780024
SUPERTl_7_3.0,ABER_XG_5_15,0.9679817931101617
ACCBU_20,HWL_1,0.9679261004245417
Adj Close,HWU_1,0.9678001873396633
Adj Close,ABER_XG_5_15,0.9677789431624424
Adj Close,SSF3_20,0.9677637871447156
SINWMA_14,SUPERTs_7_3.0,0.9677602610401036
HILOl_13_21,HMA_10,0.9677394045298932
Adj Close,CHDLREXTl_22_22_14_2.0,0.9677297279499877
FISHERT_9_1,FISHERTs_9_1,0.9676833689527966
CHDLREXTl_22_22_14_2.0,HWL_1,0.9674366427631378
IKS_26,HWU_1,0.9673932760312419
JMA_7_0.0,SUPERTl_7_3.0,0.9673919331608429
HWMA_0.2_0.1_0.1,DCU_20_20,0.9673794279017962
DCU_20_20,HWM_1,0.967379427901796
High,SUPERTl_7_3.0,0.9673768829568454
CHDLREXTs_22_22_14_2.0,HWU_1,0.9673647160371511
Adj Close,ATRTSe_14_20_3.0,0.9673504660027479
Adj Close,VIDYA_14,0.9673335500892986
SUPERTs_7_3.0,ALPHATl_14_1_50_2,0.9673316099177741
PIVOTS_TRAD_D_P,SUPERTl_7_3.0,0.9673022547388663
Adj Close,SINWMA_14,0.9670528489482276
HILOl_13_21,LINREG_14,0.9670162602366889
SUPERTl_7_3.0,DCL_20_20,0.9670068262873507
Adj Close,DCM_20_20,0.9668812393521584
MIDPRICE_2,SUPERTl_7_3.0,0.9668243175153431
Low,HILOl_13_21,0.9667884461107694
MIDPOINT_2,SUPERTl_7_3.0,0.966721555890667
PIVOTS_TRAD_D_S3,QTL_30_0.5,0.9666521859728892
PIVOTS_TRAD_D_S4,QTL_30_0.5,0.9666521859728892
PIVOTS_TRAD_D_S3,MEDIAN_30,0.9666521859728892
PIVOTS_TRAD_D_S4,MEDIAN_30,0.9666521859728892
HT_TL,HWL_1,0.9666415276573673
HILOl_13_21,TEMA_10,0.9665704342379824
PIVOTS_TRAD_D_S4,DCU_20_20,0.9664755094840243
PIVOTS_TRAD_D_S3,DCU_20_20,0.9664755094840243
CKSPl_10_3_20,BBL_5_2.0_2.0,0.9664744899084348
SSF_20,SUPERTs_7_3.0,0.9664393653121602
SUPERTl_7_3.0,ZL_EMA_10,0.966352701434599
DCL_20_20,HWU_1,0.966272063850294
Adj Close,T3_10_0.7,0.966228148255857
HT_TL,HWU_1,0.9661598977233098
DEMA_10,SUPERTl_7_3.0,0.9661524471980452
HILOl_13_21,PIVOTS_TRAD_D_S2,0.9661425221811294
PIVOTS_TRAD_D_S3,PSARl_0.02_0.2,0.9660624710334371
PIVOTS_TRAD_D_S4,PSARl_0.02_0.2,0.9660624710334371
SUPERTl_7_3.0,SUPERTs_7_3.0,0.9660267815915028
ISB_26,VIDYA_14,0.9658840923452663
OHLC4,SUPERTl_7_3.0,0.9655472226570765
Open,SUPERTl_7_3.0,0.9655371408943061
HILOl_13_21,BBL_5_2.0_2.0,0.9655177275732141
Adj Close,ACCBM_20,0.965508918968634
HL2,SUPERTl_7_3.0,0.9654885185915443
EMA_10,SUPERTs_7_3.0,0.965455835509985
HLC3,SUPERTl_7_3.0,0.9654447323736053
SUPERTl_7_3.0,VWAP_D,0.9654447323736053
SUPERTl_7_3.0,WCP,0.9654006716555383
FISHERT_9_1,D_9_3,0.9653362878227296
Close,SUPERTl_7_3.0,0.965180235807948
ISA_9,KCBe_20_2,0.9651753247236213
CKSPs_10_3_20,HWM_1,0.9651101632878913
HWMA_0.2_0.1_0.1,CKSPs_10_3_20,0.9651101632878912
PIVOTS_TRAD_D_S1,SUPERTl_7_3.0,0.9649509871437417
SUPERTs_7_3.0,TRIMA_10,0.9647982012201394
QQE_14_5_4.236_RSIMA,TSI_13_25_13,0.9646779320569364
HILOs_13_21,PIVOTS_TRAD_D_S4,0.9646709497238362
HILOs_13_21,PIVOTS_TRAD_D_S3,0.9646709497238362
HMA_10,SUPERTl_7_3.0,0.9646000056129861
Adj Close,IKS_26,0.9645514506059537
SMA_10,SUPERTs_7_3.0,0.9644936734586831
ATRr_14,THERMOma_20_2_0.5,0.9643814415737997
AGl_13_8_5,SUPERTs_7_3.0,0.9643160598346233
FAMA_0.5_0.05,SUPERTs_7_3.0,0.9642730545650824
CKSPs_10_3_20,HWL_1,0.9642416163242638
SSF3_20,SUPERTs_7_3.0,0.9641401599328514
SUPERTs_7_3.0,ALPHAT_14_1_50,0.9641107470628597
ISA_9,RMA_10,0.9639308639389246
SUPERTs_7_3.0,SWMA_10,0.9638198787162473
LINREG_14,SUPERTl_7_3.0,0.9637239725488749
Adj Close,BBL_5_2.0_2.0,0.9637064089460354
SUPERTl_7_3.0,TEMA_10,0.9636326028541042
HWMA_0.2_0.1_0.1,QTL_30_0.5,0.9634430727573522
HWMA_0.2_0.1_0.1,MEDIAN_30,0.9634430727573522
QTL_30_0.5,HWM_1,0.9634430727573522
MEDIAN_30,HWM_1,0.9634430727573522
ITS_9,SUPERTs_7_3.0,0.963385964112339
Adj Close,HWM_1,0.9633800670286653
Adj Close,HWMA_0.2_0.1_0.1,0.9633800670286653
Low,SUPERTl_7_3.0,0.9632406755851697
PIVOTS_TRAD_D_S4,CKSPl_10_3_20,0.9632186360866518
PIVOTS_TRAD_D_S3,CKSPl_10_3_20,0.9632186360866518
ISA_9,ACCBM_20,0.9631453017234061
PWMA_10,SUPERTs_7_3.0,0.9630271609233241
RSI_14,SMI_5_20_5_1.0,0.9629628471041675
CMO_14,SMI_5_20_5_1.0,0.9629628471041675
SUPERTs_7_3.0,VWMA_10,0.9629482901713529
Adj Close,HILO_13_21,0.962809235811294
SQZPRO_20_2.0_20_2.0_1.5_1.0,ENTP_10,0.9627384624558926
SQZ_20_2.0_20_1.5,ENTP_10,0.9627384624558926
SUPERTs_7_3.0,T3_10_0.7,0.9627383796776198
Adj Close,PIVOTS_TRAD_D_S3,0.9627038612717115
Adj Close,PIVOTS_TRAD_D_S4,0.9627038612717115
HILOs_13_21,HWM_1,0.9626069171676028
HILOs_13_21,HWMA_0.2_0.1_0.1,0.9626069171676028
PIVOTS_TRAD_D_S2,SUPERTl_7_3.0,0.962468667336757
Adj Close,KCLe_20_2,0.962354379197037
SMI_5_20_5_1.0,SMIs_5_20_5_1.0,0.9622536200412489
ISA_9,DCM_20_20,0.9621767939645832
Adj Close,HT_TL,0.9620617226340916
QTL_30_0.5,HWU_1,0.9618316727494228
MEDIAN_30,HWU_1,0.9618316727494228
SUPERTs_7_3.0,BBU_5_2.0_2.0,0.9617612942069563
SUPERTs_7_3.0,WMA_10,0.9614466138066068
SUPERTs_7_3.0,DCL_20_20,0.9614362405757719
ISB_26,CKSPl_10_3_20,0.9611757978900735
ABER_ATR_5_15,THERMOma_20_2_0.5,0.9610712676371136
ISA_9,HILO_13_21,0.9610011611201243
CKSPs_10_3_20,HWU_1,0.9609684037551739
HILOs_13_21,HWL_1,0.9609468899001925
Adj Close,CKSPl_10_3_20,0.9607441507676283
ISA_9,MCGD_10,0.9606831069615338
SUPERTs_7_3.0,ABER_SG_5_15,0.9606285756753288
SUPERTl_7_3.0,BBL_5_2.0_2.0,0.9605756287296539
HILOl_13_21,HWMA_0.2_0.1_0.1,0.9605336169174984
HILOl_13_21,HWM_1,0.9605336169174984
DCU_20_20,HWL_1,0.9602876120698906
ISA_9,SUPERT_7_3.0,0.9602054369992402
QTL_30_0.5,HWL_1,0.9600256893309341
MEDIAN_30,HWL_1,0.9600256893309341
HILOl_13_21,PIVOTS_TRAD_D_S4,0.9600143770989834
HILOl_13_21,PIVOTS_TRAD_D_S3,0.9600143770989834
KST_10_15_20_30_10_10_10_15,PPOs_12_26_9,0.959818729900311
Adj Close,MEDIAN_30,0.9593699021778479
Adj Close,QTL_30_0.5,0.9593699021778479
HILOs_13_21,HWU_1,0.9592611893191167
K_9_3,STOCHk_14_3_3,0.9592608365129156
K_9_3,STOCHFd_14_3,0.9592608365129156
PIVOTS_TRAD_D_R3,SUPERTs_7_3.0,0.9590778020432519
PIVOTS_TRAD_D_R4,SUPERTs_7_3.0,0.9590778020432519
STOCHd_14_3_3,STOCHFd_14_3,0.9589720797573709
STOCHk_14_3_3,STOCHd_14_3_3,0.9589720797573709
CKSPl_10_3_20,HWU_1,0.9588148406696112
Adj Close,SUPERT_7_3.0,0.9588026881466689
SUPERTs_7_3.0,ABER_ZG_5_15,0.9587375012907513
ALMA_9_6.0_0.85,SUPERTs_7_3.0,0.9586706055275829
HWMA_0.2_0.1_0.1,CKSPl_10_3_20,0.9585940257584726
CKSPl_10_3_20,HWM_1,0.9585940257584726
SUPERTs_7_3.0,PSARl_0.02_0.2,0.9585681697676591
ISA_9,AGt_13_8_5,0.9585426810628305
SUPERTs_7_3.0,BBM_5_2.0_2.0,0.9584811504024754
HILOl_13_21,HWL_1,0.9583269457697293
Adj Close,CKSPs_10_3_20,0.9578223940395959
Adj Close,CHDLREXTs_22_22_14_2.0,0.9578025704448287
FWMA_10,SUPERTs_7_3.0,0.9577997144712972
PIVOTS_TRAD_D_R2,SUPERTs_7_3.0,0.95775262813126
HILOl_13_21,HWU_1,0.9577394610805886
Adj Close,ACCBL_20,0.9577074420702903
ISB_26,SUPERTs_7_3.0,0.9576363235294908
ISB_26,QTL_30_0.5,0.9569820987467453
ISB_26,MEDIAN_30,0.9569820987467453
FISHERTs_9_1,D_9_3,0.9569450673372211
D_9_3,TMO_14_5_3,0.9566347266848053
Adj Close,PSARs_0.02_0.2,0.956596247196263
Volume,VHM_610,0.9564367460186896
PIVOTS_TRAD_D_R1,SUPERTs_7_3.0,0.9564005978290168
MAMA_0.5_0.05,SUPERTs_7_3.0,0.9563161644977494
PIVOTS_TRAD_D_S3,SUPERTl_7_3.0,0.9562293851218526
PIVOTS_TRAD_D_S4,SUPERTl_7_3.0,0.9562293851218526
SUPERTs_7_3.0,ABER_XG_5_15,0.9559160911914116
ISB_26,DCU_20_20,0.9557581070478867
ISA_9,SMMA_7,0.9556331418589578
RVGI_14_4,RVGIs_14_4,0.9555900639165767
JMA_7_0.0,SUPERTs_7_3.0,0.9550885355977089
PIVOTS_TRAD_D_P,SUPERTs_7_3.0,0.9550751836543935
Adj Close,HILOl_13_21,0.9547941288602583
High,SUPERTs_7_3.0,0.9547785317958543
ISB_26,KCUe_20_2,0.9546489346633058
SUPERTs_7_3.0,LDECAY_1,0.9546128087489253
ISA_9,KCLe_20_2,0.9546056480908229
MIDPRICE_2,SUPERTs_7_3.0,0.9545452990192527
ISA_9,KAMA_10_2_30,0.9543733238709485
MIDPOINT_2,SUPERTs_7_3.0,0.9542428080818416
ISB_26,SUPERTl_7_3.0,0.9541565363141458
Adj Close,PSARl_0.02_0.2,0.9540719155515573
SUPERTs_7_3.0,ZL_EMA_10,0.9539801372916646
ISB_26,ATRTSe_14_20_3.0,0.9539193933928589
Adj Close,HWL_1,0.953866637528454
ISB_26,HT_TL,0.9538642050666777
ISA_9,CHDLREXTs_22_22_14_2.0,0.9537923351191339
Open,SUPERTs_7_3.0,0.9533833960582366
CKSPl_10_3_20,HWL_1,0.9533501232393577
DEMA_10,SUPERTs_7_3.0,0.9532915797283765
OHLC4,SUPERTs_7_3.0,0.9532317385585353
HL2,SUPERTs_7_3.0,0.9532157431348349
ISA_9,ACCBL_20,0.953139382470816
ISB_26,CHDLREXTl_22_22_14_2.0,0.9531003321968847
ISA_9,SINWMA_14,0.9530822938126418
HLC3,SUPERTs_7_3.0,0.9530768036911105
SUPERTs_7_3.0,VWAP_D,0.9530768036911105
PIVOTS_TRAD_D_S1,SUPERTs_7_3.0,0.9530308568593349
ISB_26,AGj_13_8_5,0.9529880988417263
SUPERTs_7_3.0,WCP,0.9529855003447976
Close,SUPERTs_7_3.0,0.9526246930695133
STOCHd_14_3_3,TMO_14_5_3,0.9525589813050757
HMA_10,SUPERTs_7_3.0,0.9524465653271517
COPC_11_14_10,ENTP_10,0.9522560092228723
ISB_26,ACCBU_20,0.9520895836666106
HWMA_0.2_0.1_0.1,SUPERTl_7_3.0,0.9520857408934827
SUPERTl_7_3.0,HWM_1,0.9520857408934827
RSX_14,TRENDFLEX_20_20_0.04,0.9518401259347089
BULLP_13,BEARP_13,0.9515156587071761
SUPERTs_7_3.0,TEMA_10,0.951470486075173
ISA_9,PSARs_0.02_0.2,0.9513679658291498
ISB_26,IKS_26,0.9513355261107793
Low,SUPERTs_7_3.0,0.9512995956678597
ISB_26,HILOl_13_21,0.9512404460352729
ISA_9,SSF_20,0.9512083581867959
LINREG_14,SUPERTs_7_3.0,0.9511609270893816
ISA_9,EMA_10,0.9510903804018355
PIVOTS_TRAD_D_S2,SUPERTs_7_3.0,0.9510202866179203
SUPERTl_7_3.0,HWU_1,0.950997458544437
ISA_9,ALPHATl_14_1_50_2,0.9508178997027519
RSX_14,TMOs_14_5_3,0.9507203998773265
Adj Close,HILOs_13_21,0.9504128452652896
