,MLP,LSTM,BuyAndHold
2019-11-04,0.9983364144146216,0.9983364144146216,1.0
2019-11-05,0.9975047009460593,0.9975047009460593,0.9983364144146216
2019-11-06,0.9966729874774967,0.9983364144146218,0.9975047009460591
2019-11-07,0.9948046116372715,0.9964649202931346,0.9983364144146216
2019-11-08,0.9937665634656243,0.9975047009460595,0.9964649202931344
2019-11-11,0.9950095769536642,0.9962570117570257,0.9975047009460591
2019-11-12,0.9960479764500966,0.9952173104282277,0.9962570117570254
2019-11-13,0.998337276156567,0.9929299199103958,0.9952173104282274
2019-11-14,0.9916468547177869,0.9995841036036558,0.9929299199103955
2019-11-15,0.9943286760434547,1.0022873905178322,0.9995841036036555
2019-11-18,0.9922657062951528,1.0002079085361093,1.0022873905178318
2019-11-19,0.9854581028613798,0.9933458163067403,1.0002079085361089
2019-11-20,0.9862832907607006,0.9925140235140513,0.99334581630674
2019-11-21,0.9844235453696536,0.990642529392564,0.9925140235140509
2019-11-22,0.9922462555558843,0.9827704001225529,0.9943855176355382
2019-11-25,0.9932755409286789,0.9817509443251663,1.0022873905178318
2019-11-26,0.9963634755765026,0.9786988378032632,1.00332709184663
2019-11-27,0.9897759549552894,0.9722281080605294,1.006446275157151
2019-11-29,0.995540094395931,0.9665661616827501,0.999792091463891
2019-12-02,0.9997055500778137,0.9706103870562545,0.9939696212391935
2019-12-03,0.9896244148810681,0.9608226505227141,0.9898107365998744
2019-12-04,0.9875660807964235,0.9628210794025304,0.999792091463891
2019-12-05,0.9970341820335381,0.9720519426635077,0.9977126094821681
2019-12-06,0.9931234650488387,0.9758646705625963,1.0072779886257135
2019-12-09,0.9927117982319098,0.9754601578138575,1.00332709184663
2019-12-10,0.9869486198297388,0.9811231819903646,1.0029111954502854
2019-12-11,0.9944764226066408,0.9886065521126554,1.0087335863508562
2019-12-12,1.0050559680994897,0.9991236521211101,1.0164275506970408
2019-12-13,1.0101422835704164,0.9940673584912519,1.02724061902962
2019-12-16,1.0020041477725279,0.9860587291256383,1.0324392049977373
2019-12-17,1.0007834041195403,0.9848574118080112,1.024121435719099
2019-12-18,0.9995626604665525,0.9860587291256383,1.0228737465300652
2019-12-19,0.9975331225815763,0.9880608482790667,1.024121435719099
2019-12-20,0.9991502346142358,0.9896626047025694,1.0262008383766952
2019-12-23,1.000160891080575,0.9906636642792837,1.0278644239620736
2019-12-24,1.0042035940540779,0.9946679789620905,1.0289041252908717
2019-12-26,1.0096612315020848,1.0000737923274872,1.0330630099301907
2019-12-27,1.0013737251050694,0.9918649815969106,1.0386774922946527
2019-12-30,1.0080441194694252,0.9984720359039843,1.0301518144799053
2019-12-31,1.000565091980594,1.0058800447987595,1.0370139067092743
2020-01-02,0.9892130697895185,0.9944677212211775,1.0447078710554591
2020-01-03,0.9874206532301265,0.996269659009643,1.032855022069955
2020-01-06,0.9913893253350023,0.9922654207027862,1.0347265161914425
2020-01-07,0.9895889785214076,0.9904634829143207,1.03056771087625
2020-01-08,0.9907848077439227,0.9892665969319477,1.0324392049977373
2020-01-09,0.986200618316589,0.9938437618612288,1.0336868148626444
2020-01-10,0.9822143435005127,0.9898265930565849,1.0289041252908717
2020-01-13,0.9814234925998936,0.9906235731228562,1.0330630099301907
2020-01-14,0.982410427930918,0.9896273860421183,1.03389480272288
2020-01-15,0.9867530337454327,0.9940018933953033,1.034934504051678
2020-01-16,0.9916877856988942,0.9890308898944999,1.0395092850873418
2020-01-17,0.9845817308381752,0.9961179064574626,1.0447078710554591
2020-01-21,0.9853713092223305,0.9953190767185244,1.03722189456951
2020-01-22,0.9871506745496627,0.9971164055408369,1.0363901017768207
2020-01-23,0.9905238164018552,1.0005236007803802,1.0345186076553334
2020-01-24,1.0109016846721803,1.0211071928156699,1.0309836072725946
2020-01-27,1.0023664802911483,1.0124858216993975,1.009773367003781
2020-01-28,1.000524268040252,1.0106250114855007,1.0182990448185283
2020-01-29,1.0009321551744617,1.010213006546827,1.0201705389400155
2020-01-30,0.9858406423947733,1.025444450975597,1.02058643533636
2020-01-31,0.9876760956004582,1.0273536391586109,1.0051985859681172
2020-02-03,0.9713001345031875,1.0103198126815482,1.00332709184663
2020-02-04,0.9827854732448417,0.9983730777086478,1.0199625510797798
2020-02-05,0.9839735596391008,0.9971661475063688,1.0320233086013928
2020-02-06,0.9738744475900364,1.007400663013975,1.0332709184662998
2020-02-07,0.9701120481089285,1.0112925853671806,1.0226658379939564
2020-02-10,0.9626450920131533,1.0035086625207015,1.0266167347730397
2020-02-11,0.9674825045358324,0.9984659054226076,1.0345186076553334
2020-02-12,0.9620646261306101,1.0040572901163651,1.0397171936234508
2020-02-13,0.9620646261306101,1.0040572901163651,1.03389480272288
2020-02-14,0.966515036793908,1.008701954465441,1.03389480272288
2020-02-18,0.9614373993160261,1.003402685801193,1.0291121131511074
2020-02-19,0.9569925719445372,0.9987638484461584,1.0345186076553334
2020-02-20,0.9604711453170858,1.0023942562784882,1.0297359180835608
2020-02-21,1.0017398481115984,1.0454642754529078,1.0259929298405863
2020-02-24,1.023590644710262,1.0226597246734264,0.9819089430417074
2020-02-25,1.022039420746527,1.0242095378529998,0.9604907149126581
2020-02-26,1.0549585000559554,0.9912205607923805,0.9619463126378008
2020-02-27,1.0624989600653003,0.9841356764119059,0.930962784689333
2020-02-28,1.0409861003177494,1.0040618820600595,0.924308600996073
2020-03-02,1.0311156624813334,0.994541552837831,0.9430234628868192
2020-03-03,1.0666951925060308,1.0288590618502047,0.9340818886757273
2020-03-04,1.0320338631090074,1.062290939200398,0.9663131851373556
2020-03-05,1.0469542292687672,1.0469331390858576,0.9349136814684165
2020-03-06,1.1379218675907663,0.9559673332452387,0.9213974055457876
2020-03-09,1.0965786502829549,0.9906997400327148,0.841339134042306
2020-03-10,1.1603909656012195,0.9330487505844179,0.871906844918556
2020-03-11,1.2937962789028858,0.8257800242780643,0.8211686744264172
2020-03-12,1.209023901262906,0.8798869476068384,0.7267623342076174
2020-03-13,1.3499251815922642,0.7773437329248193,0.7743814007133619
2020-03-16,1.3088940229605412,0.8009712009148546,0.6841339451338813
2020-03-17,1.3907481911683401,0.7508809489470193,0.7049282890063503
2020-03-18,1.3649288401730522,0.7648211136005869,0.6608442625454081
2020-03-19,1.382638683624689,0.754897620307958,0.6731128889410666
2020-03-20,1.3917264923244765,0.7499358285958249,0.6643793025902104
2020-03-23,1.265006536530941,0.818219241731784,0.660012469752719
2020-03-24,1.3106680474143346,0.8477535767193282,0.7201081505143575
2020-03-25,1.3753247635469648,0.8895742058774873,0.7461010803549437
2020-03-26,1.3307590843334534,0.8607486660875201,0.7829070785281091
2020-03-27,1.3113986483102138,0.8732711952801148,0.7575379536199763
2020-03-30,1.3071407629325245,0.8761065563336979,0.7685589304886644
2020-03-31,1.3656590570590141,0.8368848729438672,0.7710543088667319
2020-04-01,1.3409829921876215,0.8520065281680653,0.7365356218872717
2020-04-02,1.368129884399576,0.834758487351136,0.7498440685979183
2020-04-03,1.2984261589399766,0.8772879117068723,0.7346642070899111
2020-04-06,1.3061194091053328,0.8824858933751666,0.77209401019553
2020-04-07,1.3250030960000885,0.8952447477213786,0.776668711907067
2020-04-08,1.3585740059914735,0.9179270953602195,0.7878976766359908
2020-04-09,1.3410891403627598,0.9297408293552372,0.8078602277157706
2020-04-13,1.319757582951899,0.9445294211659558,0.797463055779536
2020-04-14,1.2672518515671263,0.9821069344254968,0.8101476182336024
2020-04-15,1.263525615862499,0.9849947281346106,0.7779164010961008
2020-04-16,1.2227776196005475,1.0167602586439968,0.7802037916139326
2020-04-17,1.2073074820185405,1.0296239395267708,0.8053649286618297
2020-04-20,1.2313021531782387,1.0091606456144429,0.7951757445858308
2020-04-21,1.2155330902887331,1.0220847825902712,0.7793719988212435
2020-04-22,1.2219373988055726,1.0166996998390319,0.7893532743611335
2020-04-23,1.2067278624022326,1.029354628897658,0.7851943897218142
2020-04-24,1.1893671663099483,1.0441635294296339,0.7949677567255953
2020-04-27,1.19642116095701,1.0503563386443906,0.8064046299906279
2020-04-28,1.2319978957395046,1.0191229819414942,0.8111873195624005
2020-04-29,1.2102225056991955,1.037135837732533,0.8353087552814995
2020-04-30,1.2365983829853169,1.0597394229875168,0.820544790169837
2020-05-01,1.238840909224978,1.0616612219288315,0.8026616417476533
2020-05-04,1.2398054489653672,1.0624878126813289,0.8012060440225106
2020-05-05,1.2497883422586904,1.071042947253697,0.8005822390900571
2020-05-06,1.2291712168631874,1.0887114003836014,0.7941359639329061
2020-05-07,1.2529187289676325,1.1097452374960877,0.807236422783317
2020-05-08,1.24626945456705,1.1038557887806622,0.8228321806876688
2020-05-11,1.2611512674707186,1.0906745499554098,0.8184653875122407
2020-05-12,1.2793112479768896,1.074969353380942,0.8086920205084597
2020-05-13,1.2906591738506406,1.065434009610603,0.7970472387073182
2020-05-14,1.288620837551973,1.063751371111126,0.7899771586177137
2020-05-15,1.3472098915278206,1.1121164019120484,0.7912247684826207
2020-05-18,1.3285833345836722,1.1274925505129498,0.8271989738630968
2020-05-19,1.3577085574227583,1.1027756427147728,0.8157621005980642
2020-05-20,1.3468712832301448,1.1115780340289452,0.8336452490202478
2020-05-21,1.3475486290159955,1.112137050102989,0.826991065326988
2020-05-22,1.3126310581246836,1.0833194449704884,0.8265751689306433
2020-05-26,1.3306564435385606,1.0684430252780897,0.8479933177355659
2020-05-27,1.3435317363753148,1.0581048821032362,0.8596381788608342
2020-05-28,1.3441753905080491,1.0575979691946735,0.8679559481394724
2020-05-29,1.3744322918380532,1.0337918218520703,0.8683717652116903
2020-06-01,1.3892387926487955,1.0226549768148212,0.8879184992192523
2020-06-02,1.429473929278786,0.9930368413760376,0.8974838783627976
2020-06-03,1.4268989443841706,0.9948256497019297,0.9234768082033838
2020-06-04,1.4017922584191822,0.9773214141880674,0.9218133019421323
2020-06-05,1.4185727747721746,0.9656221357290702,0.9380328647789375
2020-06-08,1.3940235140196449,0.9823328114307345,0.9492618295078612
2020-06-09,1.3980632942990612,0.9851795415464975,0.9328342788108203
2020-06-10,1.481828331046683,1.0442066262551493,0.9301309918966438
2020-06-11,1.454341292686603,1.0248372114650761,0.8744021439724967
2020-06-12,1.4611325454458028,1.029622834052492,0.8906217861334287
2020-06-15,1.4446806820775622,1.01802962559276,0.8864629014941096
2020-06-16,1.4473615354108913,1.0161404966322525,0.8964441770339995
2020-06-17,1.4373081116975244,1.0231986439679526,0.8981076832952511
2020-06-18,1.4433401914927884,1.0189044944974321,0.8918693959983358
2020-06-19,1.4271191040177549,1.0074534595776232,0.8881264077553612
2020-06-22,1.4162149147972498,0.9997558097296465,0.8981076832952511
2020-06-23,1.378791907079915,1.0261740242195845,0.9049698548487467
2020-06-24,1.3599176599496436,1.0402212941755018,0.8810563276657567
2020-06-25,1.3804985339504579,1.0559639115551325,0.8931170851873695
2020-06-26,1.3680968571917245,1.0464776840960424,0.879600729940614
2020-06-29,1.365532540556823,1.0445162000685964,0.8875026028229077
2020-06-30,1.356590710141765,1.0376764606633488,0.8891661090841594
2020-07-01,1.3676224171226348,1.0292381435133016,0.8949885793088568
2020-07-02,1.392522693149842,1.0104988236905603,0.9022665679345703
2020-07-06,1.3701440188534555,1.026738145436263,0.9186941186316112
2020-07-07,1.3534388282148273,1.0142198581471522,0.9039301535199487
2020-07-08,1.3728176442921904,1.0287416671002518,0.9149511303886366
2020-07-09,1.3582568854275698,1.0178303421978407,0.9018506715382257
2020-07-10,1.3498897860548686,1.0241003546741911,0.9114161300058977
2020-07-13,1.328197437549088,1.0076433505335707,0.9058016476414359
2020-07-14,1.3116924065574012,0.99512172968192,0.9203576248928629
2020-07-15,1.3075941888737161,0.9982308621657355,0.9317945774820222
2020-07-16,1.3172541059163092,0.9908563820709724,0.9288833027076101
2020-07-17,1.3075941888737161,0.9835900616177358,0.9357454742611057
2020-07-20,1.3104787557913242,0.9814202513077996,0.9426076458146013
2020-07-21,1.3191325665833231,0.9749393945028183,0.9446870484721975
2020-07-22,1.3067287307670938,0.9841067734960526,0.9509253357691129
2020-07-23,1.3176902831245192,0.9923619971465201,0.941983761558021
2020-07-24,1.3021431037700089,0.9806533049357428,0.9340818886757273
2020-07-27,1.295840065980114,0.9854001678741553,0.9451029448685421
2020-07-28,1.2789365540544986,0.9725461715157654,0.9405281638328783
2020-07-29,1.2610727692564727,0.9861303915140321,0.9527968298906001
2020-07-30,1.2878684464535115,1.0070840052065861,0.9394884625040802
2020-07-31,1.2619480009616542,0.9868148029176697,0.9195259114243004
2020-08-03,1.2664239815616087,0.9833146872946474,0.9380328647789375
2020-08-04,1.2597100640195742,0.9781016671493505,0.9413599566255675
2020-08-05,1.26137089321266,0.9768121166019618,0.9463505547334491
2020-08-06,1.2574957306857195,0.979813062422486,0.9475982439224829
2020-08-07,1.2572189786153352,0.9795974232859084,0.9446870484721975
2020-08-10,1.2527921553138082,0.976148139769449,0.9448949570083064
2020-08-11,1.2808151512493897,0.954313236639462,0.9482220488549364
2020-08-12,1.274496255813396,0.9590213364379593,0.96943228912375
2020-08-13,1.2874088405061117,0.9687376805797262,0.9646495995519774
2020-08-14,1.2759140155869666,0.960088159401617,0.9548762325481963
2020-08-17,1.2756385598283244,0.9602954318424558,0.9634019896870702
2020-08-18,1.2676520237171522,0.9663076631949133,0.9631940018268347
2020-08-19,1.2695797938052849,0.9677771666344914,0.9571636230660282
2020-08-20,1.2786955210008661,0.9747259166698954,0.9557080253408855
2020-08-21,1.2607607339346745,0.9610545606072027,0.9488459331115167
2020-08-24,1.2626680792069604,0.9596006266265162,0.9621543004980365
2020-08-25,1.2743846881324437,0.9685049978163646,0.9636098982231792
2020-08-26,1.258580851370621,0.9805155743958194,0.9725514724342711
2020-08-27,1.2490440210666693,0.9730857691248976,0.9604907149126581
2020-08-28,1.2407241810534644,0.9795674605478562,0.9677687828624983
2020-08-31,1.2444814951306762,0.9825339076158661,0.9613225077053473
2020-09-01,1.2250406577978468,0.9671851202319737,0.9584113122550619
2020-09-02,1.1946828937638991,0.9911529595606114,0.9733832652269602
2020-09-03,1.192065884729031,0.9889817924135417,0.9492618295078612
2020-09-04,1.2092628967951808,1.0032490674318215,0.9513412321654574
2020-09-08,1.1800303233295546,1.0275014877663462,0.937616968382593
2020-09-09,1.1626543819116668,1.0426314427388967,0.9602828063765493
2020-09-10,1.1521777199517371,1.033236305762413,0.9461426461973402
2020-09-11,1.1574479501225896,1.0285101310951252,0.9546683240120875
2020-09-14,1.1649768640431408,1.0218199259393685,0.9590351171875154
2020-09-15,1.1647259417311009,1.0220400139310009,0.9652734044844309
2020-09-16,1.162216335669362,1.0242421781675841,0.9650654959483219
2020-09-17,1.1534703894478469,1.0165345193323623,0.9671448986059181
2020-09-18,1.189203990279176,0.9850430835075745,0.9598669099802046
2020-09-21,1.1926602341988124,0.9821802027942718,0.9301309918966438
2020-09-22,1.2092397879343078,0.9685265997116584,0.9274277049824674
2020-09-23,1.2103396219295994,0.9676457004141529,0.9145352339922921
2020-09-24,1.2051059512358195,0.9718299300737139,0.9137034411996029
2020-09-25,1.2255870172124959,0.9883464138696301,0.9176544173028132
2020-09-28,1.2253138779964372,0.9885666806975969,0.9332501752071649
2020-09-29,1.229683167904578,0.9920917647589632,0.9330421873469292
2020-09-30,1.2203319607186331,0.9845473371520215,0.9297150955002993
2020-10-01,1.2200611222829585,0.9847658459424369,0.9367851755899038
2020-10-02,1.1978486505333406,1.0026945243778702,0.9365772670537948
2020-10-05,1.1808708171217355,1.0169063203255773,0.9536286226832893
2020-10-06,1.1712064628960865,1.025228774188805,0.9401122674365338
2020-10-07,1.1825125009514834,1.0351256419945072,0.9478062317827185
2020-10-08,1.1943324631940824,1.0247789048607547,0.9569557145299192
2020-10-09,1.20229814106419,1.0179440754512188,0.9665210936734646
2020-10-12,1.1835403493258876,1.0338256461834598,0.9729673688306156
2020-10-13,1.186366883344991,1.031356661192434,0.9577875073226084
2020-10-14,1.2028908021400542,1.0457215713711816,0.9555001168047765
2020-10-15,1.195191953438597,1.0390286511597098,0.9421917494182567
2020-10-16,1.200433943597588,1.0435857249825535,0.9482220488549364
2020-10-19,1.1911795375530676,1.035540495927875,0.9440632435397439
2020-10-20,1.178421505361673,1.0466315687393501,0.9513412321654574
2020-10-21,1.1779007592189457,1.0470940767212547,0.9411519687653319
2020-10-22,1.1674952355059698,1.0378440935119184,0.9415678651616765
2020-10-23,1.140659221969118,1.0139882375772626,0.9498856344403147
2020-10-26,1.1557385206226276,1.0005835053214904,0.9280515892390476
2020-10-27,1.1985145193491085,0.963550077789533,0.9157829231813258
2020-10-28,1.1954058815486381,0.9660492783800185,0.8818881204584459
2020-10-29,1.1987795275366502,0.9687756396289747,0.8841755109762778
2020-10-30,1.1812502350864031,0.982941673595727,0.8816802119223369
2020-11-02,1.213925412738541,1.0101313348990164,0.8945726829125122
2020-11-03,1.2339698600119955,0.9934519540497677,0.9193179235640647
2020-11-04,1.2622518403315846,0.9706825254572251,0.9344977850720719
2020-11-05,1.2658213262573534,0.9679375600689399,0.9559160132011212
2020-11-06,1.3020660945798441,0.9402222167676351,0.9586192207911709
2020-11-09,1.3215614707451677,0.9261446012985107,0.9860677483568999
2020-11-10,1.3330938494184221,0.9180627598671451,1.000831792792689
2020-11-11,1.3155206411098914,0.9301649146602893,1.0095653791435453
2020-11-12,1.296299905243217,0.9165745128236071,0.9962570117570254
2020-11-13,1.3099002090403105,0.9069581487579667,1.0108130683325791
2020-11-16,1.3104335682499038,0.9065888576638687,1.0214181488049225
2020-11-17,1.3037667307217884,0.9112011331467966,1.021834045201267
2020-11-18,1.295499815564893,0.9054233952423931,1.01663545923315
2020-11-19,1.2960264535515242,0.9057914619516202,1.023081734390301
2020-11-20,1.2965535198830413,0.9061598280306167,1.0226658379939564
2020-11-23,1.2770365999498938,0.892519474170096,1.0222499415976116
2020-11-24,1.2770365999498938,0.892519474170096,1.0376377909658545
2020-11-25,1.2813871786478732,0.8894788595064219,1.0376377909658545
2020-11-27,1.2629609685731171,0.9022694700224522,1.0411727913485935
2020-11-30,1.2327625010063372,0.8806954420002304,1.0262008383766952
2020-12-01,1.2334944636760858,0.8801725219840588,1.0507381704921388
2020-12-02,1.2295910040120972,0.8773871686338081,1.051362054748719
2020-12-03,1.2405001559457456,0.8696028323008093,1.054689146595349
2020-12-04,1.2325001050291597,0.8752109468199967,1.0640465378786588
2020-12-07,1.2286212728468582,0.8724565483635781,1.0571844456492898
2020-12-08,1.2291030961385272,0.8727986960174249,1.0605115374959198
2020-12-09,1.2303085535262774,0.8736547036537561,1.0600956410995752
2020-12-10,1.2382803593969454,0.8793155646431086,1.059055939770777
2020-12-11,1.2497821098786615,0.887483075451517,1.0521937682172815
2020-12-14,1.2328291436306462,0.8754446005006513,1.0424204805376271
2020-12-15,1.2391376163607744,0.8709648894088677,1.0565606407168362
2020-12-16,1.2486003717349456,0.8643137091209403,1.0619671352210625
2020-12-17,1.24277718037759,0.8683446738995295,1.070076916639465
2020-12-18,1.260004345158165,0.8803815192969136,1.0650863185315835
2020-12-21,1.2629977955761724,0.882473082264194,1.0503222740957943
2020-12-22,1.2454526590172743,0.8702140658255993,1.0478269750418534
2020-12-23,1.2488655110739915,0.867829461446754,1.062383031617407
2020-12-24,1.2573977342090283,0.8619004686588476,1.0652942270676924
2020-12-28,1.2654423007722555,0.8563862105189088,1.0725722950175327
2020-12-29,1.2644671736151238,0.8570461263841842,1.0794343872469014
2020-12-30,1.2788499737064636,0.8667946776807739,1.0786025944542124
2020-12-31,1.2633879901838652,0.8563146641535168,1.0663339283964905
2021-01-04,1.2750724919011291,0.8483949987446633,1.0792264787107926
2021-01-05,1.2911386933698876,0.8377050300868062,1.0892077542506824
2021-01-06,1.2940597955841624,0.8358097867400911,1.102932018033547
2021-01-07,1.3001454793656644,0.8318791537964344,1.1054273170874878
2021-01-08,1.2818884280211587,0.8435606622616989,1.110625903055605
2021-01-11,1.2767764759311369,0.8401966864302253,1.0950301451512532
2021-01-12,1.2816063657447978,0.8433750481041444,1.0993969383266813
2021-01-13,1.2726031781266485,0.8374504022897218,1.0952380536873623
2021-01-14,1.2519689494118473,0.8510289815634164,1.102932018033547
2021-01-15,1.2421317114811945,0.8443420948147847,1.0850488696113634
2021-01-19,1.2336287988937669,0.8385622190095574,1.0935745474261105
2021-01-20,1.2375894152100735,0.8358699802989941,1.1010605239120597
2021-01-21,1.2301340642471954,0.8409053369252506,1.1045955242947987
2021-01-22,1.238521356299132,0.8466387922077366,1.0979413406015386
2021-01-25,1.2330892557564437,0.8429254714650446,1.0904553641155896
2021-01-26,1.2028883516309445,0.8635704582166648,1.0952380536873623
2021-01-27,1.1914167146048764,0.8553348087237879,1.0684134103782135
2021-01-28,1.216223495305182,0.8731439453300219,1.0786025944542124
2021-01-29,1.2001796382428833,0.8616258347954353,1.0561447443204917
2021-02-01,1.1866525026004449,0.8519145139490235,1.070076916639465
2021-02-02,1.1873365557499707,0.8514234225763457,1.082137674161078
2021-02-03,1.1889327377557946,0.85027882146062,1.0827614790935314
2021-02-04,1.1814078051694286,0.8448972800092649,1.084217076818674
2021-02-05,1.1852354620968932,0.8421598874571987,1.0910792483721699
2021-02-08,1.1910896367863766,0.8380002489251827,1.0946142487549086
2021-02-09,1.1865864453078279,0.8411685038267727,1.1000208225832615
2021-02-10,1.178931045561665,0.8357416078967378,1.0958619379439425
2021-02-11,1.1869328534168448,0.830069144025212,1.102932018033547
2021-02-12,1.1980464565956914,0.8222969612508076,1.110417994519496
2021-02-16,1.1867105338708324,0.830077540007422,1.1208151664557306
2021-02-17,1.1918227811582944,0.8336534429181717,1.1102100066592604
2021-02-18,1.1882356580643336,0.8311443303514985,1.1054273170874878
2021-02-19,1.1857842955666469,0.8328590037226947,1.1087544089341177
2021-02-22,1.18623000556718,0.8331720569385124,1.106467018416286
2021-02-23,1.1757481562525367,0.8258099231929364,1.1060511220199414
2021-02-24,1.1555900095143883,0.8399683954142332,1.1158244890237223
2021-02-25,1.166764703384365,0.8480909904539342,1.0966937307366316
2021-02-26,1.14799996018186,0.8344513854829705,1.0860885709401615
2021-03-01,1.1443225101804508,0.8317783424906744,1.1035558229660005
2021-03-02,1.1376594459719604,0.8366215509864795,1.1070909026728661
2021-03-03,1.150555609352218,0.8461052398418454,1.1006446275157151
2021-03-04,1.1452788870374726,0.8422247995020603,1.0881680529218845
2021-03-05,1.1431003414447067,0.8406227223609899,1.093158651029766
2021-03-08,1.160679853094008,0.8276949535513546,1.0952380536873623
2021-03-09,1.1682759751704006,0.8222780662913316,1.1120815007807476
2021-03-10,1.178910430170484,0.8147931232818211,1.119359568730588
2021-03-11,1.1797785726004637,0.8141931146095132,1.1295487528065868
2021-03-12,1.1825999941025878,0.8161402443623254,1.130380545599276
2021-03-15,1.1836903333604165,0.8168927132890629,1.1276772586850994
2021-03-16,1.1784470120283566,0.8132741731448403,1.1266375573563014
2021-03-17,1.1648046304433433,0.8226891035490348,1.131628155464183
2021-03-18,1.1632888102672305,0.8216184959044266,1.1185277759378986
2021-03-19,1.1587531700450793,0.8184150215269574,1.1199833736630413
2021-03-22,1.1431088332876893,0.8294644499428264,1.1243501668384694
2021-03-23,1.1461091058505728,0.8316415124924116,1.1091703053304622
2021-03-24,1.1398614989854534,0.8271081140609334,1.1062591098801768
2021-03-25,1.1541390292379707,0.8167480298479669,1.1122894886409833
2021-03-26,1.1498770520031827,0.8197640976020123,1.1262216609599567
2021-03-29,1.148385372164575,0.8187006573196994,1.1220627763206377
2021-03-30,1.1496605955628967,0.8196097826531819,1.1235183740457804
2021-03-31,1.1309150305531608,0.8062457963404926,1.1222707641808733
2021-04-01,1.149265404829104,0.7931635472576263,1.1405697296752748
2021-04-05,1.1391623915457794,0.800136124540577,1.1590767623540386
2021-04-06,1.136894363340176,0.7985430845032232,1.148887498953913
2021-04-07,1.1449035414996593,0.7929175188939265,1.1511748894717448
2021-04-08,1.1481893601891937,0.7906418833417574,1.1592846708901476
2021-04-09,1.1424391970675332,0.7946014391063944,1.1626117627367776
2021-04-12,1.1356622302941615,0.7898878512281774,1.1567893718362068
2021-04-13,1.1358652154357811,0.7897466688474764,1.1636514640655757
2021-04-14,1.145403426855895,0.7831149218818755,1.1638594519258114
2021-04-15,1.1587975818052973,0.7739573077513963,1.1736327396054655
2021-04-16,1.1575799806201734,0.7747705398032662,1.18735700338833
2021-04-19,1.138097587496706,0.7878101435366008,1.186109393523423
2021-04-20,1.1275446826169393,0.7805052466636152,1.1661468424436432
2021-04-21,1.131130519939235,0.7829874231013935,1.1769598314520955
2021-04-22,1.1427586268874501,0.7749382534128065,1.173216843209121
2021-04-23,1.1457659170233168,0.7728989214746688,1.185277600730734
2021-04-26,1.1449639627899437,0.7734398954666831,1.1883967840412548
2021-04-27,1.1413552452183298,0.7710021539900372,1.1875649912485657
2021-04-28,1.1427498082760108,0.7700601062570009,1.1913079794915402
2021-04-29,1.127011081198769,0.7806658974439057,1.192763577216683
2021-04-30,1.1124677264558196,0.7705919050301192,1.176336026519642
2021-05-03,1.09363542587475,0.7836367943655606,1.1915158880276493
2021-05-04,1.079074329784853,0.7732031430843679,1.1713454284117604
2021-05-05,1.0868252109405263,0.7676493035518912,1.1869411863161121
2021-05-06,1.1028940880315805,0.7562994911040055,1.1954668641308595
2021-05-07,1.0941979915379585,0.7622627594033723,1.2131420246928073
2021-05-10,1.081342861018992,0.7712181654063617,1.203576645549262
2021-05-11,1.0928746756417682,0.7794427029122579,1.189436485370053
2021-05-12,1.083797940701988,0.7729691383098702,1.1767519229159866
2021-05-13,1.0630944725577938,0.7582033398796959,1.1865252899197676
2021-05-14,1.0618147427779892,0.7591160484095943,1.209191127913724
2021-05-17,1.0605350129981843,0.7582011398343603,1.2077355301885813
2021-05-18,1.049045104598696,0.7664155425068909,1.209191127913724
2021-05-19,1.0337252499234244,0.7552231021812994,1.1960906690633129
2021-05-20,1.0353194142355227,0.7540584312813104,1.213557921089152
2021-05-21,1.0411646383336322,0.7498011552626214,1.2154294152106393
2021-05-24,1.0429359695522844,0.7485255201275058,1.2222915074400083
2021-05-25,1.039393374684357,0.7510680757047716,1.2243709894217312
2021-05-26,1.0367364116410673,0.7491481480154611,1.220212104782412
2021-05-27,1.0399084141880428,0.7468560515800658,1.223331288092933
2021-05-28,1.0473099327304727,0.7415403248882957,1.2270741970117809
2021-06-01,1.0480148520630483,0.741041211784751,1.2358078626867637
2021-06-02,1.041142056632454,0.745900899263617,1.2366396554794528
2021-06-03,1.0333881456485439,0.7403457983637305,1.2285298740610502
2021-06-04,1.0384231507901491,0.7367385914134439,1.237679356808251
2021-06-07,1.0385967419673894,0.7366154322568857,1.2437097355690574
2021-06-08,1.0375549962112622,0.7373542810992167,1.2439176441051663
2021-06-09,1.023318135365334,0.7474719233760041,1.2426699549161326
2021-06-10,1.020019306919712,0.7450623289811424,1.2256185992866382
2021-06-11,1.0177767954037709,0.7434243101304211,1.2295695753898483
2021-06-14,1.018120298650242,0.7431734018122235,1.232272782979898
2021-06-15,1.008158966568761,0.7504446418212773,1.2326886793762426
2021-06-16,1.016918135562411,0.7569647161905643,1.2206280011787565
2021-06-17,1.0370152923927105,0.771924463769332,1.2100228413822864
2021-06-18,1.0221072943274687,0.7608273772588391,1.186109393523423
2021-06-21,1.0215773605076137,0.7604329097107463,1.2031607491529175
2021-06-22,1.0146950915271813,0.765555873500392,1.203784554085371
2021-06-23,1.0048128194449748,0.7581000067092403,1.1956747726669683
2021-06-24,1.0061973015404762,0.7570554580474624,1.2073196337922367
2021-06-25,0.9985824849679992,0.7627847900973477,1.2089831400534883
2021-06-28,0.9973710383773525,0.7618594053171509,1.1998336573062875
2021-06-29,1.0058306796961436,0.7683214510918268,1.2012892550314302
2021-06-30,1.0003870885884436,0.7641632683047577,1.1910999916313045
2021-07-01,0.9974340763841378,0.7619075580070865,1.1975462667884555
2021-07-02,1.0034780586368293,0.7665243601274633,1.2010812671711946
2021-07-06,0.9980594978099415,0.762385297160522,1.193803278545481
2021-07-07,1.0105093252797952,0.7718953167896414,1.200249553702632
2021-07-08,0.9957948587836537,0.7606554128191513,1.185277600730734
2021-07-09,1.0011328142619358,0.7565779216650972,1.2025369442204639
2021-07-12,0.9956226285308474,0.7607420893050211,1.2089831400534883
2021-07-13,0.9949338388928125,0.7602157942477227,1.2023289563602284
2021-07-14,0.9856482326324639,0.7673108032446406,1.2031607491529175
2021-07-15,0.9925264740688197,0.7726654001349987,1.1919317844239938
2021-07-16,1.0129279883809517,0.7885476406909824,1.1836140151453556
2021-07-19,1.007477268673121,0.7843043457924498,1.1592846708901476
2021-07-20,0.9877051488415808,0.768912078401812,1.165522958187063
2021-07-21,0.9885692696213587,0.7682393747052194,1.1883967840412548
2021-07-22,0.9973834070601969,0.7613897106071512,1.189436485370053
2021-07-23,1.0020497383848253,0.7578274930770561,1.2000415658423964
2021-07-26,0.9987660530503933,0.7603108698294492,1.2056560482068583
2021-07-27,0.993754060228216,0.7564954892299882,1.2017051514277748
2021-07-28,0.986396781563868,0.7508947592854895,1.2077355301885813
2021-07-29,0.9823507530696688,0.7539747993352929,1.2166770250755463
2021-07-30,0.9781361025404409,0.750739966688081,1.2116864269676648
2021-08-02,0.9851561874487244,0.7453519043350975,1.216885012935782
2021-08-03,0.9843204721635939,0.7459841918720282,1.2256185992866382
2021-08-04,0.9891677100827359,0.7423106292832359,1.22457889795784
2021-08-05,0.9848218885824744,0.7455719058693285,1.2306092767186465
2021-08-06,0.9858247214202354,0.7463311131927908,1.2252027028902936
2021-08-09,0.9846523220159878,0.7454435333487612,1.2239550930253864
2021-08-10,0.9925055002090827,0.7394981851589633,1.225410690750529
2021-08-11,0.9926725606275952,0.7393737114142073,1.2351840577543103
2021-08-12,0.9991890005158269,0.7345200622488437,1.2353919662904191
2021-08-13,0.9950117889219152,0.7375907983342116,1.2435017477088217
2021-08-16,1.0037003966859543,0.7440315633667889,1.2383031617407045
2021-08-17,1.006760982514255,0.746300340450237,1.2274900934081254
2021-08-18,1.017538496027892,0.754289587296442,1.223747105165151
2021-08-19,1.0131691277923496,0.7510506248630806,1.2106467256388667
2021-08-20,1.0046784368757962,0.7447565733138671,1.2158453116069838
2021-08-23,1.0057008603300783,0.7439986625631847,1.2260344956829827
2021-08-24,1.0075752708283732,0.7426120087789092,1.2272821848720166
2021-08-25,1.0131985023232577,0.7467564924290606,1.2295695753898483
2021-08-26,1.0023427855382463,0.738755516341364,1.2227074038363528
2021-08-27,1.002848743132875,0.7383826110145043,1.2358078626867637
2021-08-30,1.0001501953974345,0.7403695115680384,1.2364316676192173
2021-08-31,0.9935724893134521,0.7355003098590881,1.2331045757725871
2021-09-01,0.9993984677582072,0.7311875807955945,1.24121435719099
2021-09-02,0.995070590799508,0.734353975367432,1.24849242514083
2021-09-03,0.9979003027744409,0.7364422797120184,1.2430858513124772
2021-09-07,1.008446826011873,0.7442255277924289,1.2395508509297382
2021-09-08,1.011866462094471,0.7467491913141777,1.2264503920793273
2021-09-09,1.0141042957730992,0.7484006943063336,1.2222915074400083
2021-09-10,1.0198102190003475,0.744189769529927,1.2195882998499583
2021-09-13,1.0170436967776317,0.746208593716,1.2264503920793273
2021-09-14,1.017216641518541,0.7460817035417495,1.2231233002326973
2021-09-15,1.0166978732549057,0.7464621962451511,1.223331288092933
2021-09-16,1.031567954936663,0.7573798485020339,1.2227074038363528
2021-09-17,1.0525767663016272,0.7728045718977713,1.204824255414169
2021-09-20,1.040893811638964,0.7642269165042328,1.1802869232987256
2021-09-21,1.0505065047111621,0.7571692525007355,1.1933873821491365
2021-09-22,1.0635653097812587,0.7477569112832992,1.2044083590178245
2021-09-23,1.0512320092568168,0.756428039065741,1.2193803119897229
2021-09-24,1.0541339582515137,0.758516175241388,1.2052401518105138
2021-09-27,1.0793018822571403,0.7766260912592524,1.2019130599638836
2021-09-28,1.0823626433715885,0.7788285028177508,1.173216843209121
2021-09-29,1.0862103012461677,0.7815971364546979,1.169889751362491
2021-09-30,1.0792350565391347,0.7866162669884749,1.1657309460472987
2021-10-01,1.085356199749774,0.782154782168388,1.173216843209121
2021-10-04,1.0797456061640023,0.7861980194069337,1.1665626595158611
2021-10-05,1.0872132446094258,0.7807605881065212,1.1725930382766674
2021-10-06,1.0790591808239072,0.7749049092245676,1.1644832568582648
2021-10-07,1.0802067354997835,0.7740808156366132,1.173216843209121
2021-10-08,1.0729390351350159,0.7688727501420402,1.1744645323981548
2021-10-11,1.0689226302483943,0.7717509232438997,1.1665626595158611
2021-10-12,1.052977058402978,0.7832634588055168,1.1709295320154158
2021-10-13,1.0638476902234861,0.7751772724910246,1.1883967840412548
2021-10-14,1.0725072960471007,0.7688674128326494,1.2006654500989766
2021-10-15,1.0680853846233431,0.77203742725464,1.210438737778631
2021-10-18,1.0621894558683234,0.7677757102301088,1.2054481396707493
2021-10-19,1.0661983582753836,0.7648779805682118,1.2121023233640094
2021-10-20,1.0665628165875374,0.7646165225237139,1.2166770250755463
2021-10-21,1.0609138170191277,0.7686662778110349,1.2170929214718909
2021-10-22,1.0564061954425306,0.7719321950264398,1.2235391966290419
2021-10-25,1.0515379558861042,0.768374897783278,1.2183406106609247
2021-10-26,1.048143549213017,0.7708552427540598,1.2239550930253864
2021-10-27,1.0372458463885703,0.7628405472836657,1.2200041169221763
2021-10-28,1.0302469264656335,0.7679878900500859,1.2326886793762426
2021-10-29,1.020448425224065,0.7606836893765824,1.2243709894217312
2021-11-01,1.0180449568526024,0.7624753322885723,1.2360157712228725
2021-11-02,1.0273155338479025,0.7555320374690081,1.2331045757725871
2021-11-03,1.0247403517415632,0.7574259371712436,1.244333540501511
2021-11-04,1.0233669038209552,0.7564107677415882,1.24121435719099
2021-11-05,1.0223395754097195,0.755651428867755,1.2428779427763683
2021-11-08,1.0228521767527008,0.7552725450344572,1.244125631965402
2021-11-09,1.011403580354275,0.7468189182686005,1.2447494368978556
2021-11-10,1.0076443300169884,0.7495947431963804,1.2308171852547554
2021-11-11,1.0052698208174022,0.747828326653699,1.2353919662904191
2021-11-12,1.0025688465101066,0.745819050084631,1.2383031617407045
2021-11-15,1.0054386035382241,0.747953885480858,1.2349760698940746
2021-11-16,1.003740827042044,0.746690895853717,1.2314410695113356
2021-11-17,1.0028948008145186,0.7460615301203251,1.233520472168932
2021-11-18,1.0159018661608052,0.7557375909262484,1.2345601734977298
2021-11-19,1.0245699710465883,0.7621858640542759,1.2185485191970336
2021-11-22,1.028096836328025,0.7648095275793634,1.208151347260799
2021-11-23,1.034489158932942,0.7695648279157236,1.2039925419456066
2021-11-24,1.0587603217778558,0.7876203416896204,1.1965065654596576
2021-11-26,1.0525422606749202,0.7922460074893335,1.1684341536373484
2021-11-29,1.059991278843924,0.7866391495753103,1.175296325190844
2021-11-30,1.0656576470013783,0.7824340328752729,1.1669785559122057
2021-12-01,1.0534394412080468,0.791404962760942,1.1607402686152903
2021-12-02,1.0607161104564478,0.7859383057037973,1.17404863600181
2021-12-03,1.0497438028116748,0.7940682443320348,1.1659388545834075
2021-12-06,1.0706830363865907,0.7782289696461953,1.1779996121050205
2021-12-07,1.0730920004101931,0.7764780073853847,1.201497163567539
2021-12-08,1.063085599716126,0.7837185329592022,1.2042004504817156
2021-12-09,1.0595647898306366,0.7811229527359157,1.192971485752792
2021-12-10,1.0834952524340322,0.798764756039033,1.1969224618560022
2021-12-13,1.091583877312449,0.792801731777334,1.169889751362491
2021-12-14,1.0775089897405086,0.8030241209803323,1.1611561650116349
2021-12-15,1.0754134711181182,0.8014624152166075,1.176128117983533
2021-12-16,1.0604218785324937,0.7902897841083829,1.1784154291772382
2021-12-17,1.0604218785324937,0.7902897841083829,1.161987957804324
2021-12-20,1.0467586539938152,0.8004724359279018,1.161987957804324
2021-12-21,1.060629131231625,0.7898654687347768,1.1769598314520955
2021-12-22,1.0667321750797312,0.7853204459291185,1.1925555893564472
2021-12-23,1.078753283572058,0.7764705935460209,1.199417760909943
2021-12-27,1.0802327644586653,0.7754056851747942,1.2129341161566984
2021-12-28,1.0820821332041484,0.7740781832822269,1.21459762241795
2021-12-29,1.0878152186444834,0.7781794027978984,1.2166770250755463
2021-12-30,1.0885628750723175,0.7787142462368741,1.2102308292425221
2021-12-31,1.0788301860278329,0.7717518706252401,1.2093990364498328
2022-01-03,1.0812202520770693,0.7700421131784194,1.220212104782412
2022-01-04,1.0722115847426272,0.7764580614718487,1.2229153916965885
2022-01-05,1.0766239388440284,0.7732627892318796,1.2127261282964628
2022-01-06,1.0708775410815754,0.7691355583562582,1.2077355301885813
2022-01-07,1.084632604691896,0.7592562695260299,1.2141817260216055
2022-01-10,1.0725895059350234,0.7676865879547056,1.1985859681172537
2022-01-11,1.0817915437558963,0.76110039540122,1.2118943355037737
2022-01-12,1.0753501453636762,0.7656322766971618,1.2222915074400083
2022-01-13,1.0722214159974714,0.7678598824664498,1.2150135188142948
2022-01-14,1.088048862076352,0.7791945384475256,1.2114784391074291
2022-01-18,1.085395096004069,0.7772940722994391,1.1935953700093722
2022-01-19,1.0780384151171425,0.7720256640799266,1.1965065654596576
2022-01-20,1.0946381514503558,0.7601379407052374,1.1883967840412548
2022-01-21,1.1109789406233894,0.7487905801048139,1.1700977392227268
2022-01-24,1.1179939312757088,0.7440625346595668,1.1526304871968875
2022-01-25,1.1157612561501982,0.7425766143280824,1.1453524985711743
2022-01-26,1.1141439579178825,0.7415002480005263,1.1476398097648792
2022-01-27,1.1105049404942953,0.7439221363955509,1.1459763035036277
2022-01-28,1.1275772408975133,0.7553587916737305,1.1497192917466021
2022-01-31,1.1412351118675113,0.7462094469206193,1.1673944523085502
2022-02-01,1.14806404735251,0.7417442704479301,1.1815346124877593
2022-02-02,1.1319959863932652,0.7521255659699111,1.188604692577364
2022-02-03,1.135611309686415,0.754527674379048,1.171969233344214
2022-02-04,1.1339942457555772,0.7534532579157298,1.1682262451012393
2022-02-07,1.130769238437764,0.7513104848994616,1.169889751362491
2022-02-08,1.1117293292905208,0.7639610619470121,1.173216843209121
2022-02-09,1.0985521234814708,0.7730162086253862,1.192971485752792
2022-02-10,1.1190930054198542,0.758562242956912,1.178831325573583
2022-02-11,1.1305595281471896,0.7507898137156974,1.1567893718362068
2022-02-14,1.1055090439976587,0.7674255129954489,1.1449366021748295
2022-02-15,1.1102234013515055,0.764152886570217,1.1703056477588356
2022-02-16,1.090973252443287,0.7509032497518839,1.175296325190844
2022-02-17,1.0980447510079727,0.7460360257012975,1.1549178777147195
2022-02-18,1.114959146762079,0.7575280423736132,1.1474319012287704
2022-02-22,1.1239888675445127,0.7513930492419256,1.1297567406668223
2022-02-23,1.1450544990624085,0.737310552913454,1.120607178595495
2022-02-24,1.1114910806794682,0.7589223299824532,1.099604926186917
2022-02-25,1.0863738013708089,0.7760723228767685,1.1318361433244186
2022-02-28,1.1155752082357775,0.7552117280903609,1.1062591098801768
2022-03-01,1.1004911153252805,0.7654232170061349,1.076523191796616
2022-03-02,1.1294348713624156,0.7452920023605388,1.0910792483721699
2022-03-03,1.177185490710988,0.7137823017034978,1.062383031617407
2022-03-04,1.2166415192053266,0.6898582769367992,1.017467252025839
2022-03-07,1.1878270303997405,0.7061966258131551,0.9833645407668501
2022-03-08,1.2496598060615116,0.7429579525210593,1.0066541836932599
2022-03-09,1.2261044896952675,0.756962251557936,1.059055939770777
2022-03-10,1.237391494021203,0.749993974156042,1.0390933886909972
2022-03-11,1.2141482198124633,0.7640819290841632,1.0295279302233251
2022-03-14,1.2220917397692173,0.7590829512384332,1.0488666763706516
2022-03-15,1.2699932550251471,0.7888362196601072,1.0557288479241471
2022-03-16,1.277936774981901,0.7839022279017366,1.0971095478088495
2022-03-17,1.2894909106992727,0.776814778109508,1.103971719362345
2022-03-18,1.3024893478153565,0.7846452932068384,1.113952994902235
2022-03-21,1.28603318212051,0.7747317741609048,1.1027240301733112
2022-03-22,1.2635215561661763,0.7882932219970255,1.1166562818164114
2022-03-23,1.256336940266427,0.7927756022055666,1.0971095478088495
2022-03-24,1.2546795109385172,0.7938214757220043,1.1033479144298917
2022-03-25,1.2532626521777315,0.794717906167047,1.1048035121550341
2022-03-28,1.2221608217374034,0.8144401738996331,1.1060511220199414
2022-03-29,1.2210397960442505,0.8151872182691128,1.1334996495856702
2022-03-30,1.2448058486426932,0.8310538447048165,1.1324599482568722
2022-03-31,1.2312855321196123,0.8400802411026033,1.110417994519496
2022-04-01,1.2301450479082054,0.8393021126942859,1.1224786727169822
2022-04-04,1.2417565956381669,0.8472244276749291,1.1235183740457804
2022-04-05,1.2568377554855397,0.8575139860837557,1.112913293573437
2022-04-06,1.2504192426016456,0.853134769638534,1.0993969383266813
2022-04-07,1.24971335153431,0.8526531549987365,1.1050114206911432
2022-04-08,1.2593500320135884,0.8592280595592772,1.1056352256235966
2022-04-11,1.2696137945472736,0.866230809026393,1.0971095478088495
2022-04-12,1.2562698886820123,0.8571265424983509,1.0881680529218845
2022-04-13,1.261733986516465,0.8533985033827826,1.099604926186917
2022-04-14,1.2662873109399322,0.8564782335714981,1.0948222366151443
2022-04-18,1.2621837776101932,0.8592537387410538,1.0908712605119342
2022-04-19,1.2518714196670901,0.8662740572358966,1.0944063402187998
2022-04-20,1.2405465479590878,0.8584374356723369,1.1033479144298917
2022-04-21,1.2608369768533716,0.8443967986826514,1.0933666388900016
2022-04-22,1.2703444331529312,0.838029547554755,1.075483490467818
2022-04-25,1.3126645692555106,0.8101115092771545,1.0673737090494153
2022-04-26,1.3063154820594853,0.8140298511989004,1.0318153207411571
2022-04-27,1.2895477102790573,0.8244786799503133,1.0368059981731654
2022-04-28,1.2760138743920677,0.8158257553180368,1.0501143655596852
2022-04-29,1.2836746317875336,0.8109278123458715,1.0390933886909972
2022-05-02,1.273595363855379,0.8172951257537,1.032855022069955
2022-05-03,1.2952204954220425,0.8311724647616829,1.0409648828124844
2022-05-04,1.2517157641708108,0.8032544887640144,1.0586400433744325
2022-05-05,1.2713056360499904,0.7906832222099921,1.023081734390301
2022-05-06,1.310156178018609,0.7665202901523668,1.0070700800896046
2022-05-09,1.2970407361629113,0.7741936137342239,0.9762944606772456
2022-05-10,1.3036052030106773,0.7702753340924101,0.9860677483568999
2022-05-11,1.308578694592976,0.7673365932210837,0.9810771502490183
2022-05-12,1.271548650765576,0.7890506160725582,0.9773341620060437
2022-05-13,1.266549840745174,0.7921525926456551,1.0049906774320083
2022-05-16,1.296568995819633,0.8109278123458713,1.0089415742110919
2022-05-17,1.2584576687281046,0.7870914139717192,1.032855022069955
2022-05-18,1.2427954099445098,0.7968872376361177,1.0024952990539409
2022-05-19,1.2374484341007848,0.8003157478926878,1.0149719529718981
2022-05-20,1.2642068393899448,0.8176216594371728,1.0193387461473262
2022-05-23,1.2639543480047863,0.8174583614554702,1.041380779208829
2022-05-24,1.26748845701902,0.8151726879510902,1.0411727913485935
2022-05-25,1.2502264395483256,0.8262745840694494,1.0382615958983081
2022-05-26,1.265048291889529,0.836070345453916,1.0524017560775172
2022-05-27,1.2613428759217475,0.8336214362477653,1.0648783306713479
2022-05-31,1.242568429105515,0.8212134053955136,1.0617592266849536
2022-06-01,1.2141597688439965,0.8399886873756618,1.0459554809203662
2022-06-02,1.198112557938204,0.8288867912573026,1.0698690081033562
2022-06-03,1.1924488893963878,0.8328050708991165,1.0557288479241471
2022-06-06,1.1950203481292392,0.8346009750182528,1.0607194460320286
2022-06-07,1.21161783190909,0.8230093095146499,1.0630068365498606
2022-06-08,1.2688217942740916,0.7841526731003927,1.048242871438198
2022-06-09,1.3034283629818564,0.7627652462123232,0.9987523108109663
2022-06-10,1.3480663833070268,0.736643112053859,0.9715117711054729
2022-06-13,1.3665903136604356,0.7265208169859193,0.9382407733150465
2022-06-14,1.3349591596184316,0.7433368968652286,0.9253483023248712
2022-06-15,1.3027067309348186,0.7253779802337292,0.9467664511297937
2022-06-16,1.3035863080548151,0.7248882108484855,0.9238927045997285
2022-06-17,1.2833279132025044,0.7361533426686152,0.923268899667275
2022-06-21,1.2759279774677468,0.7319085293433283,0.937616968382593
2022-06-22,1.2830433462238988,0.7278269517198119,0.9322104738783668
2022-06-23,1.2407358021845363,0.7518265857957346,0.9270118879102495
2022-06-24,1.2383109072145488,0.7503572153600714,0.9575795194623729
2022-06-27,1.2261864323646123,0.7430103631817554,0.9557080253408855
2022-06-28,1.2337305043688962,0.7384390161729952,0.9463505547334491
2022-06-29,1.2410952579463432,0.7340309048660058,0.9405281638328783
2022-06-30,1.2408191546523542,0.7341942028477084,0.9349136814684165
2022-07-01,1.2755853263912575,0.7136230167484239,0.9351216693286521
2022-07-05,1.272958859303207,0.7150923871840871,0.9089207516278303
2022-07-06,1.25406787265159,0.7257045139172025,0.9107922457493175
2022-07-07,1.2554785011280465,0.7265208169859193,0.924308600996073
2022-07-08,1.2354472969398214,0.7149291514823164,0.9253483023248712
2022-07-11,1.2354472969398214,0.7149291514823164,0.9105843372132085
2022-07-12,1.2371401156860018,0.7139495504318969,0.9105843372132085
2022-07-13,1.2569434322629156,0.7025211206300646,0.9093366480241748
2022-07-14,1.2318220715938655,0.7165617576197502,0.8947805914486212
2022-07-15,1.2393999373454923,0.7209698689267398,0.9126637398708048
2022-07-18,1.279253886069186,0.7441532622138776,0.9182782222352667
2022-07-19,1.2652208251358974,0.7359901069668447,0.9478062317827185
2022-07-20,1.2495038654114197,0.7451328009843651,0.937409059846484
2022-07-21,1.2538842429416615,0.7425205937965119,0.9490538416476255
2022-07-22,1.2425805412386501,0.7492143786078815,0.9457267498009956
2022-07-25,1.2238971923950375,0.7379492467877518,0.9542524276157428
2022-07-26,1.1951952451824128,0.7552550960523049,0.9399043589004248
2022-07-27,1.2024295249299923,0.7598265053409969,0.9619463126378008
2022-07-28,1.2215484605182538,0.7719079402298435,0.9677687828624983
2022-07-29,1.218448111231192,0.7699488004089367,0.9831565529066145
2022-08-01,1.1995874970175493,0.7580306012218606,0.9806612538526737
2022-08-02,1.1882194839261053,0.7652141554184739,0.9654813923446665
2022-08-03,1.198106509402104,0.7715814065463705,0.9746308750918673
2022-08-04,1.1864448945692785,0.764071318666284,0.9827406565102699
2022-08-05,1.1839096978396206,0.7657039870836497,0.9731752773667246
2022-08-08,1.1786085366282608,0.7622754145471476,0.9752547593484475
2022-08-09,1.1518506290646526,0.7795813260916327,0.9708878868488927
2022-08-10,1.150644521155523,0.7787650230229157,0.9929299199103955
2022-08-11,1.1573987990627574,0.7833363700316759,0.9918902185815973
2022-08-12,1.1687364158528737,0.7756629841698868,0.9977126094821681
2022-08-15,1.167260394121789,0.7766425852203062,0.9879392424783872
2022-08-16,1.1787931629600308,0.768969199358517,0.9891869316674209
2022-08-17,1.1845494664983651,0.7652141554184738,0.9794135646636399
2022-08-18,1.201229698735562,0.7544387929835878,0.9746308750918673
2022-08-19,1.2280045342228132,0.7376227131042785,0.9609066113090028
2022-08-22,1.2280045342228132,0.7376227131042785,0.9394884625040802
2022-08-23,1.2252865488574611,0.7392553192417123,0.9394884625040802
2022-08-24,1.213650647705949,0.746275637736555,0.9415678651616765
2022-08-25,1.177275672332055,0.723908609798066,0.9505094393727682
2022-08-26,1.175417103601707,0.7250514465502561,0.9220212104782411
2022-08-29,1.1844160226729101,0.7195004984910764,0.9234768082033838
2022-08-30,1.1935537951082393,0.7139495504318969,0.9164067281137793
2022-08-31,1.2132052974738585,0.7021945869465914,0.9093366480241748
2022-09-01,1.2202571769485113,0.6981130093230751,0.8943646950522766
2022-09-02,1.216261856050367,0.7003987451073872,0.8891661090841594
2022-09-06,1.2332724675143711,0.7101945064918538,0.8920773838585714
2022-09-07,1.236391104851299,0.7083986023727175,0.9045539584524022
2022-09-08,1.2019123741307562,0.7281534231233531,0.9022665679345703
2022-09-09,1.224279851830888,0.7417042907277949,0.9274277049824674
2022-09-12,1.180892414114664,0.7154189208675601,0.9446870484721975
2022-09-13,1.179275454574516,0.7163985219179796,0.9112081421456621
2022-09-14,1.1911005244576682,0.7092149054414342,0.9124558313346959
2022-09-15,1.2015198371222024,0.7030109522952402,0.9033062692633684
2022-09-16,1.1984505540803192,0.7048067941344446,0.8954044757052014
2022-09-19,1.2248236005775617,0.7203167392798614,0.8976917868989066
2022-09-20,1.2399090770002332,0.729188483082102,0.8779372236793623
2022-09-21,1.2476399883396432,0.7337350192894707,0.8671241553467832
2022-09-22,1.2967145496726957,0.7625956878660275,0.8617175815184304
2022-09-23,1.3188639156381763,0.7495696822748158,0.8278228581196772
2022-09-26,1.3252678859170848,0.745930017931633,0.813682697940468
2022-09-27,1.2891922354652883,0.7662352791353196,0.8097317218372578
2022-09-28,1.272755088559765,0.7760047467917831,0.8317737548987606
2022-09-29,1.2711436228548239,0.7769872649899555,0.8211686744264172
2022-09-30,1.2994340343599167,0.7942797951695235,0.8222083757552152
2022-10-03,1.3592298831107952,0.8308300418476713,0.8405073412496168
2022-10-04,1.3386549937849046,0.8434064546914783,0.8791848335442695
2022-10-05,1.3672669569184723,0.8253797678302011,0.8658764661577495
2022-10-06,1.3931024460647883,0.8097836255220261,0.8473695128031123
2022-10-07,1.3997229451805426,0.8059352568741459,0.8313578585024161
2022-10-10,1.4169601046865958,0.7960104109450825,0.8274069617233325
2022-10-11,1.4198444303820943,0.794390073664887,0.8172176983232069
2022-10-12,1.380022231037409,0.8166702328104979,0.8155541920619553
2022-10-13,1.3608552084579848,0.8053275627866566,0.8384279385920206
2022-10-14,1.4032964261107606,0.8304434473874416,0.8267830774667523
2022-10-17,1.4200675871883395,0.840368293316505,0.8525680987712296
2022-10-18,1.3957665010680118,0.8259873846520721,0.8627573621713552
2022-10-19,1.3981623625698572,0.8245695605572942,0.8479933177355659
2022-10-20,1.3727474149319578,0.8395580860435982,0.8465377200104232
2022-10-21,1.3641367510670135,0.8448242787862563,0.861925569378666
2022-10-24,1.3978232632464112,0.8656866911027075,0.8673320638828922
2022-10-25,1.4148298934743757,0.8762190765880238,0.8887502920119414
2022-10-26,1.4037100969341214,0.869332469299552,0.8995632810203938
2022-10-27,1.3899738189675948,0.8778394911338375,0.8924932009307893
2022-10-28,1.4044059665633286,0.8687248524776809,0.9012268666057722
2022-10-31,1.3975296790510137,0.8729783247620145,0.8918693959983358
2022-11-01,1.3728865178451184,0.8575847729048754,0.8962361891737639
2022-11-02,1.3874779202596939,0.8484701342487189,0.8804325227333032
2022-11-03,1.3252086433420363,0.8865490261535405,0.8710750521258668
2022-11-04,1.3336860662017298,0.8808777297744289,0.910168440816864
2022-11-07,1.347916124998693,0.871479009786805,0.9159908317174348
2022-11-08,1.3303556170793576,0.8828325456404628,0.9257641987212157
2022-11-09,1.2549667271609186,0.9328610979653064,0.9137034411996029
2022-11-10,1.280914754324378,0.9135730128026832,0.9654813923446665
2022-11-11,1.2674001439548728,0.9232118925723486,0.9854439434244463
2022-11-14,1.271184218361007,0.9204554604299153,0.9750467714882118
2022-11-15,1.2695625311059748,0.9216297126487862,0.9779579669384972
2022-11-16,1.2703734778417852,0.9222184135507003,0.9767103570735902
2022-11-17,1.2663138705625483,0.9192713710864188,0.97608647281701
2022-11-18,1.2579775138494493,0.9132196533854103,0.979205656127531
2022-11-21,1.2399602532327196,0.9001401537010196,0.97275938097038
2022-11-22,1.2253264344045027,0.9107634683555997,0.9866916326134801
2022-11-23,1.232217471891808,0.9158854546494454,0.9983364144146216
2022-11-25,1.2130757335470435,0.9016577390662867,1.0039508967790836
2022-11-28,1.2097578049731745,0.9041238966964872,0.9883551388747317
2022-11-29,1.1869129901618942,0.9211971843426391,0.9910584257889082
2022-11-30,1.1986452322508623,0.9120914550533259,1.009773367003781
2022-12-01,1.2013338885453373,0.9100455616014653,1.019754642543671
2022-12-02,1.2142883149423915,0.9002322046670271,1.0220420330615028
2022-12-05,1.2227798456177525,0.8939368716008925,1.011020976868688
2022-12-06,1.2230330715160525,0.8937517459070516,1.0039508967790836
2022-12-07,1.2187257713141555,0.8906041146898359,1.0037429882429745
2022-12-08,1.2194805253701746,0.8900525656180996,1.0072779886257135
2022-12-09,1.2141905068891343,0.8939135493921437,1.0066541836932599
2022-12-12,1.2037017690730791,0.9016355870761771,1.011020976868688
2022-12-13,1.204683603736332,0.902371032595789,1.019754642543671
2022-12-14,1.1720383034299842,0.8779179950882857,1.02058643533636
2022-12-15,1.1860291196661599,0.8674381419096258,0.9929299199103955
2022-12-16,1.1885429200362883,0.8692766855727102,0.9810771502490183
2022-12-19,1.1867757654387463,0.8679842237982553,0.978997747591422
2022-12-20,1.1694083503408954,0.8552820413370916,0.9804533453165647
2022-12-21,1.1584084622104038,0.8633271410424118,0.9948014140318827
2022-12-22,1.1532752121651906,0.8595014834869297,0.9854439434244463
2022-12-23,1.1518214705952194,0.8584180534237351,0.9898107365998744
2022-12-27,1.141912812838149,0.8510334274890659,0.9910584257889082
2022-12-28,1.124028846739462,0.8643618119287115,0.982532747974161
2022-12-29,1.1125519556729093,0.8555362498567328,0.9979205973424038
2022-12-30,1.1003724288047876,0.8649021286263943,0.9877313339422782
2023-01-03,1.1212249638477554,0.8812923992963975,0.9985444022748573
2023-01-04,1.1125172859159704,0.8744480900594109,1.017467252025839
2023-01-05,1.083644491294433,0.897142353268718,1.0095653791435453
2023-01-06,1.0773354418637624,0.902365574997423,1.0357662968443673
2023-01-09,1.08228136553081,0.9065082320383793,1.041796596281047
2023-01-10,1.0904527132630764,0.9133524725677491,1.0465793651769464
2023-01-11,1.076905357978362,0.9246996041724026,1.0544811587351133
2023-01-12,1.0825688745104642,0.9295626605743971,1.0675816175855244
2023-01-13,1.0850859662968746,0.9317239960727446,1.073196099949986
2023-01-17,1.0819396215680879,0.9290223438767143,1.075691399003927
2023-01-18,1.0775346109207384,0.9252399208700854,1.0725722950175327
2023-01-19,1.0697734512192068,0.9319041474437166,1.0682054225179778
2023-01-20,1.06439774011146,0.936587052474739,1.0758993868641626
2023-01-23,1.0615320663814833,0.9340654829420642,1.0813058813683887
2023-01-24,1.0574382133027656,0.9376677545777211,1.0783946859181035
2023-01-25,1.056016385598692,0.9389285393440585,1.0825535705574225
2023-01-26,1.059460177592409,0.9358665844060843,1.0840091682825652
2023-01-27,1.0655771377651189,0.9304632113064072,1.0804740885756996
2023-01-30,1.0589765887929223,0.9362268184404117,1.0742358012787843
2023-01-31,1.0471603447384208,0.9466733993130552,1.0808899849720441
2023-02-01,1.0491526284883823,0.9484745007770753,1.092950742493657
2023-02-02,1.0385933878122304,0.9389285393440585,1.0950301451512532
2023-02-03,1.0489534305136874,0.9295626605743972,1.0840091682825652
2023-02-06,1.0426528492563298,0.9351461163374297,1.073196099949986
2023-02-07,1.0454643047197163,0.9326245468047548,1.0796422957830105
2023-02-08,1.0428395175529723,0.9302830599354351,1.0767311003327251
2023-02-09,1.0344020163169192,0.922756240769143,1.0794343872469014
2023-02-10,1.0195359208148573,0.9094946827056339,1.0707008008960452
2023-02-13,1.0146558905173728,0.9051413671270546,1.0860885709401615
2023-02-14,1.0140758897859055,0.9056587668286888,1.0912871569082787
2023-02-15,1.0204561928476783,0.9113569374105162,1.090663351975825
2023-02-16,1.0153656173390957,0.9159032680983749,1.0838011804223295
2023-02-17,1.0254456206809668,0.9068106734254756,1.0892077542506824
2023-02-21,1.0319708603355955,0.9010403460223053,1.0783946859181035
2023-02-22,1.0261631269495217,0.9061112276730638,1.0715325143646077
2023-02-23,1.0429951820873673,0.8912483722998126,1.0775628931254142
2023-02-24,1.0276479902523437,0.8781340646047727,1.0598877325634661
2023-02-27,1.0177132651363572,0.886623372840261,1.075483490467818
2023-02-28,1.0238727461988688,0.8919894617590864,1.0650863185315835
2023-03-01,1.0240714831469135,0.8921625997432511,1.0715325143646077
2023-03-02,1.0103615897733895,0.9041065453716748,1.0717405022248434
2023-03-03,1.0086205846413674,0.9025486336781592,1.0860885709401615
2023-03-06,1.029319160214691,0.8840268313401374,1.084217076818674
2023-03-07,1.0287145328699123,0.8845461132270448,1.0619671352210625
2023-03-08,1.0387802331007145,0.8758910629370236,1.062590940153516
2023-03-09,1.0459654407587415,0.8698325541471261,1.0521937682172815
2023-03-10,1.0547078003587167,0.8625623435992491,1.044915779591568
2023-03-13,1.0343883444983013,0.8791800243082194,1.0361821932407118
2023-03-14,0.996100272880877,0.9117230318878811,1.0561447443204917
2023-03-15,0.9810294105592103,0.9255172779724999,1.0170513556294944
2023-03-16,0.9958485854898678,0.9394979010771654,1.0324392049977373
2023-03-17,0.9765018965817702,0.9577498460884739,1.0168434470933856
2023-03-20,0.9941318509217585,0.9404584448994168,1.0365980103129298
2023-03-21,0.9880592944879046,0.9347137471764226,1.0553129515278026
2023-03-22,0.9880592944879046,0.9347137471764226,1.0488666763706516
2023-03-23,0.981203242647554,0.92822785514314,1.0488666763706516
2023-03-24,0.9700376298073482,0.9387906339921553,1.041588687744938
2023-03-27,0.9700376298073482,0.9387906339921553,1.0534414574063153
2023-03-28,0.9843986291075224,0.9526890346556935,1.0534414574063153
2023-03-29,0.9995255659008894,0.9673287003204416,1.069037215310667
2023-03-30,1.0029722115764368,0.9706643221349646,1.085464766007708
2023-03-31,1.0098655029275316,0.9773355657640103,1.0892077542506824
2023-04-03,1.0108228882721126,0.9782621116700618,1.0966937307366316
2023-04-04,1.0041210447724063,0.9717761489458578,1.0977334320654297
2023-04-05,0.9955044305835377,0.9801152034821651,1.0904553641155896
2023-04-06,0.9951279786162999,0.9797445709815601,1.0998128347230258
2023-04-10,0.9904224367271353,0.9843773712027394,1.0993969383266813
2023-04-11,0.9982533741600015,0.9921605123335998,1.1045955242947987
2023-04-12,1.01149130784707,1.005317647995928,1.1133291899697815
2023-04-13,1.0103725821780791,1.0064295454977428,1.1280931550814441
2023-04-14,1.0066436388648456,1.0027151545986608,1.1268454658924103
2023-04-17,0.9997450083853223,1.0095868627789208,1.1226866605772179
2023-04-18,0.9968024210601446,1.0066153075511761,1.130380545599276
2023-04-19,0.9969863722311771,1.006429545497743,1.127053453752646
2023-04-20,0.9903630891233877,1.013115562472035,1.1268454658924103
2023-04-21,0.9949018751131891,1.0177586219433528,1.1343314423783595
2023-04-24,0.9778360647238319,1.0003007438362856,1.1395300283464767
2023-04-25,0.9760205780304625,1.0021579392858266,1.1199833736630413
2023-04-26,0.9866924145711826,1.0131155624720352,1.1220627763206377
2023-04-27,0.9868733317496636,1.0133013245254683,1.1343314423783595
2023-04-28,0.9872350971069391,1.012929871266067,1.1345394302385952
2023-05-01,0.999181833493314,1.0006721970956869,1.1341235338422504
2023-05-02,0.99640018937477,1.0034579902699983,1.120399270059386
2023-05-03,0.9921586274162641,0.9991863840580818,1.1235183740457804
2023-05-04,0.9774053531368606,0.9843286079193581,1.1187356844740077
2023-05-05,0.978837481710466,0.9857708806884751,1.1353711437071576
2023-05-08,0.9700658649162551,0.9946046294709403,1.1370347292925358
2023-05-09,0.9714979252022117,0.9931363438198244,1.1268454658924103
2023-05-10,0.9756273666281889,0.9973577613374784,1.1251819596311587
2023-05-11,0.9785245497517424,1.0003194741523602,1.120399270059386
2023-05-12,0.9716027956032258,1.0073953982789574,1.117072178212756
2023-05-15,0.9619047788272158,0.9973401189849955,1.124973971770923
2023-05-16,0.9581333240526774,1.0012505093233934,1.113745086366126
2023-05-17,0.9565296018166692,0.9995746176021614,1.118111879541554
2023-05-18,0.9497583226008023,0.9924986224421339,1.1162403854200669
2023-05-19,0.9480014227918561,0.9906626599676246,1.1241422583023606
2023-05-22,0.9348249758096973,0.9768932565654381,1.1220627763206377
2023-05-23,0.9495825991104703,0.961471521953597,1.106467018416286
2023-05-24,0.9528463982534072,0.9581668595342877,1.088999766390447
2023-05-25,0.942987460890829,0.9680808467922157,1.0852567781474722
2023-05-26,0.9336881262504814,0.9585340520291895,1.0964857428763959
2023-05-30,0.9229581614759392,0.9475185573213633,1.0856726745438168
2023-05-31,0.9120493252974651,0.958717683294044,1.073196099949986
2023-06-01,0.9015700416760641,0.9697331780018703,1.0858806624040525
2023-06-02,0.8950839079994831,0.9767096953353909,1.0983572369978833
2023-06-05,0.8995218129247295,0.9815523081102675,1.0904553641155896
2023-06-06,0.9230766714571421,0.9558494008238656,1.0958619379439425
2023-06-07,0.9135437503351834,0.9657207768690877,1.0671657211891796
2023-06-08,0.9177722663427563,0.9612507492843789,1.0781866980578678
2023-06-09,0.9143935515941706,0.9647895270430907,1.073196099949986
2023-06-12,0.9211014769107962,0.9718671536103217,1.0771469967290697
2023-06-13,0.9244554058998559,0.9754059313690335,1.0850488696113634
2023-06-14,0.9364590333765518,0.9880711279420544,1.088999766390447
2023-06-15,0.936105977587413,0.9876986138016942,1.103139926569656
2023-06-16,0.9225136327288455,0.9733571391219558,1.1027240301733112
2023-06-20,0.9237492943215783,0.9720533751555983,1.086712375872615
2023-06-21,0.9276431907365609,0.9679558617112497,1.0852567781474722
2023-06-22,0.9390669171544548,0.9560356934189496,1.0806820764359353
2023-06-23,0.9377862938293926,0.957339457385307,1.0673737090494153
2023-06-26,0.928299023202378,0.9670245408354454,1.068829306774558
2023-06-27,0.9279414949881922,0.9666520977448926,1.0796422957830105
2023-06-28,0.9263323452061843,0.9649758196381749,1.0792264787107926
2023-06-29,0.9116712330610213,0.9802485441439105,1.0773549845893053
2023-06-30,0.9090728657176107,0.977454723616112,1.0944063402187998
2023-07-03,0.8978134280810264,0.9653483337785354,1.0912871569082787
2023-07-05,0.914269600404432,0.9476543028853616,1.0777708809856499
2023-07-06,0.908699212470626,0.9534280944364278,1.058016238441979
2023-07-07,0.903728746686721,0.9586432213516647,1.0644624342750033
2023-07-10,0.9128591012782468,0.9683283758516105,1.0702849044997007
2023-07-11,0.9348070497252348,0.991609976750574,1.0810979728322798
2023-07-12,0.9495560737608036,0.9759647381044781,1.1070909026728661
2023-07-13,0.9453420381878597,0.9802959727076356,1.1245581546987051
2023-07-14,0.9442885125496678,0.981388452358962,1.1195674772666968
2023-07-17,0.9400744769767239,0.9857680522314104,1.1183197880776632
2023-07-18,0.9395524279852675,0.9863154761111995,1.1233104655096713
2023-07-19,0.9360758099450988,0.9826658211527223,1.123934270442125
2023-07-20,0.9332945287751586,0.9855855311972282,1.1197753858028057
2023-07-21,0.9301841835616252,0.982300918307115,1.1231024776494358
2023-07-24,0.9291474237964785,0.9833957660666932,1.119359568730588
2023-07-25,0.9282853591679248,0.984308162403468,1.120607178595495
2023-07-26,0.9334482235842201,0.9788337147714412,1.1216468799242931
2023-07-27,0.9259653185586011,0.9866804485681848,1.1154085926273778
2023-07-28,0.925622804588766,0.9863154761111993,1.1243501668384694
2023-07-31,0.9163751233867985,0.9764614286067242,1.123934270442125
2023-08-01,0.9333291402625455,0.9583957444598984,1.1127053057132013
2023-08-02,0.9359948065604584,0.9556584858381959,1.0921189497009678
2023-08-03,0.9343862582096845,0.95401614458745,1.088999766390447
2023-08-04,0.9425794879241605,0.962381500301157,1.0908712605119342
2023-08-07,0.9381266368256258,0.9578351022777255,1.1004366396554794
2023-08-08,0.9350986627471621,0.9547435155480775,1.0952380536873623
2023-08-09,0.938461029538349,0.9581765200198716,1.0987731333942279
2023-08-10,0.930674463939219,0.9502263717517534,1.1027240301733112
2023-08-11,0.9320902399615606,0.9516718908511262,1.0935745474261105
2023-08-14,0.9436281668698787,0.9634522102307111,1.0919109618407323
2023-08-15,0.949814702098302,0.9697687141766096,1.0783946859181035
2023-08-16,0.9575577932363001,0.9776744746581646,1.0713246058284989
2023-08-17,0.9586820815244043,0.9788223823554343,1.062590940153516
2023-08-18,0.9537985445414636,0.9738362504603206,1.0613433302886088
2023-08-21,0.9508237370588491,0.9768735536532116,1.066749824792835
2023-08-22,0.9588185454668141,0.9850873966567777,1.0634227329462052
2023-08-23,0.9720192492381033,0.9715250318343854,1.072364307157297
2023-08-24,0.9649479539240342,0.9785927317904266,1.0576003420456344
2023-08-25,0.9555301522204788,0.9881437052486992,1.0652942270676924
2023-08-28,0.9688296473317375,1.001897130346418,1.075691399003927
2023-08-29,0.9684602090827424,1.002279178028926,1.090663351975825
2023-08-30,0.9595939024962837,1.0114550991398665,1.0902474555794806
2023-08-31,0.9632882145230935,1.0153490700452779,1.0802661800395907
2023-09-01,0.9742706337222191,1.0269250334512043,1.0761072954002715
2023-09-05,0.977698487747177,1.0305381456475526,1.0638386293425497
2023-09-06,0.9811505479226307,1.0341767722143922,1.0600956410995752
2023-09-07,0.9803779707419911,1.0333624411449636,1.0563526528566005
2023-09-08,0.9909839332581343,1.0221832800015538,1.0571844456492898
2023-09-11,0.9846203851728792,1.0287471729527216,1.0686213189143223
2023-09-12,0.9886699960210346,1.0245160745778215,1.0617592266849536
2023-09-13,0.9760320997518455,1.0114199677588218,1.0573923541853987
2023-09-14,0.9747054599630829,1.0127947073526515,1.0709087094321543
2023-09-15,0.9673141604838499,1.0051145728909967,1.0694531117070116
2023-09-18,0.9667456212305077,1.005705329350624,1.0613433302886088
2023-09-19,0.9656098063637849,1.0068869173915036,1.0619671352210625
2023-09-20,0.9523900217552144,1.0206718107152655,1.0632148244100963
2023-09-21,0.9552228584720618,1.023707748214817,1.0486587678345425
2023-09-22,0.9614921833751652,1.0304265535935417,1.0455395845240216
2023-09-25,0.9736191321891526,1.043422946375579,1.0386774922946527
2023-09-26,0.9777646943880559,1.0478657254674781,1.0255770334442418
2023-09-27,0.9684071176376712,1.0378372554210153,1.0212102402688137
2023-09-28,0.9699696558703522,1.039511820138024,1.0309836072725946
2023-09-29,0.9535625946250795,1.0219284514264682,1.0326471135338462
2023-10-02,0.964695949629785,1.0099968883562818,1.0151798615080072
2023-10-03,0.9594976215946839,1.0154393235008703,1.00332709184663
2023-10-04,0.965431495529802,1.0217191607811353,1.0087335863508562
2023-10-05,0.9780902857470167,1.0351159979229974,1.0149719529718981
2023-10-06,0.9743321555277965,1.0311387569986366,1.028280320358418
2023-10-09,0.9591020249688534,1.0472568516385168,1.024329344255208
2023-10-10,0.965428337823751,1.0403490625708047,1.0403409985559042
2023-10-11,0.9550762294047193,1.051504531980008,1.0472031701093998
2023-10-12,0.9640864059690397,1.0614244118803047,1.0359742053804761
2023-10-13,0.9560767749343666,1.0702427271866084,1.0262008383766952
2023-10-16,0.957037448385542,1.0691673388901064,1.0347265161914425
2023-10-17,0.9747496333853966,1.049379931684495,1.0336868148626444
2023-10-18,0.9829408035730125,1.040561616378191,1.0145560565755536
2023-10-19,0.9918803724812693,1.0310980024564917,1.0060303787608065
2023-10-20,0.9904320761657759,1.0295924424320155,0.9968808166894789
2023-10-23,0.9941454292630153,1.0334526165691456,0.9983364144146216
2023-10-24,0.9856872535850983,1.0246600158807082,1.0020794026575963
2023-10-25,0.9908446796983666,1.019298672002207,0.993553724842849
2023-10-26,0.9973071126783964,1.0126506579497394,0.9883551388747317
2023-10-27,0.9821004520355159,1.0280912726906444,0.9819089430417074
2023-10-30,0.9843539283026234,1.0304502770864035,0.9968808166894789
2023-10-31,0.9909094529989256,1.0373127907062756,0.9991682072073108
2023-11-01,1.0128295033549404,1.0602593359616515,1.0058223909005708
2023-11-02,1.0212287742563289,1.051466735273214,1.0280723324981824
2023-11-03,1.0181559160131977,1.0546305789743626,1.0365980103129298
2023-11-06,1.0134441375219816,1.0595111533540196,1.0334789063265355
2023-11-07,1.0085275330737642,1.0646512464846125,1.0286962167547626
2023-11-08,1.0081217593320575,1.0642228917736785,1.0336868148626444
2023-11-09,1.0123823449232638,1.0687205753883313,1.0332709184662998
2023-11-10,1.0152226837217828,1.0717189766645616,1.0376377909658545
2023-11-13,1.0454520922413666,1.103630626476222,1.04054898641614
2023-11-14,1.0456550178089339,1.1034164082706013,1.0715325143646077
2023-11-15,1.0430175271845543,1.106199592382029,1.0717405022248434
2023-11-16,1.0286129076243922,1.0909223953354157,1.069037215310667
2023-11-17,1.0331520577153424,1.0861082806638014,1.0838011804223295
2023-11-20,1.0294023446710427,1.0821663687669865,1.0885838699941022
2023-11-21,1.0301917817176933,1.0813364675854256,1.0846329732150188
2023-11-22,1.0191399642040269,1.0929369613213595,1.085464766007708
2023-11-24,1.0156630570262597,1.0892082876365499,1.0971095478088495
2023-11-27,1.0152767176316844,1.0887939729999183,1.0933666388900016
2023-11-28,1.010254452875616,1.0941799052312537,1.092950742493657
2023-11-29,1.0081505413445906,1.091901214240999,1.0983572369978833
2023-11-30,0.9987785916958268,1.102051725282378,1.0960698464800513
2023-12-01,0.9937095940812575,1.0964585962215083,1.1062591098801768
2023-12-04,0.9953992599527807,1.094594219867885,1.1006446275157151
2023-12-05,0.9952109116971753,1.0948013376749826,1.0987731333942279
2023-12-06,0.9991654468490409,1.0991516018483949,1.0989810419303367
2023-12-07,1.0042497876151284,1.1047447309092646,1.1033479144298917
2023-12-08,1.0063211218525452,1.1070233428770824,1.1089623967943534
2023-12-11,1.0080159021079076,1.1088877192307054,1.1112497079880586
2023-12-12,0.9940810342489237,1.1242170446963227,1.1131212021095458
2023-12-13,1.0065368183093055,1.1101306631405998,1.1285090514777887
2023-12-14,0.994996886337915,1.1228582972409753,1.1426492116569977
2023-12-15,0.9918829053853019,1.1263724382378997,1.1295487528065868
2023-12-18,1.0020765553819424,1.1379482465706376,1.1330838325134525
2023-12-19,0.9802329105563757,1.1131428190866155,1.1447286143145938
2023-12-20,0.9658525035236492,1.129473067389477,1.1197753858028057
2023-12-21,0.9649686841819829,1.130506610440003,1.1362029364998467
2023-12-22,0.9707913472042301,1.1373281365111783,1.1372426378286449
2023-12-26,0.9760846343922195,1.1435294736686137,1.1441048093821404
2023-12-27,0.9697326628435129,1.136087837537979,1.1503430966790558
2023-12-28,0.9707913472042301,1.1373281365111783,1.1428571201931066
2023-12-29,0.958969607420182,1.1234784073004347,1.1441048093821404
2024-01-02,0.9679681889089843,1.1340206725826472,1.1301725577390402
2024-01-03,0.9616757039878151,1.1413926173059168,1.1195674772666968
2024-01-04,0.9591912231793644,1.138443839416609,1.1268454658924103
2024-01-05,0.9701939529155137,1.1253849314718865,1.123934270442125
2024-01-08,0.9606109651824932,1.1365008016139468,1.1368267414323003
2024-01-09,0.9565293084690351,1.1413298180367157,1.1255978560275033
2024-01-10,0.9600485613998624,1.1371306489452897,1.130380545599276
2024-01-11,0.9623529805057727,1.1344011770219895,1.1262216609599567
2024-01-12,0.9439177628983215,1.1561322185173442,1.1289249478741332
2024-01-16,0.9508309525961367,1.1476647845347214,1.107298811208975
2024-01-17,0.9427364643412327,1.1574349325232978,1.0991890297905724
2024-01-18,0.9434437748730111,1.156566539341759,1.1085465003980088
2024-01-19,0.941852208122773,1.1585176390230327,1.1093782138665713
2024-01-22,0.9390322939488029,1.155049026556129,1.1112497079880586
2024-01-23,0.9286338478262772,1.1678395505337575,1.1079226161414286
2024-01-24,0.9346673354568297,1.1754271971601526,1.1201912821991504
2024-01-25,0.94311412607649,1.1860497866595634,1.1274693501489905
2024-01-26,0.9453551395255161,1.1832315131870028,1.1376585342249894
2024-01-29,0.9462170475414903,1.1821527263022338,1.140361821139166
2024-01-30,0.9391492965955154,1.1909827944893565,1.141401522467964
2024-01-31,0.9484580609905164,1.202787710142907,1.1328758446532168
2024-02-01,0.9572496937278063,1.2139368249466327,1.1441048093821404
2024-02-02,0.9625179782010668,1.2206178033457795,1.1334996495856702
2024-02-05,0.9554158076334863,1.211611181097134,1.1272613622887548
2024-02-06,0.9524415798238206,1.207839412155769,1.135579131567393
2024-02-07,0.9524415798238206,1.207839412155769,1.1320440518605275
2024-02-08,0.9552408177239847,1.2113892675289917,1.1320440518605275
2024-02-09,0.9559406438837997,1.2122767525311045,1.1353711437071576
2024-02-12,0.9380954772430933,1.1896463927885996,1.1362029364998467
2024-02-13,0.9253239501524017,1.2058426132186295,1.114992696231033
2024-02-14,0.9154492564914131,1.218710891843579,1.1301725577390402
2024-02-15,0.9164492239456741,1.2200421193467479,1.1422333152606532
2024-02-16,0.920782289097945,1.2258106025900242,1.1434810044496868
2024-02-20,0.9221155790369597,1.2275855725942497,1.148887498953913
2024-02-21,0.9136160781874131,1.2162704350406115,1.1505510845392914
2024-02-22,0.9142705459429312,1.2153991612082777,1.1611561650116349
2024-02-23,0.914924951284969,1.2145292177245548,1.161987957804324
2024-02-26,0.9165611206737643,1.2123572630466901,1.1628196712728864
2024-02-27,0.9211422701354305,1.2184168587437787,1.1648991532546094
2024-02-28,0.9214727916014047,1.2188540473729146,1.1590767623540386
2024-02-29,0.9133694231607259,1.208135528593743,1.158660865957694
2024-03-01,0.9130444310442325,1.208565403420393,1.168850050033693
2024-03-04,0.9164567552885512,1.2130821792603372,1.1684341536373484
2024-03-05,0.9074526373834164,1.2011637391292054,1.1640673604619203
2024-03-06,0.9223815467752953,1.181402856976748,1.1755042337269528
2024-03-07,0.9185289605529902,1.1863373186273445,1.1948429798742792
2024-03-08,0.9182079014951724,1.186751986382124,1.1898523817663975
2024-03-11,0.909378991730323,1.1753409255712097,1.189436485370053
2024-03-12,0.9109536499393415,1.1733057342442972,1.2008733586350857
2024-03-13,0.9044974551713898,1.1816212949132074,1.2029527612926818
2024-03-14,0.9037101260668806,1.1826498493117563,1.1944270834779347
2024-03-15,0.9087491044189716,1.1892441618207041,1.1933873821491365
2024-03-18,0.9076344704550453,1.1877854842520326,1.1867331984558767
2024-03-19,0.896674197315247,1.1734422064649261,1.1881887961810191
2024-03-20,0.8996202509421102,1.1772975908159213,1.2025369442204639
2024-03-21,0.8979034088578608,1.1795443544336606,1.1985859681172537
2024-03-22,0.8975912503390746,1.1791342826877576,1.196298577599422
2024-03-25,0.8960315425954221,1.1770853490881714,1.1967144739957665
2024-03-26,0.9016268327186101,1.1697350118346133,1.1987939559774894
2024-03-27,0.9041136480923677,1.1729613077977468,1.2062798531393117
2024-03-28,0.9059890616608237,1.1753943952271415,1.2029527612926818
2024-04-01,0.9135219620300703,1.1851672823937767,1.200457462238741
2024-04-02,0.9072988527266264,1.1770936663804166,1.1904761866988511
2024-04-03,0.9145395995346892,1.186487525065481,1.1985859681172537
2024-04-04,0.917098644578357,1.1831675211838149,1.1890205889737084
2024-04-05,0.9119805544910214,1.1765645695846307,1.1923476808203384
2024-04-08,0.9099243899662572,1.179217269049725,1.1990018645135982
2024-04-09,0.9208377672095689,1.1933604693539224,1.196298577599422
2024-04-10,0.9200277533866726,1.1923107312672627,1.1819505088841038
2024-04-11,0.9355529038598038,1.2124305629196386,1.182990210212902
2024-04-12,0.9372255994138011,1.2145982941123472,1.1630276591331221
2024-04-15,0.9303428138974201,1.2235180457198218,1.160948256475526
2024-04-16,0.9274889681908932,1.219764878962927,1.152422499336652
2024-04-17,0.9259873645134038,1.2217396770368014,1.1559575790435177
2024-04-18,0.9239852474921354,1.2190981012478708,1.1540860849220302
2024-04-19,0.9138516341201486,1.2057278998792884,1.156581383975971
2024-04-22,0.9271782936825458,1.18814482113145,1.1692659464300375
2024-04-23,0.9227902381685993,1.193767952593065,1.186317302059532
2024-04-24,0.9247404643981619,1.1962908635178475,1.1807028196950702
2024-04-25,0.9173960606632374,1.1867897727531056,1.1782075206411293
2024-04-26,0.9148258763145442,1.1834648527649883,1.1875649912485657
2024-04-29,0.9014077888419886,1.2008231668728806,1.1908920830951957
2024-04-30,0.9031649287748618,1.2031639657487616,1.1734248310693567
2024-05-01,0.8937035039048938,1.1905597944556774,1.1711374405515247
2024-05-02,0.9013983944011018,1.1803089369761042,1.1834061066092465
2024-05-03,0.908465058440266,1.1710557069150778,1.1935953700093722
2024-05-06,0.914275509186381,1.1635657529066439,1.2029527612926818
2024-05-07,0.9174162221347831,1.1595686798255513,1.2106467256388667
2024-05-08,0.9254251959068833,1.1494457335339965,1.214805530954059
2024-05-09,0.9293511469976455,1.1445694153277286,1.225410690750529
2024-05-10,0.9299793135494299,1.1437957785541293,1.2306092767186465
2024-05-13,0.9378312157309543,1.1341386039933639,1.2314410695113356
2024-05-14,0.9474105459772556,1.1225541226384073,1.2418382414475702
2024-05-15,0.9431705116106013,1.1275779933126635,1.2545228039016365
2024-05-16,0.9450549513606944,1.1253251103336355,1.2489083215371746
2024-05-17,0.9455260463219027,1.1258860671207895,1.2514036205911154
2024-05-20,0.9458403829200515,1.1255117705082123,1.250779815658662
2024-05-21,0.9537001171040573,1.1348645360455156,1.2511956327308797
2024-05-22,0.9583351142132983,1.1403799949928455,1.2407984607946454
2024-05-23,0.9505883912786909,1.131161708267924,1.2347681613579655
2024-05-24,0.9493179467229574,1.1326734858649448,1.2447494368978556
2024-05-28,0.9642453067840422,1.150483983405327,1.2430858513124772
2024-05-29,0.9547405419341717,1.1391434255111117,1.2235391966290419
2024-05-30,0.9454212676230296,1.128024184632783,1.235599874826528
2024-05-31,0.9460515628940953,1.1272721512974113,1.247660632348141
2024-06-03,0.9436879856817316,1.1300884827463948,1.24849242514083
2024-06-04,0.936282166517373,1.1212198407058815,1.245373241830309
2024-06-05,0.9392293554512959,1.1176905128758807,1.2551466088340901
2024-06-06,0.9283712006424577,1.1306118047272673,1.2590975056131735
2024-06-07,0.9317837196258992,1.1347677223643773,1.2445414490376199
2024-06-10,0.9611607841365647,1.1705444201992605,1.239966747326083
2024-06-11,0.9470138542681472,1.1533156587956184,1.2008733586350857
2024-06-12,0.9329541091632525,1.170438242710382,1.2185485191970336
2024-06-13,0.9478218742584564,1.1890906080091088,1.200457462238741
2024-06-14,0.9406477203184598,1.180090268069565,1.1813267039516504
2024-06-17,0.9357177135021875,1.173905324503838,1.1902682781627423
2024-06-18,0.9378317338496741,1.1712531787699116,1.1965065654596576
2024-06-20,0.9300259627861169,1.1810017656868979,1.1992097730497073
2024-06-21,0.9212444470765825,1.1698504796224758,1.1892284975098173
2024-06-24,0.9193295267486673,1.1722821582840506,1.200457462238741
2024-06-25,0.927468044672191,1.1826599815552812,1.1979621631848003
2024-06-26,0.9287674423217778,1.18431690721339,1.18735700338833
2024-06-27,0.9299076288704144,1.185770814989864,1.1856934971270785
2024-06-28,0.9250090937438012,1.179524452653428,1.1842378994019358
2024-07-01,0.9232317738330141,1.1817908004214015,1.1904761866988511
2024-07-02,0.9120831531691502,1.1675199123179278,1.1881887961810191
2024-07-03,0.9196536093707885,1.1578292845171265,1.2025369442204639
2024-07-05,0.9155529079920026,1.1629920024089928,1.212518219760354
2024-07-08,0.9071938738835633,1.1736101651946915,1.207111645932001
2024-07-09,0.8950495815919859,1.157899449665411,1.1960906690633129
2024-07-10,0.891517912509611,1.1533306327294723,1.2121023233640094
2024-07-11,0.9020296372277621,1.1397319220920878,1.216885012935782
2024-07-12,0.8927366354075944,1.151473809929672,1.2312330816511
2024-07-15,0.8893850457374546,1.1471508466124616,1.2185485191970336
2024-07-16,0.8939211701264144,1.1530016521303572,1.2231233002326973
2024-07-17,0.9009478775193109,1.162064873255214,1.216885012935782
2024-07-18,0.9063790489243956,1.1690701325692765,1.2073196337922367
2024-07-19,0.8936573666163379,1.1526613918332296,1.2000415658423964
2024-07-22,0.8857164534910933,1.1629037781406666,1.216885012935782
2024-07-23,0.8774701139086308,1.1737308316728419,1.2060719446032029
2024-07-24,0.8803715778709905,1.177611918510591,1.1948429798742792
2024-07-25,0.8682274474892342,1.1613675587005126,1.1908920830951957
2024-07-26,0.8623953517501276,1.169168748135632,1.2073196337922367
2024-07-29,0.8595540611745686,1.1653167466857468,1.1992097730497073
2024-07-30,0.8518290611647443,1.1548437906656281,1.2031607491529175
2024-07-31,0.8347574326438009,1.17798818088754,1.2139738174854966
2024-08-01,0.8411775013359201,1.1870480164086807,1.1896443939061618
2024-08-02,0.8598473170851874,1.2133943793542976,1.180494911158961
2024-08-05,0.8573689268187266,1.2098969388675793,1.1542939934581393
2024-08-06,0.8561368253944238,1.2081582290834847,1.1576210853047693
2024-08-07,0.8681150438467781,1.1912548758299855,1.1592846708901476
2024-08-08,0.8734899290204055,1.1838792886707794,1.1755042337269528
2024-08-09,0.8711863984343913,1.1870013649088653,1.182782301676793
2024-08-12,0.8590545800329874,1.1704716245144193,1.179663118366272
2024-08-13,0.8642817669211215,1.1633495229963065,1.1960906690633129
2024-08-14,0.8726453229141999,1.152091922468921,1.2033686576890263
2024-08-15,0.8766777486445021,1.1467681958759421,1.2150135188142948
2024-08-16,0.887580207705513,1.1325068628749186,1.2206280011787565
2024-08-19,0.8857880374827334,1.1347935802432396,1.2358078626867637
2024-08-20,0.8941515365037477,1.12407900226769,1.2333125636328228
2024-08-21,0.8886256450831397,1.131025854407546,1.2449573454339644
2024-08-22,0.9040085581871318,1.1114467745858154,1.2372634604119064
2024-08-23,0.9013202743669302,1.114751925133423,1.258681609216829
2024-08-26,0.9053527000972325,1.1097646254202669,1.2549386209738544
2024-08-27,0.9014696551191992,1.11452439026669,1.2605531033383162
2024-08-28,0.8987813712989976,1.1112007532828385,1.2551466088340901
2024-08-29,0.8986328788381256,1.111384340682007,1.2588895970770646
2024-08-30,0.8815599270010627,1.1324993162941421,1.258681609216829
2024-09-03,0.8834899325594369,1.134978705282181,1.2347681613579655
2024-09-04,0.8849810320557624,1.1368942519267067,1.2320648744437892
2024-09-05,0.872562843414912,1.1528473252398472,1.2299854717861929
2024-09-06,0.8780986342543365,1.1455333286486775,1.2127261282964628
2024-09-09,0.8746574638906874,1.150022545676632,1.2204200133185208
2024-09-10,0.8701689832891505,1.1441209738034115,1.2156373237467482
2024-09-11,0.8762406163824511,1.136137831562434,1.2218756110436635
2024-09-12,0.8809795057031341,1.1299933646932274,1.2304012888584108
2024-09-13,0.8879396346448463,1.1210659157904668,1.2370555518757975
2024-09-16,0.8836450497397124,1.1264880329837594,1.2468288395554517
2024-09-17,0.8848297297013756,1.1279982862241555,1.2407984607946454
2024-09-18,0.8696841226024115,1.1086903693696644,1.2391349545333936
2024-09-19,0.8582050493874415,1.1233241169476278,1.2603451948022073
2024-09-20,0.8560527539489375,1.1205069284743212,1.2437097355690574
2024-09-23,0.847772030594184,1.1096681012537106,1.2468288395554517
2024-09-24,0.843290914192333,1.1155335364764956,1.2588895970770646
2024-09-25,0.8613553913164295,1.09163723958571,1.2522354133838047
2024-09-26,0.8610753682830449,1.091992126284355,1.2790600566929533
2024-09-27,0.8532333878702449,1.1019371104061617,1.2786442396207356
2024-09-30,0.8624756971264528,1.113873403218949,1.2669993784954672
2024-10-01,0.8644791162448736,1.1164607865840042,1.2532751147126027
2024-10-02,0.8738240810655641,1.128529657396787,1.2503639192623173
2024-10-03,0.8697106029569298,1.1232171669982784,1.2368475640155618
2024-10-04,0.8736399695873338,1.128291880402593,1.2426699549161326
2024-10-07,0.8712902930386157,1.1313264496345194,1.2370555518757975
2024-10-08,0.8683532393682489,1.1275128337503186,1.2337284600291676
2024-10-09,0.8706871279731156,1.130543270253838,1.23788726534436
2024-10-10,0.8654075607988735,1.12368801887027,1.2345601734977298
2024-10-11,0.8685950833376413,1.1195491818078969,1.242046149983679
2024-10-14,0.8543962047183464,1.1378503940134028,1.2466209310193428
2024-10-15,0.8552654888508499,1.1366927164778329,1.2262424835432184
2024-10-16,0.8565694703194507,1.134959656676984,1.2274900934081254
2024-10-17,0.8625098180608888,1.127088660491876,1.2293615875296127
2024-10-18,0.8523678013827107,1.1403417873005577,1.23788726534436
2024-10-21,0.8554104616560098,1.1444124157881352,1.223331288092933
2024-10-22,0.8612474154775344,1.1522213948960165,1.218964415593378
2024-10-23,0.8578450364469821,1.1476695160257917,1.2106467256388667
2024-10-24,0.8544694339984426,1.1521855717978882,1.2154294152106393
2024-10-25,0.8622479937282667,1.1416967890123735,1.2106467256388667
2024-10-28,0.8554967888311877,1.1506360141645617,1.2216677025075546
2024-10-29,0.8621012527464342,1.1595189628025284,1.2121023233640094
2024-10-30,0.8701499295191211,1.1703443656350465,1.202744852756573
2024-10-31,0.8662015727385256,1.1650338588419924,1.1915158880276493
2024-11-01,0.8666530145242662,1.1644266734220663,1.1969224618560022
2024-11-04,0.8738763701267525,1.1547214421539735,1.1975462667884555
2024-11-05,0.8938910738449927,1.1811684412168484,1.2075275423283456
2024-11-06,0.8805000617490755,1.163473845816522,1.1798711062265077
2024-11-07,0.8675043384122592,1.1806461151515377,1.1975462667884555
2024-11-08,0.8678101276855577,1.1810622847331627,1.1798711062265077
2024-11-11,0.8850990266647764,1.2045919323801368,1.1794552098301632
2024-11-12,0.8906716711678961,1.2121761262479975,1.1559575790435177
2024-11-13,0.887930676442528,1.2084457186513282,1.1486795904178042
2024-11-14,0.8852065004894278,1.2121532364280156,1.152214590800543
2024-11-15,0.8816810999106818,1.2073257462109086,1.1486795904178042
2024-11-18,0.8840657041148269,1.2105910924347063,1.1532542921293412
2024-11-19,0.8863034916461067,1.213655395958211,1.150135188142947
2024-11-20,0.8879099625490311,1.2158552091126904,1.1472239133685347
2024-11-21,0.8848465582552155,1.2116603512719686,1.1451445107109386
2024-11-22,0.8898104318806705,1.204863094951564,1.149095407490022
2024-11-25,0.8846864608852246,1.2118012958658493,1.155541682647173
2024-11-26,0.8918920641858682,1.201931404324299,1.148887498953913
2024-11-27,0.9016596529842348,1.1887684082705114,1.1582449695613495
2024-11-29,0.9013393971617003,1.189190640764927,1.1709295320154158
2024-12-02,0.8981369000189086,1.1849653959334276,1.1705136356190713
2024-12-03,0.9011576961337953,1.180979880068045,1.1746725202583903
2024-12-04,0.9092661807842971,1.170353596487306,1.1786234170374739
2024-12-05,0.9103791088608361,1.1689211013560283,1.1892284975098173
2024-12-06,0.9094252051666779,1.1701459077536163,1.19068409523496
2024-12-09,0.902111660477985,1.1795561531921939,1.189436485370053
2024-12-10,0.8979779362865594,1.1741511018895514,1.1798711062265077
2024-12-11,0.9060124492739278,1.184656629805166,1.185277600730734
2024-12-12,0.9055313151493318,1.1852857367572667,1.1746725202583903
2024-12-13,0.9029678885556068,1.1886411071657053,1.175296325190844
2024-12-16,0.9177076373072086,1.2080440909234929,1.171969233344214
2024-12-17,0.9387301688429845,1.2357175502754993,1.1528383957329966
2024-12-18,0.9425425780928578,1.2407360967921277,1.1264295694960658
2024-12-19,0.9444643622894536,1.2432658785530597,1.1218548677845288
2024-12-20,0.939552607687281,1.236800185251616,1.1195674772666968
2024-12-23,0.9444136049625675,1.2304013074438254,1.1253898681672676
2024-12-24,0.9477120844286538,1.2261039811173902,1.131212338391965
2024-12-26,0.9447607575588137,1.2299222648389398,1.1351632351710486
2024-12-27,0.9515313590143278,1.2387364682336754,1.131628155464183
2024-12-30,0.9524119039535243,1.2398827921228126,1.1235183740457804
2024-12-31,0.9555877919642408,1.2440172730945969,1.1224786727169822
2025-01-02,0.9518578186502727,1.2391614646908287,1.1187356844740077
2025-01-03,0.9638419628324821,1.2235600908649034,1.1231024776494358
2025-01-06,0.9641944455706893,1.223112627662615,1.1372426378286449
2025-01-07,0.961198443139741,1.226913156096101,1.1376585342249894
2025-01-08,0.9715964486146225,1.240185597188098,1.1341235338422504
2025-01-10,0.9762788795436554,1.2461624442693064,1.1218548677845288
2025-01-13,0.9720966537821831,1.2408240796005567,1.1164482939561757
2025-01-14,0.9841757841316623,1.2254057816978197,1.1212309835279484
2025-01-15,0.9937308667978162,1.2135086656211054,1.1351632351710486
2025-01-16,0.9980577369102497,1.2082248462773681,1.1461842120397365
2025-01-17,1.0211341941145158,1.1802890386310438,1.1511748894717448
2025-01-21,1.0180693822303786,1.1838315347037076,1.1777916242447848
2025-01-22,1.0270836319224532,1.1733495840297834,1.1742566238620458
2025-01-23,1.0317710115020944,1.1679946794153782,1.1846537957982803
2025-01-24,1.0355569798671818,1.1637088535319593,1.1900602903025066
2025-01-27,1.0321315897425696,1.1675581412991312,1.1944270834779347
2025-01-28,1.0314104332616194,1.166742361481081,1.1904761866988511
2025-01-29,1.0413122475804324,1.1555413246787427,1.1913079794915402
2025-01-30,1.0341108906155339,1.1635326506100747,1.202744852756573
2025-01-31,1.018988095931031,1.1805481037336927,1.1944270834779347
2025-02-03,1.0053055314331698,1.164696176084425,1.1769598314520955
2025-02-04,1.0147697207912962,1.1537314446565234,1.192763577216683
2025-02-05,1.0210791135060546,1.1465580489367269,1.2039925419456066
2025-02-06,1.0121407570171526,1.1565948271266429,1.2114784391074291
2025-02-07,1.0182749166803868,1.1495851920674103,1.2008733586350857
2025-02-10,1.0261617411454922,1.1406813327372822,1.208151347260799
2025-02-11,1.032996966729475,1.1330832963692592,1.2175088178682354
2025-02-12,1.0443890539409968,1.1205874380599892,1.2256185992866382
2025-02-13,1.0475437837270387,1.117202539917508,1.2391349545333936
2025-02-14,1.0535027103387489,1.11084736121357,1.2428779427763683
2025-02-18,1.0408837911945803,1.124153158052156,1.2499480228659727
2025-02-19,1.0335227327413734,1.11620322437389,1.2349760698940746
2025-02-20,1.0388795870988519,1.1219886202020581,1.2437097355690574
2025-02-21,1.0406255765695314,1.1201029538154794,1.2372634604119064
2025-02-24,1.0509270742990904,1.1090146831680863,1.2393428630695027
2025-02-25,1.0530223415901807,1.1068036047328573,1.2516115291272243
2025-02-26,1.0381811646684884,1.1224027686505018,1.254106907505292
2025-02-27,1.0299748676247906,1.1135307424226362,1.2364316676192173
2025-02-28,1.0165695758616866,1.0990379572503293,1.2462050346229983
2025-03-03,1.018578983587511,1.0968655379543837,1.2624245974598034
2025-03-04,1.042523818832637,1.0710803362021648,1.264919975837871
2025-03-05,1.0318072331317971,1.0820904675852996,1.294655814597305
2025-03-06,1.047379791689545,1.0657590089269742,1.2813474472107853
2025-03-07,1.075008477222793,1.0938725172698938,1.3006861933581115
2025-03-10,1.0762441137327046,1.0951298364893842,1.2663755735630138
2025-03-11,1.073236395120746,1.092069339015167,1.264919975837871
2025-03-12,1.0656709528678332,1.0997675381799152,1.2684549762206099
2025-03-13,1.044382181465885,1.0777976236837103,1.259513402009518
2025-03-14,1.0546941559029575,1.0671557133361362,1.2846745390574152
2025-03-17,1.0595965805512249,1.0621953649324614,1.2973591015114816
2025-03-18,1.059427495846432,1.062364864337243,1.303389480272288
2025-03-19,1.0699084905013772,1.0728749185961464,1.3031814924120524
2025-03-20,1.0790470916439603,1.0820388574226687,1.290289021421877
2025-03-21,1.0795732635443551,1.0825664881871833,1.279268044553189
2025-03-24,1.073779524306145,1.0767566852285684,1.2786442396207356
2025-03-25,1.059189181881112,1.0913874808344723,1.2855063318501043
2025-03-26,1.0576259285406013,1.0897767061453123,1.2680390798242653
2025-03-27,1.062475019263115,1.0947732044088077,1.2699105739457526
2025-03-28,1.051289242760331,1.1062990174055654,1.2640881830451818
2025-03-31,1.0495414901839537,1.104459811905053,1.250779815658662
2025-04-01,1.0530254586283254,1.1007935412823648,1.2528592183162581
2025-04-02,1.0399606268003094,1.1144510292152339,1.2570181029555774
2025-04-03,1.1094655613638698,1.1889344700914728,1.2414223450512256
2025-04-04,1.1431219122146892,1.1528673788202115,1.1584528780974583
2025-04-07,1.1488354153054374,1.1471051663547445,1.1233104655096713
2025-04-08,1.2390323800491756,1.2371662863973842,1.1176959831452096
2025-04-09,1.2172312144769586,1.25893461746315,1.2054481396707493
2025-04-10,1.1828195731776983,1.223344003321712,1.1842378994019358
2025-04-11,1.192110828437235,1.2137344215538441,1.217716805728471
2025-04-14,1.2032199446867564,1.202423798025021,1.2272821848720166
2025-04-15,1.1995842227067877,1.206057114320202,1.238719058137049
2025-04-16,1.1894850121070661,1.195903408926071,1.2349760698940746
2025-04-17,1.1829308678679187,1.2024929189732005,1.245373241830309
2025-04-21,1.1590975334372122,1.1782654542354685,1.2385111496009402
2025-04-22,1.162149795346508,1.1751627172687722,1.2634642987886016
2025-04-23,1.1777927194997726,1.159344634842919,1.2667913906352315
2025-04-24,1.1833248941798524,1.153899112105193,1.2838428255888528
2025-04-25,1.1901925016686847,1.147202281655139,1.2898731250255324
2025-04-28,1.1922909453760127,1.1451796345576348,1.2973591015114816
2025-04-29,1.1934355708813726,1.1440802369458212,1.2996464920293134
2025-04-30,1.1875217815945085,1.1497494574832705,1.3008941812183472
2025-05-01,1.2136567787410846,1.1244457542111874,1.2944479060611962
2025-05-02,1.2151829460815649,1.1230317692886966,1.3229361349557232
2025-05-05,1.2119398768688767,1.126028906277489,1.3245997205411015
2025-05-06,1.2088876149595806,1.128864802021985,1.321064640834236
2025-05-07,1.2132752369059647,1.1329619835288183,1.317737548987606
2025-05-08,1.2061654721597357,1.1263228525845055,1.3129548594158333
2025-05-09,1.2082545753187506,1.124372038468436,1.3206487444378914
2025-05-12,1.212812625160942,1.1201304292105911,1.3229361349557232
2025-05-13,1.2105336364637185,1.1222352593670615,1.3279268123877315
2025-05-14,1.2224984539076942,1.111143176005591,1.3254315133337908
2025-05-15,1.2264867022397714,1.1075182103426586,1.3385319721842017
2025-05-16,1.239970821332648,1.095342042905606,1.3428987653596298
2025-05-19,1.2494666920934474,1.0869537596497767,1.3576627304712925
2025-05-20,1.242059924491663,1.093397159816069,1.3680599024075268
2025-05-21,1.2413002374433404,1.094065919547066,1.3599501209891243
2025-05-22,1.2430095695259384,1.095572502660762,1.3591183281964352
2025-05-23,1.2287264804330653,1.0829835733018562,1.3572467547508211
2025-05-27,1.2168151772293774,1.0934820413593407,1.3728425126551729
2025-05-28,1.2121623199781262,1.0893007852898393,1.359534145268653
2025-05-29,1.2134551890323217,1.0881389579893193,1.3647327312367703
2025-05-30,1.2267533512538527,1.0762141267193248,1.366188328961913
2025-06-02,1.216410398820288,1.0852878590303974,1.3811602819338111
2025-06-03,1.208468448655327,1.0782020086468296,1.3695155001326695
2025-06-04,1.2104737626560325,1.0764128567778386,1.3784570743437614
2025-06-05,1.213572833717464,1.0736570102345202,1.3807444648615932
2025-06-06,1.213572833717464,1.0736570102345202,1.3842794652443322
2025-06-09,1.2155781477181697,1.071882893861147,1.3842794652443322
2025-06-10,1.2150312691878067,1.0723651250881698,1.386566855762164
2025-06-11,1.2252400393120813,1.063355044994814,1.3859430508297106
2025-06-12,1.2068276739801764,1.079334674241146,1.3975878326308522
2025-06-13,1.2245106824928484,1.0951495951649282,1.3765855008981474
2025-06-16,1.2415934534266952,1.11042768946004,1.3564151206063852
2025-06-17,1.2431377592440291,1.1118088500451164,1.337492191531277
2025-06-18,1.2501042228923274,1.118039354975162,1.3358286059458986
2025-06-20,1.239340973716677,1.108413168657721,1.3283427087840762
2025-06-23,1.256652920979537,1.092930108928229,1.3397795820491087
2025-06-24,1.248189269705484,1.1002910748357217,1.3584945232639816
2025-06-25,1.2366480204485595,1.0901173504991517,1.349344961192654
2025-06-26,1.2481666656137778,1.0799635518909647,1.361821535786485
2025-06-27,1.2500549373973098,1.0783297438760102,1.3745060982405513
2025-06-30,1.2494884702688405,1.0788183930827628,1.3765855008981474
2025-07-01,1.246844860958715,1.0765358795456237,1.375961695965694
2025-07-02,1.246844860958715,1.0765358795456237,1.3788728914159794
2025-07-03,1.2391355944042675,1.083192122283363,1.3788728914159794
2025-07-07,1.2280417333129086,1.0734944080105007,1.3703472929253588
2025-07-08,1.239123447703311,1.0638073117933597,1.3826158796589538
2025-07-09,1.2387541182853432,1.0641243870097339,1.3950924542527845
2025-07-10,1.252791031666063,1.0761824876660957,1.3946766371805668
2025-07-11,1.2529798573181665,1.0763446941753054,1.3788728914159794
2025-07-14,1.2675318904860882,1.088845297116585,1.378665062203997
2025-07-15,1.261148739981395,1.0833619925465066,1.362653328579174
2025-07-16,1.2596167902775415,1.0820460049623044,1.3695155001326695
2025-07-17,1.2561783401977744,1.0849997296195109,1.371179085718048
2025-07-18,1.2622911241462198,1.079719930789162,1.3674360974750734
2025-07-21,1.2682128426068264,1.0746546987486818,1.3740902811683333
2025-07-22,1.295338312269286,1.051669193122822,1.3805364770013577
2025-07-23,1.2806294759915555,1.0636111158108623,1.4100644072246828
2025-07-24,1.2825396936491449,1.062024607947097,1.3940528322481132
2025-07-25,1.261335942447292,1.07958266534576,1.3961322349057095
2025-07-28,1.2647743925270591,1.0825256490322244,1.3730505005154086
2025-07-29,1.2778350909754412,1.0937043550118732,1.3693075122724339
2025-07-30,1.2933252079023527,1.106962410344877,1.3551673520932248
2025-07-31,1.297543864646245,1.1105731761515767,1.338739801396184
2025-08-01,1.2827828952837939,1.097939201243605,1.3343730082207559
2025-08-04,1.2847594180748738,1.0962474871878154,1.3495529490528897
2025-08-05,1.2904914397283214,1.0913565214196768,1.351632351710486
2025-08-06,1.302548424792638,1.0811600420990763,1.3576627304712925
2025-08-07,1.3065014703747977,1.077878878154091,1.3703472929253588
2025-08-08,1.299385867687692,1.0837493329646526,1.3745060982405513
2025-08-11,1.2881195218996118,1.0743526671732129,1.367020121754602
2025-08-12,1.2989980265229206,1.0652794792754994,1.3788728914159794
2025-08-13,1.3017176156271253,1.0630492045517377,1.3905178318653744
2025-08-14,1.3056027005741344,1.0598764454118499,1.3934290273156598
2025-08-15,1.3024946622578253,1.0623995227625975,1.3975878326308522
2025-08-18,1.3001636705722162,1.060498214046244,1.3942608201083488
2025-08-19,1.3084868921051147,1.0537092521866456,1.3967560398381629
2025-08-20,1.3005508795794953,1.060100030630181,1.4056976140492548
2025-08-21,1.2811945641706122,1.0443223852646426,1.3971720155586342
2025-08-22,1.262969600881139,1.0591778472421478,1.4179663594311032
2025-08-25,1.2655999931759467,1.0613838015630381,1.3977958204910876
2025-08-26,1.2688073526807806,1.0640736241314448,1.3948846250408022
2025-08-27,1.2665318979110851,1.062165334903595,1.3913496246580634
2025-08-28,1.2610523303051218,1.0667607239111,1.3938448443878775
2025-08-29,1.2771130523736804,1.080346954306666,1.387814465627071
2025-09-02,1.272655011821994,1.0765757685661095,1.3701393050651232
2025-09-03,1.2657258442177688,1.0707141848142314,1.3749220739610224
2025-09-04,1.2723895339253843,1.0650771765112572,1.3824080504469716
2025-09-05,1.280195528937865,1.0585430241105338,1.389686039072685
2025-09-08,1.2784820709805673,1.0599598146919764,1.3982116375633056
2025-09-09,1.2820995647893623,1.0629589948559022,1.396340222765945
2025-09-10,1.2686964050431024,1.0518467461639545,1.3923892466627348
2025-09-11,1.2651336589403186,1.0548005362753832,1.4069453825624152
2025-09-12,1.2561332329721793,1.0472964642187974,1.402994406459205
2025-09-15,1.2529906228302057,1.049916603869366,1.4129756026749682
2025-09-16,1.2576121581112483,1.053789120182357,1.4094406022922292
2025-09-17,1.252397736736077,1.058158432674894,1.404242016324112
2025-09-18,1.2479651634839288,1.0619035406606636,1.4100644072246828
2025-09-19,1.2439019126240585,1.0584460880001716,1.4050738091168011
2025-09-22,1.2440854452427246,1.0586022573735572,1.409648590152465
2025-09-23,1.252161583382048,1.0654743079210824,1.4094406022922292
2025-09-24,1.2646199441440544,1.07607522675368,1.400291040220902
2025-09-25,1.2515317354613538,1.064938365286918,1.3863588679019283
2025-09-26,1.2569198789561082,1.0603535508849724,1.400707015941373
2025-09-29,1.2656523824906336,1.052986700152498,1.4067373947021795
2025-09-30,1.2816309758192939,1.0396929660316687,1.4165107617059605
2025-10-01,1.2834889221186743,1.0381857508229417,1.4343939101281442
2025-10-02,1.290920849068412,1.03217422978259,1.4364733127857403
2025-10-03,1.2860900752882503,1.036036744056328,1.4447910820643786
2025-10-06,1.296494687966553,1.044418397293159,1.4393845082360257
2025-10-07,1.2874310136611515,1.0371169649930532,1.4277397264348841
2025-10-08,1.2732792877532928,1.0485171836200957,1.4377209226506473
2025-10-09,1.2874308715969456,1.0601706982717731,1.4219171768860601
2025-10-10,1.2792440090534152,1.05342899899229,1.4061135897697261
2025-10-13,1.2737925445814893,1.0489398392064628,1.4150551639808178
2025-10-14,1.271555807500473,1.0470979359514243,1.4210853840933708
2025-10-15,1.2797282829192085,1.040368084149329,1.4235807624714383
2025-10-16,1.2806568831310785,1.0396131691910067,1.4327303245427658
2025-10-17,1.2747133032918494,1.0347882828733743,1.4337699465474372
2025-10-20,1.2666164754091982,1.0413611354511054,1.4404241302406973
2025-10-21,1.265512394424489,1.0404534044605582,1.4312747268176231
2025-10-22,1.2594502459111703,1.0354693497118124,1.4325223366825302
2025-10-23,1.2614516948177648,1.0338238388990422,1.4393845082360257
2025-10-24,1.2674560415375486,1.028902971297509,1.4416718987538577
2025-10-27,1.2643628048899105,1.0314140172615334,1.4485340703073533
2025-10-28,1.2712768127752454,1.0370541742013069,1.4449989112763608
2025-10-29,1.277163199528717,1.0418560410270885,1.437097117718194
2025-10-30,1.2823616896009886,1.0460967506623287,1.430442934024934
2025-10-31,1.2844206673290446,1.0477763781250578,1.4246205431243633
2025-11-03,1.2990675464265733,1.059724686278303,1.4223331526065313
2025-11-04,1.2867723319477906,1.0496947672474615,1.4061135897697261
2025-11-05,1.2809284103805532,1.0544619927597227,1.4194219571562459
2025-11-06,1.2752730395276277,1.049806483856146,1.4129756026749682
2025-11-07,1.290221351959079,1.0375010129280866,1.4192139692960102
2025-11-10,1.3042353414044374,1.026231994458778,1.435849507853287
2025-11-11,1.3117093550624905,1.0203510988110214,1.4514452657576387
2025-11-12,1.3027404816497576,1.027327796664444,1.4597628763880235
2025-11-13,1.2922767484823452,1.0355793894345937,1.4497816801722603
2025-11-14,1.307598847131303,1.047857912268328,1.4381368983711187
2025-11-17,1.3208010196373157,1.0584376102773212,1.4210853840933708
2025-11-18,1.3254867464078657,1.0621925660743687,1.4067373947021795
2025-11-19,1.3433802003135296,1.0765316711401105,1.401746796594298
2025-11-20,1.3239870610293238,1.0920725646544012,1.3828238675191895
2025-11-21,1.3208469382898436,1.0946626518194282,1.4027864185989694
2025-11-24,1.2980805617852031,1.0757948319725987,1.399459406076466
2025-11-25,1.3098365291289729,1.0660519783427183,1.4235807624714383
2025-11-26,1.3181793383664373,1.0592619185949959,1.4364733127857403
2025-11-28,1.3117326155619364,1.0644423730049462,1.4456227162088144
2025-12-01,1.3062338636428563,1.059980255899774,1.4385527154433366
2025-12-02,1.2975845708427316,1.0529615436685198,1.444583094204143
2025-12-03,1.296471287473938,1.0538649488113414,1.4541484733476884
2025-12-04,1.2961000986396327,1.0541666777471412,1.4529008634827814
2025-12-05,1.2933167486505874,1.0564304803763045,1.45248488776231
2025-12-08,1.2973988348585175,1.059764884185797,1.449365704451789
2025-12-09,1.2809666622030562,1.0463424584187544,1.4447910820643786
2025-12-10,1.290433665592018,1.038609448737746,1.4630900475587802
2025-12-11,1.2826051259261688,1.0449102726263098,1.4739030365672325
2025-12-12,1.2749585451851482,1.0386807709618833,1.4649614623561407
2025-12-15,1.2562488231184885,1.0539231712846784,1.4736952073552503
2025-12-16,1.2634448911831397,1.059960273756664,1.452069070690092
2025-12-17,1.2528903708446415,1.0511056158721492,1.4437513014114538
2025-12-18,1.2586170459494121,1.0463012526948334,1.4558120589330668
2025-12-19,1.264164724056773,1.041689411013553,1.4624662426263266
2025-12-22,1.2688176902464943,1.0378553018049979,1.468912438459351
2025-12-23,1.271502099068822,1.0356595348718274,1.474319012287704
2025-12-24,1.2752602168061993,1.0325984856838346,1.477438195598225
2025-12-26,1.2702493931563632,1.0366558293103831,1.481804988773653
2025-12-29,1.2654175665039367,1.0327125554206718,1.4759825978730823
2025-12-30,1.2606223595561006,1.0366259438166874,1.4815970009134174
2025-12-31,1.2481902411728751,1.0264028533289145,1.4759825978730823
2026-01-02,1.2595089571033347,1.017095327966333,1.490538575124509
2026-01-05,1.2619468180294697,1.015126674274575,1.5040549303712647
2026-01-06,1.2579416848774156,1.0183484562376375,1.50696612582155
2026-01-07,1.2565485835329224,1.0172206912381927,1.5021833569256506
2026-01-08,1.2492511816178,1.01131318529881,1.503846942511029
2026-01-09,1.2559491086546002,1.0058909755573604,1.5125805288618852
2026-01-12,1.2509685752887445,1.009879890021851,1.5206903102802878
2026-01-13,1.2463314682455824,1.006136453741138,1.5146599315194813
2026-01-14,1.2437743403502606,1.0082007678164162,1.52027449320807
2026-01-15,1.2478656669462191,1.0048843474002565,1.517155309897549
2026-01-16,1.2294546322339415,1.0197104309217995,1.5221459080054305
2026-01-20,1.2168396326941946,1.0092475425162468,1.4996881371958366
