feature_1,feature_2,correlation
TOS_STDEVALL_L_2,TOS_STDEVALL_U_2,1.0
TOS_STDEVALL_U_2,TOS_STDEVALL_L_3,1.0
TOS_STDEVALL_L_1,TOS_STDEVALL_U_2,1.0
TOS_STDEVALL_L_1,TOS_STDEVALL_L_2,1.0
STOCHk_14_3_3,STOCHFd_14_3,1.0
TOS_STDEVALL_U_2,TOS_STDEVALL_U_3,1.0
TOS_STDEVALL_U_1,TOS_STDEVALL_L_2,1.0
MACD_12_26_9,STCmacd_10_12_26_0.5,1.0
TOS_STDEVALL_L_2,TOS_STDEVALL_U_3,1.0
TOS_STDEVALL_L_1,TOS_STDEVALL_U_3,1.0
TOS_STDEVALL_LR,TOS_STDEVALL_U_3,1.0
TOS_STDEVALL_L_2,TOS_STDEVALL_L_3,1.0
TOS_STDEVALL_L_1,TOS_STDEVALL_U_1,1.0
TOS_STDEVALL_U_1,TOS_STDEVALL_L_3,1.0
SQZ_OFF,SQZPRO_ON_NORMAL,1.0
SQZ_ON,SQZPRO_ON_NORMAL,1.0
TOS_STDEVALL_L_1,TOS_STDEVALL_L_3,1.0
SQZ_20_2.0_20_1.5,SQZPRO_20_2.0_20_2.0_1.5_1.0,1.0
TOS_STDEVALL_LR,TOS_STDEVALL_L_3,1.0
SQZ_ON,SQZ_OFF,1.0
CMO_14,RSI_14,1.0
TOS_STDEVALL_LR,TOS_STDEVALL_U_2,1.0
TOS_STDEVALL_LR,TOS_STDEVALL_L_2,1.0
TOS_STDEVALL_L_3,TOS_STDEVALL_U_3,1.0
TOS_STDEVALL_U_1,TOS_STDEVALL_U_2,1.0
TOS_STDEVALL_LR,TOS_STDEVALL_L_1,1.0
MEDIAN_30,QTL_30_0.5,1.0
PIVOTS_TRAD_D_S3,PIVOTS_TRAD_D_S4,1.0
HLC3,VWAP_D,1.0
PIVOTS_TRAD_D_R3,PIVOTS_TRAD_D_R4,1.0
HWMA_0.2_0.1_0.1,HWM_1,1.0
TOS_STDEVALL_LR,TOS_STDEVALL_U_1,1.0
TOS_STDEVALL_U_1,TOS_STDEVALL_U_3,0.9999999999999999
SQZPRO_ON_WIDE,SQZPRO_OFF,0.9999999999999999
AOBV_LR_2,AOBV_SR_2,0.9999999999999999
STOCHFk_14_3,WILLR_14,0.9999999999999998
AMATe_LR_8_21_2,AMATe_SR_8_21_2,0.9999999999999997
RMA_10,KCBe_20_2,0.9999985317414863
WCP,VWAP_D,0.9999982561579774
HLC3,WCP,0.9999982561579774
HL2,OHLC4,0.999996993972668
AGl_13_8_5,EMA_10,0.9999965935409268
ALMA_9_6.0_0.85,BBM_5_2.0_2.0,0.9999956298893875
ABER_ZG_5_15,BBM_5_2.0_2.0,0.9999954102050724
HLC3,OHLC4,0.9999944139588082
OHLC4,VWAP_D,0.9999944139588082
ALMA_9_6.0_0.85,ABER_ZG_5_15,0.9999940054521783
HL2,HLC3,0.9999930185973983
HL2,VWAP_D,0.9999930185973983
SWMA_10,TRIMA_10,0.9999916050728967
EMA_10,FAMA_0.5_0.05,0.9999915387237693
AGt_13_8_5,SMMA_7,0.9999911154632611
AGl_13_8_5,FAMA_0.5_0.05,0.9999909352754569
OHLC4,WCP,0.9999878914981263
FWMA_10,MAMA_0.5_0.05,0.9999877684494165
PWMA_10,SWMA_10,0.9999844816473686
Close,WCP,0.9999843244294614
HL2,WCP,0.9999842963980787
SSF3_20,TRIMA_10,0.9999841251489759
SMA_10,SWMA_10,0.9999829579317124
SMA_10,TRIMA_10,0.9999826955177501
SSF_20,TRIMA_10,0.9999797911634333
TEMA_10,ZL_EMA_10,0.9999794947992823
AGl_13_8_5,WMA_10,0.9999792923816437
SMA_10,VWMA_10,0.9999757627958097
HMA_10,ZL_EMA_10,0.9999755526403905
FAMA_0.5_0.05,WMA_10,0.999975316533696
EMA_10,SMMA_7,0.999975025740671
SSF_20,SSF3_20,0.9999744082300469
SMA_10,SSF_20,0.9999736939044211
MAMA_0.5_0.05,ZL_EMA_10,0.9999730810431708
MCGD_10,RMA_10,0.9999721702350207
Close,VWAP_D,0.9999721239459879
Close,HLC3,0.9999721239459877
AGt_13_8_5,RMA_10,0.9999719540630484
SINWMA_14,SSF_20,0.999971177298149
FAMA_0.5_0.05,SMA_10,0.9999711288911264
MAMA_0.5_0.05,MIDPOINT_2,0.9999709069525937
AGj_13_8_5,KCBe_20_2,0.9999696564247146
JMA_7_0.0,ZL_EMA_10,0.99996907186942
PWMA_10,TRIMA_10,0.9999688312093368
MIDPOINT_2,OHLC4,0.9999686743706439
SMA_10,SSF3_20,0.9999670437540416
MCGD_10,KCBe_20_2,0.9999658471316621
DEMA_10,FWMA_10,0.9999650739531255
SSF3_20,T3_10_0.7,0.9999644139549941
SSF3_20,SWMA_10,0.9999640305741092
AGt_13_8_5,MCGD_10,0.9999635573245899
FWMA_10,ZL_EMA_10,0.9999632587982114
FWMA_10,BBM_5_2.0_2.0,0.9999630077795888
HLC3,MIDPOINT_2,0.9999629356542097
MIDPOINT_2,VWAP_D,0.9999629356542097
MIDPOINT_2,MIDPRICE_2,0.9999628777452765
WMA_10,ABER_ZG_5_15,0.9999627522206526
HL2,MIDPOINT_2,0.999962597951909
EMA_10,WMA_10,0.9999625037666541
SSF_20,SWMA_10,0.9999609734331644
FWMA_10,JMA_7_0.0,0.9999607575289916
MAMA_0.5_0.05,MIDPRICE_2,0.9999602079404684
MIDPRICE_2,ZL_EMA_10,0.9999584791855709
FAMA_0.5_0.05,VWMA_10,0.9999584480929937
MIDPOINT_2,WCP,0.9999578715876105
HMA_10,TEMA_10,0.9999578431849937
AGt_13_8_5,KCBe_20_2,0.9999577567763135
SWMA_10,VWMA_10,0.9999577299021235
High,OHLC4,0.9999568401134737
EMA_10,SMA_10,0.9999565521613247
FAMA_0.5_0.05,SMMA_7,0.9999560068077978
SSF_20,T3_10_0.7,0.9999559457081267
High,HL2,0.9999558850281904
JMA_7_0.0,MAMA_0.5_0.05,0.9999552644015652
AGj_13_8_5,RMA_10,0.99995494896336
Low,HL2,0.9999548969179457
ALMA_9_6.0_0.85,WMA_10,0.9999546934815322
WMA_10,BBM_5_2.0_2.0,0.9999540576034902
DEMA_10,ZL_EMA_10,0.9999538609736099
AGl_13_8_5,SMMA_7,0.9999534189961732
SINWMA_14,T3_10_0.7,0.9999520647612137
MAMA_0.5_0.05,TEMA_10,0.9999513630511141
SMMA_7,SSF_20,0.999951178771537
FAMA_0.5_0.05,SWMA_10,0.9999507052699139
SINWMA_14,SSF3_20,0.9999506422870288
PIVOTS_TRAD_D_R1,PIVOTS_TRAD_D_R2,0.9999500027903246
High,VWAP_D,0.9999499915077624
High,HLC3,0.9999499915077623
DEMA_10,BBM_5_2.0_2.0,0.9999499751771964
Open,OHLC4,0.9999497186218125
MIDPOINT_2,ZL_EMA_10,0.9999492512705811
DEMA_10,MAMA_0.5_0.05,0.9999485454111412
PIVOTS_TRAD_D_P,PIVOTS_TRAD_D_S1,0.9999480406975073
PIVOTS_TRAD_D_P,PIVOTS_TRAD_D_R1,0.9999480193409065
Low,OHLC4,0.9999478859327807
Close,OHLC4,0.9999474323804078
ALMA_9_6.0_0.85,FWMA_10,0.9999473057030285
FWMA_10,ABER_ZG_5_15,0.9999469969888038
AGl_13_8_5,SMA_10,0.9999469052915946
Low,VWAP_D,0.9999468161437315
Low,HLC3,0.9999468161437312
TRIMA_10,VWMA_10,0.9999460193085794
PIVOTS_TRAD_D_S1,PIVOTS_TRAD_D_S2,0.9999459365341509
DEMA_10,LINREG_14,0.9999454110988553
MIDPRICE_2,PIVOTS_TRAD_D_P,0.9999449484742334
DEMA_10,JMA_7_0.0,0.9999447487753779
JMA_7_0.0,TEMA_10,0.9999445153070814
HMA_10,JMA_7_0.0,0.9999436282733654
HL2,MIDPRICE_2,0.9999436019808176
MIDPOINT_2,TEMA_10,0.9999434765284464
DEMA_10,TEMA_10,0.999943335258619
EMA_10,VWMA_10,0.9999423609660982
MIDPRICE_2,OHLC4,0.9999422519959391
Open,HL2,0.999941880515497
High,WCP,0.9999418132402702
FWMA_10,MIDPRICE_2,0.9999417571300481
AGl_13_8_5,VWMA_10,0.9999414822025627
ITS_9,VWMA_10,0.9999405606882645
MAMA_0.5_0.05,OHLC4,0.9999401879671338
SMA_10,SMMA_7,0.9999397861798612
WMA_10,VWMA_10,0.9999395297269497
MIDPRICE_2,TEMA_10,0.99993916911415
Low,WCP,0.9999375447372815
Close,HL2,0.9999372421599259
High,MIDPOINT_2,0.9999370069255445
AGt_13_8_5,EMA_10,0.9999368060129017
ALMA_9_6.0_0.85,DEMA_10,0.9999365808168819
T3_10_0.7,TRIMA_10,0.9999365729016133
AGt_13_8_5,SSF_20,0.9999364898288121
DEMA_10,ABER_ZG_5_15,0.9999360358878827
PWMA_10,SMA_10,0.9999360204624069
High,MAMA_0.5_0.05,0.9999353913815138
JMA_7_0.0,MIDPRICE_2,0.9999351505280605
MAMA_0.5_0.05,VWAP_D,0.9999345512165031
HLC3,MAMA_0.5_0.05,0.9999345512165031
FWMA_10,MIDPOINT_2,0.9999343758676988
FAMA_0.5_0.05,SSF_20,0.9999342726345567
HL2,MAMA_0.5_0.05,0.9999337123980037
SINWMA_14,TRIMA_10,0.9999334307941564
MCGD_10,SMMA_7,0.9999332076617187
PIVOTS_TRAD_D_P,ZL_EMA_10,0.9999328713506493
JMA_7_0.0,BBM_5_2.0_2.0,0.9999322953525672
RMA_10,SMMA_7,0.999931944174117
PWMA_10,SSF3_20,0.9999306205348174
MAMA_0.5_0.05,WCP,0.9999297377485595
FAMA_0.5_0.05,TRIMA_10,0.9999288774655937
SMA_10,WMA_10,0.9999287867467997
SSF_20,VWMA_10,0.9999284796961639
FWMA_10,TEMA_10,0.9999274015661161
MIDPRICE_2,VWAP_D,0.9999271689801672
HLC3,MIDPRICE_2,0.999927168980167
SSF3_20,VWMA_10,0.9999254319541074
EMA_10,SSF_20,0.999925284218303
ITS_9,SMA_10,0.9999249325089294
Close,MIDPOINT_2,0.9999217856142567
Open,MIDPRICE_2,0.9999204670801025
ALMA_9_6.0_0.85,JMA_7_0.0,0.9999203464865561
EMA_10,SWMA_10,0.9999202750001257
ACCBU_20,KCUe_20_2,0.999919489167056
Open,MIDPOINT_2,0.999918853145075
PWMA_10,SSF_20,0.999918757592309
ZL_EMA_10,BBM_5_2.0_2.0,0.9999184666574608
JMA_7_0.0,PIVOTS_TRAD_D_P,0.9999183708470967
MAMA_0.5_0.05,BBM_5_2.0_2.0,0.9999178426918894
FWMA_10,WMA_10,0.9999164665364408
JMA_7_0.0,MIDPOINT_2,0.9999162255967895
ABER_ZG_5_15,ABER_SG_5_15,0.9999159658609518
High,MIDPRICE_2,0.9999157168602844
SMA_10,T3_10_0.7,0.9999157019764016
SMMA_7,ALPHAT_14_1_50,0.9999156298540129
AGl_13_8_5,ABER_ZG_5_15,0.9999156142442074
MIDPRICE_2,WCP,0.9999137233630898
ABER_SG_5_15,BBM_5_2.0_2.0,0.9999133277371675
ACCBM_20,KCBe_20_2,0.9999128111900845
HMA_10,PIVOTS_TRAD_D_P,0.9999127926015065
JMA_7_0.0,ABER_ZG_5_15,0.9999124802992926
ALMA_9_6.0_0.85,ABER_SG_5_15,0.9999123049609613
DEMA_10,HMA_10,0.9999121893796427
FWMA_10,PIVOTS_TRAD_D_P,0.9999118555477131
ABER_ZG_5_15,ABER_XG_5_15,0.9999117420945753
SWMA_10,WMA_10,0.9999115940829431
OHLC4,TEMA_10,0.99991084587348
AGl_13_8_5,SWMA_10,0.9999108398386732
SMMA_7,KCBe_20_2,0.9999108348876576
Open,HLC3,0.9999106147467575
Open,VWAP_D,0.9999106147467575
HMA_10,MAMA_0.5_0.05,0.9999104518817657
Open,High,0.9999103495439489
EMA_10,ALPHAT_14_1_50,0.9999103229006457
AGt_13_8_5,FAMA_0.5_0.05,0.9999101352777032
HMA_10,MIDPRICE_2,0.9999095362702525
PWMA_10,VWMA_10,0.9999095104993477
SINWMA_14,SMA_10,0.9999082076191337
DEMA_10,MIDPRICE_2,0.9999081069198091
AGl_13_8_5,ALMA_9_6.0_0.85,0.999907527110936
High,FWMA_10,0.9999072962596665
MAMA_0.5_0.05,PIVOTS_TRAD_D_P,0.9999070484363975
AGl_13_8_5,BBM_5_2.0_2.0,0.9999066755458578
OHLC4,ZL_EMA_10,0.9999057641676079
SMMA_7,TRIMA_10,0.999905720677657
LINREG_14,TEMA_10,0.9999054885479534
ABER_XG_5_15,BBM_5_2.0_2.0,0.9999051529843322
ITS_9,FAMA_0.5_0.05,0.9999050858780607
ALMA_9_6.0_0.85,ZL_EMA_10,0.9999048485156252
AGj_13_8_5,ACCBM_20,0.9999048346032088
HL2,TEMA_10,0.9999048266818099
AGt_13_8_5,AGl_13_8_5,0.9999048142005974
FWMA_10,HMA_10,0.9999046225472417
RMA_10,ACCBM_20,0.9999041036926525
MIDPOINT_2,PIVOTS_TRAD_D_P,0.9999040518645703
ALMA_9_6.0_0.85,ABER_XG_5_15,0.999903357018257
SWMA_10,T3_10_0.7,0.9999030406295688
AGt_13_8_5,SINWMA_14,0.9999029466580417
TEMA_10,VWAP_D,0.9999028697157805
HLC3,TEMA_10,0.9999028697157805
EMA_10,TRIMA_10,0.9999028188105586
WMA_10,ABER_SG_5_15,0.9999021248684051
SMMA_7,VWMA_10,0.9999020925401262
AGt_13_8_5,SMA_10,0.9999015573159055
FAMA_0.5_0.05,PWMA_10,0.999900751187343
SMMA_7,SWMA_10,0.9999005454654075
HL2,ZL_EMA_10,0.9999003695380996
FAMA_0.5_0.05,ABER_ZG_5_15,0.9999001358869931
AGl_13_8_5,SSF_20,0.9998992968377108
Low,MIDPOINT_2,0.9998987679786717
MIDPRICE_2,PIVOTS_TRAD_D_S1,0.9998985037542627
AGj_13_8_5,MCGD_10,0.9998982306016453
DEMA_10,ABER_XG_5_15,0.9998978200046086
FWMA_10,PIVOTS_TRAD_D_R1,0.9998975972990582
TEMA_10,WCP,0.9998966591238092
AGl_13_8_5,ALPHAT_14_1_50,0.9998964850674216
HMA_10,BBM_5_2.0_2.0,0.9998964643061522
High,Close,0.9998963906915542
ITS_9,SWMA_10,0.9998962476308038
AGt_13_8_5,ALPHAT_14_1_50,0.999895966767216
FAMA_0.5_0.05,SSF3_20,0.9998955448330636
HILO_13_21,ACCBM_20,0.9998948799370568
ALMA_9_6.0_0.85,MAMA_0.5_0.05,0.9998947002547879
SINWMA_14,SMMA_7,0.9998945294822971
Close,MAMA_0.5_0.05,0.999894403701271
ITS_9,EMA_10,0.999894294570834
ITS_9,AGl_13_8_5,0.9998940130103177
FWMA_10,OHLC4,0.9998936769530021
AGt_13_8_5,ALPHATl_14_1_50_2,0.999893275695477
MAMA_0.5_0.05,ABER_ZG_5_15,0.9998928673181776
ZL_EMA_10,VWAP_D,0.999892080799109
HLC3,ZL_EMA_10,0.9998920807991087
ALMA_9_6.0_0.85,FAMA_0.5_0.05,0.999891552050285
ZL_EMA_10,ABER_ZG_5_15,0.9998907946293869
Open,MAMA_0.5_0.05,0.9998900627359939
Open,WCP,0.9998897560285032
PIVOTS_TRAD_D_P,TEMA_10,0.9998889385609976
Low,Close,0.9998888448587843
FAMA_0.5_0.05,ALPHAT_14_1_50,0.9998886670408825
LINREG_14,BBM_5_2.0_2.0,0.9998884612797501
ITS_9,WMA_10,0.9998880932754922
ALMA_9_6.0_0.85,HMA_10,0.9998878330341979
FWMA_10,HL2,0.9998877744774234
DEMA_10,MIDPOINT_2,0.9998876934267006
AGl_13_8_5,ABER_SG_5_15,0.9998876109655316
ITS_9,TRIMA_10,0.9998871736594365
MIDPRICE_2,PIVOTS_TRAD_D_R1,0.9998864897359618
DEMA_10,PIVOTS_TRAD_D_P,0.9998853133321532
MAMA_0.5_0.05,PIVOTS_TRAD_D_R1,0.9998848083412142
FAMA_0.5_0.05,BBM_5_2.0_2.0,0.999884600132448
PIVOTS_TRAD_D_S1,ZL_EMA_10,0.9998845153275554
AGl_13_8_5,TRIMA_10,0.9998845067305505
SINWMA_14,SWMA_10,0.9998840686522819
Open,Low,0.9998840584991191
High,ZL_EMA_10,0.9998835771149942
EMA_10,ABER_ZG_5_15,0.9998832539724697
WCP,ZL_EMA_10,0.9998827057415173
DEMA_10,WMA_10,0.999882174825667
Low,MIDPRICE_2,0.9998820933551767
FWMA_10,VWAP_D,0.9998820876820974
FWMA_10,HLC3,0.9998820876820974
HMA_10,MIDPOINT_2,0.9998811891561905
SMMA_7,WMA_10,0.9998808928133204
LINREG_14,ABER_ZG_5_15,0.9998805450478792
SSF_20,ALPHATl_14_1_50_2,0.9998801099237706
AGl_13_8_5,FWMA_10,0.9998799800953343
PIVOTS_TRAD_D_R1,ZL_EMA_10,0.9998799335994878
Open,ZL_EMA_10,0.9998797825104023
LINREG_14,ZL_EMA_10,0.9998791316183384
ALMA_9_6.0_0.85,LINREG_14,0.9998785324373697
JMA_7_0.0,PIVOTS_TRAD_D_R1,0.999878310156284
JMA_7_0.0,LINREG_14,0.9998773017823293
AGt_13_8_5,TRIMA_10,0.9998769015405728
ALMA_9_6.0_0.85,PIVOTS_TRAD_D_P,0.999876357762323
MIDPOINT_2,PIVOTS_TRAD_D_R1,0.9998761423338867
SMMA_7,ALPHATl_14_1_50_2,0.9998760617094106
PIVOTS_TRAD_D_P,BBM_5_2.0_2.0,0.999875518519033
HMA_10,PIVOTS_TRAD_D_S1,0.9998751833244613
RMA_10,ALPHATl_14_1_50_2,0.9998741321299428
FWMA_10,WCP,0.9998740130879532
ALMA_9_6.0_0.85,EMA_10,0.9998739787958248
ITS_9,SSF_20,0.9998737056036966
SMMA_7,SSF3_20,0.9998732430161149
FWMA_10,LINREG_14,0.9998729688381239
MIDPOINT_2,PIVOTS_TRAD_D_S1,0.9998727994097533
MCGD_10,ACCBM_20,0.9998722885251699
FAMA_0.5_0.05,ABER_SG_5_15,0.9998717889709972
EMA_10,BBM_5_2.0_2.0,0.9998711824605964
T3_10_0.7,VWMA_10,0.9998711197713147
ITS_9,SSF3_20,0.9998704517646616
MCGD_10,ALPHATl_14_1_50_2,0.9998704303720691
SINWMA_14,ALPHATl_14_1_50_2,0.9998699533486805
High,TEMA_10,0.9998699185525396
HMA_10,ABER_ZG_5_15,0.9998689900478398
EMA_10,SSF3_20,0.9998682744076438
EMA_10,ABER_SG_5_15,0.9998681476748376
Open,TEMA_10,0.9998677412413315
JMA_7_0.0,OHLC4,0.9998676752728601
FWMA_10,ABER_SG_5_15,0.9998674820026935
TRIMA_10,WMA_10,0.999866430805237
ALPHAT_14_1_50,ALPHATl_14_1_50_2,0.9998660528569788
TEMA_10,BBM_5_2.0_2.0,0.9998657958870009
MCGD_10,SSF_20,0.9998656313621457
PWMA_10,WMA_10,0.9998646335130816
HMA_10,LINREG_14,0.9998633927168479
PIVOTS_TRAD_D_S1,TEMA_10,0.9998622219799503
HL2,JMA_7_0.0,0.9998619273846947
PWMA_10,T3_10_0.7,0.9998614160995924
Open,FWMA_10,0.9998614134457356
RMA_10,SINWMA_14,0.9998613806378382
MIDPRICE_2,BBM_5_2.0_2.0,0.9998612005474902
ALPHATl_14_1_50_2,KCBe_20_2,0.9998610485009464
AGt_13_8_5,SWMA_10,0.9998595515802133
PIVOTS_TRAD_D_P,ABER_ZG_5_15,0.9998594424750531
RMA_10,SSF_20,0.9998585323293931
PIVOTS_TRAD_D_R1,BBM_5_2.0_2.0,0.9998582937528383
ALMA_9_6.0_0.85,PIVOTS_TRAD_D_R1,0.9998580639486132
AGj_13_8_5,AGt_13_8_5,0.9998577165499583
MCGD_10,SINWMA_14,0.9998572480424698
Close,TEMA_10,0.9998571369493532
EMA_10,PWMA_10,0.9998569878838887
High,JMA_7_0.0,0.9998565332455693
SMA_10,ALPHAT_14_1_50,0.9998563304715632
Open,PIVOTS_TRAD_D_P,0.9998558578656722
FWMA_10,ABER_XG_5_15,0.9998541169982432
ITS_9,SMMA_7,0.9998525929451643
Close,MIDPRICE_2,0.9998525089796215
JMA_7_0.0,PIVOTS_TRAD_D_S1,0.9998512993732448
HLC3,JMA_7_0.0,0.9998511665573628
JMA_7_0.0,VWAP_D,0.9998511665573628
WMA_10,ABER_XG_5_15,0.9998505130185797
Low,TEMA_10,0.9998504227586114
AGt_13_8_5,VWMA_10,0.9998502344537717
Open,JMA_7_0.0,0.9998501727061272
SSF_20,ALPHAT_14_1_50,0.9998494192626545
LINREG_14,ABER_XG_5_15,0.9998484249526524
PIVOTS_TRAD_D_R2,ABER_SG_5_15,0.9998484178901265
LINREG_14,MAMA_0.5_0.05,0.99984825622682
AGl_13_8_5,SSF3_20,0.9998479894621682
AGl_13_8_5,PWMA_10,0.9998476468720747
MAMA_0.5_0.05,WMA_10,0.999846866842216
SSF_20,WMA_10,0.9998465769606034
KAMA_10_2_30,SMMA_7,0.9998439207221793
DEMA_10,OHLC4,0.9998437080668258
AGt_13_8_5,SSF3_20,0.9998436054098733
QTL_30_0.5,HT_TL,0.9998433262613636
MEDIAN_30,HT_TL,0.9998433262613636
EMA_10,MCGD_10,0.999843319354795
SINWMA_14,KCBe_20_2,0.9998423145734212
Low,MAMA_0.5_0.05,0.9998423113002856
ALMA_9_6.0_0.85,TEMA_10,0.9998420366105001
PIVOTS_TRAD_D_R1,ABER_ZG_5_15,0.9998419348159423
ALMA_9_6.0_0.85,MIDPRICE_2,0.9998418806482665
SINWMA_14,VWMA_10,0.999840620709912
JMA_7_0.0,WCP,0.9998405562024028
ALPHAT_14_1_50,VWMA_10,0.9998403446201513
HMA_10,PIVOTS_TRAD_D_R1,0.9998395766811415
MIDPRICE_2,ABER_ZG_5_15,0.9998393733873182
EMA_10,FWMA_10,0.999838526281054
ITS_9,PWMA_10,0.9998379809146998
AGt_13_8_5,KAMA_10_2_30,0.9998377808163257
FAMA_0.5_0.05,T3_10_0.7,0.9998376994791539
DEMA_10,HL2,0.9998373759102193
JMA_7_0.0,ABER_XG_5_15,0.9998371003186819
JMA_7_0.0,WMA_10,0.9998369482165508
MAMA_0.5_0.05,PIVOTS_TRAD_D_S1,0.9998360857271809
ABER_ZG_5_15,VWMA_10,0.9998359506192079
SMMA_7,T3_10_0.7,0.9998355640581927
DEMA_10,PIVOTS_TRAD_D_R1,0.9998354682005136
PWMA_10,SMMA_7,0.999834893129776
WMA_10,ALPHAT_14_1_50,0.9998344683747833
TEMA_10,ABER_ZG_5_15,0.9998343415014562
MCGD_10,ALPHAT_14_1_50,0.9998339475400063
High,DEMA_10,0.9998337529699944
Close,ZL_EMA_10,0.9998336962453818
High,PIVOTS_TRAD_D_R1,0.9998323231547671
PWMA_10,SINWMA_14,0.9998321965045772
SSF_20,KCBe_20_2,0.9998320013047426
KAMA_10_2_30,ALPHAT_14_1_50,0.9998315745967538
FWMA_10,FAMA_0.5_0.05,0.9998305611908894
PIVOTS_TRAD_D_R2,PIVOTS_TRAD_D_R4,0.9998304492309279
PIVOTS_TRAD_D_R2,PIVOTS_TRAD_D_R3,0.9998304492309279
Open,PIVOTS_TRAD_D_S1,0.9998295335301327
Close,FWMA_10,0.9998289027870925
TRIMA_10,ALPHATl_14_1_50_2,0.9998286139729115
DEMA_10,HLC3,0.9998284877966382
DEMA_10,VWAP_D,0.9998284877966382
FAMA_0.5_0.05,SINWMA_14,0.9998280715219368
EMA_10,RMA_10,0.9998277255150495
Low,ZL_EMA_10,0.99982764855409
PIVOTS_TRAD_D_R1,ABER_SG_5_15,0.9998273907408823
EMA_10,SINWMA_14,0.9998258768553643
HMA_10,OHLC4,0.9998247332279525
Open,PIVOTS_TRAD_D_R1,0.9998245013770279
SSF3_20,WMA_10,0.9998234749154788
PIVOTS_TRAD_D_R1,TEMA_10,0.9998234439143814
ZL_EMA_10,ABER_XG_5_15,0.9998232542058774
PIVOTS_TRAD_D_P,PIVOTS_TRAD_D_R2,0.9998230710126915
DEMA_10,PIVOTS_TRAD_D_S1,0.9998230227628611
Open,DEMA_10,0.9998223415447518
ITS_9,T3_10_0.7,0.9998220056727004
High,Low,0.9998215733437744
AGt_13_8_5,ACCBM_20,0.9998212258747249
Open,HMA_10,0.9998210551925226
HL2,HMA_10,0.9998208269018992
FWMA_10,PIVOTS_TRAD_D_S1,0.9998204413518742
OHLC4,PIVOTS_TRAD_D_P,0.9998200889755635
VIDYA_14,ATRTSe_14_20_3.0,0.9998196845426108
ALMA_9_6.0_0.85,VWMA_10,0.999819606752227
PIVOTS_TRAD_D_S1,PIVOTS_TRAD_D_R1,0.9998194105315653
RMA_10,ALPHAT_14_1_50,0.999819143910532
DEMA_10,WCP,0.999818813513692
HL2,PIVOTS_TRAD_D_P,0.9998183797538143
MIDPOINT_2,BBM_5_2.0_2.0,0.9998174837806458
EMA_10,KAMA_10_2_30,0.9998171957199052
SMA_10,ALPHATl_14_1_50_2,0.999816501986423
EMA_10,T3_10_0.7,0.9998159429493353
High,PIVOTS_TRAD_D_P,0.9998159025161716
JMA_7_0.0,ABER_SG_5_15,0.9998158950417473
PIVOTS_TRAD_D_P,PIVOTS_TRAD_D_S2,0.9998155511249822
SWMA_10,ALPHAT_14_1_50,0.9998134231344783
BBM_5_2.0_2.0,VWMA_10,0.9998127037387016
FWMA_10,PIVOTS_TRAD_D_R2,0.9998113207240976
AGt_13_8_5,T3_10_0.7,0.9998107058226902
MAMA_0.5_0.05,ABER_SG_5_15,0.9998106025969887
ACCBM_20,DCM_20_20,0.9998105783772827
HMA_10,ABER_XG_5_15,0.9998101700426985
KAMA_10_2_30,ALPHATl_14_1_50_2,0.9998100264842703
KAMA_10_2_30,FAMA_0.5_0.05,0.9998099595545675
HT_TL,ACCBM_20,0.9998098545423303
AGt_13_8_5,WMA_10,0.9998090534517343
LINREG_14,MIDPRICE_2,0.9998081414262742
AGl_13_8_5,MAMA_0.5_0.05,0.9998079279360214
PIVOTS_TRAD_D_S2,PIVOTS_TRAD_D_S4,0.9998079140675432
PIVOTS_TRAD_D_S2,PIVOTS_TRAD_D_S3,0.9998079140675432
TRIMA_10,ALPHAT_14_1_50,0.9998078716983229
IKS_26,DCM_20_20,0.9998064822827336
Open,Close,0.999806316390979
ITS_9,ALPHAT_14_1_50,0.9998056362530704
ACCBL_20,KCLe_20_2,0.9998043056909599
LINREG_14,WMA_10,0.999803986603303
VIDYA_14,KCUe_20_2,0.9998038062009434
HLC3,HMA_10,0.9998036175645482
HMA_10,VWAP_D,0.9998036175645482
SMA_10,ABER_ZG_5_15,0.9998034332357296
DEMA_10,ABER_SG_5_15,0.9998031826714596
MAMA_0.5_0.05,ABER_XG_5_15,0.9998028147558428
FAMA_0.5_0.05,MCGD_10,0.9998024868965559
SSF3_20,ALPHATl_14_1_50_2,0.99980243618932
PIVOTS_TRAD_D_R1,WMA_10,0.9998022276888234
MCGD_10,SMA_10,0.9998019941355282
EMA_10,ALPHATl_14_1_50_2,0.9998013159338448
SWMA_10,ALPHATl_14_1_50_2,0.9997999319047215
AGj_13_8_5,HT_TL,0.9997998924110904
ITS_9,AGt_13_8_5,0.9997997698119389
ALMA_9_6.0_0.85,PIVOTS_TRAD_D_R2,0.9997996283214253
KAMA_10_2_30,SMA_10,0.9997988906687164
AGl_13_8_5,MCGD_10,0.9997988465221608
LINREG_14,PIVOTS_TRAD_D_P,0.9997982955109534
AGl_13_8_5,DEMA_10,0.9997969196988732
WMA_10,ZL_EMA_10,0.9997967120797815
High,HMA_10,0.9997966695965187
EMA_10,KCBe_20_2,0.999795774205278
AGl_13_8_5,KAMA_10_2_30,0.9997955292565711
KAMA_10_2_30,SSF_20,0.9997952465647969
PIVOTS_TRAD_D_R2,BBM_5_2.0_2.0,0.9997947948516317
ALPHAT_14_1_50,KCBe_20_2,0.9997942553415325
High,BBM_5_2.0_2.0,0.9997942198394143
SWMA_10,ABER_ZG_5_15,0.9997941515009817
FAMA_0.5_0.05,ALPHATl_14_1_50_2,0.9997918041221198
AGt_13_8_5,PWMA_10,0.9997916023101927
HMA_10,WCP,0.9997897845929621
ITS_9,SINWMA_14,0.999789307237613
OHLC4,PIVOTS_TRAD_D_S1,0.9997892569417532
SMMA_7,ABER_SG_5_15,0.9997887091830673
AGl_13_8_5,T3_10_0.7,0.999788664434747
HL2,PIVOTS_TRAD_D_S1,0.9997883084404482
Close,JMA_7_0.0,0.9997878439529306
OHLC4,PIVOTS_TRAD_D_R1,0.9997873763268691
AGl_13_8_5,PIVOTS_TRAD_D_R2,0.9997873735327307
MCGD_10,TRIMA_10,0.9997872213156592
KAMA_10_2_30,RMA_10,0.9997872000282263
ALMA_9_6.0_0.85,SMA_10,0.9997869745013629
PIVOTS_TRAD_D_R2,ABER_ZG_5_15,0.9997869389819578
ALMA_9_6.0_0.85,MIDPOINT_2,0.9997867530333793
ZL_EMA_10,ABER_SG_5_15,0.9997865633855056
FAMA_0.5_0.05,RMA_10,0.9997862889543903
RMA_10,SMA_10,0.999786182237918
PIVOTS_TRAD_D_P,VWAP_D,0.9997858252101275
HLC3,PIVOTS_TRAD_D_P,0.9997858252101274
T3_10_0.7,ALPHATl_14_1_50_2,0.9997856753436063
ITS_9,ABER_ZG_5_15,0.9997851346318757
HL2,PIVOTS_TRAD_D_R1,0.9997846693434647
AGl_13_8_5,PIVOTS_TRAD_D_R1,0.999783739101376
AGl_13_8_5,SINWMA_14,0.9997831135140851
SINWMA_14,ACCBM_20,0.9997823369299935
PIVOTS_TRAD_D_P,ABER_XG_5_15,0.9997822944697343
MIDPOINT_2,ABER_ZG_5_15,0.9997819932918668
PIVOTS_TRAD_D_R2,WMA_10,0.9997817002172276
AGj_13_8_5,SMMA_7,0.9997807861275152
PIVOTS_TRAD_D_P,WMA_10,0.9997799423569237
AGl_13_8_5,JMA_7_0.0,0.9997789316496407
AGl_13_8_5,RMA_10,0.9997785339234171
MAMA_0.5_0.05,PIVOTS_TRAD_D_R2,0.9997784363072068
Low,FWMA_10,0.9997783359869116
TEMA_10,ABER_XG_5_15,0.9997780710560659
SMA_10,BBM_5_2.0_2.0,0.9997777639097299
Low,JMA_7_0.0,0.999777684622715
ABER_SG_5_15,BBU_5_2.0_2.0,0.9997754356875155
RMA_10,TRIMA_10,0.9997747974924689
KAMA_10_2_30,VWMA_10,0.9997747209846337
ALMA_9_6.0_0.85,SWMA_10,0.9997735275683698
ABER_SG_5_15,VWMA_10,0.9997726552354629
MIDPRICE_2,PIVOTS_TRAD_D_S2,0.9997726343926553
SMA_10,ABER_SG_5_15,0.9997725910371432
LINREG_14,MIDPOINT_2,0.9997717603789357
ABER_ATR_5_15,ATRr_14,0.9997714780133807
SINWMA_14,ALPHAT_14_1_50,0.9997712413030762
KAMA_10_2_30,TRIMA_10,0.9997710687138054
ALPHATl_14_1_50_2,ACCBM_20,0.9997710025678798
AGl_13_8_5,ABER_XG_5_15,0.9997699493911537
DCU_20_20,KCUe_20_2,0.999769204179824
Close,DEMA_10,0.9997689082239645
KAMA_10_2_30,KCBe_20_2,0.9997687044107134
JMA_7_0.0,PIVOTS_TRAD_D_R2,0.999768195333881
SSF3_20,ALPHAT_14_1_50,0.9997679849075604
KAMA_10_2_30,SWMA_10,0.999767812264382
High,ABER_ZG_5_15,0.999767719034254
MIDPRICE_2,ABER_XG_5_15,0.9997667458088362
EMA_10,PIVOTS_TRAD_D_R2,0.9997650950152628
PIVOTS_TRAD_D_P,ABER_SG_5_15,0.9997645914437525
HMA_10,PIVOTS_TRAD_D_S2,0.9997643578376083
PIVOTS_TRAD_D_P,WCP,0.9997643230351385
SMMA_7,ABER_ZG_5_15,0.9997628418035563
AGj_13_8_5,ALPHATl_14_1_50_2,0.9997625819281738
ITS_9,ALMA_9_6.0_0.85,0.9997623485287295
ALPHATl_14_1_50_2,VWMA_10,0.9997619576181836
MIDPRICE_2,WMA_10,0.9997616315877259
PIVOTS_TRAD_D_S1,BBM_5_2.0_2.0,0.9997609926082444
SWMA_10,BBM_5_2.0_2.0,0.999760433844715
Low,PIVOTS_TRAD_D_S1,0.9997602986897167
DEMA_10,FAMA_0.5_0.05,0.9997599941831786
High,ALMA_9_6.0_0.85,0.9997599453558154
AGl_13_8_5,ALPHATl_14_1_50_2,0.9997595026726802
EMA_10,MAMA_0.5_0.05,0.9997589011509184
Open,BBM_5_2.0_2.0,0.9997587437006324
ITS_9,BBM_5_2.0_2.0,0.9997582756662087
LOGRET_1,PCTRET_1,0.9997582070069768
OHLC4,BBM_5_2.0_2.0,0.9997579470628186
FWMA_10,VWMA_10,0.9997576955896226
ALMA_9_6.0_0.85,PIVOTS_TRAD_D_S1,0.9997566948405819
MCGD_10,SWMA_10,0.999756333614033
HMA_10,ABER_SG_5_15,0.999756253311797
MIDPRICE_2,PIVOTS_TRAD_D_R2,0.9997561542951013
Low,HMA_10,0.9997555599585276
SWMA_10,ABER_SG_5_15,0.9997555486252782
ALPHAT_14_1_50,ABER_SG_5_15,0.9997550558497016
FAMA_0.5_0.05,ABER_XG_5_15,0.9997548259001334
PWMA_10,ABER_ZG_5_15,0.9997544494701917
AGj_13_8_5,KCUe_20_2,0.9997542647835096
PWMA_10,ALPHATl_14_1_50_2,0.9997537845233814
PIVOTS_TRAD_D_S1,VWAP_D,0.999753491387101
HLC3,PIVOTS_TRAD_D_S1,0.999753491387101
HL2,BBM_5_2.0_2.0,0.999753356862786
PIVOTS_TRAD_D_S2,ZL_EMA_10,0.9997530296005208
HLC3,PIVOTS_TRAD_D_R1,0.9997526612655121
PIVOTS_TRAD_D_R1,VWAP_D,0.9997526612655121
SMA_10,KCBe_20_2,0.9997519702403297
PIVOTS_TRAD_D_R2,ZL_EMA_10,0.9997514541260936
Low,DEMA_10,0.9997513444260111
ALMA_9_6.0_0.85,SMMA_7,0.9997509715097732
FAMA_0.5_0.05,KCBe_20_2,0.9997508944112257
MCGD_10,KCLe_20_2,0.9997500107750354
HILO_13_21,HT_TL,0.9997495703773323
MCGD_10,SSF3_20,0.9997482529124534
FAMA_0.5_0.05,PIVOTS_TRAD_D_R2,0.9997480983482969
High,ABER_SG_5_15,0.9997477962192657
KAMA_10_2_30,MCGD_10,0.9997474047678756
EMA_10,PIVOTS_TRAD_D_R1,0.999746088684338
ACCBU_20,DCU_20_20,0.9997455535027467
MCGD_10,DCM_20_20,0.9997453056364036
AGj_13_8_5,HILO_13_21,0.9997451637656697
PWMA_10,ALPHAT_14_1_50,0.9997444731469607
HWMA_0.2_0.1_0.1,HWU_1,0.999744413040012
HWM_1,HWU_1,0.999744413040012
SMMA_7,KCLe_20_2,0.9997443138738294
MAMA_0.5_0.05,FAMA_0.5_0.05,0.9997438335933608
SMMA_7,BBM_5_2.0_2.0,0.9997437077206174
PIVOTS_TRAD_D_S2,TEMA_10,0.9997436153087077
MCGD_10,VWMA_10,0.9997435863463457
SMMA_7,ACCBM_20,0.9997433232452233
High,PIVOTS_TRAD_D_R2,0.9997431320507522
TRIMA_10,KCBe_20_2,0.9997430748435484
AGl_13_8_5,KCBe_20_2,0.999742921520886
LINREG_14,ABER_SG_5_15,0.9997417531306709
T3_10_0.7,WMA_10,0.9997411944582059
DEMA_10,EMA_10,0.9997409855663064
ALPHAT_14_1_50,ABER_ZG_5_15,0.9997409649980479
MIDPRICE_2,ABER_SG_5_15,0.9997401148326682
LINREG_14,PIVOTS_TRAD_D_S1,0.9997394584706529
SSF_20,KCLe_20_2,0.9997391112473548
PIVOTS_TRAD_D_S1,ABER_XG_5_15,0.9997386931817315
RMA_10,SWMA_10,0.9997384601617124
HILO_13_21,KCBe_20_2,0.9997382105199747
KAMA_10_2_30,SINWMA_14,0.9997376962024513
ITS_9,KAMA_10_2_30,0.9997374497725215
DCM_20_20,KCBe_20_2,0.9997373081966509
RMA_10,SSF3_20,0.9997372825323446
PIVOTS_TRAD_D_S1,ABER_ZG_5_15,0.9997362849902236
HLC3,BBM_5_2.0_2.0,0.999735341421314
BBM_5_2.0_2.0,VWAP_D,0.999735341421314
Open,ABER_ZG_5_15,0.9997351559795523
AGl_13_8_5,PIVOTS_TRAD_D_P,0.9997341607494845
ABER_XG_5_15,BBL_5_2.0_2.0,0.9997338816800136
Open,ALMA_9_6.0_0.85,0.9997337123009692
KAMA_10_2_30,WMA_10,0.9997336984217308
LINREG_14,PIVOTS_TRAD_D_R1,0.9997335845639206
EMA_10,KCLe_20_2,0.9997324975341938
AGl_13_8_5,ZL_EMA_10,0.9997324787991498
RMA_10,DCM_20_20,0.9997324163080371
PIVOTS_TRAD_D_R1,WCP,0.999731432379188
HILO_13_21,MCGD_10,0.999731258288866
Low,PIVOTS_TRAD_D_P,0.9997311915114784
FAMA_0.5_0.05,PIVOTS_TRAD_D_R1,0.9997310285720725
PIVOTS_TRAD_D_S1,WCP,0.9997308586140253
MIDPOINT_2,PIVOTS_TRAD_D_R2,0.9997307002585152
HILO_13_21,DCM_20_20,0.9997303081807869
KAMA_10_2_30,SSF3_20,0.9997297940168588
AGj_13_8_5,CHDLREXTl_22_22_14_2.0,0.9997297659574144
High,WMA_10,0.9997295124908062
HWM_1,HWL_1,0.9997291969909028
HWMA_0.2_0.1_0.1,HWL_1,0.9997291969909028
T3_10_0.7,ALPHAT_14_1_50,0.999728217028403
ALMA_9_6.0_0.85,PWMA_10,0.999727439447322
Close,HMA_10,0.9997274114447076
High,PIVOTS_TRAD_D_S1,0.9997273071903908
HMA_10,WMA_10,0.9997272446949981
EMA_10,JMA_7_0.0,0.9997268155227964
ABER_XG_5_15,VWMA_10,0.9997264677861136
MCGD_10,T3_10_0.7,0.9997254654732802
HILO_13_21,RMA_10,0.9997248715976815
AGt_13_8_5,ABER_SG_5_15,0.9997247548378148
OHLC4,ABER_ZG_5_15,0.999724705347249
EMA_10,ABER_XG_5_15,0.9997243776514468
ALMA_9_6.0_0.85,ALPHAT_14_1_50,0.9997242257852735
OBV_max_2,OBVe_4,0.9997241490730371
JMA_7_0.0,FAMA_0.5_0.05,0.9997236409972364
TEMA_10,WMA_10,0.9997235456909676
LINREG_14,OHLC4,0.9997235412651466
KCLe_20_2,VWMA_10,0.9997224264787653
HL2,ABER_ZG_5_15,0.9997216801451099
AGt_13_8_5,KCLe_20_2,0.9997215455151467
SMA_10,KCLe_20_2,0.9997212474037724
WCP,BBM_5_2.0_2.0,0.9997211059286595
ALPHAT_14_1_50,BBM_5_2.0_2.0,0.9997208418523512
DEMA_10,PIVOTS_TRAD_D_R2,0.999720701584794
CKSPl_10_3_20,CHDLREXTl_22_22_14_2.0,0.9997199384731258
FAMA_0.5_0.05,KCLe_20_2,0.9997196095430112
TEMA_10,ABER_SG_5_15,0.9997191228538054
ITS_9,FWMA_10,0.9997187524323844
HL2,LINREG_14,0.9997185383259346
TRIMA_10,ABER_ZG_5_15,0.9997182460122849
ALMA_9_6.0_0.85,OHLC4,0.9997179433989881
AGj_13_8_5,VIDYA_14,0.999717757915641
MIDPOINT_2,WMA_10,0.9997171017798541
QTL_30_0.5,ACCBU_20,0.9997160008743756
MEDIAN_30,ACCBU_20,0.9997160008743756
MIDPOINT_2,PIVOTS_TRAD_D_S2,0.9997159854132902
AGl_13_8_5,MIDPRICE_2,0.9997159347459713
AGj_13_8_5,SINWMA_14,0.9997144180348125
ALMA_9_6.0_0.85,HL2,0.9997139099944613
DEMA_10,VWMA_10,0.9997135272342667
PWMA_10,BBM_5_2.0_2.0,0.9997134967224037
CHDLREXTl_22_22_14_2.0,DCU_20_20,0.9997130511188368
FWMA_10,SMA_10,0.9997129906780413
AGl_13_8_5,KCLe_20_2,0.9997128984151362
Open,LINREG_14,0.9997126637265775
High,LINREG_14,0.9997120142302656
RMA_10,VWMA_10,0.9997115635750797
AGj_13_8_5,ATRTSe_14_20_3.0,0.9997110398844657
High,AGl_13_8_5,0.9997102797895866
AGj_13_8_5,DCM_20_20,0.9997099507911206
IKS_26,HT_TL,0.999709757002668
PWMA_10,ABER_SG_5_15,0.9997095350644934
KAMA_10_2_30,PWMA_10,0.999709150076317
ITS_9,ABER_SG_5_15,0.999708676538939
JMA_7_0.0,PIVOTS_TRAD_D_S2,0.9997066357260317
SSF_20,ACCBM_20,0.9997048857332062
LINREG_14,VWAP_D,0.9997048275568912
HLC3,LINREG_14,0.9997048275568912
RMA_10,T3_10_0.7,0.9997047957619409
SSF3_20,KCBe_20_2,0.9997042404173371
SWMA_10,KCBe_20_2,0.9997028831817498
ITS_9,KCLe_20_2,0.9997026455785251
HT_TL,KCBe_20_2,0.9997017524978471
HMA_10,PIVOTS_TRAD_D_R2,0.9997006223980418
MIDPOINT_2,ABER_XG_5_15,0.9996991255844825
FWMA_10,SMMA_7,0.9996991219625981
HLC3,ABER_ZG_5_15,0.9996988826386733
ABER_ZG_5_15,VWAP_D,0.9996988826386733
ITS_9,ALPHATl_14_1_50_2,0.9996984285678289
TRIMA_10,KCLe_20_2,0.999696835000636
SINWMA_14,WMA_10,0.9996967127727114
CHDLREXTl_22_22_14_2.0,KCBe_20_2,0.9996963670338921
ALMA_9_6.0_0.85,TRIMA_10,0.9996957952256973
SSF_20,ABER_ZG_5_15,0.9996943399171653
ITS_9,MCGD_10,0.9996927740735326
FWMA_10,ALPHAT_14_1_50,0.9996927531337609
LINREG_14,WCP,0.9996927436325422
MIDPOINT_2,ABER_SG_5_15,0.999692736604821
TRIMA_10,ABER_SG_5_15,0.9996921208202848
ALMA_9_6.0_0.85,VWAP_D,0.9996903481886776
ALMA_9_6.0_0.85,HLC3,0.9996903481886774
SWMA_10,KCLe_20_2,0.9996902798571845
ITS_9,ABER_XG_5_15,0.9996891500949288
DEMA_10,PIVOTS_TRAD_D_S2,0.9996883300809958
T3_10_0.7,KCLe_20_2,0.9996870241349878
SSF_20,ABER_SG_5_15,0.9996862806889875
MCGD_10,PWMA_10,0.9996848677685903
Close,Adj Close,0.9996841794111057
EMA_10,PIVOTS_TRAD_D_P,0.9996838154346132
EMA_10,BBU_5_2.0_2.0,0.999682675228658
PIVOTS_TRAD_D_R1,ABER_XG_5_15,0.9996824895219634
SINWMA_14,KCLe_20_2,0.9996823670147099
WCP,ABER_ZG_5_15,0.9996822573347933
PIVOTS_TRAD_D_R2,SMMA_7,0.9996816587596818
AGj_13_8_5,QTL_30_0.5,0.9996811528330959
AGj_13_8_5,MEDIAN_30,0.9996811528330959
VIDYA_14,ACCBU_20,0.9996809901782399
TRIMA_10,BBM_5_2.0_2.0,0.9996809805673488
RMA_10,CHDLREXTl_22_22_14_2.0,0.9996802795034575
AGl_13_8_5,BBU_5_2.0_2.0,0.9996798457708531
PIVOTS_TRAD_D_R2,BBU_5_2.0_2.0,0.9996791451487491
Close,PIVOTS_TRAD_D_P,0.9996789568254587
ACCBM_20,CHDLREXTl_22_22_14_2.0,0.9996781536660931
FAMA_0.5_0.05,PIVOTS_TRAD_D_P,0.999677635409292
AGl_13_8_5,MIDPOINT_2,0.9996775596929834
ALMA_9_6.0_0.85,SSF_20,0.9996766310819429
Open,PIVOTS_TRAD_D_S2,0.9996762562266505
KAMA_10_2_30,ABER_SG_5_15,0.9996760520010304
FAMA_0.5_0.05,BBU_5_2.0_2.0,0.9996757179664925
Open,PIVOTS_TRAD_D_R2,0.9996742330135198
AGj_13_8_5,SSF_20,0.9996739751958191
PIVOTS_TRAD_D_R2,TEMA_10,0.9996737294572801
MCGD_10,WMA_10,0.9996735970727085
PIVOTS_TRAD_D_R2,ALPHAT_14_1_50,0.9996735659004641
ALMA_9_6.0_0.85,WCP,0.9996733409444785
MAMA_0.5_0.05,PIVOTS_TRAD_D_S2,0.9996733006281882
EMA_10,ZL_EMA_10,0.9996730070675657
AGl_13_8_5,LINREG_14,0.9996725897703653
KCBe_20_2,VWMA_10,0.9996722300356826
SSF3_20,KCLe_20_2,0.999670820672908
AGt_13_8_5,ABER_ZG_5_15,0.9996705643456326
T3_10_0.7,KCBe_20_2,0.9996704369893391
ITS_9,DEMA_10,0.9996703239941389
Adj Close,WCP,0.9996702320182748
ATRTSe_14_20_3.0,KCUe_20_2,0.9996699862194525
RMA_10,HT_TL,0.9996692951152587
FAMA_0.5_0.05,ZL_EMA_10,0.9996681230308168
PWMA_10,RMA_10,0.9996657176860279
AGt_13_8_5,DCM_20_20,0.9996655107924823
WMA_10,ALPHATl_14_1_50_2,0.9996651358590762
SMMA_7,BBU_5_2.0_2.0,0.9996641692648246
High,EMA_10,0.9996628942403025
Open,ABER_XG_5_15,0.9996615171713827
Low,PIVOTS_TRAD_D_S2,0.9996612197430087
SSF_20,BBM_5_2.0_2.0,0.9996609506369614
SMA_10,ABER_XG_5_15,0.9996606973323607
EMA_10,MIDPRICE_2,0.9996600227034055
SWMA_10,ABER_XG_5_15,0.9996593705293804
HT_TL,DCM_20_20,0.9996590956063516
ITS_9,RMA_10,0.9996588184546125
SSF3_20,ABER_ZG_5_15,0.9996586646478254
Adj Close,VWAP_D,0.999658610135115
Adj Close,HLC3,0.999658610135115
FWMA_10,SWMA_10,0.9996585154283593
AGt_13_8_5,ALMA_9_6.0_0.85,0.9996575720016249
Open,WMA_10,0.999657546435875
Close,BBM_5_2.0_2.0,0.9996575273885268
MAMA_0.5_0.05,VWMA_10,0.999657338247401
OHLC4,WMA_10,0.9996561635511139
ALPHAT_14_1_50,KCLe_20_2,0.9996559572301296
ABER_SG_5_15,ABER_XG_5_15,0.9996554825275648
PIVOTS_TRAD_D_S2,ABER_XG_5_15,0.9996548700984665
AGj_13_8_5,KAMA_10_2_30,0.9996532192998975
MEDIAN_30,ACCBM_20,0.9996530383534822
QTL_30_0.5,ACCBM_20,0.9996530383534822
DEMA_10,SMA_10,0.9996513891458395
HL2,WMA_10,0.9996510328129032
KAMA_10_2_30,T3_10_0.7,0.9996509911982536
DEMA_10,BBL_5_2.0_2.0,0.9996509305674364
WMA_10,KCLe_20_2,0.9996508711849128
FWMA_10,PIVOTS_TRAD_D_S2,0.999649438266577
LINREG_14,FAMA_0.5_0.05,0.999649425626824
AGj_13_8_5,ALPHAT_14_1_50,0.9996481460403478
AGt_13_8_5,BBM_5_2.0_2.0,0.9996481317583098
HILO_13_21,SINWMA_14,0.9996472215904965
Close,PIVOTS_TRAD_D_R1,0.9996468862235651
Low,PIVOTS_TRAD_D_R1,0.999646794767177
OHLC4,ABER_XG_5_15,0.9996460782763043
AGl_13_8_5,HMA_10,0.9996457215544801
WMA_10,BBU_5_2.0_2.0,0.9996452132961846
HL2,ABER_XG_5_15,0.999643743313539
IKS_26,AGj_13_8_5,0.9996432039517789
RMA_10,WMA_10,0.9996428208919864
Close,PIVOTS_TRAD_D_S1,0.9996421033759414
OHLC4,PIVOTS_TRAD_D_R2,0.9996415595215745
FAMA_0.5_0.05,MIDPRICE_2,0.9996404539270711
JMA_7_0.0,VWMA_10,0.9996402595173978
AGj_13_8_5,ACCBU_20,0.9996400625342106
ATRTSe_14_20_3.0,CHDLREXTl_22_22_14_2.0,0.9996386375107768
HL2,PIVOTS_TRAD_D_R2,0.9996381088931819
ALMA_9_6.0_0.85,SSF3_20,0.9996375537706698
HL2,PIVOTS_TRAD_D_S2,0.9996374093346105
OHLC4,PIVOTS_TRAD_D_S2,0.9996373399072104
Open,ABER_SG_5_15,0.9996369018947775
CKSPl_10_3_20,DCU_20_20,0.9996366874346581
AGt_13_8_5,BBU_5_2.0_2.0,0.9996359644109456
HT_TL,ACCBU_20,0.9996359567114118
Close,LINREG_14,0.9996356164579109
Low,LINREG_14,0.9996354509681615
Adj Close,OHLC4,0.9996345769315542
HLC3,WMA_10,0.9996333647797987
WMA_10,VWAP_D,0.9996333647797985
High,Adj Close,0.99963237095947
KCBe_20_2,KCUe_20_2,0.9996320756429805
OHLC4,ABER_SG_5_15,0.9996313204834375
PIVOTS_TRAD_D_R2,SMA_10,0.9996311789788601
PWMA_10,KCLe_20_2,0.9996311120938519
IKS_26,CKSPs_10_3_20,0.9996308942496945
HILO_13_21,ALPHATl_14_1_50_2,0.9996304218719864
PIVOTS_TRAD_D_R2,VWMA_10,0.9996301427234688
AGl_13_8_5,TEMA_10,0.9996299205900524
PWMA_10,KCBe_20_2,0.9996289947212724
LINREG_14,BBL_5_2.0_2.0,0.9996280067089327
HL2,ABER_SG_5_15,0.9996276222748698
IKS_26,ACCBM_20,0.9996268573672017
SSF3_20,ABER_SG_5_15,0.9996264123182361
PIVOTS_TRAD_D_R1,ALPHAT_14_1_50,0.9996261581726319
PWMA_10,ABER_XG_5_15,0.9996261436170186
High,FAMA_0.5_0.05,0.9996259382728608
RMA_10,KCLe_20_2,0.9996251718047655
Adj Close,HL2,0.9996248893312879
ALPHATl_14_1_50_2,KCLe_20_2,0.9996247061186192
ITS_9,MAMA_0.5_0.05,0.999623342258124
Low,BBM_5_2.0_2.0,0.9996223515596752
VIDYA_14,DCU_20_20,0.9996220406267992
SSF3_20,BBM_5_2.0_2.0,0.9996219604065087
PIVOTS_TRAD_D_S1,WMA_10,0.9996215868029799
PIVOTS_TRAD_D_R1,VWMA_10,0.9996213977827599
PIVOTS_TRAD_D_R1,SMMA_7,0.9996213662797141
LINREG_14,PIVOTS_TRAD_D_S2,0.9996199015276941
AGj_13_8_5,EMA_10,0.9996196421394646
DEMA_10,SWMA_10,0.999619552255653
WCP,WMA_10,0.9996193034501153
EMA_10,MIDPOINT_2,0.9996190159181106
ITS_9,KCBe_20_2,0.9996188406774537
HLC3,ABER_XG_5_15,0.9996185946677252
ABER_XG_5_15,VWAP_D,0.9996185946677252
LINREG_14,VWMA_10,0.9996173200133968
AGt_13_8_5,PIVOTS_TRAD_D_R2,0.9996166526094734
AGl_13_8_5,OHLC4,0.9996164973982244
Adj Close,MIDPOINT_2,0.9996159581165465
AGt_13_8_5,HILO_13_21,0.9996159559184102
LINREG_14,PIVOTS_TRAD_D_R2,0.9996155084578349
HMA_10,BBL_5_2.0_2.0,0.9996144263991759
Open,AGl_13_8_5,0.9996142571314557
High,ABER_XG_5_15,0.9996137989332899
HILOl_13_21,MEDIAN_30,0.9996129636986557
HILOl_13_21,QTL_30_0.5,0.9996129636986557
KAMA_10_2_30,ABER_ZG_5_15,0.9996120614246706
T3_10_0.7,ACCBM_20,0.9996117229802979
Close,ABER_ZG_5_15,0.9996115145407687
AGl_13_8_5,HL2,0.9996114405251721
JMA_7_0.0,BBL_5_2.0_2.0,0.9996113365431905
MCGD_10,HT_TL,0.9996107663206606
ABER_XG_5_15,KCLe_20_2,0.999610402968731
PIVOTS_TRAD_D_R1,PIVOTS_TRAD_D_R4,0.9996092099001853
PIVOTS_TRAD_D_R1,PIVOTS_TRAD_D_R3,0.9996092099001853
TEMA_10,BBL_5_2.0_2.0,0.9996085465632997
PIVOTS_TRAD_D_R2,VWAP_D,0.9996083314844878
HLC3,PIVOTS_TRAD_D_R2,0.9996083314844876
MAMA_0.5_0.05,ALPHAT_14_1_50,0.9996079267965504
EMA_10,LINREG_14,0.9996077194897889
HLC3,ABER_SG_5_15,0.9996071228402804
ABER_SG_5_15,VWAP_D,0.9996071228402804
ALPHAT_14_1_50,BBU_5_2.0_2.0,0.9996061166243582
OBV,OBV_min_2,0.9996054112142754
ALPHATl_14_1_50_2,DCM_20_20,0.9996048125403607
ALMA_9_6.0_0.85,BBU_5_2.0_2.0,0.999603982729602
ABER_ZG_5_15,BBU_5_2.0_2.0,0.9996038619574338
ALPHAT_14_1_50,ACCBM_20,0.9996035346455987
MAMA_0.5_0.05,SMA_10,0.9996033799015587
Adj Close,MAMA_0.5_0.05,0.999602827422137
MAMA_0.5_0.05,SMMA_7,0.9996021540651537
ZL_EMA_10,BBL_5_2.0_2.0,0.9996020322297934
PIVOTS_TRAD_D_S2,VWAP_D,0.9996020311436747
HLC3,PIVOTS_TRAD_D_S2,0.9996020311436745
ATRTSe_14_20_3.0,KCBe_20_2,0.9996019647011463
SMA_10,BBU_5_2.0_2.0,0.9996017528540521
ITS_9,JMA_7_0.0,0.9996015148931277
Close,ALMA_9_6.0_0.85,0.9996014532139389
OBV_min_2,OBV_max_2,0.9996010043787952
WCP,ABER_XG_5_15,0.9996007947209383
RMA_10,KCUe_20_2,0.9995988145722882
AGt_13_8_5,FWMA_10,0.9995986778889406
WMA_10,KCBe_20_2,0.9995985116596543
ALMA_9_6.0_0.85,KAMA_10_2_30,0.999597971706336
BBM_5_2.0_2.0,BBU_5_2.0_2.0,0.9995975580973524
SMMA_7,DCM_20_20,0.9995970117160488
PIVOTS_TRAD_D_R4,BBU_5_2.0_2.0,0.9995962794760002
PIVOTS_TRAD_D_R3,BBU_5_2.0_2.0,0.9995962794760002
AGl_13_8_5,VWAP_D,0.99959490715978
AGl_13_8_5,HLC3,0.9995949071597798
KCLe_20_2,KCBe_20_2,0.9995932093154315
PIVOTS_TRAD_D_S2,BBM_5_2.0_2.0,0.9995928867573725
PIVOTS_TRAD_D_S1,PIVOTS_TRAD_D_R2,0.9995925409714611
WCP,ABER_SG_5_15,0.9995916465573058
PIVOTS_TRAD_D_S2,BBL_5_2.0_2.0,0.9995905337968579
KAMA_10_2_30,BBM_5_2.0_2.0,0.9995903367693032
PIVOTS_TRAD_D_R1,SMA_10,0.999590071312319
ALMA_9_6.0_0.85,PIVOTS_TRAD_D_S2,0.9995896474767723
CHDLREXTl_22_22_14_2.0,DCM_20_20,0.9995889919242401
FAMA_0.5_0.05,MIDPOINT_2,0.9995884383600663
PIVOTS_TRAD_D_R2,WCP,0.9995882182074
PIVOTS_TRAD_D_R3,ABER_SG_5_15,0.9995877783002526
PIVOTS_TRAD_D_R4,ABER_SG_5_15,0.9995877783002526
IKS_26,HILO_13_21,0.9995860600513126
Low,ABER_ZG_5_15,0.9995854441270816
HMA_10,FAMA_0.5_0.05,0.9995853772489305
Low,ABER_XG_5_15,0.9995843437817029
RMA_10,ABER_SG_5_15,0.9995841207785351
IKS_26,KCBe_20_2,0.9995837092792628
LDECAY_1,KCUe_20_2,0.9995834083480823
AGl_13_8_5,WCP,0.9995814131207014
MEDIAN_30,KCUe_20_2,0.9995811877483796
QTL_30_0.5,KCUe_20_2,0.9995811877483796
FWMA_10,TRIMA_10,0.9995810401075157
PIVOTS_TRAD_D_S2,PIVOTS_TRAD_D_R1,0.9995809148192886
PIVOTS_TRAD_D_P,VWMA_10,0.9995806422836339
EMA_10,HMA_10,0.999580319653479
PIVOTS_TRAD_D_S1,BBL_5_2.0_2.0,0.9995793243376295
PIVOTS_TRAD_D_S2,WCP,0.9995791187153164
FWMA_10,PWMA_10,0.9995789040320603
JMA_7_0.0,ALPHAT_14_1_50,0.9995783940420169
HT_TL,KCUe_20_2,0.9995781271725023
VIDYA_14,KCBe_20_2,0.9995777278066265
Low,ALMA_9_6.0_0.85,0.9995776782405659
T3_10_0.7,ACCBL_20,0.9995776560909584
ACCBU_20,ATRTSe_14_20_3.0,0.9995765474828778
ITS_9,PIVOTS_TRAD_D_R1,0.9995760835181876
ITS_9,PIVOTS_TRAD_D_R2,0.9995747242603809
JMA_7_0.0,SMA_10,0.9995744378179916
AGt_13_8_5,CHDLREXTl_22_22_14_2.0,0.9995741392589768
SWMA_10,BBU_5_2.0_2.0,0.9995719640218195
BBL_5_2.0_2.0,BBM_5_2.0_2.0,0.9995718216319518
HILO_13_21,QTL_30_0.5,0.9995714315353514
HILO_13_21,MEDIAN_30,0.9995714315353514
RMA_10,ATRTSe_14_20_3.0,0.9995714022951474
FWMA_10,SSF_20,0.999571227785298
ZL_EMA_10,VWMA_10,0.9995708817040098
TRIMA_10,ABER_XG_5_15,0.9995706908712081
PIVOTS_TRAD_D_R2,SWMA_10,0.9995701229329123
TRIMA_10,ACCBM_20,0.9995686604513438
PIVOTS_TRAD_D_S2,ABER_ZG_5_15,0.9995684235538075
HT_TL,CHDLREXTl_22_22_14_2.0,0.9995671020838027
PIVOTS_TRAD_D_R1,BBU_5_2.0_2.0,0.9995666947508782
SSF_20,BBU_5_2.0_2.0,0.9995663187506261
EMA_10,ACCBM_20,0.9995660929764317
PIVOTS_TRAD_D_S1,ABER_SG_5_15,0.9995638256376912
PIVOTS_TRAD_D_S1,PIVOTS_TRAD_D_S3,0.99956349556845
PIVOTS_TRAD_D_S1,PIVOTS_TRAD_D_S4,0.99956349556845
AGj_13_8_5,TRIMA_10,0.9995634371727186
AGj_13_8_5,SMA_10,0.9995631537357145
ITS_9,LINREG_14,0.9995624247026716
SMMA_7,ABER_XG_5_15,0.9995619957508881
JMA_7_0.0,SMMA_7,0.9995606988382316
IKS_26,MCGD_10,0.9995598103985037
IKS_26,RMA_10,0.9995596717703839
ALPHATl_14_1_50_2,ABER_SG_5_15,0.999559629019252
DEMA_10,PWMA_10,0.9995593773569094
AGj_13_8_5,FAMA_0.5_0.05,0.9995593760900441
KAMA_10_2_30,ACCBM_20,0.9995591869607404
FAMA_0.5_0.05,TEMA_10,0.9995591835822488
ACCBM_20,KCUe_20_2,0.9995591726838837
T3_10_0.7,ABER_ZG_5_15,0.9995590634189203
EMA_10,TEMA_10,0.999558471096183
DEMA_10,ALPHAT_14_1_50,0.9995581012258041
RMA_10,BBU_5_2.0_2.0,0.9995564836268175
ALMA_9_6.0_0.85,BBL_5_2.0_2.0,0.9995563207180898
DEMA_10,SMMA_7,0.9995562850184708
Close,WMA_10,0.9995562492086556
Open,EMA_10,0.999556130650415
ABER_ZG_5_15,BBL_5_2.0_2.0,0.9995559991937994
MCGD_10,ABER_SG_5_15,0.9995558626043712
EMA_10,OHLC4,0.9995556376722007
FWMA_10,BBL_5_2.0_2.0,0.9995545717823153
IKS_26,QTL_30_0.5,0.9995536551132215
IKS_26,MEDIAN_30,0.9995536551132215
VIDYA_14,CHDLREXTl_22_22_14_2.0,0.9995532352814923
MIDPRICE_2,VWMA_10,0.9995531558127543
ALPHAT_14_1_50,ABER_XG_5_15,0.9995521916059431
MCGD_10,CHDLREXTl_22_22_14_2.0,0.999552108720261
SINWMA_14,ACCBL_20,0.9995518169996448
AGj_13_8_5,AGl_13_8_5,0.9995515272387112
CHDLREXTl_22_22_14_2.0,KCUe_20_2,0.9995514781416532
AGl_13_8_5,PIVOTS_TRAD_D_S1,0.9995511330999366
EMA_10,HL2,0.999550736454891
Adj Close,MIDPRICE_2,0.9995505649823393
LINREG_14,SWMA_10,0.9995502132591169
KAMA_10_2_30,BBU_5_2.0_2.0,0.99954994363877
SSF3_20,ACCBM_20,0.9995498082070752
PIVOTS_TRAD_D_R2,ABER_XG_5_15,0.9995495932465468
ATRTSe_14_20_3.0,DCU_20_20,0.999548543467114
SMA_10,ACCBM_20,0.999548185419797
ABER_SG_5_15,KCBe_20_2,0.9995476128350879
High,ALPHAT_14_1_50,0.9995467651380249
ITS_9,PIVOTS_TRAD_D_P,0.9995465845123629
Adj Close,FWMA_10,0.9995460244820845
SINWMA_14,DCM_20_20,0.9995456893516237
LINREG_14,SMA_10,0.9995452446435265
HILOl_13_21,HT_TL,0.9995447865373043
ITS_9,MIDPRICE_2,0.9995434941198724
LDECAY_1,DCU_20_20,0.9995429807658305
Adj Close,TEMA_10,0.9995428438137435
RMA_10,VIDYA_14,0.9995418310671955
FWMA_10,BBU_5_2.0_2.0,0.9995414561465321
TRIMA_10,BBU_5_2.0_2.0,0.9995400552012061
CKSPl_10_3_20,ATRTSe_14_20_3.0,0.9995394910481464
PIVOTS_TRAD_D_P,ALPHAT_14_1_50,0.9995386621300618
MAMA_0.5_0.05,BBL_5_2.0_2.0,0.999538100352992
FWMA_10,KAMA_10_2_30,0.9995379233485715
ABER_ZG_5_15,KCLe_20_2,0.9995371641534097
ALMA_9_6.0_0.85,T3_10_0.7,0.9995366550737192
PIVOTS_TRAD_D_R2,SSF_20,0.9995339715986824
ALPHATl_14_1_50_2,CHDLREXTl_22_22_14_2.0,0.9995339350367196
BBU_5_2.0_2.0,KCBe_20_2,0.9995333697840164
MAMA_0.5_0.05,SWMA_10,0.9995332953517537
EMA_10,VWAP_D,0.9995331377653454
EMA_10,HLC3,0.9995331377653454
MIDPRICE_2,BBL_5_2.0_2.0,0.9995327186662858
AGt_13_8_5,PIVOTS_TRAD_D_R1,0.9995322163981701
ITS_9,ZL_EMA_10,0.9995313218988712
MCGD_10,ACCBL_20,0.9995311908115211
KAMA_10_2_30,PIVOTS_TRAD_D_R2,0.99953087532211
Open,FAMA_0.5_0.05,0.9995302643314136
Adj Close,ZL_EMA_10,0.99952938819757
ACCBM_20,ACCBU_20,0.9995288600109936
JMA_7_0.0,SWMA_10,0.9995287794221354
SSF_20,ABER_XG_5_15,0.9995282745462418
BBU_5_2.0_2.0,VWMA_10,0.9995282158725939
Low,Adj Close,0.9995276486692078
Close,ABER_XG_5_15,0.9995265318479122
HILO_13_21,SSF_20,0.9995258727082592
DEMA_10,TRIMA_10,0.9995256963130924
High,VWMA_10,0.9995254620352376
High,PIVOTS_TRAD_D_S2,0.999525172077534
OBV_min_2,OBVe_4,0.9995246221105708
Close,ABER_SG_5_15,0.9995243506201248
FWMA_10,SSF3_20,0.9995243237250488
PIVOTS_TRAD_D_P,SMMA_7,0.999523326440335
ACCBL_20,ACCBM_20,0.9995231591526827
PIVOTS_TRAD_D_R1,SWMA_10,0.9995215568818108
LINREG_14,PWMA_10,0.9995213837195984
Close,AGl_13_8_5,0.9995200605063043
PIVOTS_TRAD_D_P,SMA_10,0.9995197840707561
T3_10_0.7,BBM_5_2.0_2.0,0.9995195991497123
HILO_13_21,SMMA_7,0.9995193637558394
EMA_10,WCP,0.9995191116169919
KAMA_10_2_30,KCLe_20_2,0.9995190759764099
ALPHAT_14_1_50,DCM_20_20,0.9995188924111996
FAMA_0.5_0.05,OHLC4,0.9995186966420424
AGj_13_8_5,SSF3_20,0.9995176664132569
ALMA_9_6.0_0.85,KCLe_20_2,0.9995174656017772
SSF3_20,ABER_XG_5_15,0.999517399122292
HILO_13_21,ACCBL_20,0.9995171701164637
KAMA_10_2_30,CHDLREXTl_22_22_14_2.0,0.9995159371444508
SSF_20,ACCBL_20,0.9995158918927505
MCGD_10,ABER_ZG_5_15,0.9995158313380559
MIDPRICE_2,ALPHAT_14_1_50,0.9995156483288079
High,SMMA_7,0.9995153053034265
HL2,FAMA_0.5_0.05,0.9995138041962419
IKS_26,CHDLREXTl_22_22_14_2.0,0.9995137467418963
PWMA_10,BBU_5_2.0_2.0,0.9995131850448561
PIVOTS_TRAD_D_R2,TRIMA_10,0.9995124304078304
FAMA_0.5_0.05,ACCBM_20,0.9995100659420958
ALPHATl_14_1_50_2,ABER_ZG_5_15,0.99950915122257
QTL_30_0.5,KCBe_20_2,0.9995087731632898
MEDIAN_30,KCBe_20_2,0.9995087731632898
PIVOTS_TRAD_D_P,BBL_5_2.0_2.0,0.999508610528136
AGj_13_8_5,SWMA_10,0.9995078864134812
Close,PIVOTS_TRAD_D_R2,0.9995070198342909
High,ITS_9,0.9995064814296735
BBM_5_2.0_2.0,KCLe_20_2,0.9995063866785684
SSF_20,DCM_20_20,0.9995062548322006
SINWMA_14,ABER_SG_5_15,0.9995055638409454
ACCBL_20,DCM_20_20,0.9995038674763994
ZL_EMA_10,ALPHAT_14_1_50,0.9995036017168647
SMA_10,ZL_EMA_10,0.9995023901300789
EMA_10,PIVOTS_TRAD_D_R3,0.9995019907837716
EMA_10,PIVOTS_TRAD_D_R4,0.9995019907837716
T3_10_0.7,ABER_SG_5_15,0.9995008348509784
ALMA_9_6.0_0.85,MCGD_10,0.9994994783409332
OBV,OBV_max_2,0.9994990719205711
AGl_13_8_5,PIVOTS_TRAD_D_R4,0.999496786263769
AGl_13_8_5,PIVOTS_TRAD_D_R3,0.999496786263769
CHDLREXTs_22_22_14_2.0,DCM_20_20,0.9994956301409974
Open,Adj Close,0.9994954571177407
ACCBM_20,ATRTSe_14_20_3.0,0.9994947226703301
MEDIAN_30,CKSPl_10_3_20,0.9994940824285361
QTL_30_0.5,CKSPl_10_3_20,0.9994940824285361
PIVOTS_TRAD_D_R4,SMMA_7,0.9994940122853292
PIVOTS_TRAD_D_R3,SMMA_7,0.9994940122853292
AGt_13_8_5,MAMA_0.5_0.05,0.9994933442118111
MIDPOINT_2,VWMA_10,0.9994931496386504
FAMA_0.5_0.05,VWAP_D,0.9994925062062701
HLC3,FAMA_0.5_0.05,0.9994925062062698
ALPHATl_14_1_50_2,BBU_5_2.0_2.0,0.9994914834599742
ACCBM_20,KCLe_20_2,0.9994910683827473
ALMA_9_6.0_0.85,ALPHATl_14_1_50_2,0.9994906940315307
SMMA_7,CHDLREXTl_22_22_14_2.0,0.9994905882810105
SWMA_10,ACCBM_20,0.9994895493382472
Close,PIVOTS_TRAD_D_S2,0.9994895281944546
DCM_20_20,KCLe_20_2,0.9994891959771178
SINWMA_14,ABER_ZG_5_15,0.9994883662887941
SMMA_7,ZL_EMA_10,0.9994883362882083
AGl_13_8_5,ACCBM_20,0.9994879754143013
Adj Close,JMA_7_0.0,0.9994878794035138
SSF3_20,BBU_5_2.0_2.0,0.9994871606888399
MCGD_10,BBM_5_2.0_2.0,0.9994869344784992
MIDPRICE_2,SMMA_7,0.9994864228456366
MIDPOINT_2,BBL_5_2.0_2.0,0.9994854750516574
EMA_10,PIVOTS_TRAD_D_S1,0.9994851192039599
AGt_13_8_5,HT_TL,0.9994837714478053
Low,WMA_10,0.9994820010510024
MIDPRICE_2,SMA_10,0.9994818537524587
High,SMA_10,0.9994817242871784
MCGD_10,BBU_5_2.0_2.0,0.9994814922050296
ACCBU_20,CHDLREXTl_22_22_14_2.0,0.9994811655166734
FAMA_0.5_0.05,PIVOTS_TRAD_D_S1,0.9994809529399873
LDECAY_1,CHDLREXTl_22_22_14_2.0,0.9994809312220901
DEMA_10,SSF_20,0.9994785702999581
Low,BBL_5_2.0_2.0,0.999476948767509
DEMA_10,SSF3_20,0.9994768350988135
FAMA_0.5_0.05,WCP,0.9994766314174717
PIVOTS_TRAD_D_R2,PWMA_10,0.9994766231602723
CKSPl_10_3_20,ACCBU_20,0.999476506779065
CHDLREXTs_22_22_14_2.0,DCL_20_20,0.9994755832678971
FAMA_0.5_0.05,PIVOTS_TRAD_D_R3,0.9994744112184216
FAMA_0.5_0.05,PIVOTS_TRAD_D_R4,0.9994744112184216
PIVOTS_TRAD_D_R2,RMA_10,0.9994742919618884
AGt_13_8_5,PIVOTS_TRAD_D_R4,0.9994740562934881
AGt_13_8_5,PIVOTS_TRAD_D_R3,0.9994740562934881
RMA_10,ABER_ZG_5_15,0.9994728851183061
AGj_13_8_5,T3_10_0.7,0.999472064708577
ACCBU_20,KCBe_20_2,0.9994708102434691
ITS_9,MIDPOINT_2,0.999469792268006
TEMA_10,VWMA_10,0.9994696634041071
ALPHATl_14_1_50_2,BBM_5_2.0_2.0,0.9994695608013096
MAMA_0.5_0.05,BBU_5_2.0_2.0,0.9994685098524183
HT_TL,ATRTSe_14_20_3.0,0.9994683059784036
MIDPOINT_2,ALPHAT_14_1_50,0.9994675832985407
ALMA_9_6.0_0.85,SINWMA_14,0.9994660967423395
HMA_10,VWMA_10,0.9994633942659885
PIVOTS_TRAD_D_R4,ALPHAT_14_1_50,0.9994629873143315
PIVOTS_TRAD_D_R3,ALPHAT_14_1_50,0.9994629873143315
ITS_9,BBU_5_2.0_2.0,0.9994629113867903
QTL_30_0.5,ATRTSe_14_20_3.0,0.9994619618877033
MEDIAN_30,ATRTSe_14_20_3.0,0.9994619618877033
MCGD_10,ATRTSe_14_20_3.0,0.9994619114564279
MCGD_10,PIVOTS_TRAD_D_R2,0.9994617204075958
QTL_30_0.5,CHDLREXTl_22_22_14_2.0,0.9994615698925102
MEDIAN_30,CHDLREXTl_22_22_14_2.0,0.9994615698925102
HILO_13_21,T3_10_0.7,0.9994612267414065
AGj_13_8_5,VWMA_10,0.9994611940796674
VIDYA_14,LDECAY_1,0.9994610689880555
RMA_10,QTL_30_0.5,0.9994601152032124
RMA_10,MEDIAN_30,0.9994601152032124
VIDYA_14,QTL_30_0.5,0.9994599236142251
VIDYA_14,MEDIAN_30,0.9994599236142251
PIVOTS_TRAD_D_R1,SSF_20,0.9994590649895486
KAMA_10_2_30,PIVOTS_TRAD_D_R1,0.9994590521903711
AGt_13_8_5,ACCBL_20,0.9994586578576674
ALMA_9_6.0_0.85,RMA_10,0.9994585989927379
Adj Close,DEMA_10,0.9994572564723849
DEMA_10,HWM_1,0.999456747701249
DEMA_10,HWMA_0.2_0.1_0.1,0.999456747701249
Close,EMA_10,0.9994561649496198
PIVOTS_TRAD_D_P,SWMA_10,0.999456095160699
JMA_7_0.0,PWMA_10,0.999454797458194
High,BBU_5_2.0_2.0,0.9994545667380768
AGj_13_8_5,DCU_20_20,0.9994535317223847
PIVOTS_TRAD_D_R2,SSF3_20,0.9994518996802341
VIDYA_14,ACCBM_20,0.9994510247760581
VIDYA_14,CKSPl_10_3_20,0.999450968294385
FWMA_10,KCLe_20_2,0.9994479331766906
SINWMA_14,BBM_5_2.0_2.0,0.9994478595156505
MAMA_0.5_0.05,TRIMA_10,0.9994473352052516
IKS_26,CHDLREXTs_22_22_14_2.0,0.9994463837152209
AGt_13_8_5,JMA_7_0.0,0.9994461928790374
RMA_10,BBM_5_2.0_2.0,0.9994460558669381
PIVOTS_TRAD_D_R1,TRIMA_10,0.9994457126991642
SMMA_7,ACCBL_20,0.999444993014056
KAMA_10_2_30,DCM_20_20,0.9994447821015042
T3_10_0.7,ABER_XG_5_15,0.9994444362841594
SINWMA_14,BBU_5_2.0_2.0,0.9994439796861143
LDECAY_1,BBU_5_2.0_2.0,0.9994433104563599
SWMA_10,ZL_EMA_10,0.9994430189708297
Open,VWMA_10,0.9994427282680939
Low,PIVOTS_TRAD_D_R2,0.9994422391964632
HILO_13_21,CHDLREXTl_22_22_14_2.0,0.99944223313368
ACCBM_20,VWMA_10,0.9994421963421247
CKSPl_10_3_20,KCUe_20_2,0.9994421132018508
MAMA_0.5_0.05,SSF_20,0.9994412792741806
OHLC4,BBL_5_2.0_2.0,0.9994409306419304
PIVOTS_TRAD_D_R4,WMA_10,0.9994407441773557
PIVOTS_TRAD_D_R3,WMA_10,0.9994407441773557
MIDPOINT_2,SMMA_7,0.9994407119089342
AGt_13_8_5,ABER_XG_5_15,0.9994407082329934
MAMA_0.5_0.05,PWMA_10,0.9994403876549197
HILOl_13_21,ACCBM_20,0.9994393349570165
EMA_10,DCM_20_20,0.9994388220913613
KAMA_10_2_30,MAMA_0.5_0.05,0.9994381383169039
PIVOTS_TRAD_D_R2,KCBe_20_2,0.9994371987658164
Open,BBL_5_2.0_2.0,0.9994357767934622
LINREG_14,TRIMA_10,0.9994354860661454
AGj_13_8_5,LDECAY_1,0.9994353694364788
CKSPl_10_3_20,HT_TL,0.9994346472189486
HL2,BBL_5_2.0_2.0,0.9994332944869946
FWMA_10,MCGD_10,0.9994331504113526
MEDIAN_30,DCM_20_20,0.9994325928532314
QTL_30_0.5,DCM_20_20,0.9994325928532314
Open,ALPHAT_14_1_50,0.9994307866893694
ITS_9,TEMA_10,0.9994300267435586
JMA_7_0.0,TRIMA_10,0.9994298376501374
OHLC4,VWMA_10,0.999429669982498
Open,ITS_9,0.9994295395029781
WMA_10,BBL_5_2.0_2.0,0.9994293745621706
ALPHATl_14_1_50_2,ACCBL_20,0.9994290899244017
AGj_13_8_5,PWMA_10,0.9994288257378182
AGt_13_8_5,KCUe_20_2,0.999427636745587
AGt_13_8_5,DEMA_10,0.9994261923710042
JMA_7_0.0,BBU_5_2.0_2.0,0.9994259608242563
RMA_10,ACCBU_20,0.999425437681209
VIDYA_14,HT_TL,0.9994245878101439
SSF3_20,ACCBL_20,0.9994245437473505
HL2,VWMA_10,0.9994242043422035
HILO_13_21,HILOl_13_21,0.9994238321828847
MIDPOINT_2,SMA_10,0.9994235035589115
FWMA_10,T3_10_0.7,0.9994228850530635
DEMA_10,BBU_5_2.0_2.0,0.999422380661027
ABER_ZG_5_15,KCBe_20_2,0.9994222355505631
Low,AGl_13_8_5,0.9994218259839913
ITS_9,OHLC4,0.9994209639703391
PIVOTS_TRAD_D_R1,PWMA_10,0.9994206308991386
AGj_13_8_5,CKSPl_10_3_20,0.9994204232795719
BBL_5_2.0_2.0,VWAP_D,0.9994203154636903
HLC3,BBL_5_2.0_2.0,0.9994203154636903
Adj Close,HMA_10,0.9994201987211705
ITS_9,HL2,0.9994192019484645
OHLC4,ALPHAT_14_1_50,0.9994183728401037
ALPHAT_14_1_50,CHDLREXTl_22_22_14_2.0,0.9994183379899924
LDECAY_1,KCBe_20_2,0.9994171185794082
Low,ABER_SG_5_15,0.9994164339978704
MCGD_10,KCUe_20_2,0.9994163436804985
HL2,ALPHAT_14_1_50,0.9994160068767604
TRIMA_10,ACCBL_20,0.9994147317672338
High,AGt_13_8_5,0.9994146307475344
PIVOTS_TRAD_D_P,BBU_5_2.0_2.0,0.9994137775472164
PIVOTS_TRAD_D_S2,WMA_10,0.9994131295327552
AGt_13_8_5,ATRTSe_14_20_3.0,0.9994125667211757
JMA_7_0.0,SSF_20,0.9994124112536383
ITS_9,HMA_10,0.9994123990061244
AGt_13_8_5,PIVOTS_TRAD_D_P,0.9994123232074701
IKS_26,AGt_13_8_5,0.999411772315429
PIVOTS_TRAD_D_R3,RMA_10,0.9994112342700523
PIVOTS_TRAD_D_R4,RMA_10,0.9994112342700523
RMA_10,LDECAY_1,0.9994086425410232
WCP,BBL_5_2.0_2.0,0.9994085987433929
Close,FAMA_0.5_0.05,0.9994081430954193
PWMA_10,ACCBM_20,0.9994078215368554
ALMA_9_6.0_0.85,KCBe_20_2,0.9994077682470982
ZL_EMA_10,BBU_5_2.0_2.0,0.9994077571052145
RMA_10,ACCBL_20,0.9994076657903121
SINWMA_14,CHDLREXTl_22_22_14_2.0,0.9994074338722087
AGj_13_8_5,BBU_5_2.0_2.0,0.9994065697510583
LINREG_14,ALPHAT_14_1_50,0.9994054611398541
ALPHATl_14_1_50_2,HT_TL,0.9994046253094694
JMA_7_0.0,KAMA_10_2_30,0.9994045740448892
ITS_9,AGj_13_8_5,0.9994042775809209
HLC3,VWMA_10,0.999402984699735
VWAP_D,VWMA_10,0.999402984699735
AGj_13_8_5,KCLe_20_2,0.9994025043559276
MIDPRICE_2,SWMA_10,0.9994024479700193
HMA_10,ALPHAT_14_1_50,0.9994012366673942
LINREG_14,SMMA_7,0.9993991910150182
PIVOTS_TRAD_D_R3,SMA_10,0.9993976014142292
PIVOTS_TRAD_D_R4,SMA_10,0.9993976014142292
Adj Close,PIVOTS_TRAD_D_R1,0.9993974052528792
DEMA_10,KAMA_10_2_30,0.9993971182813861
LINREG_14,HWM_1,0.9993965617842423
HWMA_0.2_0.1_0.1,LINREG_14,0.9993965617842423
ITS_9,VWAP_D,0.9993957730456724
ITS_9,HLC3,0.9993957730456723
SMA_10,ACCBL_20,0.9993952871219999
BBM_5_2.0_2.0,KCBe_20_2,0.9993946435051508
ITS_9,ACCBM_20,0.999394454160141
CKSPs_10_3_20,CHDLREXTs_22_22_14_2.0,0.9993934770830224
HILO_13_21,ALPHAT_14_1_50,0.999392770887116
PIVOTS_TRAD_D_R2,ALPHATl_14_1_50_2,0.999392765753876
PIVOTS_TRAD_D_S1,VWMA_10,0.9993924973291592
PIVOTS_TRAD_D_R3,KCBe_20_2,0.9993921189106335
PIVOTS_TRAD_D_R4,KCBe_20_2,0.9993921189106335
ALPHAT_14_1_50,VWAP_D,0.999391902609325
HLC3,ALPHAT_14_1_50,0.9993919026093249
FWMA_10,RMA_10,0.9993908527125835
ALPHATl_14_1_50_2,ATRTSe_14_20_3.0,0.9993907338906208
High,SWMA_10,0.9993878399112119
HMA_10,SMA_10,0.9993876806157063
SMA_10,TEMA_10,0.9993875539615716
WCP,VWMA_10,0.9993871495362784
MAMA_0.5_0.05,SSF3_20,0.9993865063022866
Adj Close,BBM_5_2.0_2.0,0.9993858460510125
T3_10_0.7,DCM_20_20,0.9993851299842335
Adj Close,PIVOTS_TRAD_D_P,0.9993847076648771
HILO_13_21,TRIMA_10,0.9993837703860604
PIVOTS_TRAD_D_R1,SSF3_20,0.9993835428265005
ACCBL_20,KCBe_20_2,0.999382637787166
MCGD_10,VIDYA_14,0.9993822186701058
ALMA_9_6.0_0.85,PIVOTS_TRAD_D_R3,0.9993818326426298
ALMA_9_6.0_0.85,PIVOTS_TRAD_D_R4,0.9993818326426298
HMA_10,SMMA_7,0.9993807791120735
ITS_9,WCP,0.9993788337658541
T3_10_0.7,BBU_5_2.0_2.0,0.9993777576834143
Open,SMMA_7,0.9993777288263274
HILO_13_21,KCLe_20_2,0.9993766531253705
HILO_13_21,SSF3_20,0.9993755643155158
WCP,ALPHAT_14_1_50,0.9993746258129697
PIVOTS_TRAD_D_R3,ABER_ZG_5_15,0.9993732845552435
PIVOTS_TRAD_D_R4,ABER_ZG_5_15,0.9993732845552435
PIVOTS_TRAD_D_R3,BBM_5_2.0_2.0,0.9993730907654205
PIVOTS_TRAD_D_R4,BBM_5_2.0_2.0,0.9993730907654205
SMA_10,DCM_20_20,0.9993723879328789
KAMA_10_2_30,ABER_XG_5_15,0.9993721721710375
OHLC4,SMMA_7,0.9993718549477298
TEMA_10,ALPHAT_14_1_50,0.9993711662306034
AGj_13_8_5,WMA_10,0.9993702580800591
HILO_13_21,HILOs_13_21,0.9993702182793569
FWMA_10,PIVOTS_TRAD_D_R3,0.9993702172585902
FWMA_10,PIVOTS_TRAD_D_R4,0.9993702172585902
KAMA_10_2_30,ATRTSe_14_20_3.0,0.9993695655870322
TRIMA_10,DCM_20_20,0.9993693315301241
AGl_13_8_5,DCM_20_20,0.9993693286902404
FAMA_0.5_0.05,DCM_20_20,0.9993692335606605
IKS_26,ATRTSe_14_20_3.0,0.9993690601789925
ITS_9,PIVOTS_TRAD_D_S1,0.9993687658315722
AGt_13_8_5,MIDPRICE_2,0.9993687484394628
Open,SMA_10,0.9993680142889223
HL2,SMMA_7,0.9993674574786673
FWMA_10,ALPHATl_14_1_50_2,0.9993673526579946
MCGD_10,PIVOTS_TRAD_D_R1,0.9993671737546456
DEMA_10,T3_10_0.7,0.9993664528023453
HILOs_13_21,HT_TL,0.999365474304871
MCGD_10,MEDIAN_30,0.9993650636504021
MCGD_10,QTL_30_0.5,0.9993650636504021
SSF_20,CHDLREXTl_22_22_14_2.0,0.99936490551556
AGt_13_8_5,VIDYA_14,0.9993645030093316
HILOl_13_21,CKSPl_10_3_20,0.9993641703584228
PIVOTS_TRAD_D_P,SSF_20,0.9993640898517148
AGt_13_8_5,ZL_EMA_10,0.9993637555353592
AGj_13_8_5,ABER_SG_5_15,0.9993631230378196
PIVOTS_TRAD_D_P,TRIMA_10,0.9993626308662398
MIDPRICE_2,BBU_5_2.0_2.0,0.9993622176641304
KAMA_10_2_30,PIVOTS_TRAD_D_R3,0.9993621519463494
KAMA_10_2_30,PIVOTS_TRAD_D_R4,0.9993621519463494
MEDIAN_30,DCU_20_20,0.9993609109608025
QTL_30_0.5,DCU_20_20,0.9993609109608025
HILOl_13_21,ACCBU_20,0.9993608712192485
JMA_7_0.0,SSF3_20,0.9993588077579101
PIVOTS_TRAD_D_P,PWMA_10,0.9993583221113053
PIVOTS_TRAD_D_R4,SSF_20,0.9993576818137949
PIVOTS_TRAD_D_R3,SSF_20,0.9993576818137949
High,KAMA_10_2_30,0.9993576063371954
Adj Close,ABER_SG_5_15,0.9993575907738632
FWMA_10,SINWMA_14,0.9993565997774073
PWMA_10,ZL_EMA_10,0.9993558136700612
EMA_10,ACCBL_20,0.9993557510992702
PIVOTS_TRAD_D_R2,SINWMA_14,0.9993548084005477
OHLC4,SMA_10,0.9993546012359769
SWMA_10,ACCBL_20,0.9993543366364084
SINWMA_14,HT_TL,0.9993542178864542
AGt_13_8_5,LDECAY_1,0.99935357604623
KAMA_10_2_30,PIVOTS_TRAD_D_P,0.9993532653864899
Close,BBL_5_2.0_2.0,0.9993525784495416
HMA_10,BBU_5_2.0_2.0,0.9993524257592801
ACCBL_20,VWMA_10,0.9993521418742899
SMMA_7,HT_TL,0.999351167416749
HMA_10,SWMA_10,0.999350562838535
HILO_13_21,ACCBU_20,0.9993505355377702
LINREG_14,SSF3_20,0.9993499602403693
ITS_9,DCM_20_20,0.9993496016320775
HL2,SMA_10,0.9993490568462268
PIVOTS_TRAD_D_R1,RMA_10,0.9993479470806619
Low,EMA_10,0.9993476605101647
SMMA_7,VWAP_D,0.999347565619086
HLC3,SMMA_7,0.999347565619086
KAMA_10_2_30,LDECAY_1,0.9993468155985484
PIVOTS_TRAD_D_R2,T3_10_0.7,0.9993445781828386
HILOs_13_21,MEDIAN_30,0.9993440497327885
HILOs_13_21,QTL_30_0.5,0.9993440497327885
SMMA_7,TEMA_10,0.9993424707444547
IKS_26,ALPHATl_14_1_50_2,0.999342187443473
ITS_9,ACCBL_20,0.9993416059672636
Adj Close,ABER_ZG_5_15,0.9993414817142484
PIVOTS_TRAD_D_R4,SWMA_10,0.9993391436823326
PIVOTS_TRAD_D_R3,SWMA_10,0.9993391436823326
MAMA_0.5_0.05,KCLe_20_2,0.9993389688654921
FWMA_10,KCBe_20_2,0.9993385424640031
DEMA_10,KCLe_20_2,0.9993375112674504
TRIMA_10,ZL_EMA_10,0.9993366873572411
SWMA_10,TEMA_10,0.9993360403701248
PIVOTS_TRAD_D_R3,VWMA_10,0.9993359752250691
PIVOTS_TRAD_D_R4,VWMA_10,0.9993359752250691
FAMA_0.5_0.05,ACCBL_20,0.9993343575257333
MCGD_10,PIVOTS_TRAD_D_R4,0.9993339776760015
MCGD_10,PIVOTS_TRAD_D_R3,0.9993339776760015
CKSPs_10_3_20,HT_TL,0.9993328704764276
Adj Close,ALMA_9_6.0_0.85,0.9993324278049548
SMMA_7,WCP,0.9993323943509629
LINREG_14,SSF_20,0.9993322052447052
ALPHATl_14_1_50_2,KCUe_20_2,0.9993311261666615
HILO_13_21,SMA_10,0.9993294243684652
High,PIVOTS_TRAD_D_R4,0.999329231291993
High,PIVOTS_TRAD_D_R3,0.999329231291993
LDECAY_1,ATRTSe_14_20_3.0,0.9993291089719951
MIDPOINT_2,SWMA_10,0.9993282636520828
SMA_10,VWAP_D,0.9993277993818018
HLC3,SMA_10,0.9993277993818017
HILO_13_21,KCUe_20_2,0.999327465171507
HILOl_13_21,CHDLREXTl_22_22_14_2.0,0.9993269875300439
ALPHAT_14_1_50,ACCBL_20,0.9993256893455004
Adj Close,LINREG_14,0.999324185876808
LINREG_14,BBU_5_2.0_2.0,0.9993235045100247
SSF_20,ZL_EMA_10,0.9993232796463788
KAMA_10_2_30,ZL_EMA_10,0.999323033717902
MIDPOINT_2,BBU_5_2.0_2.0,0.9993219558715555
AGt_13_8_5,MIDPOINT_2,0.9993216030608398
HILO_13_21,KAMA_10_2_30,0.9993213915776039
HT_TL,DCU_20_20,0.9993211764266915
KAMA_10_2_30,MIDPRICE_2,0.9993205765731171
AGj_13_8_5,HILOl_13_21,0.9993195272236066
Close,VWMA_10,0.9993187818883421
DCM_20_20,VWMA_10,0.999318628536588
EMA_10,CHDLREXTl_22_22_14_2.0,0.9993174926742424
CKSPl_10_3_20,ACCBM_20,0.9993172348268731
MAMA_0.5_0.05,MCGD_10,0.9993168312554049
PIVOTS_TRAD_D_R4,TRIMA_10,0.9993164889533174
PIVOTS_TRAD_D_R3,TRIMA_10,0.9993164889533174
PIVOTS_TRAD_D_R1,BBL_5_2.0_2.0,0.9993159033967234
DCU_20_20,KCBe_20_2,0.9993151390378529
AGl_13_8_5,PIVOTS_TRAD_D_S2,0.999314827718093
SSF3_20,DCM_20_20,0.9993146993789224
High,SSF_20,0.9993146151101534
SMMA_7,KCUe_20_2,0.9993144721815851
JMA_7_0.0,KCLe_20_2,0.9993140025552113
PIVOTS_TRAD_D_S2,ABER_SG_5_15,0.999313989891988
HILO_13_21,ATRTSe_14_20_3.0,0.9993123201607101
SMA_10,WCP,0.9993119457089628
HWMA_0.2_0.1_0.1,ABER_XG_5_15,0.9993111401514047
ABER_XG_5_15,HWM_1,0.9993111401514047
PIVOTS_TRAD_D_S1,ALPHAT_14_1_50,0.9993110165624282
Low,FAMA_0.5_0.05,0.9993107555375154
SMMA_7,LDECAY_1,0.9993104625596717
MAMA_0.5_0.05,PIVOTS_TRAD_D_R3,0.9993098584246628
MAMA_0.5_0.05,PIVOTS_TRAD_D_R4,0.9993098584246628
SWMA_10,DCM_20_20,0.9993085795568427
ATRTSe_14_20_3.0,DCM_20_20,0.9993079086180354
High,TRIMA_10,0.9993075454774737
SMMA_7,ATRTSe_14_20_3.0,0.9993074656158921
PIVOTS_TRAD_D_P,PIVOTS_TRAD_D_R4,0.9993071790586927
PIVOTS_TRAD_D_P,PIVOTS_TRAD_D_R3,0.9993071790586927
Close,ITS_9,0.9993071559605927
MIDPRICE_2,TRIMA_10,0.999306884984424
MIDPRICE_2,SSF_20,0.999304978134627
Adj Close,WMA_10,0.9993046144699247
EMA_10,HILO_13_21,0.9993045336887886
KAMA_10_2_30,VIDYA_14,0.9993035463883616
AGl_13_8_5,ACCBL_20,0.9993034574300772
Adj Close,PIVOTS_TRAD_D_R2,0.9993033885052186
Close,ALPHAT_14_1_50,0.9993019361629183
ACCBM_20,DCU_20_20,0.9993017501027547
IKS_26,SMMA_7,0.9993016394427546
PIVOTS_TRAD_D_R1,KCBe_20_2,0.9993014921113648
High,BBL_5_2.0_2.0,0.9993014500340238
Adj Close,PIVOTS_TRAD_D_S1,0.9993011098353791
MCGD_10,ABER_XG_5_15,0.9993005128946908
CKSPs_10_3_20,DCM_20_20,0.9992995466219275
LDECAY_1,ABER_SG_5_15,0.9992995454416161
VIDYA_14,ALPHATl_14_1_50_2,0.9992989138095689
PIVOTS_TRAD_D_S1,SMA_10,0.9992986292160352
LDECAY_1,ACCBU_20,0.9992981163006154
PIVOTS_TRAD_D_P,SSF3_20,0.9992979794818968
TEMA_10,BBU_5_2.0_2.0,0.9992977502017896
MIDPRICE_2,PWMA_10,0.9992976110610208
AGl_13_8_5,BBL_5_2.0_2.0,0.9992974366649912
SINWMA_14,ABER_XG_5_15,0.9992964531290759
ABER_SG_5_15,KCLe_20_2,0.9992956236372341
PIVOTS_TRAD_D_S3,BBL_5_2.0_2.0,0.9992939771879782
PIVOTS_TRAD_D_S4,BBL_5_2.0_2.0,0.9992939771879782
IKS_26,CKSPl_10_3_20,0.9992933318478612
Adj Close,AGl_13_8_5,0.9992874952820493
PWMA_10,ACCBL_20,0.9992871029746377
WMA_10,ACCBM_20,0.9992865715054978
AGj_13_8_5,PIVOTS_TRAD_D_R3,0.9992837072866855
AGj_13_8_5,PIVOTS_TRAD_D_R4,0.9992837072866855
ALPHATl_14_1_50_2,ABER_XG_5_15,0.9992831281091303
HMA_10,PWMA_10,0.9992829946734881
PIVOTS_TRAD_D_P,KCLe_20_2,0.9992828957493982
PIVOTS_TRAD_D_S1,SMMA_7,0.9992825431307546
HILO_13_21,SWMA_10,0.9992822607948024
KAMA_10_2_30,LINREG_14,0.999282033693114
PIVOTS_TRAD_D_R3,ALPHATl_14_1_50_2,0.9992820087666549
PIVOTS_TRAD_D_R4,ALPHATl_14_1_50_2,0.9992820087666549
MAMA_0.5_0.05,T3_10_0.7,0.9992801375578665
JMA_7_0.0,PIVOTS_TRAD_D_R4,0.9992785119398302
JMA_7_0.0,PIVOTS_TRAD_D_R3,0.9992785119398302
PIVOTS_TRAD_D_R1,ALPHATl_14_1_50_2,0.999278507651132
Open,SWMA_10,0.9992780626174605
RMA_10,DCU_20_20,0.9992777829962545
PIVOTS_TRAD_D_S2,PIVOTS_TRAD_D_R2,0.9992773878000134
High,PWMA_10,0.999275990387316
PIVOTS_TRAD_D_R4,LDECAY_1,0.9992759378271214
PIVOTS_TRAD_D_R3,LDECAY_1,0.9992759378271214
PIVOTS_TRAD_D_R1,T3_10_0.7,0.9992755940717377
MAMA_0.5_0.05,RMA_10,0.9992736735360829
HWMA_0.2_0.1_0.1,BBM_5_2.0_2.0,0.99927249012131
BBM_5_2.0_2.0,HWM_1,0.9992724901213099
JMA_7_0.0,MCGD_10,0.9992720794865809
ALPHAT_14_1_50,ATRTSe_14_20_3.0,0.9992713721053161
HWMA_0.2_0.1_0.1,ABER_ZG_5_15,0.9992696544648328
ABER_ZG_5_15,HWM_1,0.9992696544648327
SSF3_20,ZL_EMA_10,0.9992694150981399
CKSPl_10_3_20,KCBe_20_2,0.999267870380577
KAMA_10_2_30,MIDPOINT_2,0.9992666723785685
Close,SMMA_7,0.9992660183202737
PIVOTS_TRAD_D_R1,KCLe_20_2,0.9992631829108541
BBL_5_2.0_2.0,VWMA_10,0.9992630168816139
ALMA_9_6.0_0.85,HWMA_0.2_0.1_0.1,0.9992628912236022
ALMA_9_6.0_0.85,HWM_1,0.9992628912236022
OBV,OBVe_4,0.9992618362364748
PIVOTS_TRAD_D_R4,SSF3_20,0.9992600128030513
PIVOTS_TRAD_D_R3,SSF3_20,0.9992600128030513
ITS_9,PIVOTS_TRAD_D_R3,0.9992596651564111
ITS_9,PIVOTS_TRAD_D_R4,0.9992596651564111
PWMA_10,TEMA_10,0.9992583206278807
Open,AGt_13_8_5,0.9992578251284829
ABER_XG_5_15,HWL_1,0.9992568984393648
FAMA_0.5_0.05,BBL_5_2.0_2.0,0.9992568673888454
AGt_13_8_5,LINREG_14,0.9992564774940093
Open,BBU_5_2.0_2.0,0.9992544978852846
FAMA_0.5_0.05,CHDLREXTl_22_22_14_2.0,0.9992538420761446
ABER_XG_5_15,BBU_5_2.0_2.0,0.9992537205426743
OHLC4,SWMA_10,0.9992531163012506
KAMA_10_2_30,KCUe_20_2,0.9992514873213636
SMMA_7,VIDYA_14,0.9992513949009533
HILO_13_21,FAMA_0.5_0.05,0.9992511838830307
AGt_13_8_5,OHLC4,0.9992499053973354
PIVOTS_TRAD_D_R4,PWMA_10,0.9992498591913711
PIVOTS_TRAD_D_R3,PWMA_10,0.9992498591913711
SUPERT_7_3.0,ATRTSe_14_20_3.0,0.9992488997760174
AGt_13_8_5,HMA_10,0.999248515412255
AGj_13_8_5,PIVOTS_TRAD_D_R2,0.9992482745103913
HL2,SWMA_10,0.9992482700542831
OHLC4,BBU_5_2.0_2.0,0.9992479329791317
PIVOTS_TRAD_D_R4,SINWMA_14,0.9992473544146585
PIVOTS_TRAD_D_R3,SINWMA_14,0.9992473544146585
PIVOTS_TRAD_D_P,PIVOTS_TRAD_D_S4,0.9992470787095852
PIVOTS_TRAD_D_P,PIVOTS_TRAD_D_S3,0.9992470787095852
IKS_26,ACCBU_20,0.9992468572594955
HL2,BBU_5_2.0_2.0,0.9992462995457935
AGt_13_8_5,HL2,0.9992458481725153
AGl_13_8_5,CHDLREXTl_22_22_14_2.0,0.999245288319847
High,SSF3_20,0.9992448010827106
IKS_26,HILOl_13_21,0.999244402176895
TEMA_10,HWM_1,0.9992440537442492
HWMA_0.2_0.1_0.1,TEMA_10,0.9992440537442492
PIVOTS_TRAD_D_R1,SINWMA_14,0.9992436183646995
Close,SMA_10,0.9992435241387678
MCGD_10,ACCBU_20,0.9992434890338885
FWMA_10,HWMA_0.2_0.1_0.1,0.9992423654337436
FWMA_10,HWM_1,0.9992423654337436
MIDPRICE_2,SSF3_20,0.999242306849672
MCGD_10,PIVOTS_TRAD_D_P,0.9992422719506275
MIDPRICE_2,KCLe_20_2,0.9992420725704062
Low,ITS_9,0.9992412931773108
JMA_7_0.0,T3_10_0.7,0.9992408462050631
FAMA_0.5_0.05,PIVOTS_TRAD_D_S2,0.99924071012152
CKSPl_10_3_20,LDECAY_1,0.9992404946022828
SMA_10,CHDLREXTl_22_22_14_2.0,0.9992402291351431
SINWMA_14,KCUe_20_2,0.9992397519789903
HWMA_0.2_0.1_0.1,WMA_10,0.9992391614029599
WMA_10,HWM_1,0.9992391614029599
HILO_13_21,VIDYA_14,0.9992380226301124
SSF_20,HT_TL,0.9992366244181873
EMA_10,PIVOTS_TRAD_D_S2,0.9992358437954968
TRIMA_10,CHDLREXTl_22_22_14_2.0,0.9992356333737099
MIDPOINT_2,SSF_20,0.9992354191853686
DEMA_10,SINWMA_14,0.9992348994551127
SUPERT_7_3.0,QTL_30_0.5,0.9992345058589638
SUPERT_7_3.0,MEDIAN_30,0.9992345058589638
ZL_EMA_10,KCLe_20_2,0.9992342563098295
Adj Close,EMA_10,0.999233577602801
MIDPOINT_2,TRIMA_10,0.9992333549795304
High,MCGD_10,0.9992331120389866
BBU_5_2.0_2.0,KCUe_20_2,0.9992330385225644
HMA_10,PIVOTS_TRAD_D_S4,0.9992326569482632
HMA_10,PIVOTS_TRAD_D_S3,0.9992326569482632
Low,VWMA_10,0.9992321612352177
IKS_26,KCUe_20_2,0.999231928596399
PIVOTS_TRAD_D_R3,ZL_EMA_10,0.9992311930533745
PIVOTS_TRAD_D_R4,ZL_EMA_10,0.9992311930533745
ACCBM_20,BBU_5_2.0_2.0,0.9992299964801215
MAMA_0.5_0.05,ALPHATl_14_1_50_2,0.9992287142592058
MIDPRICE_2,PIVOTS_TRAD_D_R3,0.999228670096741
MIDPRICE_2,PIVOTS_TRAD_D_R4,0.999228670096741
PIVOTS_TRAD_D_S1,SWMA_10,0.9992274017165304
AGt_13_8_5,HLC3,0.9992249368827713
AGt_13_8_5,VWAP_D,0.9992249368827713
RMA_10,CKSPl_10_3_20,0.9992247678457606
HMA_10,TRIMA_10,0.9992240176774195
BBU_5_2.0_2.0,VWAP_D,0.9992234160905478
HLC3,BBU_5_2.0_2.0,0.9992234160905477
SWMA_10,VWAP_D,0.9992224725186626
HLC3,SWMA_10,0.9992224725186623
EMA_10,BBL_5_2.0_2.0,0.9992224448325192
HWMA_0.2_0.1_0.1,ZL_EMA_10,0.999221971372656
ZL_EMA_10,HWM_1,0.999221971372656
DEMA_10,MCGD_10,0.9992218478342745
PWMA_10,DCM_20_20,0.9992208214908987
EMA_10,LDECAY_1,0.9992203672732723
PIVOTS_TRAD_D_R2,KCLe_20_2,0.9992199128227393
ITS_9,BBL_5_2.0_2.0,0.9992198534369607
MAMA_0.5_0.05,KCBe_20_2,0.9992191405901462
DCM_20_20,KCUe_20_2,0.9992186728268316
MIDPOINT_2,PIVOTS_TRAD_D_R3,0.9992183419669445
MIDPOINT_2,PIVOTS_TRAD_D_R4,0.9992183419669445
DEMA_10,PIVOTS_TRAD_D_R4,0.9992169024212778
DEMA_10,PIVOTS_TRAD_D_R3,0.9992169024212778
JMA_7_0.0,RMA_10,0.9992168869679273
MIDPRICE_2,PIVOTS_TRAD_D_S3,0.9992165617399432
MIDPRICE_2,PIVOTS_TRAD_D_S4,0.9992165617399432
PIVOTS_TRAD_D_S3,TEMA_10,0.9992150975759246
PIVOTS_TRAD_D_S4,TEMA_10,0.9992150975759246
HMA_10,KAMA_10_2_30,0.9992150770757156
TEMA_10,TRIMA_10,0.9992139804425667
High,RMA_10,0.9992132825353589
ABER_SG_5_15,BBL_5_2.0_2.0,0.999212346361973
IKS_26,VIDYA_14,0.9992121199758908
MIDPOINT_2,PWMA_10,0.9992119096104699
DEMA_10,ALPHATl_14_1_50_2,0.9992107784568597
AGl_13_8_5,HILO_13_21,0.9992107446279238
HILO_13_21,PWMA_10,0.9992099704186729
Low,PIVOTS_TRAD_D_S4,0.9992096288161805
Low,PIVOTS_TRAD_D_S3,0.9992096288161805
AGt_13_8_5,WCP,0.9992092567609601
HILOl_13_21,DCM_20_20,0.9992091620198608
MAMA_0.5_0.05,SINWMA_14,0.9992088884742093
AGj_13_8_5,ACCBL_20,0.9992087408393374
HWMA_0.2_0.1_0.1,JMA_7_0.0,0.9992072360660085
JMA_7_0.0,HWM_1,0.9992072360660084
SUPERT_7_3.0,ACCBU_20,0.9992068824216834
WCP,BBU_5_2.0_2.0,0.9992067503189158
HMA_10,SSF_20,0.999206541284815
AGt_13_8_5,MEDIAN_30,0.9992055496380967
AGt_13_8_5,QTL_30_0.5,0.9992055496380967
IKS_26,SINWMA_14,0.9992049332986634
Open,KAMA_10_2_30,0.9992043575035081
SWMA_10,WCP,0.9992043503397212
HILO_13_21,VWMA_10,0.9992043255749896
JMA_7_0.0,ALPHATl_14_1_50_2,0.9992038749031759
IKS_26,ALPHAT_14_1_50,0.9992026524710785
AGt_13_8_5,TEMA_10,0.999200788932265
ALPHAT_14_1_50,LDECAY_1,0.9992000923941551
DEMA_10,HWU_1,0.9992000428026758
KAMA_10_2_30,OHLC4,0.9991985323739138
MAMA_0.5_0.05,HWM_1,0.9991978882644266
HWMA_0.2_0.1_0.1,MAMA_0.5_0.05,0.9991978882644266
HILO_13_21,SUPERT_7_3.0,0.9991972531523048
HL2,KAMA_10_2_30,0.9991945608708513
AGt_13_8_5,ACCBU_20,0.9991943101539493
Low,ALPHAT_14_1_50,0.9991941353893132
KAMA_10_2_30,TEMA_10,0.9991924039125912
PIVOTS_TRAD_D_P,T3_10_0.7,0.9991911930834918
IKS_26,KAMA_10_2_30,0.9991898987633622
PIVOTS_TRAD_D_S4,ZL_EMA_10,0.9991892824899118
PIVOTS_TRAD_D_S3,ZL_EMA_10,0.9991892824899118
MCGD_10,MIDPRICE_2,0.9991891161562616
PIVOTS_TRAD_D_P,RMA_10,0.9991887617464607
MEDIAN_30,CKSPs_10_3_20,0.9991881784447036
QTL_30_0.5,CKSPs_10_3_20,0.9991881784447036
HILOl_13_21,KCUe_20_2,0.9991875228011986
DEMA_10,HWL_1,0.9991873854581674
ACCBU_20,DCM_20_20,0.9991867560754573
PIVOTS_TRAD_D_R4,KCUe_20_2,0.9991859071707645
PIVOTS_TRAD_D_R3,KCUe_20_2,0.9991859071707645
RMA_10,ABER_XG_5_15,0.9991846023290242
LINREG_14,T3_10_0.7,0.9991837138062322
Open,SSF_20,0.9991828659841208
SUPERT_7_3.0,HT_TL,0.9991827420231141
Open,TRIMA_10,0.9991823111947138
AGl_13_8_5,LDECAY_1,0.9991821909675543
Adj Close,FAMA_0.5_0.05,0.999181955841049
AGj_13_8_5,SUPERT_7_3.0,0.9991813966937863
IKS_26,HILOs_13_21,0.9991812124878855
IKS_26,SUPERT_7_3.0,0.9991797445200266
LDECAY_1,ACCBM_20,0.999177718082736
SWMA_10,CHDLREXTl_22_22_14_2.0,0.9991775082400753
SSF3_20,CHDLREXTl_22_22_14_2.0,0.9991767573157986
ALPHAT_14_1_50,HT_TL,0.9991763921137531
KAMA_10_2_30,VWAP_D,0.9991742631669691
HLC3,KAMA_10_2_30,0.999174263166969
SINWMA_14,ATRTSe_14_20_3.0,0.9991742069309956
MCGD_10,LDECAY_1,0.9991740391669987
WMA_10,DCM_20_20,0.9991738410481639
MCGD_10,ZL_EMA_10,0.9991716859069056
WMA_10,ACCBL_20,0.9991716542261876
MIDPOINT_2,KCLe_20_2,0.9991713673173591
ALPHAT_14_1_50,KCUe_20_2,0.9991711395693098
KAMA_10_2_30,HT_TL,0.9991709486790334
SSF_20,TEMA_10,0.999170634504286
MIDPOINT_2,SSF3_20,0.9991696397112696
SINWMA_14,VIDYA_14,0.9991688829615021
ABER_SG_5_15,ACCBM_20,0.9991688062683574
AGj_13_8_5,ABER_ZG_5_15,0.9991687585072765
HILOl_13_21,DCU_20_20,0.9991683873364632
PIVOTS_TRAD_D_R2,LDECAY_1,0.9991683712153978
VIDYA_14,DCM_20_20,0.9991681658807727
LINREG_14,KCLe_20_2,0.9991675442878639
T3_10_0.7,CHDLREXTl_22_22_14_2.0,0.9991666036101311
SSF_20,KCUe_20_2,0.9991656722450599
PIVOTS_TRAD_D_S2,VWMA_10,0.9991651557085061
Open,PWMA_10,0.9991644264466593
DEMA_10,RMA_10,0.9991638318665351
FAMA_0.5_0.05,LDECAY_1,0.9991635398227242
High,KCBe_20_2,0.9991635143896498
HILOl_13_21,KCBe_20_2,0.9991628066366149
KAMA_10_2_30,ACCBL_20,0.9991608702483491
HILOs_13_21,CKSPs_10_3_20,0.999160760312051
JMA_7_0.0,KCBe_20_2,0.9991602817151441
IKS_26,KCLe_20_2,0.9991602741973027
HMA_10,HWMA_0.2_0.1_0.1,0.9991599087299377
HMA_10,HWM_1,0.9991599087299377
KAMA_10_2_30,WCP,0.9991588899710515
JMA_7_0.0,SINWMA_14,0.9991580111612269
OHLC4,TRIMA_10,0.9991571197000007
OHLC4,SSF_20,0.9991570380482045
BBU_5_2.0_2.0,CHDLREXTl_22_22_14_2.0,0.9991564358249565
PIVOTS_TRAD_D_P,ALPHATl_14_1_50_2,0.9991559900848966
AGj_13_8_5,ALMA_9_6.0_0.85,0.9991539332608049
Open,PIVOTS_TRAD_D_R3,0.9991537951557958
Open,PIVOTS_TRAD_D_R4,0.9991537951557958
LINREG_14,HWU_1,0.9991530299657512
ITS_9,PIVOTS_TRAD_D_S2,0.9991529202381686
ITS_9,CHDLREXTl_22_22_14_2.0,0.9991524860441071
ALPHATl_14_1_50_2,LDECAY_1,0.9991522729150053
PIVOTS_TRAD_D_R4,T3_10_0.7,0.9991522042663691
PIVOTS_TRAD_D_R3,T3_10_0.7,0.9991522042663691
HL2,SSF_20,0.9991520046442186
HL2,TRIMA_10,0.9991519719380018
ITS_9,HILO_13_21,0.9991517991523502
Adj Close,ABER_XG_5_15,0.9991507096791435
HMA_10,PIVOTS_TRAD_D_R3,0.999150273765574
HMA_10,PIVOTS_TRAD_D_R4,0.999150273765574
SUPERT_7_3.0,ACCBM_20,0.9991497720772564
T3_10_0.7,ZL_EMA_10,0.9991489148159303
PIVOTS_TRAD_D_S1,KCLe_20_2,0.999147943982624
CHDLREXTl_22_22_14_2.0,VWMA_10,0.9991472177350263
AGt_13_8_5,PIVOTS_TRAD_D_S1,0.9991469260234755
HILOs_13_21,ACCBM_20,0.9991456041541038
ACCBL_20,DCL_20_20,0.9991455487130072
T3_10_0.7,PSARl_0.02_0.2,0.9991450972400545
PIVOTS_TRAD_D_S4,ABER_XG_5_15,0.9991446517539248
PIVOTS_TRAD_D_S3,ABER_XG_5_15,0.9991446517539248
High,KCLe_20_2,0.9991441433398188
MIDPOINT_2,PIVOTS_TRAD_D_S3,0.9991438591621195
MIDPOINT_2,PIVOTS_TRAD_D_S4,0.9991438591621195
Close,AGt_13_8_5,0.9991413576732615
HMA_10,SSF3_20,0.9991411821193369
IKS_26,SSF_20,0.9991397191516727
AGj_13_8_5,BBM_5_2.0_2.0,0.9991387037979752
MIDPRICE_2,HWM_1,0.9991379557854067
HWMA_0.2_0.1_0.1,MIDPRICE_2,0.9991379557854065
CKSPl_10_3_20,DCM_20_20,0.9991377871573007
MCGD_10,MIDPOINT_2,0.9991373958266101
HILO_13_21,CHDLREXTs_22_22_14_2.0,0.999136860964694
SSF3_20,TEMA_10,0.9991362527197173
Close,BBU_5_2.0_2.0,0.9991358961355591
MIDPRICE_2,RMA_10,0.9991351191454418
HWM_1,VWMA_10,0.9991347089286865
HWMA_0.2_0.1_0.1,VWMA_10,0.9991347089286865
OHLC4,PWMA_10,0.9991344835467316
MIDPRICE_2,T3_10_0.7,0.999133674869883
BBL_5_2.0_2.0,HWL_1,0.9991336243450305
PIVOTS_TRAD_D_P,KCBe_20_2,0.9991333167361249
ALPHATl_14_1_50_2,ACCBU_20,0.9991326442997598
SINWMA_14,PSARl_0.02_0.2,0.9991323878031277
High,T3_10_0.7,0.9991317286141629
BBL_5_2.0_2.0,HWM_1,0.999131586762257
HWMA_0.2_0.1_0.1,BBL_5_2.0_2.0,0.999131586762257
HL2,PWMA_10,0.999129961313334
Close,SWMA_10,0.9991291296463936
Low,SMMA_7,0.9991283104567112
BBL_5_2.0_2.0,KCLe_20_2,0.9991282057158842
HMA_10,KCLe_20_2,0.999128122514335
VIDYA_14,ALPHAT_14_1_50,0.9991277892148123
SSF_20,ATRTSe_14_20_3.0,0.9991266954013763
TRIMA_10,VWAP_D,0.9991263963411228
HLC3,TRIMA_10,0.9991263963411227
SSF_20,VWAP_D,0.9991261025564966
HLC3,SSF_20,0.9991261025564963
SSF_20,LDECAY_1,0.9991259645600651
Open,KCLe_20_2,0.9991253744158662
Low,SMA_10,0.9991252609226121
HILO_13_21,CKSPl_10_3_20,0.9991250660715204
OHLC4,PIVOTS_TRAD_D_R4,0.9991241630377237
OHLC4,PIVOTS_TRAD_D_R3,0.9991241630377237
SUPERT_7_3.0,CKSPl_10_3_20,0.9991230505185239
MEDIAN_30,ALPHATl_14_1_50_2,0.9991229410899005
QTL_30_0.5,ALPHATl_14_1_50_2,0.9991229410899005
PIVOTS_TRAD_D_S1,PWMA_10,0.9991221202254778
PIVOTS_TRAD_D_R4,TEMA_10,0.9991204151748823
PIVOTS_TRAD_D_R3,TEMA_10,0.9991204151748823
HILO_13_21,PSARs_0.02_0.2,0.9991199622439281
PIVOTS_TRAD_D_S1,BBU_5_2.0_2.0,0.9991197577502651
ABER_XG_5_15,KCBe_20_2,0.9991194689446778
HL2,PIVOTS_TRAD_D_R3,0.9991190088785987
HL2,PIVOTS_TRAD_D_R4,0.9991190088785987
RMA_10,ZL_EMA_10,0.9991183471849032
Open,SSF3_20,0.9991178973909879
PIVOTS_TRAD_D_P,HWM_1,0.9991162438344225
HWMA_0.2_0.1_0.1,PIVOTS_TRAD_D_P,0.9991162438344225
SMA_10,BBL_5_2.0_2.0,0.9991162155887049
High,ALPHATl_14_1_50_2,0.9991159766294662
HILOl_13_21,RMA_10,0.999115756463599
PIVOTS_TRAD_D_S1,TRIMA_10,0.9991154279507413
PIVOTS_TRAD_D_P,SINWMA_14,0.9991146719245658
LINREG_14,HWL_1,0.9991136721923426
Open,PIVOTS_TRAD_D_S3,0.9991127833451392
Open,PIVOTS_TRAD_D_S4,0.9991127833451392
SWMA_10,BBL_5_2.0_2.0,0.99911175102301
EMA_10,ATRTSe_14_20_3.0,0.9991110904019516
JMA_7_0.0,PIVOTS_TRAD_D_S4,0.9991103593791649
JMA_7_0.0,PIVOTS_TRAD_D_S3,0.9991103593791649
PIVOTS_TRAD_D_S1,SSF_20,0.9991085084358537
TRIMA_10,WCP,0.9991083855864994
SUPERT_7_3.0,KCUe_20_2,0.9991082639425335
SSF_20,WCP,0.9991079286283405
DEMA_10,PIVOTS_TRAD_D_S3,0.9991071148384105
DEMA_10,PIVOTS_TRAD_D_S4,0.9991071148384105
SUPERT_7_3.0,VIDYA_14,0.9991062961747756
OHLC4,KCLe_20_2,0.9991060366632405
HL2,KCLe_20_2,0.9991045656711249
Adj Close,PIVOTS_TRAD_D_S2,0.9991028631117693
ZL_EMA_10,ALPHATl_14_1_50_2,0.9991027999263062
PWMA_10,VWAP_D,0.9991021769846028
HLC3,PWMA_10,0.9991021769846027
EMA_10,KCUe_20_2,0.9991013090262136
KAMA_10_2_30,PIVOTS_TRAD_D_S1,0.9991007617454905
DEMA_10,KCBe_20_2,0.9990990737330989
SMA_10,LDECAY_1,0.9990986024243083
SSF_20,VIDYA_14,0.99909775051065
IKS_26,ACCBL_20,0.9990976649880666
HILOs_13_21,PSARs_0.02_0.2,0.999097142233776
AGj_13_8_5,CKSPs_10_3_20,0.9990963889061794
SSF3_20,PSARl_0.02_0.2,0.9990948598482932
LINREG_14,PIVOTS_TRAD_D_R4,0.999093953015836
LINREG_14,PIVOTS_TRAD_D_R3,0.999093953015836
PWMA_10,CHDLREXTl_22_22_14_2.0,0.9990935372294631
PIVOTS_TRAD_D_R3,ACCBM_20,0.999093354790001
PIVOTS_TRAD_D_R4,ACCBM_20,0.999093354790001
HWMA_0.2_0.1_0.1,MIDPOINT_2,0.9990926061062235
MIDPOINT_2,HWM_1,0.9990926061062234
OHLC4,SSF3_20,0.9990920022194467
PIVOTS_TRAD_D_R3,VWAP_D,0.9990919602941033
PIVOTS_TRAD_D_R4,VWAP_D,0.9990919602941033
HLC3,PIVOTS_TRAD_D_R3,0.9990919602941033
HLC3,PIVOTS_TRAD_D_R4,0.9990919602941033
Close,KAMA_10_2_30,0.9990919121529368
EMA_10,HT_TL,0.9990917058873409
High,SINWMA_14,0.9990910627839364
Adj Close,VWMA_10,0.999090604538158
SINWMA_14,LDECAY_1,0.9990889116441884
MIDPOINT_2,RMA_10,0.999087378553574
AGt_13_8_5,DCU_20_20,0.9990864975031049
HILOl_13_21,ATRTSe_14_20_3.0,0.9990857906791442
HL2,SSF3_20,0.9990857473406626
Adj Close,ALPHAT_14_1_50,0.9990848999384087
MIDPRICE_2,ALPHATl_14_1_50_2,0.999084524017159
IKS_26,EMA_10,0.999083802063274
PWMA_10,WCP,0.9990830624667402
PIVOTS_TRAD_D_S1,HWM_1,0.9990824967021517
HWMA_0.2_0.1_0.1,PIVOTS_TRAD_D_S1,0.9990824967021514
ITS_9,HWM_1,0.9990807355968758
ITS_9,HWMA_0.2_0.1_0.1,0.9990807355968758
AGj_13_8_5,FWMA_10,0.9990800075720536
HILOl_13_21,VIDYA_14,0.9990799529107837
Adj Close,ITS_9,0.9990786655164041
Open,MCGD_10,0.9990783415364864
MIDPRICE_2,KCBe_20_2,0.9990776805650778
HLC3,KCLe_20_2,0.999077265579032
KCLe_20_2,VWAP_D,0.999077265579032
PWMA_10,BBL_5_2.0_2.0,0.9990770680384454
HILO_13_21,CKSPs_10_3_20,0.9990746162550275
FAMA_0.5_0.05,HWM_1,0.9990736346294328
HWMA_0.2_0.1_0.1,FAMA_0.5_0.05,0.9990736346294324
TEMA_10,KCLe_20_2,0.9990735793538462
ABER_SG_5_15,CHDLREXTl_22_22_14_2.0,0.9990732987149312
PIVOTS_TRAD_D_R4,WCP,0.9990732135432827
PIVOTS_TRAD_D_R3,WCP,0.9990732135432827
Adj Close,SMMA_7,0.9990730518734626
HL2,PIVOTS_TRAD_D_S3,0.9990725544000172
HL2,PIVOTS_TRAD_D_S4,0.9990725544000172
HT_TL,ACCBL_20,0.999071562289366
AGj_13_8_5,PIVOTS_TRAD_D_R1,0.9990710779301311
PIVOTS_TRAD_D_R2,BBL_5_2.0_2.0,0.9990709710478948
OHLC4,PIVOTS_TRAD_D_S4,0.9990706699045498
OHLC4,PIVOTS_TRAD_D_S3,0.9990706699045498
PIVOTS_TRAD_D_R2,ACCBM_20,0.9990699635853616
TRIMA_10,HT_TL,0.9990686419356807
VIDYA_14,BBU_5_2.0_2.0,0.9990665668874046
MCGD_10,OHLC4,0.9990646248185001
ABER_XG_5_15,ACCBL_20,0.9990640883552245
AGl_13_8_5,HWMA_0.2_0.1_0.1,0.9990632708429792
AGl_13_8_5,HWM_1,0.9990632708429792
HL2,MCGD_10,0.9990616082988274
SSF3_20,VWAP_D,0.9990610457704356
HLC3,SSF3_20,0.9990610457704354
HWMA_0.2_0.1_0.1,ABER_SG_5_15,0.999059143507147
ABER_SG_5_15,HWM_1,0.9990591435071469
ZL_EMA_10,KCBe_20_2,0.9990583969564152
WCP,KCLe_20_2,0.9990583932055077
DCM_20_20,DCU_20_20,0.9990580645802064
MIDPOINT_2,T3_10_0.7,0.9990580253215877
ATRTSe_14_20_3.0,BBU_5_2.0_2.0,0.9990579110343755
HWMA_0.2_0.1_0.1,SWMA_10,0.9990576963391362
SWMA_10,HWM_1,0.9990576963391362
LINREG_14,PIVOTS_TRAD_D_S3,0.9990576824798517
LINREG_14,PIVOTS_TRAD_D_S4,0.9990576824798517
BBU_5_2.0_2.0,KCLe_20_2,0.9990558764930602
HWMA_0.2_0.1_0.1,SMA_10,0.999055415132149
SMA_10,HWM_1,0.999055415132149
CHDLREXTl_22_22_14_2.0,KCLe_20_2,0.9990552994631373
MAMA_0.5_0.05,PIVOTS_TRAD_D_S4,0.9990545732220935
MAMA_0.5_0.05,PIVOTS_TRAD_D_S3,0.9990545732220935
LINREG_14,ALPHATl_14_1_50_2,0.9990541761370688
SINWMA_14,ZL_EMA_10,0.9990533428810076
AGj_13_8_5,HILOs_13_21,0.999053232980452
MIDPRICE_2,SINWMA_14,0.9990517392223024
LINREG_14,SINWMA_14,0.9990516819139378
HMA_10,MCGD_10,0.9990492981979497
PIVOTS_TRAD_D_S1,SSF3_20,0.9990491105822031
OHLC4,HWM_1,0.9990471405583329
HWMA_0.2_0.1_0.1,OHLC4,0.9990471405583329
ABER_ZG_5_15,ACCBM_20,0.9990463504393693
WMA_10,CHDLREXTl_22_22_14_2.0,0.999046146813535
ABER_SG_5_15,HWU_1,0.9990458262778662
WMA_10,LDECAY_1,0.9990457645646357
SSF3_20,WCP,0.9990434721827799
SMMA_7,ACCBU_20,0.9990432530407876
Open,HWM_1,0.999042659413917
Open,HWMA_0.2_0.1_0.1,0.999042659413917
EMA_10,VIDYA_14,0.9990425580659436
BBM_5_2.0_2.0,HWU_1,0.9990418353481577
IKS_26,DCU_20_20,0.999041236922428
PIVOTS_TRAD_D_S2,SMA_10,0.9990411237237586
TRIMA_10,LDECAY_1,0.9990406462178141
T3_10_0.7,HT_TL,0.9990403813277753
SUPERT_7_3.0,CHDLREXTl_22_22_14_2.0,0.9990403753016767
SUPERT_7_3.0,KCBe_20_2,0.9990384604127418
HT_TL,KCLe_20_2,0.9990383223864644
MCGD_10,VWAP_D,0.9990377282282402
HLC3,MCGD_10,0.9990377282282401
LINREG_14,MCGD_10,0.9990370091965308
ALPHATl_14_1_50_2,DCU_20_20,0.9990369520678893
CKSPs_10_3_20,ACCBM_20,0.999036606248322
HL2,HWM_1,0.9990364775915529
HL2,HWMA_0.2_0.1_0.1,0.9990364775915529
SMMA_7,QTL_30_0.5,0.9990364076380625
SMMA_7,MEDIAN_30,0.9990364076380625
PIVOTS_TRAD_D_S2,ALPHAT_14_1_50,0.9990359916818062
SSF_20,PSARl_0.02_0.2,0.9990354426171106
PIVOTS_TRAD_D_S4,VWAP_D,0.9990343081588562
HLC3,PIVOTS_TRAD_D_S3,0.9990343081588562
HLC3,PIVOTS_TRAD_D_S4,0.9990343081588562
PIVOTS_TRAD_D_S3,VWAP_D,0.9990343081588562
AGl_13_8_5,ATRTSe_14_20_3.0,0.9990340537671432
SMA_10,HT_TL,0.9990335044209189
Close,TRIMA_10,0.9990335009685173
ABER_ZG_5_15,HWU_1,0.9990329379926888
ABER_SG_5_15,KCUe_20_2,0.9990328078016569
Close,SSF_20,0.9990325547975382
TRIMA_10,KCUe_20_2,0.9990324467663514
PSARs_0.02_0.2,ACCBM_20,0.9990306143757456
TEMA_10,HWU_1,0.999030427682998
MIDPOINT_2,KCBe_20_2,0.9990301014876056
ALMA_9_6.0_0.85,HWU_1,0.9990292677081313
PWMA_10,HWM_1,0.9990289335982457
HWMA_0.2_0.1_0.1,PWMA_10,0.9990289335982457
SUPERT_7_3.0,DCM_20_20,0.9990284897883309
TRIMA_10,PSARl_0.02_0.2,0.9990283530788426
FAMA_0.5_0.05,ATRTSe_14_20_3.0,0.9990282805533097
MCGD_10,DCU_20_20,0.9990282668478633
ABER_SG_5_15,DCM_20_20,0.9990275082943187
SWMA_10,LDECAY_1,0.9990271152974116
KAMA_10_2_30,DCU_20_20,0.9990269100383783
SMA_10,KCUe_20_2,0.9990265781821095
HLC3,HWM_1,0.9990263099579743
HWM_1,VWAP_D,0.9990263099579743
HWMA_0.2_0.1_0.1,VWAP_D,0.9990263099579743
HLC3,HWMA_0.2_0.1_0.1,0.9990263099579743
ALMA_9_6.0_0.85,ACCBM_20,0.9990261179003197
FAMA_0.5_0.05,KCUe_20_2,0.9990260376786558
SINWMA_14,ACCBU_20,0.9990240106505279
Adj Close,SMA_10,0.9990231753588464
HILOs_13_21,DCM_20_20,0.9990228585703232
HWMA_0.2_0.1_0.1,PIVOTS_TRAD_D_R1,0.9990220258205834
PIVOTS_TRAD_D_R1,HWM_1,0.9990220258205834
BBU_5_2.0_2.0,DCM_20_20,0.9990213378156008
Open,RMA_10,0.9990210493494364
SINWMA_14,QTL_30_0.5,0.9990207305891972
SINWMA_14,MEDIAN_30,0.9990207305891972
MCGD_10,WCP,0.999020565335408
LDECAY_1,HT_TL,0.9990202082158829
High,HWMA_0.2_0.1_0.1,0.9990201622243967
High,HWM_1,0.9990201622243967
MCGD_10,CKSPl_10_3_20,0.9990195177646563
FWMA_10,HWU_1,0.9990190776376747
Low,SWMA_10,0.9990175038840535
AGl_13_8_5,KCUe_20_2,0.9990168708218464
Adj Close,BBU_5_2.0_2.0,0.999016599530756
ACCBL_20,CHDLREXTs_22_22_14_2.0,0.9990161712641754
HWMA_0.2_0.1_0.1,WCP,0.9990160003885742
WCP,HWM_1,0.9990160003885741
SSF3_20,HT_TL,0.9990127191591097
OHLC4,RMA_10,0.9990112167423483
ACCBM_20,CHDLREXTs_22_22_14_2.0,0.9990107672059861
Open,T3_10_0.7,0.9990103747344352
PIVOTS_TRAD_D_S3,WCP,0.9990099652943253
PIVOTS_TRAD_D_S4,WCP,0.9990099652943253
HMA_10,T3_10_0.7,0.9990093683425243
SMA_10,ATRTSe_14_20_3.0,0.9990080769993752
HL2,RMA_10,0.9990077806870095
MIDPOINT_2,ALPHATl_14_1_50_2,0.9990076990786034
ACCBM_20,BBM_5_2.0_2.0,0.9990064825335901
FAMA_0.5_0.05,HT_TL,0.9990062327719819
Close,PWMA_10,0.9990048691056801
HT_TL,PSARs_0.02_0.2,0.9990045018598881
HT_TL,CHDLREXTs_22_22_14_2.0,0.9990035042605715
WMA_10,HWU_1,0.9990034474023964
HWMA_0.2_0.1_0.1,SSF3_20,0.9990029423024539
SSF3_20,HWM_1,0.9990029423024538
FWMA_10,PIVOTS_TRAD_D_S4,0.9990014630123091
FWMA_10,PIVOTS_TRAD_D_S3,0.9990014630123091
PSARs_0.02_0.2,DCM_20_20,0.9990002060599531
AGt_13_8_5,CKSPl_10_3_20,0.9989996304582132
TRIMA_10,ATRTSe_14_20_3.0,0.9989984969307665
ZL_EMA_10,HWU_1,0.9989981619718591
PIVOTS_TRAD_D_R4,CHDLREXTl_22_22_14_2.0,0.9989977076430192
PIVOTS_TRAD_D_R3,CHDLREXTl_22_22_14_2.0,0.9989977076430192
HILO_13_21,DCU_20_20,0.9989973909418132
PIVOTS_TRAD_D_S2,SMMA_7,0.9989967403843825
RMA_10,SUPERT_7_3.0,0.9989965307741357
IKS_26,AGl_13_8_5,0.9989962680127696
ALPHAT_14_1_50,BBL_5_2.0_2.0,0.9989961268410573
Close,PIVOTS_TRAD_D_R4,0.9989961230170785
Close,PIVOTS_TRAD_D_R3,0.9989961230170785
MCGD_10,CHDLREXTs_22_22_14_2.0,0.9989947496451587
HMA_10,ALPHATl_14_1_50_2,0.9989932423745094
PIVOTS_TRAD_D_S2,HWM_1,0.9989931738687616
HWMA_0.2_0.1_0.1,PIVOTS_TRAD_D_S2,0.9989931738687616
HMA_10,RMA_10,0.9989917395788743
IKS_26,FAMA_0.5_0.05,0.9989910045652299
HILO_13_21,WMA_10,0.9989899636034916
ALPHATl_14_1_50_2,CKSPl_10_3_20,0.9989883134643965
HILOl_13_21,MCGD_10,0.9989879264241159
IKS_26,TRIMA_10,0.9989878097193743
LDECAY_1,VWMA_10,0.9989877663796571
AGl_13_8_5,HT_TL,0.9989873393805655
MCGD_10,TEMA_10,0.9989858862792725
EMA_10,HWM_1,0.9989858630540873
EMA_10,HWMA_0.2_0.1_0.1,0.9989858630540873
RMA_10,VWAP_D,0.9989856159733981
HLC3,RMA_10,0.9989856159733981
Low,AGt_13_8_5,0.9989855441596258
MCGD_10,CKSPs_10_3_20,0.9989845169182502
TRIMA_10,BBL_5_2.0_2.0,0.9989833239121887
T3_10_0.7,TEMA_10,0.998983199990345
HILOl_13_21,SUPERT_7_3.0,0.9989829609990105
SMMA_7,BBL_5_2.0_2.0,0.9989826792125599
MIDPOINT_2,SINWMA_14,0.9989826645205098
PIVOTS_TRAD_D_S2,KCLe_20_2,0.9989823665585832
IKS_26,SMA_10,0.9989820856034506
SSF3_20,KCUe_20_2,0.998981449248071
Close,KCLe_20_2,0.9989809263505859
OHLC4,T3_10_0.7,0.9989808720437802
JMA_7_0.0,HWU_1,0.9989805918475158
MAMA_0.5_0.05,HWU_1,0.9989802557731395
SSF3_20,LDECAY_1,0.9989798830301535
ABER_ZG_5_15,HWL_1,0.9989798173686572
ABER_ZG_5_15,DCM_20_20,0.9989794746009805
PIVOTS_TRAD_D_R3,ABER_XG_5_15,0.9989791979692995
PIVOTS_TRAD_D_R4,ABER_XG_5_15,0.9989791979692995
BBM_5_2.0_2.0,HWL_1,0.9989764120065872
LINREG_14,RMA_10,0.9989760481669182
Low,KCLe_20_2,0.9989749181930573
PIVOTS_TRAD_D_S2,SWMA_10,0.9989747698381908
HL2,T3_10_0.7,0.9989745731916608
TRIMA_10,VIDYA_14,0.9989738654758864
CKSPs_10_3_20,KCBe_20_2,0.9989733537777065
SMA_10,VIDYA_14,0.9989702703064216
SWMA_10,HT_TL,0.9989701510372687
Close,SSF3_20,0.9989698996236608
ALMA_9_6.0_0.85,HWL_1,0.9989698740569741
PIVOTS_TRAD_D_R1,LDECAY_1,0.9989696952208375
RMA_10,WCP,0.9989693106621256
ABER_ZG_5_15,ACCBL_20,0.9989681593864964
FAMA_0.5_0.05,VIDYA_14,0.9989681082721896
Adj Close,AGt_13_8_5,0.998967898053835
PIVOTS_TRAD_D_R2,DCM_20_20,0.9989676326528326
MCGD_10,PIVOTS_TRAD_D_S1,0.9989666109690379
HWMA_0.2_0.1_0.1,TRIMA_10,0.9989659256999078
TRIMA_10,HWM_1,0.9989659256999078
PIVOTS_TRAD_D_R4,ATRTSe_14_20_3.0,0.9989642159685844
PIVOTS_TRAD_D_R3,ATRTSe_14_20_3.0,0.9989642159685844
Close,HWMA_0.2_0.1_0.1,0.9989642071824919
Close,HWM_1,0.9989642071824919
Low,HWM_1,0.9989633517378226
Low,HWMA_0.2_0.1_0.1,0.9989633517378226
Open,KCBe_20_2,0.9989630098680263
KAMA_10_2_30,CKSPl_10_3_20,0.9989610897116684
SMMA_7,DCU_20_20,0.9989608340979513
AGl_13_8_5,VIDYA_14,0.9989605647509695
SWMA_10,KCUe_20_2,0.9989602958251015
ITS_9,LDECAY_1,0.998957076157785
PIVOTS_TRAD_D_R3,VIDYA_14,0.9989563734874193
PIVOTS_TRAD_D_R4,VIDYA_14,0.9989563734874193
DCL_20_20,KCLe_20_2,0.99895498351005
Open,ALPHATl_14_1_50_2,0.9989548083052906
KAMA_10_2_30,ACCBU_20,0.9989542209556354
OHLC4,KCBe_20_2,0.9989530129929868
ALMA_9_6.0_0.85,DCM_20_20,0.9989527899420585
AGj_13_8_5,MAMA_0.5_0.05,0.9989524438585813
ABER_SG_5_15,ATRTSe_14_20_3.0,0.9989513163029617
HL2,KCBe_20_2,0.9989497142225799
T3_10_0.7,VWAP_D,0.9989487156420179
HLC3,T3_10_0.7,0.9989487156420178
WMA_10,HWL_1,0.9989483087099177
Close,MCGD_10,0.9989482245889942
MCGD_10,PSARs_0.02_0.2,0.9989481807739172
T3_10_0.7,HWM_1,0.9989478601550242
HWMA_0.2_0.1_0.1,T3_10_0.7,0.9989478601550241
HWL_1,HWU_1,0.9989475784849076
Low,BBU_5_2.0_2.0,0.9989460711352446
PIVOTS_TRAD_D_R2,CHDLREXTl_22_22_14_2.0,0.9989447592337781
SWMA_10,PSARl_0.02_0.2,0.9989444206318874
LDECAY_1,DCM_20_20,0.9989422139998686
PIVOTS_TRAD_D_S1,T3_10_0.7,0.9989417122557142
SWMA_10,ATRTSe_14_20_3.0,0.9989407479569826
Low,KAMA_10_2_30,0.9989400624617273
ALMA_9_6.0_0.85,ACCBL_20,0.9989394088032861
FWMA_10,HWL_1,0.9989387203322292
HMA_10,HWU_1,0.998937314396884
HILOs_13_21,CHDLREXTs_22_22_14_2.0,0.9989372924226789
BBM_5_2.0_2.0,DCM_20_20,0.9989364566274381
PWMA_10,LDECAY_1,0.9989360330143326
FWMA_10,ACCBM_20,0.9989354153987737
RMA_10,CKSPs_10_3_20,0.998935119280477
ITS_9,PSARl_0.02_0.2,0.9989331427774095
VIDYA_14,ABER_SG_5_15,0.9989314102088529
SSF3_20,ATRTSe_14_20_3.0,0.9989311902573625
T3_10_0.7,WCP,0.998930564901577
TEMA_10,HWL_1,0.9989304626023616
SMA_10,PSARl_0.02_0.2,0.9989302106942272
HMA_10,KCBe_20_2,0.9989295839003606
SUPERT_7_3.0,ALPHATl_14_1_50_2,0.9989289778303521
RMA_10,TEMA_10,0.9989289647549425
DCL_20_20,DCM_20_20,0.998928646640556
SSF3_20,VIDYA_14,0.9989284626034551
Open,SINWMA_14,0.9989280786061422
HLC3,KCBe_20_2,0.9989273587718502
KCBe_20_2,VWAP_D,0.9989273587718502
ITS_9,IKS_26,0.9989270347617938
OHLC4,ALPHATl_14_1_50_2,0.9989261289886608
PWMA_10,PSARl_0.02_0.2,0.9989260522011321
PSARs_0.02_0.2,CHDLREXTs_22_22_14_2.0,0.9989245023194377
Adj Close,KAMA_10_2_30,0.9989243102134153
PIVOTS_TRAD_D_S3,BBM_5_2.0_2.0,0.9989243043260947
PIVOTS_TRAD_D_S4,BBM_5_2.0_2.0,0.9989243043260947
MCGD_10,SUPERT_7_3.0,0.9989240858788719
Adj Close,BBL_5_2.0_2.0,0.9989239454416898
HILOs_13_21,ACCBU_20,0.9989236014015105
HL2,ALPHATl_14_1_50_2,0.9989217809023174
High,LDECAY_1,0.9989215431431141
High,AGj_13_8_5,0.9989206584944293
HILO_13_21,BBU_5_2.0_2.0,0.9989204229397247
ACCBL_20,CHDLREXTl_22_22_14_2.0,0.998919467862344
ZL_EMA_10,HWL_1,0.9989188740640387
ACCBL_20,BBM_5_2.0_2.0,0.9989186998107078
SSF3_20,BBL_5_2.0_2.0,0.9989180350797043
TEMA_10,ALPHATl_14_1_50_2,0.9989173040549124
IKS_26,SWMA_10,0.9989172106358669
ALMA_9_6.0_0.85,PIVOTS_TRAD_D_S4,0.998916904182751
ALMA_9_6.0_0.85,PIVOTS_TRAD_D_S3,0.998916904182751
Close,PIVOTS_TRAD_D_S3,0.9989160979767941
Close,PIVOTS_TRAD_D_S4,0.9989160979767941
SSF_20,BBL_5_2.0_2.0,0.9989155603866885
MIDPRICE_2,HWU_1,0.9989140197460193
IKS_26,T3_10_0.7,0.9989126954169679
LDECAY_1,BBM_5_2.0_2.0,0.9989113159868385
LDECAY_1,ABER_ZG_5_15,0.9989111263921914
WCP,KCBe_20_2,0.9989109584379772
HILOs_13_21,MCGD_10,0.9989108597546906
HILOs_13_21,KCBe_20_2,0.998910428406151
Adj Close,SWMA_10,0.9989097349625451
FWMA_10,LDECAY_1,0.9989093405557888
LINREG_14,KCBe_20_2,0.9989080018725806
ALMA_9_6.0_0.85,LDECAY_1,0.9989077133569989
HILOl_13_21,ALPHATl_14_1_50_2,0.9989071519353544
JMA_7_0.0,HWL_1,0.9989070645947599
SUPERT_7_3.0,DCU_20_20,0.9989058501464833
SWMA_10,VIDYA_14,0.998905363538159
Low,TRIMA_10,0.998905032491172
IKS_26,VWMA_10,0.9989039364485115
OHLC4,SINWMA_14,0.9989022216292971
IKS_26,SSF3_20,0.9989020690537364
PIVOTS_TRAD_D_S1,PIVOTS_TRAD_D_R3,0.9989019199601477
PIVOTS_TRAD_D_S1,PIVOTS_TRAD_D_R4,0.9989019199601477
HMA_10,SINWMA_14,0.9989016617367843
BBU_5_2.0_2.0,DCU_20_20,0.9989007082639505
T3_10_0.7,KCUe_20_2,0.9989001128688683
Close,RMA_10,0.9988995421644672
Low,SSF_20,0.9988979498977968
HL2,SINWMA_14,0.998896474550157
PIVOTS_TRAD_D_R1,ACCBM_20,0.9988946661731378
HLC3,ALPHATl_14_1_50_2,0.9988942482521096
ALPHATl_14_1_50_2,VWAP_D,0.9988942482521096
SSF_20,ACCBU_20,0.9988941323955283
HT_TL,VWMA_10,0.9988934089789023
ATRTSe_14_20_3.0,VWMA_10,0.9988933293668738
Low,PWMA_10,0.9988926746031995
PIVOTS_TRAD_D_S3,ABER_ZG_5_15,0.9988912914099619
PIVOTS_TRAD_D_S4,ABER_ZG_5_15,0.9988912914099619
PIVOTS_TRAD_D_R3,DCM_20_20,0.9988905731461478
PIVOTS_TRAD_D_R4,DCM_20_20,0.9988905731461478
PIVOTS_TRAD_D_R2,KCUe_20_2,0.9988894729494924
MAMA_0.5_0.05,HWL_1,0.9988884457188941
CHDLREXTs_22_22_14_2.0,KCLe_20_2,0.9988879214260474
QTL_30_0.5,LDECAY_1,0.9988877602941296
MEDIAN_30,LDECAY_1,0.9988877602941296
FWMA_10,DCM_20_20,0.9988873186714293
HWL_1,VWMA_10,0.9988863511447592
PIVOTS_TRAD_D_P,HWU_1,0.9988850635808385
AGj_13_8_5,JMA_7_0.0,0.9988848197494151
High,HWU_1,0.9988839555892078
PWMA_10,HT_TL,0.9988829557850389
Adj Close,PIVOTS_TRAD_D_R3,0.9988812699047321
Adj Close,PIVOTS_TRAD_D_R4,0.9988812699047321
ALPHAT_14_1_50,ACCBU_20,0.9988811859030597
PIVOTS_TRAD_D_S1,RMA_10,0.998880638333906
PIVOTS_TRAD_D_R2,HWM_1,0.9988795160505156
HWMA_0.2_0.1_0.1,PIVOTS_TRAD_D_R2,0.9988795160505156
MIDPOINT_2,HWU_1,0.9988794997859682
HILOl_13_21,HILOs_13_21,0.9988777143552673
SINWMA_14,DCU_20_20,0.9988760690875039
WCP,ALPHATl_14_1_50_2,0.9988752606073771
PIVOTS_TRAD_D_R1,HWU_1,0.9988741799438623
SINWMA_14,TEMA_10,0.9988731237643456
PIVOTS_TRAD_D_S2,PWMA_10,0.9988726693499429
PWMA_10,KCUe_20_2,0.9988724631892092
KAMA_10_2_30,QTL_30_0.5,0.9988724481978789
KAMA_10_2_30,MEDIAN_30,0.9988724481978789
SSF_20,MEDIAN_30,0.9988713811800971
SSF_20,QTL_30_0.5,0.9988713811800971
SINWMA_14,VWAP_D,0.9988712821518502
HLC3,SINWMA_14,0.99887128215185
AGj_13_8_5,PSARs_0.02_0.2,0.9988711348829592
KCUe_20_2,VWMA_10,0.9988699408339254
PSARs_0.02_0.2,KCBe_20_2,0.9988687465358893
ALPHAT_14_1_50,DCU_20_20,0.9988679429360948
PIVOTS_TRAD_D_S1,HWL_1,0.9988663976766305
HILOs_13_21,RMA_10,0.9988658439928876
PIVOTS_TRAD_D_S2,HWL_1,0.9988646380621221
TEMA_10,KCBe_20_2,0.9988637741861299
AGj_13_8_5,PIVOTS_TRAD_D_P,0.9988622129981507
PIVOTS_TRAD_D_S1,ALPHATl_14_1_50_2,0.9988603374576658
IKS_26,PSARs_0.02_0.2,0.9988590895002923
AGt_13_8_5,HILOl_13_21,0.9988585690768755
HWU_1,VWMA_10,0.998857765162691
ITS_9,ATRTSe_14_20_3.0,0.9988567657530572
RMA_10,PSARs_0.02_0.2,0.9988557328024675
HMA_10,HWL_1,0.998855593846871
Close,T3_10_0.7,0.9988552642991375
HWMA_0.2_0.1_0.1,SSF_20,0.9988548123436096
SSF_20,HWM_1,0.9988548123436095
PSARl_0.02_0.2,ACCBL_20,0.9988546246560499
SINWMA_14,WCP,0.9988534642489627
CHDLREXTs_22_22_14_2.0,KCBe_20_2,0.998853142068576
T3_10_0.7,LDECAY_1,0.9988528102517819
PWMA_10,ATRTSe_14_20_3.0,0.9988526031334342
PSARl_0.02_0.2,VWMA_10,0.9988513614478601
ALPHATl_14_1_50_2,PSARl_0.02_0.2,0.998850893517032
SMMA_7,CKSPl_10_3_20,0.9988504852337712
High,PIVOTS_TRAD_D_S4,0.9988483507765897
High,PIVOTS_TRAD_D_S3,0.9988483507765897
ABER_ZG_5_15,CHDLREXTl_22_22_14_2.0,0.998847204102768
RMA_10,CHDLREXTs_22_22_14_2.0,0.9988456014933772
MEDIAN_30,ALPHAT_14_1_50,0.9988455295383816
QTL_30_0.5,ALPHAT_14_1_50,0.9988455295383816
ABER_XG_5_15,HWU_1,0.9988455204815526
ITS_9,HT_TL,0.9988450149665608
PIVOTS_TRAD_D_S2,TRIMA_10,0.9988448156858074
FAMA_0.5_0.05,HWU_1,0.9988447939699105
PIVOTS_TRAD_D_R1,DCM_20_20,0.9988428148007469
Close,KCBe_20_2,0.9988409062659841
MAMA_0.5_0.05,LDECAY_1,0.998840559707075
HT_TL,BBU_5_2.0_2.0,0.9988399616880034
AGl_13_8_5,HWU_1,0.998839913756256
AGt_13_8_5,PIVOTS_TRAD_D_S2,0.9988388133648827
FWMA_10,ACCBL_20,0.9988357344609179
Low,SSF3_20,0.998835294873236
VIDYA_14,VWMA_10,0.9988352508140944
MIDPRICE_2,HWL_1,0.9988350336848525
T3_10_0.7,ATRTSe_14_20_3.0,0.9988336785541005
OHLC4,HWU_1,0.9988330093889548
Adj Close,SSF_20,0.9988318682290942
ITS_9,HWL_1,0.9988309268109935
ALMA_9_6.0_0.85,CHDLREXTl_22_22_14_2.0,0.9988302681869202
ACCBU_20,BBU_5_2.0_2.0,0.9988301944447274
IKS_26,LDECAY_1,0.9988290977385164
IKS_26,PWMA_10,0.9988283402483634
HILOl_13_21,SINWMA_14,0.998827527665931
AGj_13_8_5,CHDLREXTs_22_22_14_2.0,0.9988264898524157
PIVOTS_TRAD_D_S3,PIVOTS_TRAD_D_R1,0.9988261332961634
PIVOTS_TRAD_D_S4,PIVOTS_TRAD_D_R1,0.9988261332961634
PIVOTS_TRAD_D_S2,SSF_20,0.9988257696426883
Adj Close,TRIMA_10,0.9988241216330721
PIVOTS_TRAD_D_R2,ATRTSe_14_20_3.0,0.9988234367638318
T3_10_0.7,BBL_5_2.0_2.0,0.9988230235181123
PIVOTS_TRAD_D_S1,SINWMA_14,0.998822109509667
WMA_10,ATRTSe_14_20_3.0,0.9988211638551316
HL2,HWU_1,0.9988208053011669
PIVOTS_TRAD_D_P,HWL_1,0.9988207900317226
PWMA_10,VIDYA_14,0.9988196657113437
Open,HWU_1,0.9988195835618359
OBVe_4,OBVe_12,0.9988195422468911
PIVOTS_TRAD_D_R3,DCU_20_20,0.9988190676130253
PIVOTS_TRAD_D_R4,DCU_20_20,0.9988190676130253
SUPERTl_7_3.0,CKSPl_10_3_20,0.9988183207323275
AGt_13_8_5,BBL_5_2.0_2.0,0.9988176923519898
BBM_5_2.0_2.0,CHDLREXTl_22_22_14_2.0,0.9988174118474816
Low,PIVOTS_TRAD_D_R4,0.9988168148908163
Low,PIVOTS_TRAD_D_R3,0.9988168148908163
PIVOTS_TRAD_D_R4,KCLe_20_2,0.9988157727036272
PIVOTS_TRAD_D_R3,KCLe_20_2,0.9988157727036272
PIVOTS_TRAD_D_S1,KCBe_20_2,0.9988156488075698
HWU_1,VWAP_D,0.9988151649599126
HLC3,HWU_1,0.9988151649599126
PIVOTS_TRAD_D_R4,ACCBU_20,0.9988141696876396
PIVOTS_TRAD_D_R3,ACCBU_20,0.9988141696876396
SMA_10,HWU_1,0.9988134730926663
SWMA_10,HWU_1,0.9988105618775968
PIVOTS_TRAD_D_R2,HWU_1,0.9988071776014742
WCP,HWU_1,0.9988071191660444
KAMA_10_2_30,PIVOTS_TRAD_D_S2,0.9988070584317084
T3_10_0.7,VIDYA_14,0.998806486291164
ITS_9,HWU_1,0.9988052294784974
HILO_13_21,ABER_SG_5_15,0.9988015183987347
AGt_13_8_5,PSARl_0.02_0.2,0.9988013126079796
AGj_13_8_5,MIDPRICE_2,0.9987988794390764
Low,MCGD_10,0.9987985693432414
Close,ALPHATl_14_1_50_2,0.9987974519776918
AGj_13_8_5,ABER_XG_5_15,0.9987953364495209
WMA_10,KCUe_20_2,0.9987942209264485
SINWMA_14,CKSPl_10_3_20,0.99879326841082
SSF_20,DCU_20_20,0.9987923856950411
SMMA_7,PSARl_0.02_0.2,0.9987916481041299
MAMA_0.5_0.05,ACCBM_20,0.9987893313496279
KAMA_10_2_30,BBL_5_2.0_2.0,0.9987890602410159
Adj Close,PWMA_10,0.9987866582051257
AGj_13_8_5,DEMA_10,0.9987854690947732
ITS_9,KCUe_20_2,0.9987846288443077
CKSPs_10_3_20,ACCBU_20,0.9987826397962979
ITS_9,VIDYA_14,0.9987825667284633
Close,SINWMA_14,0.9987791631625733
SWMA_10,HWL_1,0.9987786959811759
MIDPOINT_2,HWL_1,0.9987785608338889
PWMA_10,HWU_1,0.9987782709651095
PIVOTS_TRAD_D_S2,BBU_5_2.0_2.0,0.9987779454569906
SINWMA_14,PSARs_0.02_0.2,0.9987775905456342
PIVOTS_TRAD_D_S2,SSF3_20,0.9987759805992633
FAMA_0.5_0.05,HWL_1,0.9987757953547012
PIVOTS_TRAD_D_S1,HWU_1,0.9987742405287559
MEDIAN_30,PSARs_0.02_0.2,0.9987724368359432
QTL_30_0.5,PSARs_0.02_0.2,0.9987724368359432
AGt_13_8_5,SUPERT_7_3.0,0.9987715256147093
SMA_10,HWL_1,0.9987710712625955
AGj_13_8_5,ZL_EMA_10,0.9987693108479835
PSARl_0.02_0.2,ACCBM_20,0.9987687478688395
HILOs_13_21,SUPERT_7_3.0,0.9987678579923707
HILO_13_21,PIVOTS_TRAD_D_R4,0.9987663592684102
HILO_13_21,PIVOTS_TRAD_D_R3,0.9987663592684102
EMA_10,HWU_1,0.9987660838862865
Adj Close,RMA_10,0.9987644003677695
FWMA_10,CHDLREXTl_22_22_14_2.0,0.9987628806863909
HILO_13_21,LDECAY_1,0.998762872586324
EMA_10,ACCBU_20,0.9987625191960419
Close,HWU_1,0.99876211751562
KAMA_10_2_30,PSARl_0.02_0.2,0.9987613113970315
Adj Close,SSF3_20,0.9987604365024179
AGl_13_8_5,HWL_1,0.9987597926808726
PIVOTS_TRAD_D_R1,CHDLREXTl_22_22_14_2.0,0.998758812783314
Adj Close,MCGD_10,0.9987587319800881
IKS_26,WMA_10,0.9987584645324403
MAMA_0.5_0.05,DCM_20_20,0.9987582340453639
AGt_13_8_5,CHDLREXTs_22_22_14_2.0,0.9987581268300489
ABER_XG_5_15,DCM_20_20,0.9987560486225269
PSARl_0.02_0.2,KCLe_20_2,0.9987554443678966
PWMA_10,HWL_1,0.9987535802585256
AGj_13_8_5,MIDPOINT_2,0.9987531703782141
PIVOTS_TRAD_D_R2,VIDYA_14,0.998751906188837
FAMA_0.5_0.05,PSARl_0.02_0.2,0.9987510497141007
ALPHAT_14_1_50,CKSPl_10_3_20,0.9987488742085876
ABER_XG_5_15,ACCBM_20,0.9987466433516929
PIVOTS_TRAD_D_R3,HT_TL,0.9987465934621457
PIVOTS_TRAD_D_R4,HT_TL,0.9987465934621457
SSF3_20,HWU_1,0.9987465228755117
VIDYA_14,WMA_10,0.9987459786146606
AGt_13_8_5,PSARs_0.02_0.2,0.9987455341643573
RMA_10,PSARl_0.02_0.2,0.9987442937147367
Open,HWL_1,0.9987389027719873
HILOs_13_21,KCUe_20_2,0.9987373505032267
ATRTSe_14_20_3.0,KCLe_20_2,0.99873710050327
Low,HWL_1,0.9987347043549107
OHLC4,HWL_1,0.9987341744701168
SSF3_20,HWL_1,0.998733528494913
IKS_26,BBU_5_2.0_2.0,0.9987309636980207
ALPHATl_14_1_50_2,PSARs_0.02_0.2,0.998730770276654
JMA_7_0.0,LDECAY_1,0.998729326437721
High,ACCBM_20,0.9987277358467391
T3_10_0.7,HWL_1,0.9987264384707563
EMA_10,DCU_20_20,0.9987263619453098
SUPERTl_7_3.0,VIDYA_14,0.9987263220699039
Low,T3_10_0.7,0.9987260501587105
AGt_13_8_5,CKSPs_10_3_20,0.9987257528277239
HL2,HWL_1,0.998725103522312
WMA_10,HT_TL,0.9987228526259176
EMA_10,QTL_30_0.5,0.998721686802123
EMA_10,MEDIAN_30,0.998721686802123
PSARl_0.02_0.2,KCBe_20_2,0.9987190442597262
TRIMA_10,HWU_1,0.9987182931973021
HWMA_0.2_0.1_0.1,SMMA_7,0.9987176544052474
SMMA_7,HWM_1,0.9987176544052474
KAMA_10_2_30,SUPERT_7_3.0,0.9987170041143536
CKSPs_10_3_20,ATRTSe_14_20_3.0,0.9987158711756666
TRIMA_10,ACCBU_20,0.9987156672281432
Adj Close,KCBe_20_2,0.9987151714748249
HILO_13_21,ABER_ZG_5_15,0.9987143675479343
Low,RMA_10,0.9987103698153827
HWL_1,VWAP_D,0.9987102812273396
HLC3,HWL_1,0.9987102812273396
PIVOTS_TRAD_D_P,LDECAY_1,0.9987086511951236
JMA_7_0.0,ACCBM_20,0.9987085897042818
HILO_13_21,PIVOTS_TRAD_D_R2,0.9987080372654293
SUPERT_7_3.0,CKSPs_10_3_20,0.9987065310593843
ABER_SG_5_15,ACCBL_20,0.998704575110678
CKSPs_10_3_20,KCUe_20_2,0.9987034372605629
MIDPRICE_2,LDECAY_1,0.9987025062153295
EMA_10,PSARl_0.02_0.2,0.9987010624357504
WCP,HWL_1,0.9986976469840423
MEDIAN_30,CHDLREXTs_22_22_14_2.0,0.9986975723943038
QTL_30_0.5,CHDLREXTs_22_22_14_2.0,0.9986975723943038
PIVOTS_TRAD_D_P,DCM_20_20,0.9986965830314121
PIVOTS_TRAD_D_P,ACCBM_20,0.9986962652661843
JMA_7_0.0,DCM_20_20,0.9986961028641413
MIDPOINT_2,LDECAY_1,0.9986959681917356
HILOl_13_21,CKSPs_10_3_20,0.998693947519096
High,DCM_20_20,0.9986932906422149
MAMA_0.5_0.05,ACCBL_20,0.9986881686652501
SMA_10,ACCBU_20,0.9986875136189436
TRIMA_10,HWL_1,0.9986874869870287
MCGD_10,PSARl_0.02_0.2,0.9986871445616511
ALPHAT_14_1_50,HWM_1,0.9986869457404013
HWMA_0.2_0.1_0.1,ALPHAT_14_1_50,0.9986869457404012
MEDIAN_30,ACCBL_20,0.998686661476892
QTL_30_0.5,ACCBL_20,0.998686661476892
ALMA_9_6.0_0.85,HILO_13_21,0.9986850488359905
CKSPs_10_3_20,PSARs_0.02_0.2,0.9986845699157789
ZL_EMA_10,LDECAY_1,0.9986844293834612
DEMA_10,ACCBL_20,0.9986839407979337
Open,AGj_13_8_5,0.9986819015226309
HILOl_13_21,SMMA_7,0.9986800712572319
HT_TL,ABER_SG_5_15,0.9986794276620528
EMA_10,HWL_1,0.9986787433502619
SSF_20,CKSPl_10_3_20,0.9986746628939785
SMMA_7,CHDLREXTs_22_22_14_2.0,0.9986731167172569
ALPHATl_14_1_50_2,CHDLREXTs_22_22_14_2.0,0.998672757100066
AGj_13_8_5,OHLC4,0.998672255669386
PIVOTS_TRAD_D_S2,T3_10_0.7,0.9986697795395011
AGj_13_8_5,HL2,0.9986695240903938
IKS_26,ABER_SG_5_15,0.9986690949342814
FAMA_0.5_0.05,ACCBU_20,0.9986682591158239
Low,HWU_1,0.998667348131621
TRIMA_10,MEDIAN_30,0.9986663395964556
TRIMA_10,QTL_30_0.5,0.9986663395964556
SSF_20,PSARs_0.02_0.2,0.9986646114333936
SSF3_20,ACCBU_20,0.9986641929376796
ABER_SG_5_15,DCU_20_20,0.9986590164274564
PIVOTS_TRAD_D_S3,WMA_10,0.9986587094952302
PIVOTS_TRAD_D_S4,WMA_10,0.9986587094952302
PIVOTS_TRAD_D_R2,ACCBL_20,0.9986583946275671
HILO_13_21,BBM_5_2.0_2.0,0.9986558614742831
MCGD_10,PIVOTS_TRAD_D_S2,0.998653387213568
DEMA_10,ACCBM_20,0.9986533599364552
AGl_13_8_5,ACCBU_20,0.998652910238934
CKSPs_10_3_20,CHDLREXTl_22_22_14_2.0,0.9986518885924838
PSARl_0.02_0.2,DCM_20_20,0.9986500148275878
MCGD_10,BBL_5_2.0_2.0,0.9986496942738289
MIDPRICE_2,DCM_20_20,0.9986467724508199
AGj_13_8_5,VWAP_D,0.9986467247223362
AGj_13_8_5,HLC3,0.9986467247223362
SMMA_7,PSARs_0.02_0.2,0.9986465470280474
HILO_13_21,PSARl_0.02_0.2,0.998646143580366
SINWMA_14,SUPERT_7_3.0,0.9986452785417245
T3_10_0.7,HWU_1,0.9986448447942112
PIVOTS_TRAD_D_R1,ACCBL_20,0.9986447423074769
FAMA_0.5_0.05,DCU_20_20,0.9986443185023259
T3_10_0.7,ACCBU_20,0.9986440277663403
Low,KCBe_20_2,0.9986439178230218
SUPERT_7_3.0,ALPHAT_14_1_50,0.998643449214839
AGl_13_8_5,PSARl_0.02_0.2,0.9986431786144625
BBU_5_2.0_2.0,HWU_1,0.9986423797401118
MAMA_0.5_0.05,CHDLREXTl_22_22_14_2.0,0.9986414655841842
PIVOTS_TRAD_D_R1,HWL_1,0.9986408435255175
DEMA_10,LDECAY_1,0.99863956095486
MEDIAN_30,KCLe_20_2,0.9986393636950837
QTL_30_0.5,KCLe_20_2,0.9986393636950837
SUPERTl_7_3.0,ATRTSe_14_20_3.0,0.9986393274841683
Close,HWL_1,0.9986388906597616
Low,ALPHATl_14_1_50_2,0.998635809783066
Adj Close,KCLe_20_2,0.9986349043317099
AGl_13_8_5,DCU_20_20,0.9986345442170761
TRIMA_10,DCU_20_20,0.9986341405206394
IKS_26,PIVOTS_TRAD_D_R4,0.9986331712830336
IKS_26,PIVOTS_TRAD_D_R3,0.9986331712830336
OHLC4,LDECAY_1,0.9986323653454031
AGj_13_8_5,HMA_10,0.9986320786735761
SMA_10,DCU_20_20,0.9986316474884873
PSARs_0.02_0.2,ACCBL_20,0.998631168621237
High,CHDLREXTl_22_22_14_2.0,0.9986308263836486
JMA_7_0.0,ACCBL_20,0.9986304336437366
AGj_13_8_5,WCP,0.9986301039940272
SMA_10,MEDIAN_30,0.9986296601756953
SMA_10,QTL_30_0.5,0.9986296601756953
HL2,LDECAY_1,0.998628412242618
Adj Close,T3_10_0.7,0.9986276098820179
High,HWL_1,0.9986270002730632
MIDPRICE_2,ACCBM_20,0.9986253443129337
T3_10_0.7,QTL_30_0.5,0.9986248105266328
T3_10_0.7,MEDIAN_30,0.9986248105266328
ALPHAT_14_1_50,PSARl_0.02_0.2,0.9986244704551505
Adj Close,HWM_1,0.9986234418613259
Adj Close,HWMA_0.2_0.1_0.1,0.9986234418613259
Adj Close,ALPHATl_14_1_50_2,0.9986233702697038
HILOl_13_21,ACCBL_20,0.9986229381206118
LDECAY_1,VWAP_D,0.9986221851131837
HLC3,LDECAY_1,0.9986221851131835
Adj Close,LDECAY_1,0.9986219482278085
PIVOTS_TRAD_D_P,ACCBL_20,0.9986216947650065
ABER_ZG_5_15,ATRTSe_14_20_3.0,0.9986214985310623
ALPHATl_14_1_50_2,CKSPs_10_3_20,0.9986199134255787
IKS_26,PIVOTS_TRAD_D_R2,0.9986192753638825
VIDYA_14,CKSPs_10_3_20,0.9986189849053223
SMMA_7,SUPERT_7_3.0,0.9986183294348027
AGt_13_8_5,HILOs_13_21,0.9986182416697753
SINWMA_14,CHDLREXTs_22_22_14_2.0,0.9986159474006133
SUPERTl_7_3.0,DCU_20_20,0.9986156961286802
HILOl_13_21,SSF_20,0.9986151209409623
SINWMA_14,HWM_1,0.998613951737956
HWMA_0.2_0.1_0.1,SINWMA_14,0.9986139517379559
WCP,LDECAY_1,0.9986138470615384
SWMA_10,ACCBU_20,0.9986119490190634
SSF_20,HWU_1,0.9986116269817649
BBL_5_2.0_2.0,HWU_1,0.9986113847043547
Low,SINWMA_14,0.9986101088231526
FAMA_0.5_0.05,MEDIAN_30,0.9986100293211922
FAMA_0.5_0.05,QTL_30_0.5,0.9986100293211922
ACCBL_20,BBU_5_2.0_2.0,0.9986094296340379
SINWMA_14,BBL_5_2.0_2.0,0.9986090406432472
ALMA_9_6.0_0.85,ATRTSe_14_20_3.0,0.9986049877702919
ALPHATl_14_1_50_2,BBL_5_2.0_2.0,0.9986041090521384
SSF3_20,MEDIAN_30,0.9986002383608185
SSF3_20,QTL_30_0.5,0.9986002383608185
PIVOTS_TRAD_D_S2,HWU_1,0.9985998960734155
AGl_13_8_5,QTL_30_0.5,0.9985995312875144
AGl_13_8_5,MEDIAN_30,0.9985995312875144
Adj Close,SINWMA_14,0.9985995006463086
HILOs_13_21,ALPHATl_14_1_50_2,0.9985979812799991
DEMA_10,DCM_20_20,0.9985969458248395
PIVOTS_TRAD_D_R2,HT_TL,0.9985961802645842
Open,LDECAY_1,0.99859595903368
PIVOTS_TRAD_D_R1,ATRTSe_14_20_3.0,0.9985957429410695
ATRTSe_14_20_3.0,BBM_5_2.0_2.0,0.9985942749246369
ABER_SG_5_15,ACCBU_20,0.9985932036798276
T3_10_0.7,PSARs_0.02_0.2,0.9985923295599066
HWMA_0.2_0.1_0.1,BBU_5_2.0_2.0,0.9985921335856351
BBU_5_2.0_2.0,HWM_1,0.9985921335856351
PIVOTS_TRAD_D_R1,KCUe_20_2,0.9985836549954882
ZL_EMA_10,ACCBM_20,0.9985836188248327
AGj_13_8_5,LINREG_14,0.9985831979740094
SMMA_7,CKSPs_10_3_20,0.9985826260535641
ALPHAT_14_1_50,CHDLREXTs_22_22_14_2.0,0.9985785855707769
HILOl_13_21,KAMA_10_2_30,0.9985780590176624
HWL_1,KCLe_20_2,0.9985769529730365
EMA_10,CKSPl_10_3_20,0.9985736867200893
SSF3_20,DCU_20_20,0.9985731487928673
Adj Close,HWU_1,0.9985729369325042
ZL_EMA_10,DCM_20_20,0.9985723775988833
WMA_10,PSARl_0.02_0.2,0.9985719834008459
SSF_20,HWL_1,0.9985718553655659
MIDPOINT_2,DCM_20_20,0.9985707084776435
SUPERTl_7_3.0,ACCBU_20,0.9985699373038808
Close,LDECAY_1,0.9985679732120729
MIDPOINT_2,ACCBM_20,0.9985675132171302
HMA_10,LDECAY_1,0.9985658804795724
SSF_20,CHDLREXTs_22_22_14_2.0,0.998560567035989
Close,AGj_13_8_5,0.9985593969124827
ABER_ZG_5_15,KCUe_20_2,0.9985585722832218
HILOs_13_21,SINWMA_14,0.998557575176066
HILOl_13_21,LDECAY_1,0.9985571652908208
MIDPRICE_2,ACCBL_20,0.9985564863058923
HILOs_13_21,ATRTSe_14_20_3.0,0.9985547811090247
SWMA_10,DCU_20_20,0.9985546967146885
AGj_13_8_5,TEMA_10,0.9985546718234258
AGj_13_8_5,PSARl_0.02_0.2,0.998553406335549
JMA_7_0.0,CHDLREXTl_22_22_14_2.0,0.9985531415130877
FWMA_10,HILO_13_21,0.9985513464092842
FWMA_10,ATRTSe_14_20_3.0,0.9985512227080878
SWMA_10,MEDIAN_30,0.9985509041623504
SWMA_10,QTL_30_0.5,0.9985509041623504
IKS_26,ABER_ZG_5_15,0.9985504019050193
PIVOTS_TRAD_D_S2,ALPHATl_14_1_50_2,0.9985494452789115
ALMA_9_6.0_0.85,KCUe_20_2,0.9985490910168281
IKS_26,DCL_20_20,0.9985470989885696
VIDYA_14,KCLe_20_2,0.9985466888206933
HILOl_13_21,ALPHAT_14_1_50,0.9985427859808043
TRIMA_10,PSARs_0.02_0.2,0.9985426746249212
TEMA_10,LDECAY_1,0.9985415659507554
PSARl_0.02_0.2,CHDLREXTl_22_22_14_2.0,0.998540969878654
PIVOTS_TRAD_D_P,CHDLREXTl_22_22_14_2.0,0.9985409113418744
ABER_SG_5_15,HWL_1,0.9985394666675981
BBM_5_2.0_2.0,KCUe_20_2,0.9985340305295024
CKSPl_10_3_20,BBU_5_2.0_2.0,0.9985326038612081
PIVOTS_TRAD_D_S2,RMA_10,0.9985324252138551
PSARs_0.02_0.2,ACCBU_20,0.9985315535652589
PIVOTS_TRAD_D_S3,HWL_1,0.9985295021045867
PIVOTS_TRAD_D_S4,HWL_1,0.9985295021045867
T3_10_0.7,DCU_20_20,0.9985293957311107
Open,DCM_20_20,0.9985261717108824
AGt_13_8_5,HWMA_0.2_0.1_0.1,0.9985251464392739
AGt_13_8_5,HWM_1,0.9985251464392739
IKS_26,ALMA_9_6.0_0.85,0.9985227195365467
ZL_EMA_10,ACCBL_20,0.9985226968535359
VIDYA_14,ABER_ZG_5_15,0.9985201951424826
PWMA_10,ACCBU_20,0.9985160676255841
SMMA_7,HWU_1,0.9985147261153321
MEDIAN_30,BBU_5_2.0_2.0,0.9985144474344744
QTL_30_0.5,BBU_5_2.0_2.0,0.9985144474344744
ACCBU_20,VWMA_10,0.9985127997721887
PSARs_0.02_0.2,KCLe_20_2,0.9985125896070752
HILOs_13_21,ACCBL_20,0.9985098578150733
HL2,DCM_20_20,0.998509403407596
SUPERTl_7_3.0,KCUe_20_2,0.9985089381860455
ALMA_9_6.0_0.85,VIDYA_14,0.9985070156860122
AGl_13_8_5,PIVOTS_TRAD_D_S4,0.9985068486961718
AGl_13_8_5,PIVOTS_TRAD_D_S3,0.9985068486961718
OHLC4,DCM_20_20,0.9985058647853771
Open,ACCBM_20,0.9985056283976331
HILO_13_21,PIVOTS_TRAD_D_R1,0.9985049314858695
HWMA_0.2_0.1_0.1,KAMA_10_2_30,0.9985048429488299
KAMA_10_2_30,HWM_1,0.9985048429488297
PIVOTS_TRAD_D_S2,SINWMA_14,0.9985047107253966
HILOs_13_21,VIDYA_14,0.998504478691422
IKS_26,BBM_5_2.0_2.0,0.9985034391786896
SSF3_20,PSARs_0.02_0.2,0.9985034337278516
AGj_13_8_5,PIVOTS_TRAD_D_S1,0.9985022454292806
TRIMA_10,CKSPl_10_3_20,0.9985009581995044
PIVOTS_TRAD_D_R2,DCU_20_20,0.9984987878751629
SSF_20,SUPERT_7_3.0,0.9984987313611074
MIDPRICE_2,CHDLREXTl_22_22_14_2.0,0.9984971704531422
VIDYA_14,BBM_5_2.0_2.0,0.9984937019229903
ALPHAT_14_1_50,PSARs_0.02_0.2,0.9984934301137738
HWM_1,KCLe_20_2,0.9984922933294528
HWMA_0.2_0.1_0.1,KCLe_20_2,0.9984922933294528
PIVOTS_TRAD_D_R1,VIDYA_14,0.9984908848995677
RMA_10,BBL_5_2.0_2.0,0.9984893332947562
HWMA_0.2_0.1_0.1,PIVOTS_TRAD_D_S4,0.9984876508060747
HWMA_0.2_0.1_0.1,PIVOTS_TRAD_D_S3,0.9984876508060747
PIVOTS_TRAD_D_S3,HWM_1,0.9984876508060745
PIVOTS_TRAD_D_S4,HWM_1,0.9984876508060745
OHLC4,ACCBM_20,0.9984854147754507
High,ACCBL_20,0.998483909811019
EMA_10,CHDLREXTs_22_22_14_2.0,0.9984836034978373
HL2,ACCBM_20,0.9984823888793806
SMA_10,CKSPl_10_3_20,0.9984810639132248
FWMA_10,KCUe_20_2,0.9984802091134724
Adj Close,AGj_13_8_5,0.9984794786664307
SINWMA_14,CKSPs_10_3_20,0.9984782181976677
LINREG_14,LDECAY_1,0.9984778941203196
FAMA_0.5_0.05,CKSPl_10_3_20,0.9984777168577177
DCM_20_20,VWAP_D,0.9984767840735967
HLC3,DCM_20_20,0.9984767840735966
DCU_20_20,VWMA_10,0.9984764814199788
HILOl_13_21,T3_10_0.7,0.9984752091242188
PIVOTS_TRAD_D_S3,ABER_SG_5_15,0.9984741019622303
PIVOTS_TRAD_D_S4,ABER_SG_5_15,0.9984741019622303
MIDPOINT_2,ACCBL_20,0.9984711571002527
High,ATRTSe_14_20_3.0,0.9984691351002976
AGl_13_8_5,CKSPl_10_3_20,0.9984663255713924
MEDIAN_30,VWMA_10,0.9984652157411833
QTL_30_0.5,VWMA_10,0.9984652157411833
SMA_10,PSARs_0.02_0.2,0.9984643340436404
CKSPs_10_3_20,KCLe_20_2,0.9984643243787512
ALPHAT_14_1_50,HWU_1,0.9984599079362266
HILOs_13_21,CHDLREXTl_22_22_14_2.0,0.9984593676304934
PWMA_10,DCU_20_20,0.9984586931886708
PIVOTS_TRAD_D_S2,KCBe_20_2,0.9984582627284199
ACCBM_20,VWAP_D,0.9984563656199248
HLC3,ACCBM_20,0.9984563656199247
WCP,DCM_20_20,0.9984552563676782
ITS_9,DCU_20_20,0.9984551944615285
HT_TL,ABER_ZG_5_15,0.9984548750438171
ACCBL_20,ATRTSe_14_20_3.0,0.9984543815105498
PSARs_0.02_0.2,KCUe_20_2,0.998453521407364
KCLe_20_2,KCUe_20_2,0.9984518449897656
PWMA_10,QTL_30_0.5,0.9984513726971579
PWMA_10,MEDIAN_30,0.9984513726971579
HILO_13_21,ABER_XG_5_15,0.9984508996717821
PIVOTS_TRAD_D_R3,MEDIAN_30,0.9984495699878788
PIVOTS_TRAD_D_R4,MEDIAN_30,0.9984495699878788
PIVOTS_TRAD_D_R3,QTL_30_0.5,0.9984495699878788
PIVOTS_TRAD_D_R4,QTL_30_0.5,0.9984495699878788
LDECAY_1,KCLe_20_2,0.9984490737498349
IKS_26,FWMA_10,0.9984490412789742
ZL_EMA_10,CHDLREXTl_22_22_14_2.0,0.9984489500137299
PIVOTS_TRAD_D_R2,ACCBU_20,0.9984479608305593
IKS_26,PIVOTS_TRAD_D_R1,0.9984465188611416
DEMA_10,CHDLREXTl_22_22_14_2.0,0.9984462477616097
ALPHAT_14_1_50,CKSPs_10_3_20,0.9984454220828658
SWMA_10,PSARs_0.02_0.2,0.9984453829382473
HILOs_13_21,SMMA_7,0.9984450396525635
T3_10_0.7,CHDLREXTs_22_22_14_2.0,0.9984440762126315
ABER_XG_5_15,CHDLREXTl_22_22_14_2.0,0.9984413204288951
MIDPOINT_2,CHDLREXTl_22_22_14_2.0,0.9984411880457662
WCP,ACCBM_20,0.9984381346367738
FWMA_10,VIDYA_14,0.998438072185893
HILO_13_21,DCL_20_20,0.9984366065911934
Adj Close,PIVOTS_TRAD_D_S3,0.9984352703822768
Adj Close,PIVOTS_TRAD_D_S4,0.9984352703822768
Open,ACCBL_20,0.9984350673889675
MCGD_10,DCL_20_20,0.9984346392917616
ALMA_9_6.0_0.85,HT_TL,0.998433835299763
ITS_9,ACCBU_20,0.9984334808028962
MAMA_0.5_0.05,ATRTSe_14_20_3.0,0.9984314627511504
SSF3_20,CKSPl_10_3_20,0.9984308781698308
PIVOTS_TRAD_D_R4,CKSPl_10_3_20,0.9984298872582565
PIVOTS_TRAD_D_R3,CKSPl_10_3_20,0.9984298872582565
HMA_10,DCM_20_20,0.9984298304451563
PIVOTS_TRAD_D_S1,ACCBL_20,0.9984288289540728
High,KCUe_20_2,0.998427770513104
EMA_10,PSARs_0.02_0.2,0.9984257035556088
HMA_10,ACCBM_20,0.9984235091581477
CKSPl_10_3_20,CKSPs_10_3_20,0.9984228283002208
TOS_STDEVALL_U_1,AD,0.9984211218025477
TOS_STDEVALL_U_3,AD,0.9984211218025475
TOS_STDEVALL_L_1,AD,0.9984211218025475
TOS_STDEVALL_L_2,AD,0.9984211218025474
TOS_STDEVALL_L_3,AD,0.9984211218025474
TOS_STDEVALL_U_2,AD,0.9984211218025474
TOS_STDEVALL_LR,AD,0.9984211218025474
PIVOTS_TRAD_D_R2,HWL_1,0.9984206875796858
ITS_9,CHDLREXTs_22_22_14_2.0,0.9984180341987791
FAMA_0.5_0.05,PIVOTS_TRAD_D_S4,0.9984148065579148
FAMA_0.5_0.05,PIVOTS_TRAD_D_S3,0.9984148065579148
CKSPs_10_3_20,ACCBL_20,0.9984095883491356
BBL_5_2.0_2.0,KCBe_20_2,0.9984087751229601
PIVOTS_TRAD_D_S2,PIVOTS_TRAD_D_R3,0.9984080601166403
PIVOTS_TRAD_D_S2,PIVOTS_TRAD_D_R4,0.9984080601166403
HT_TL,BBM_5_2.0_2.0,0.9984077736619673
SUPERT_7_3.0,SUPERTl_7_3.0,0.9984051080779457
ISA_9,ISB_26,0.9984050381495021
SWMA_10,CKSPl_10_3_20,0.9984041608408583
ITS_9,QTL_30_0.5,0.9984037076378615
ITS_9,MEDIAN_30,0.9984037076378615
LINREG_14,ACCBL_20,0.9984032339102237
AGl_13_8_5,CHDLREXTs_22_22_14_2.0,0.9984026346483718
T3_10_0.7,CKSPl_10_3_20,0.9984008672421167
EMA_10,PIVOTS_TRAD_D_S3,0.9983986693865573
EMA_10,PIVOTS_TRAD_D_S4,0.9983986693865573
OHLC4,ACCBL_20,0.9983984617970324
TRIMA_10,CHDLREXTs_22_22_14_2.0,0.9983975756689231
HILOl_13_21,TRIMA_10,0.9983970142956257
HL2,ACCBL_20,0.9983968112600137
ACCBL_20,BBL_5_2.0_2.0,0.998395329145419
SMA_10,CHDLREXTs_22_22_14_2.0,0.9983943036904068
SMMA_7,HWL_1,0.9983933327359146
PWMA_10,PSARs_0.02_0.2,0.998391846819904
PIVOTS_TRAD_D_S1,DCM_20_20,0.9983901655420794
FAMA_0.5_0.05,CHDLREXTs_22_22_14_2.0,0.9983890257189374
PIVOTS_TRAD_D_R4,HWU_1,0.9983885899178081
PIVOTS_TRAD_D_R3,HWU_1,0.9983885899178081
ALPHAT_14_1_50,HWL_1,0.9983874571759901
WMA_10,DCU_20_20,0.998385827483021
SUPERT_7_3.0,LDECAY_1,0.9983846024162026
KAMA_10_2_30,CKSPs_10_3_20,0.998383546982504
SSF_20,CKSPs_10_3_20,0.9983825994044428
LINREG_14,ACCBM_20,0.9983822057849382
HILOl_13_21,SSF3_20,0.9983751996453687
HILO_13_21,MAMA_0.5_0.05,0.9983731794154717
FAMA_0.5_0.05,PSARs_0.02_0.2,0.9983728724605704
SINWMA_14,HWU_1,0.9983726547504708
Open,CHDLREXTl_22_22_14_2.0,0.9983722719790077
HMA_10,ACCBL_20,0.9983715162571178
ITS_9,PIVOTS_TRAD_D_S4,0.9983711975135897
ITS_9,PIVOTS_TRAD_D_S3,0.9983711975135897
WMA_10,ACCBU_20,0.9983702211874853
Close,DCM_20_20,0.9983698409764771
OHLC4,CHDLREXTl_22_22_14_2.0,0.9983674152395197
KAMA_10_2_30,HWU_1,0.9983666250741695
HL2,CHDLREXTl_22_22_14_2.0,0.9983661028259336
HILOs_13_21,SSF_20,0.9983657628528643
CHDLREXTs_22_22_14_2.0,VWMA_10,0.9983647610522985
ALPHATl_14_1_50_2,HWM_1,0.9983639583874192
HWMA_0.2_0.1_0.1,ALPHATl_14_1_50_2,0.9983639583874191
ACCBL_20,VWAP_D,0.9983639509143052
HLC3,ACCBL_20,0.998363950914305
Close,ACCBM_20,0.9983626037465739
KAMA_10_2_30,CHDLREXTs_22_22_14_2.0,0.9983615625935056
PIVOTS_TRAD_D_S4,VWMA_10,0.9983611588808687
PIVOTS_TRAD_D_S3,VWMA_10,0.9983611588808687
CHDLREXTl_22_22_14_2.0,CHDLREXTs_22_22_14_2.0,0.9983587199775928
High,VIDYA_14,0.9983555352439296
PIVOTS_TRAD_D_R1,HT_TL,0.9983536351332813
PIVOTS_TRAD_D_R3,ACCBL_20,0.9983520293413528
PIVOTS_TRAD_D_R4,ACCBL_20,0.9983520293413528
PSARs_0.02_0.2,VWMA_10,0.9983518553588803
MAMA_0.5_0.05,KCUe_20_2,0.9983509708424168
HILOl_13_21,CHDLREXTs_22_22_14_2.0,0.9983502717076228
JMA_7_0.0,ATRTSe_14_20_3.0,0.9983496538024207
LINREG_14,DCM_20_20,0.9983439765749895
HILOl_13_21,KCLe_20_2,0.9983438257968793
HLC3,CHDLREXTl_22_22_14_2.0,0.9983434873821345
CHDLREXTl_22_22_14_2.0,VWAP_D,0.9983434873821344
WCP,ACCBL_20,0.9983423033449279
PIVOTS_TRAD_D_S4,PIVOTS_TRAD_D_R2,0.9983404838634767
PIVOTS_TRAD_D_S3,PIVOTS_TRAD_D_R2,0.9983404838634767
BBL_5_2.0_2.0,BBU_5_2.0_2.0,0.998339502988466
LDECAY_1,ABER_XG_5_15,0.9983388779049053
SUPERT_7_3.0,CHDLREXTs_22_22_14_2.0,0.9983385723324151
PIVOTS_TRAD_D_S1,ACCBM_20,0.9983383102839578
AGt_13_8_5,HWU_1,0.9983377752976571
EMA_10,HILOl_13_21,0.9983352638823226
PIVOTS_TRAD_D_P,ATRTSe_14_20_3.0,0.9983299100357195
CKSPs_10_3_20,DCL_20_20,0.998329486211489
FWMA_10,HT_TL,0.9983292665924842
SINWMA_14,HWL_1,0.9983291795868983
AGl_13_8_5,PSARs_0.02_0.2,0.9983291635238373
CKSPl_10_3_20,VWMA_10,0.9983289581363101
EMA_10,SUPERT_7_3.0,0.9983270456019603
WCP,CHDLREXTl_22_22_14_2.0,0.9983269601631732
SWMA_10,CHDLREXTs_22_22_14_2.0,0.9983267080695385
PIVOTS_TRAD_D_S1,LDECAY_1,0.9983266267593999
Low,AGj_13_8_5,0.9983260027984121
HILOs_13_21,CKSPl_10_3_20,0.9983244536182281
TEMA_10,ACCBM_20,0.9983242151671244
SUPERT_7_3.0,TRIMA_10,0.9983233797655772
TEMA_10,DCM_20_20,0.9983215735395446
HILOl_13_21,SMA_10,0.998318910956978
SSF3_20,CHDLREXTs_22_22_14_2.0,0.9983178636285197
EMA_10,CKSPs_10_3_20,0.9983144052496968
IKS_26,MAMA_0.5_0.05,0.9983127243869763
HMA_10,CHDLREXTl_22_22_14_2.0,0.9983122973982376
PWMA_10,CKSPl_10_3_20,0.9983085355206405
MAMA_0.5_0.05,VIDYA_14,0.998308078869498
PIVOTS_TRAD_D_R3,HWM_1,0.9983054087263578
PIVOTS_TRAD_D_R4,HWM_1,0.9983054087263578
HWMA_0.2_0.1_0.1,PIVOTS_TRAD_D_R3,0.9983054087263576
HWMA_0.2_0.1_0.1,PIVOTS_TRAD_D_R4,0.9983054087263576
HILO_13_21,JMA_7_0.0,0.9983051184070918
SUPERTl_7_3.0,QTL_30_0.5,0.9983007952484105
SUPERTl_7_3.0,MEDIAN_30,0.9983007952484105
HILOl_13_21,PSARs_0.02_0.2,0.9983004041015053
PIVOTS_TRAD_D_R3,BBL_5_2.0_2.0,0.9983001198194121
PIVOTS_TRAD_D_R4,BBL_5_2.0_2.0,0.9983001198194121
HILOs_13_21,KCLe_20_2,0.99829962484953
MEDIAN_30,ABER_SG_5_15,0.9982994830996985
QTL_30_0.5,ABER_SG_5_15,0.9982994830996985
ITS_9,CKSPl_10_3_20,0.9982989544855863
HILO_13_21,PIVOTS_TRAD_D_P,0.9982987829988299
PIVOTS_TRAD_D_S3,KCLe_20_2,0.9982957521612761
PIVOTS_TRAD_D_S4,KCLe_20_2,0.9982957521612761
High,HILO_13_21,0.9982924525500543
PSARs_0.02_0.2,ATRTSe_14_20_3.0,0.9982922072582879
CKSPl_10_3_20,KCLe_20_2,0.9982915815079683
WMA_10,MEDIAN_30,0.9982834094809212
WMA_10,QTL_30_0.5,0.9982834094809212
PSARl_0.02_0.2,ABER_ZG_5_15,0.9982807491102118
MIDPRICE_2,ATRTSe_14_20_3.0,0.9982802340320146
ITS_9,PSARs_0.02_0.2,0.9982790891061826
SMA_10,SUPERT_7_3.0,0.9982789063061185
ACCBM_20,DCL_20_20,0.9982777297939037
High,IKS_26,0.9982772115975421
SUPERT_7_3.0,T3_10_0.7,0.9982770634657506
TEMA_10,ACCBL_20,0.9982755829470509
CKSPl_10_3_20,ABER_SG_5_15,0.998275016879742
SSF3_20,SUPERT_7_3.0,0.9982694210529628
KAMA_10_2_30,PSARs_0.02_0.2,0.9982668924737144
CKSPs_10_3_20,DCU_20_20,0.9982639934957935
JMA_7_0.0,KCUe_20_2,0.9982599232680374
DEMA_10,HILO_13_21,0.9982592672360163
HILOs_13_21,ALPHAT_14_1_50,0.9982571986622301
Close,CHDLREXTl_22_22_14_2.0,0.9982565397756644
Close,ACCBL_20,0.9982565309435745
IKS_26,PIVOTS_TRAD_D_P,0.9982554345111712
IKS_26,ABER_XG_5_15,0.9982546375000502
IKS_26,JMA_7_0.0,0.9982534384665622
ALMA_9_6.0_0.85,PSARl_0.02_0.2,0.9982503694187833
VIDYA_14,ACCBL_20,0.9982475843674489
HILOl_13_21,SWMA_10,0.9982475370601476
HT_TL,PSARl_0.02_0.2,0.9982452412229191
MIDPOINT_2,ATRTSe_14_20_3.0,0.9982436628548615
Low,LDECAY_1,0.9982424304276081
HILOl_13_21,FAMA_0.5_0.05,0.9982387601175159
Adj Close,ACCBM_20,0.9982386079136373
PIVOTS_TRAD_D_P,KCUe_20_2,0.9982369176778911
ZL_EMA_10,ATRTSe_14_20_3.0,0.9982351035633136
Low,DCM_20_20,0.9982338925806071
FAMA_0.5_0.05,SUPERT_7_3.0,0.9982327294512812
PWMA_10,CHDLREXTs_22_22_14_2.0,0.9982322023590827
ITS_9,DCL_20_20,0.9982289117768042
ACCBL_20,KCUe_20_2,0.9982272835956876
Adj Close,CHDLREXTl_22_22_14_2.0,0.9982268023046839
LINREG_14,CHDLREXTl_22_22_14_2.0,0.9982264136320581
Adj Close,DCM_20_20,0.9982258314829303
CKSPl_10_3_20,ACCBL_20,0.9982254188202888
T3_10_0.7,DCL_20_20,0.9982231235250505
JMA_7_0.0,VIDYA_14,0.9982228060290369
SUPERTl_7_3.0,CHDLREXTl_22_22_14_2.0,0.9982198470098411
PIVOTS_TRAD_D_S2,ACCBL_20,0.9982196280490732
Low,ACCBL_20,0.9982191771521
PSARs_0.02_0.2,CHDLREXTl_22_22_14_2.0,0.9982189051313568
TEMA_10,CHDLREXTl_22_22_14_2.0,0.99821706213863
PSARl_0.02_0.2,BBM_5_2.0_2.0,0.998216471674112
PIVOTS_TRAD_D_R2,QTL_30_0.5,0.9982118196379767
PIVOTS_TRAD_D_R2,MEDIAN_30,0.9982118196379767
AGl_13_8_5,SUPERT_7_3.0,0.9982118090743836
SUPERT_7_3.0,SWMA_10,0.9982110505120437
AGl_13_8_5,CKSPs_10_3_20,0.9982104414288225
TRIMA_10,CKSPs_10_3_20,0.9982094347570354
AGt_13_8_5,DCL_20_20,0.9982078123764471
VIDYA_14,PSARs_0.02_0.2,0.99820772334022
IKS_26,PSARl_0.02_0.2,0.9982066979421313
MCGD_10,HWM_1,0.9982065600283739
HWMA_0.2_0.1_0.1,MCGD_10,0.9982065600283739
PSARs_0.02_0.2,DCL_20_20,0.9982062424220702
ACCBU_20,KCLe_20_2,0.9982057955738878
PSARl_0.02_0.2,ABER_SG_5_15,0.9982015348898226
FAMA_0.5_0.05,CKSPs_10_3_20,0.998200517500689
SMMA_7,DCL_20_20,0.9982004185694823
HILO_13_21,MIDPRICE_2,0.998199877017938
AGl_13_8_5,HILOl_13_21,0.9981974101109455
HILOs_13_21,T3_10_0.7,0.9981948535715688
SMA_10,CKSPs_10_3_20,0.998194382433152
PIVOTS_TRAD_D_P,VIDYA_14,0.9981933455536355
SSF_20,DCL_20_20,0.9981927044447052
ATRTSe_14_20_3.0,CHDLREXTs_22_22_14_2.0,0.9981923376084915
IKS_26,MIDPRICE_2,0.998191487140276
DEMA_10,ATRTSe_14_20_3.0,0.9981895589477333
SUPERT_7_3.0,PSARs_0.02_0.2,0.9981881943592786
PSARl_0.02_0.2,ABER_XG_5_15,0.9981878514451816
WMA_10,CKSPl_10_3_20,0.9981851739070963
AGt_13_8_5,HWL_1,0.9981849140669176
SINWMA_14,DCL_20_20,0.9981848677565408
PIVOTS_TRAD_D_R1,DCU_20_20,0.9981804987581291
SUPERT_7_3.0,ACCBL_20,0.9981773150787233
WMA_10,CHDLREXTs_22_22_14_2.0,0.9981746668037835
HILOs_13_21,DCU_20_20,0.9981728396512741
PIVOTS_TRAD_D_R2,CKSPl_10_3_20,0.9981727242411318
PIVOTS_TRAD_D_S3,SMA_10,0.9981727058362765
PIVOTS_TRAD_D_S4,SMA_10,0.9981727058362765
SUPERT_7_3.0,KCLe_20_2,0.9981721696900896
PIVOTS_TRAD_D_S1,CHDLREXTl_22_22_14_2.0,0.9981720681025383
MAMA_0.5_0.05,HT_TL,0.9981703197107571
OHLC4,ATRTSe_14_20_3.0,0.9981694046354777
Open,ATRTSe_14_20_3.0,0.9981690221019197
HILOs_13_21,TRIMA_10,0.9981680755824115
MIDPRICE_2,KCUe_20_2,0.9981672357786476
HL2,ATRTSe_14_20_3.0,0.9981666171764438
PSARl_0.02_0.2,BBU_5_2.0_2.0,0.9981639326489413
SUPERTl_7_3.0,LDECAY_1,0.998160623163248
HILOl_13_21,PWMA_10,0.9981563619141675
HILO_13_21,ZL_EMA_10,0.9981516575926862
HILOl_13_21,VWMA_10,0.9981510487129759
ATRTSe_14_20_3.0,VWAP_D,0.9981472275249044
HLC3,ATRTSe_14_20_3.0,0.9981472275249043
HILOs_13_21,KAMA_10_2_30,0.9981461776485653
Low,ACCBM_20,0.9981447362664977
ABER_ZG_5_15,DCU_20_20,0.9981444654257691
PIVOTS_TRAD_D_S3,ALPHAT_14_1_50,0.9981430736670385
PIVOTS_TRAD_D_S4,ALPHAT_14_1_50,0.9981430736670385
Adj Close,HWL_1,0.9981422761501714
DCL_20_20,VWMA_10,0.9981422700833158
RMA_10,DCL_20_20,0.9981419335960431
MIDPOINT_2,KCUe_20_2,0.9981416864916502
High,HT_TL,0.998141626714709
HWMA_0.2_0.1_0.1,RMA_10,0.9981414498725947
RMA_10,HWM_1,0.9981414498725947
ALPHATl_14_1_50_2,HWU_1,0.998141410281002
SUPERT_7_3.0,VWMA_10,0.9981391100860395
SUPERT_7_3.0,BBU_5_2.0_2.0,0.998138585347576
ALPHAT_14_1_50,DCL_20_20,0.998138214923327
ZL_EMA_10,KCUe_20_2,0.9981370608383903
MIDPRICE_2,VIDYA_14,0.998136971301213
ALPHATl_14_1_50_2,DCL_20_20,0.9981353461710791
ITS_9,CKSPs_10_3_20,0.9981353236689525
WCP,ATRTSe_14_20_3.0,0.9981323135340016
ALMA_9_6.0_0.85,DCU_20_20,0.9981321766672142
EMA_10,DCL_20_20,0.9981239090634877
SWMA_10,CKSPs_10_3_20,0.9981233168466543
ACCBU_20,CHDLREXTs_22_22_14_2.0,0.9981227121556036
HILOs_13_21,SSF3_20,0.9981212713744858
PWMA_10,SUPERT_7_3.0,0.9981208885244652
WMA_10,PSARs_0.02_0.2,0.9981195486779583
BBM_5_2.0_2.0,DCU_20_20,0.9981192157659856
DEMA_10,KCUe_20_2,0.9981181926677313
HILO_13_21,MIDPOINT_2,0.998117276958759
IKS_26,MIDPOINT_2,0.9981171407188362
KAMA_10_2_30,HWL_1,0.9981140263541973
ACCBL_20,ACCBU_20,0.998112845697728
DCL_20_20,KCBe_20_2,0.9981121938343188
SSF3_20,CKSPs_10_3_20,0.9981120649974486
EMA_10,HILOs_13_21,0.9981104607325079
ABER_XG_5_15,ATRTSe_14_20_3.0,0.9981093564313769
IKS_26,ZL_EMA_10,0.9981086740175268
PIVOTS_TRAD_D_R3,SUPERT_7_3.0,0.9981080836984124
PIVOTS_TRAD_D_R4,SUPERT_7_3.0,0.9981080836984124
CKSPs_10_3_20,VWMA_10,0.9981066106176182
PIVOTS_TRAD_D_S3,SWMA_10,0.9981036576039737
PIVOTS_TRAD_D_S4,SWMA_10,0.9981036576039737
AGj_13_8_5,PIVOTS_TRAD_D_S2,0.9981033504093565
T3_10_0.7,CKSPs_10_3_20,0.9981023355512115
PIVOTS_TRAD_D_R1,ACCBU_20,0.9981015212885888
ITS_9,HILOl_13_21,0.9981014974529914
VIDYA_14,ZL_EMA_10,0.9981013444064044
MIDPOINT_2,VIDYA_14,0.9981006869046121
HMA_10,ATRTSe_14_20_3.0,0.9980983086822851
ACCBL_20,HWL_1,0.9980933340031728
PIVOTS_TRAD_D_P,HT_TL,0.9980928917453543
HILOs_13_21,SMA_10,0.9980895507486549
SMA_10,DCL_20_20,0.9980877724253159
JMA_7_0.0,HT_TL,0.9980874112145841
ABER_ZG_5_15,ACCBU_20,0.9980872926035677
ABER_XG_5_15,DCL_20_20,0.9980829587183633
PIVOTS_TRAD_D_S3,SMMA_7,0.9980794316481516
PIVOTS_TRAD_D_S4,SMMA_7,0.9980794316481516
DEMA_10,VIDYA_14,0.9980794240661435
TRIMA_10,DCL_20_20,0.998078804155444
ITS_9,SUPERT_7_3.0,0.9980784216982065
AGl_13_8_5,DCL_20_20,0.9980783677695554
IKS_26,DEMA_10,0.9980749064730693
Open,HILO_13_21,0.998074147219963
ALMA_9_6.0_0.85,ACCBU_20,0.9980720594494308
FWMA_10,DCU_20_20,0.998070931375164
FAMA_0.5_0.05,DCL_20_20,0.9980677475697842
Close,ATRTSe_14_20_3.0,0.9980667339511394
CHDLREXTs_22_22_14_2.0,KCUe_20_2,0.99806613335101
Open,IKS_26,0.9980645328266075
PSARs_0.02_0.2,BBU_5_2.0_2.0,0.9980637978850323
ALPHATl_14_1_50_2,HWL_1,0.9980600208693176
PIVOTS_TRAD_D_S2,DCM_20_20,0.9980552112857678
Open,KCUe_20_2,0.9980545798244476
OHLC4,KCUe_20_2,0.9980534740270335
FWMA_10,PSARl_0.02_0.2,0.9980521856221061
IKS_26,HL2,0.9980520009877153
ACCBU_20,BBM_5_2.0_2.0,0.9980510738713474
HILOl_13_21,SUPERTl_7_3.0,0.998050703650959
HT_TL,ABER_XG_5_15,0.9980506400528967
HWM_1,KCBe_20_2,0.9980486923049233
HWMA_0.2_0.1_0.1,KCBe_20_2,0.9980486923049233
HL2,KCUe_20_2,0.9980484394594394
IKS_26,OHLC4,0.9980461482805377
DCU_20_20,KCLe_20_2,0.9980445844039139
High,DCU_20_20,0.9980441825993055
AGj_13_8_5,SUPERTl_7_3.0,0.998038825999419
LDECAY_1,ACCBL_20,0.9980383461869257
SWMA_10,DCL_20_20,0.9980381122583472
Adj Close,KCUe_20_2,0.9980376805214264
SSF3_20,DCL_20_20,0.9980310676041184
KCUe_20_2,VWAP_D,0.9980308034256925
HLC3,KCUe_20_2,0.9980308034256922
HILOs_13_21,SWMA_10,0.9980301917356142
HILO_13_21,OHLC4,0.9980299233719476
HILO_13_21,HL2,0.9980284644859295
PWMA_10,CKSPs_10_3_20,0.998027139066371
SUPERTl_7_3.0,HT_TL,0.9980265820891979
TEMA_10,ATRTSe_14_20_3.0,0.9980223531222386
HILOl_13_21,PSARl_0.02_0.2,0.9980206446780564
PIVOTS_TRAD_D_R2,PSARl_0.02_0.2,0.9980203668879175
AGj_13_8_5,BBL_5_2.0_2.0,0.9980198471267802
OHLC4,VIDYA_14,0.9980177481356038
IKS_26,HLC3,0.9980177185970116
IKS_26,VWAP_D,0.9980177185970116
WCP,KCUe_20_2,0.9980167664750632
HL2,VIDYA_14,0.9980143519487927
Open,VIDYA_14,0.9980143490632873
Low,CHDLREXTl_22_22_14_2.0,0.9980088682576914
HILOs_13_21,FAMA_0.5_0.05,0.9980084129729282
HILOl_13_21,BBU_5_2.0_2.0,0.9980079868315349
Adj Close,ATRTSe_14_20_3.0,0.9980076701268321
BBU_5_2.0_2.0,HWL_1,0.9980072782110082
BBL_5_2.0_2.0,DCM_20_20,0.9980065143987348
PIVOTS_TRAD_D_S4,PWMA_10,0.9979971798359694
PIVOTS_TRAD_D_S3,PWMA_10,0.9979971798359694
VIDYA_14,VWAP_D,0.9979965798679579
HLC3,VIDYA_14,0.9979965798679576
MIDPRICE_2,HT_TL,0.9979964750284653
LINREG_14,ATRTSe_14_20_3.0,0.9979961945250369
DEMA_10,PSARl_0.02_0.2,0.9979958073009112
IKS_26,WCP,0.997995362123411
RMA_10,HWU_1,0.9979931106180782
HILO_13_21,VWAP_D,0.9979928814542945
HILO_13_21,HLC3,0.9979928814542944
Adj Close,VIDYA_14,0.9979892478706576
QTL_30_0.5,ABER_ZG_5_15,0.9979877407416695
MEDIAN_30,ABER_ZG_5_15,0.9979877407416695
HMA_10,KCUe_20_2,0.997986776165552
FWMA_10,ACCBU_20,0.997985817517898
LDECAY_1,PSARl_0.02_0.2,0.9979839858237868
VIDYA_14,WCP,0.9979824751021911
HILO_13_21,HMA_10,0.9979809497158677
ABER_ZG_5_15,CHDLREXTs_22_22_14_2.0,0.9979794989787131
HILO_13_21,LINREG_14,0.9979771006330329
AGl_13_8_5,HILOs_13_21,0.9979769405054384
VIDYA_14,CHDLREXTs_22_22_14_2.0,0.9979758875542605
HILO_13_21,WCP,0.997969875070471
IKS_26,HMA_10,0.9979697338670639
ALMA_9_6.0_0.85,QTL_30_0.5,0.9979694677946783
ALMA_9_6.0_0.85,MEDIAN_30,0.9979694677946783
PWMA_10,DCL_20_20,0.9979593297640437
MCGD_10,HWU_1,0.9979557220375973
PIVOTS_TRAD_D_R3,PSARl_0.02_0.2,0.9979553262323321
PIVOTS_TRAD_D_R4,PSARl_0.02_0.2,0.9979553262323321
Close,KCUe_20_2,0.9979538188254835
HMA_10,VIDYA_14,0.9979537576772688
CKSPs_10_3_20,LDECAY_1,0.9979514906851238
PIVOTS_TRAD_D_S2,ACCBM_20,0.9979500864321086
SUPERT_7_3.0,ABER_SG_5_15,0.9979498977133332
PSARs_0.02_0.2,ABER_SG_5_15,0.9979482715973744
MAMA_0.5_0.05,DCU_20_20,0.9979458526079139
HILOs_13_21,PWMA_10,0.9979449366329981
HT_TL,DCL_20_20,0.9979442949560313
QTL_30_0.5,BBM_5_2.0_2.0,0.9979441153602343
MEDIAN_30,BBM_5_2.0_2.0,0.9979441153602343
ALMA_9_6.0_0.85,CHDLREXTs_22_22_14_2.0,0.997943197822472
PIVOTS_TRAD_D_R3,PSARs_0.02_0.2,0.9979415294520324
PIVOTS_TRAD_D_R4,PSARs_0.02_0.2,0.9979415294520324
VIDYA_14,PSARl_0.02_0.2,0.9979401162277673
WMA_10,DCL_20_20,0.9979400522651148
DEMA_10,HT_TL,0.99793969697348
OBV_max_2,OBVe_12,0.9979366723416575
PIVOTS_TRAD_D_S3,TRIMA_10,0.9979365153234192
PIVOTS_TRAD_D_S4,TRIMA_10,0.9979365153234192
MIDPOINT_2,HT_TL,0.9979360198314423
ZL_EMA_10,HT_TL,0.9979354025231001
ACCBM_20,BBL_5_2.0_2.0,0.9979334852711382
WMA_10,CKSPs_10_3_20,0.9979329177097717
HILOl_13_21,PIVOTS_TRAD_D_R3,0.9979325759951435
HILOl_13_21,PIVOTS_TRAD_D_R4,0.9979325759951435
MCGD_10,HWL_1,0.9979318262445619
PSARl_0.02_0.2,KCUe_20_2,0.9979305953629656
CKSPs_10_3_20,BBU_5_2.0_2.0,0.9979304035572177
PIVOTS_TRAD_D_S3,HWU_1,0.9979291035863076
PIVOTS_TRAD_D_S4,HWU_1,0.9979291035863076
PIVOTS_TRAD_D_R1,MEDIAN_30,0.9979276793833214
PIVOTS_TRAD_D_R1,QTL_30_0.5,0.9979276793833214
SUPERT_7_3.0,WMA_10,0.997926536082631
VIDYA_14,ABER_XG_5_15,0.9979246529635739
ACCBL_20,HWM_1,0.9979198994416646
HWMA_0.2_0.1_0.1,ACCBL_20,0.9979198994416646
BBM_5_2.0_2.0,CHDLREXTs_22_22_14_2.0,0.9979195878826717
Close,VIDYA_14,0.9979193248479725
PIVOTS_TRAD_D_S1,ATRTSe_14_20_3.0,0.9979184575345296
High,ACCBU_20,0.9979171502044231
CKSPl_10_3_20,ABER_ZG_5_15,0.9979162862504186
PSARl_0.02_0.2,ATRTSe_14_20_3.0,0.9979145441069848
PIVOTS_TRAD_D_R2,CHDLREXTs_22_22_14_2.0,0.9979142396282409
HILO_13_21,PIVOTS_TRAD_D_S1,0.9979126163904878
HILOs_13_21,VWMA_10,0.9979120007561121
HWU_1,KCBe_20_2,0.9979114203657556
TEMA_10,KCUe_20_2,0.9979103012006344
Adj Close,ACCBL_20,0.9979098808781488
AGj_13_8_5,DCL_20_20,0.997908128528549
Close,IKS_26,0.9979074715574408
LINREG_14,KCUe_20_2,0.9979071934785129
ALMA_9_6.0_0.85,CKSPl_10_3_20,0.9979004173818512
IKS_26,PIVOTS_TRAD_D_S1,0.9979001768734959
ABER_XG_5_15,KCUe_20_2,0.9978984386616743
PIVOTS_TRAD_D_S3,SSF_20,0.9978965513378946
PIVOTS_TRAD_D_S4,SSF_20,0.9978965513378946
ABER_XG_5_15,CHDLREXTs_22_22_14_2.0,0.9978943401399554
ACCBL_20,DCU_20_20,0.9978942939688032
ABER_SG_5_15,CHDLREXTs_22_22_14_2.0,0.9978927846321318
HWU_1,KCLe_20_2,0.9978921552555826
TEMA_10,VIDYA_14,0.9978903338170716
PIVOTS_TRAD_D_R4,CKSPs_10_3_20,0.9978844002855207
PIVOTS_TRAD_D_R3,CKSPs_10_3_20,0.9978844002855207
LINREG_14,VIDYA_14,0.997883914133794
PIVOTS_TRAD_D_R1,CKSPl_10_3_20,0.9978836221551997
CKSPl_10_3_20,BBM_5_2.0_2.0,0.997883032975216
Close,HILO_13_21,0.9978800364944118
PIVOTS_TRAD_D_S2,LDECAY_1,0.9978746372652678
FWMA_10,QTL_30_0.5,0.9978739147794451
FWMA_10,MEDIAN_30,0.9978739147794451
AGt_13_8_5,PIVOTS_TRAD_D_S3,0.9978736794143367
AGt_13_8_5,PIVOTS_TRAD_D_S4,0.9978736794143367
PIVOTS_TRAD_D_R1,PSARl_0.02_0.2,0.9978735019888059
Open,HT_TL,0.9978713154734178
FWMA_10,CHDLREXTs_22_22_14_2.0,0.9978703135886412
KAMA_10_2_30,PIVOTS_TRAD_D_S3,0.9978697988943194
KAMA_10_2_30,PIVOTS_TRAD_D_S4,0.9978697988943194
CKSPl_10_3_20,PSARl_0.02_0.2,0.9978657191451134
PIVOTS_TRAD_D_R2,PSARs_0.02_0.2,0.9978655095945292
PIVOTS_TRAD_D_S4,SSF3_20,0.9978634369876961
PIVOTS_TRAD_D_S3,SSF3_20,0.9978634369876961
HILOl_13_21,WMA_10,0.9978625311771117
CKSPl_10_3_20,CHDLREXTs_22_22_14_2.0,0.9978624007576405
CKSPs_10_3_20,ABER_SG_5_15,0.9978621690439594
HILO_13_21,TEMA_10,0.9978619067149149
PIVOTS_TRAD_D_R2,SUPERT_7_3.0,0.9978562677121751
HILOs_13_21,DCL_20_20,0.9978555090087897
PSARs_0.02_0.2,ABER_ZG_5_15,0.9978531055394649
ISA_9,SUPERTl_7_3.0,0.9978501429168994
MAMA_0.5_0.05,PSARl_0.02_0.2,0.9978490065831278
HL2,HT_TL,0.9978455779205259
IKS_26,LINREG_14,0.9978450384493308
OHLC4,HT_TL,0.9978449243370753
IKS_26,TEMA_10,0.9978440172993318
PSARl_0.02_0.2,DCU_20_20,0.9978434686171928
BBU_5_2.0_2.0,CHDLREXTs_22_22_14_2.0,0.9978401311780539
MAMA_0.5_0.05,ACCBU_20,0.9978350758441935
ITS_9,HILOs_13_21,0.9978342009865329
QTL_30_0.5,PSARl_0.02_0.2,0.9978340561273142
MEDIAN_30,PSARl_0.02_0.2,0.9978340561273142
JMA_7_0.0,DCU_20_20,0.9978295674652883
FWMA_10,CKSPl_10_3_20,0.9978229015114293
PIVOTS_TRAD_D_R2,CKSPs_10_3_20,0.9978220523620939
PIVOTS_TRAD_D_P,DCU_20_20,0.9978220106129909
PIVOTS_TRAD_D_R1,CHDLREXTs_22_22_14_2.0,0.9978184143229013
ALMA_9_6.0_0.85,PSARs_0.02_0.2,0.9978175501780335
KAMA_10_2_30,DCL_20_20,0.997815692338366
HLC3,HT_TL,0.9978138304427413
HT_TL,VWAP_D,0.9978138304427413
IKS_26,SUPERTl_7_3.0,0.9978137143181351
LDECAY_1,HWU_1,0.9978125233578826
LINREG_14,PSARl_0.02_0.2,0.99781145755385
Adj Close,IKS_26,0.9978033309529191
PSARs_0.02_0.2,DCU_20_20,0.9978001118182317
ABER_ZG_5_15,DCL_20_20,0.997796207912232
WCP,HT_TL,0.9977927419463195
HILOs_13_21,BBU_5_2.0_2.0,0.9977885402853974
HILOl_13_21,ABER_SG_5_15,0.9977800973005658
HMA_10,HT_TL,0.9977748143622637
PSARs_0.02_0.2,BBM_5_2.0_2.0,0.9977746153329935
CKSPl_10_3_20,PSARs_0.02_0.2,0.9977743041286872
Low,ATRTSe_14_20_3.0,0.9977711852222021
JMA_7_0.0,PSARl_0.02_0.2,0.997770295480414
MIDPRICE_2,DCU_20_20,0.9977699380419472
PIVOTS_TRAD_D_R4,CHDLREXTs_22_22_14_2.0,0.9977654828077425
PIVOTS_TRAD_D_R3,CHDLREXTs_22_22_14_2.0,0.9977654828077425
PIVOTS_TRAD_D_S2,CHDLREXTl_22_22_14_2.0,0.9977640056664163
RMA_10,HWL_1,0.9977612455554572
PIVOTS_TRAD_D_S3,T3_10_0.7,0.9977578736501997
PIVOTS_TRAD_D_S4,T3_10_0.7,0.9977578736501997
ALMA_9_6.0_0.85,DCL_20_20,0.9977542260955224
PIVOTS_TRAD_D_S4,BBU_5_2.0_2.0,0.9977492353967499
PIVOTS_TRAD_D_S3,BBU_5_2.0_2.0,0.9977492353967499
PIVOTS_TRAD_D_S1,VIDYA_14,0.9977479056730804
PIVOTS_TRAD_D_S1,KCUe_20_2,0.9977457194630044
PIVOTS_TRAD_D_P,PSARl_0.02_0.2,0.9977373713803775
Low,IKS_26,0.9977347476006624
BBM_5_2.0_2.0,DCL_20_20,0.9977343301663738
MIDPOINT_2,DCU_20_20,0.997734273210373
JMA_7_0.0,ACCBU_20,0.9977324388511064
MAMA_0.5_0.05,CHDLREXTs_22_22_14_2.0,0.997728392209025
High,CKSPl_10_3_20,0.9977254080050675
PIVOTS_TRAD_D_P,ACCBU_20,0.9977242836411109
Adj Close,HILO_13_21,0.9977237288672005
High,QTL_30_0.5,0.9977198122409754
High,MEDIAN_30,0.9977198122409754
PIVOTS_TRAD_D_P,CHDLREXTs_22_22_14_2.0,0.9977167993975005
ZL_EMA_10,DCU_20_20,0.9977161345651228
MAMA_0.5_0.05,MEDIAN_30,0.9977132851627994
MAMA_0.5_0.05,QTL_30_0.5,0.9977132851627994
ISA_9,VIDYA_14,0.9977100002605956
Close,HT_TL,0.9977086572300385
PSARl_0.02_0.2,ACCBU_20,0.9977062536465618
CKSPs_10_3_20,ABER_ZG_5_15,0.9977039677739789
SUPERTl_7_3.0,KCBe_20_2,0.9976964049845305
JMA_7_0.0,CHDLREXTs_22_22_14_2.0,0.9976957696291144
Adj Close,DCU_20_20,0.9976950193297207
PIVOTS_TRAD_D_R3,HWL_1,0.9976868053218473
PIVOTS_TRAD_D_R4,HWL_1,0.9976868053218473
FWMA_10,DCL_20_20,0.9976843839278191
MAMA_0.5_0.05,CKSPl_10_3_20,0.9976805165526496
SUPERTl_7_3.0,ACCBM_20,0.9976798890499972
DEMA_10,DCU_20_20,0.9976771022153633
LINREG_14,HT_TL,0.9976765806711277
HILOs_13_21,PIVOTS_TRAD_D_R4,0.9976762971135408
HILOs_13_21,PIVOTS_TRAD_D_R3,0.9976762971135408
ALMA_9_6.0_0.85,CKSPs_10_3_20,0.997673407133877
MCGD_10,PIVOTS_TRAD_D_S4,0.9976726338502239
MCGD_10,PIVOTS_TRAD_D_S3,0.9976726338502239
Low,HILO_13_21,0.9976720038917898
PSARl_0.02_0.2,HWM_1,0.9976684185936373
HWMA_0.2_0.1_0.1,PSARl_0.02_0.2,0.9976684185936372
PIVOTS_TRAD_D_S1,HT_TL,0.99766642463909
ZL_EMA_10,PSARl_0.02_0.2,0.9976642463335187
Adj Close,HT_TL,0.9976595154384729
HILOs_13_21,WMA_10,0.9976592068890224
HILOl_13_21,PIVOTS_TRAD_D_R2,0.997658362959805
HWL_1,KCBe_20_2,0.9976571455609177
OHLC4,DCU_20_20,0.9976532256517391
MIDPRICE_2,CHDLREXTs_22_22_14_2.0,0.9976500229823019
HL2,DCU_20_20,0.9976500215350632
Open,DCU_20_20,0.9976495277086237
CKSPs_10_3_20,BBM_5_2.0_2.0,0.9976489359355654
HILOs_13_21,LDECAY_1,0.9976475649180772
PIVOTS_TRAD_D_R1,PSARs_0.02_0.2,0.9976426862812349
TEMA_10,HT_TL,0.997642301980743
FWMA_10,PSARs_0.02_0.2,0.9976419451268094
MIDPRICE_2,ACCBU_20,0.9976411621780061
SUPERT_7_3.0,ABER_ZG_5_15,0.9976400277508632
ISA_9,QTL_30_0.5,0.9976392347987104
ISA_9,MEDIAN_30,0.9976392347987104
MIDPRICE_2,PSARl_0.02_0.2,0.9976385263874584
High,PSARl_0.02_0.2,0.997636112476853
DCU_20_20,VWAP_D,0.9976321651473088
HLC3,DCU_20_20,0.9976321651473087
High,CHDLREXTs_22_22_14_2.0,0.9976268891589598
BBL_5_2.0_2.0,CHDLREXTl_22_22_14_2.0,0.9976254285187363
PSARl_0.02_0.2,CHDLREXTs_22_22_14_2.0,0.9976242795061785
PIVOTS_TRAD_D_R1,CKSPs_10_3_20,0.9976228179321784
PIVOTS_TRAD_D_P,QTL_30_0.5,0.9976194486485169
PIVOTS_TRAD_D_P,MEDIAN_30,0.9976194486485169
WCP,DCU_20_20,0.9976180201532437
RMA_10,SUPERTl_7_3.0,0.9976149190573823
JMA_7_0.0,MEDIAN_30,0.9976140500988898
JMA_7_0.0,QTL_30_0.5,0.9976140500988898
AGj_13_8_5,HWMA_0.2_0.1_0.1,0.9976138009272859
AGj_13_8_5,HWM_1,0.9976138009272859
ALMA_9_6.0_0.85,SUPERT_7_3.0,0.9976117155672147
ACCBM_20,HWM_1,0.997611303002348
HWMA_0.2_0.1_0.1,ACCBM_20,0.9976113030023479
MIDPOINT_2,ACCBU_20,0.9976021485674669
FWMA_10,CKSPs_10_3_20,0.9975938491286402
ISA_9,ACCBU_20,0.9975881755154419
SUPERT_7_3.0,BBM_5_2.0_2.0,0.9975849781493116
ZL_EMA_10,ACCBU_20,0.9975833224310956
PSARs_0.02_0.2,ABER_XG_5_15,0.9975815736872292
Low,VIDYA_14,0.9975798376669176
Low,KCUe_20_2,0.99757534950975
BBL_5_2.0_2.0,DCL_20_20,0.9975718682681443
CHDLREXTs_22_22_14_2.0,DCU_20_20,0.9975688792510176
LDECAY_1,PSARs_0.02_0.2,0.9975672808946027
JMA_7_0.0,CKSPl_10_3_20,0.9975670677596055
HMA_10,DCU_20_20,0.9975610455714979
PIVOTS_TRAD_D_R1,SUPERT_7_3.0,0.9975608605577386
PIVOTS_TRAD_D_P,CKSPl_10_3_20,0.9975605364237706
DEMA_10,ACCBU_20,0.9975593253435397
PIVOTS_TRAD_D_P,DCL_20_20,0.997556095934392
Close,DCU_20_20,0.997554756906191
MAMA_0.5_0.05,DCL_20_20,0.997551295205966
PIVOTS_TRAD_D_S4,ALPHATl_14_1_50_2,0.9975507095144597
PIVOTS_TRAD_D_S3,ALPHATl_14_1_50_2,0.9975507095144597
MIDPOINT_2,CHDLREXTs_22_22_14_2.0,0.9975479147983899
JMA_7_0.0,DCL_20_20,0.997547045659763
HILO_13_21,BBL_5_2.0_2.0,0.9975408204680725
DEMA_10,CHDLREXTs_22_22_14_2.0,0.9975403096772284
ZL_EMA_10,CHDLREXTs_22_22_14_2.0,0.9975389572739177
AGj_13_8_5,HWU_1,0.9975373697642244
MIDPOINT_2,PSARl_0.02_0.2,0.9975339022865478
Open,CHDLREXTs_22_22_14_2.0,0.9975318077385967
PSARl_0.02_0.2,HWL_1,0.9975292620180989
MIDPRICE_2,MEDIAN_30,0.9975248385897242
MIDPRICE_2,QTL_30_0.5,0.9975248385897242
Open,ACCBU_20,0.9975240881915861
LDECAY_1,BBL_5_2.0_2.0,0.9975202095693894
IKS_26,PIVOTS_TRAD_D_S2,0.9975194813738928
HILOs_13_21,ABER_SG_5_15,0.9975192365177189
HILO_13_21,PIVOTS_TRAD_D_S2,0.9975164456635676
OHLC4,ACCBU_20,0.9975120530573053
HL2,ACCBU_20,0.9975088017547157
MIDPRICE_2,DCL_20_20,0.9975088010613924
DEMA_10,DCL_20_20,0.9975049451633371
PIVOTS_TRAD_D_S4,SINWMA_14,0.9975025055775105
PIVOTS_TRAD_D_S3,SINWMA_14,0.9975025055775105
LDECAY_1,HWM_1,0.9975022184201207
HWMA_0.2_0.1_0.1,LDECAY_1,0.9975022184201207
HL2,CHDLREXTs_22_22_14_2.0,0.9975001691031986
HILOl_13_21,ABER_ZG_5_15,0.9974996600898586
FWMA_10,SUPERT_7_3.0,0.9974985154688651
MIDPRICE_2,CKSPl_10_3_20,0.9974946957282719
Adj Close,ACCBU_20,0.9974945349865442
MEDIAN_30,ABER_XG_5_15,0.9974942332385324
QTL_30_0.5,ABER_XG_5_15,0.9974942332385324
OHLC4,CHDLREXTs_22_22_14_2.0,0.9974900283323682
ACCBU_20,VWAP_D,0.9974857516551732
HLC3,ACCBU_20,0.9974857516551732
LDECAY_1,CHDLREXTs_22_22_14_2.0,0.9974846505622886
HMA_10,PSARl_0.02_0.2,0.9974835913436927
HILO_13_21,SUPERTl_7_3.0,0.9974831176796627
PIVOTS_TRAD_D_S3,RMA_10,0.997482883940798
PIVOTS_TRAD_D_S4,RMA_10,0.997482883940798
PIVOTS_TRAD_D_R1,DCL_20_20,0.9974756626818018
MIDPOINT_2,QTL_30_0.5,0.9974753066888219
MIDPOINT_2,MEDIAN_30,0.9974753066888219
ALMA_9_6.0_0.85,HILOl_13_21,0.9974725705527806
ISA_9,KCUe_20_2,0.9974698122390115
WCP,ACCBU_20,0.9974690116905685
TEMA_10,DCU_20_20,0.9974671348034261
Open,PSARl_0.02_0.2,0.9974668626927237
SUPERT_7_3.0,PSARl_0.02_0.2,0.997465245406268
HILOs_13_21,PIVOTS_TRAD_D_R2,0.9974646537219591
PIVOTS_TRAD_D_S2,ATRTSe_14_20_3.0,0.9974615167850868
PIVOTS_TRAD_D_S1,DCL_20_20,0.9974608676378547
ISA_9,ATRTSe_14_20_3.0,0.9974590092014659
TEMA_10,PSARl_0.02_0.2,0.9974569303836905
Low,HT_TL,0.9974567159428358
HLC3,CHDLREXTs_22_22_14_2.0,0.9974538132452055
CHDLREXTs_22_22_14_2.0,VWAP_D,0.9974538132452055
MIDPOINT_2,CKSPl_10_3_20,0.997453662409132
ZL_EMA_10,MEDIAN_30,0.9974489550481144
ZL_EMA_10,QTL_30_0.5,0.9974489550481144
MAMA_0.5_0.05,CKSPs_10_3_20,0.9974473179938529
JMA_7_0.0,PSARs_0.02_0.2,0.99744636204429
HILOl_13_21,BBM_5_2.0_2.0,0.9974433837251298
ABER_XG_5_15,DCU_20_20,0.9974430878180877
PIVOTS_TRAD_D_S1,CHDLREXTs_22_22_14_2.0,0.9974402332616538
LINREG_14,DCU_20_20,0.9974401036615785
MAMA_0.5_0.05,PSARs_0.02_0.2,0.9974391904348224
PIVOTS_TRAD_D_P,PSARs_0.02_0.2,0.9974384715284652
PSARl_0.02_0.2,DCL_20_20,0.9974370776428968
MEDIAN_30,DCL_20_20,0.9974343328260784
QTL_30_0.5,DCL_20_20,0.9974343328260784
ZL_EMA_10,CKSPl_10_3_20,0.9974319110878124
PIVOTS_TRAD_D_S4,ACCBL_20,0.9974296856572433
PIVOTS_TRAD_D_S3,ACCBL_20,0.9974296856572433
PSARl_0.02_0.2,BBL_5_2.0_2.0,0.9974288818730296
IKS_26,BBL_5_2.0_2.0,0.9974267293273111
WCP,CHDLREXTs_22_22_14_2.0,0.9974254255905479
ACCBM_20,HWU_1,0.9974206116164854
OHLC4,PSARl_0.02_0.2,0.9974204344007139
High,CKSPs_10_3_20,0.9974154916467053
HMA_10,ACCBU_20,0.997413197964074
ZL_EMA_10,DCL_20_20,0.9974126009094514
HL2,PSARl_0.02_0.2,0.9974092000669283
PIVOTS_TRAD_D_P,CKSPs_10_3_20,0.9974089957281235
PIVOTS_TRAD_D_S1,PSARl_0.02_0.2,0.9974087863635503
DEMA_10,QTL_30_0.5,0.997407831880613
DEMA_10,MEDIAN_30,0.997407831880613
Open,MEDIAN_30,0.9974027231608165
Open,QTL_30_0.5,0.9974027231608165
CKSPs_10_3_20,PSARl_0.02_0.2,0.9973987555373933
Close,ACCBU_20,0.9973979713894204
HMA_10,CHDLREXTs_22_22_14_2.0,0.9973969537892252
ABER_XG_5_15,ACCBU_20,0.9973947793518786
PIVOTS_TRAD_D_R2,DCL_20_20,0.9973938934037434
JMA_7_0.0,CKSPs_10_3_20,0.9973916964156938
MIDPOINT_2,DCL_20_20,0.9973898111998932
PIVOTS_TRAD_D_S3,KCBe_20_2,0.9973896486557997
PIVOTS_TRAD_D_S4,KCBe_20_2,0.9973896486557997
ISA_9,CKSPl_10_3_20,0.9973889192893405
Open,DCL_20_20,0.9973882476147994
DEMA_10,CKSPl_10_3_20,0.9973877662979233
HL2,MEDIAN_30,0.9973834364925824
HL2,QTL_30_0.5,0.9973834364925824
OHLC4,MEDIAN_30,0.9973833358071313
OHLC4,QTL_30_0.5,0.9973833358071313
PSARl_0.02_0.2,VWAP_D,0.9973826713307401
HLC3,PSARl_0.02_0.2,0.99738267133074
CHDLREXTl_22_22_14_2.0,DCL_20_20,0.9973816585493203
SUPERTl_7_3.0,DCM_20_20,0.997379116642375
HWMA_0.2_0.1_0.1,DCM_20_20,0.9973772722163472
DCM_20_20,HWM_1,0.9973772722163471
CKSPl_10_3_20,ABER_XG_5_15,0.9973746365896337
CKSPs_10_3_20,ABER_XG_5_15,0.9973678620511864
WCP,PSARl_0.02_0.2,0.9973641933368317
OHLC4,CKSPl_10_3_20,0.9973641304630853
HL2,CKSPl_10_3_20,0.9973623956761815
Open,CKSPl_10_3_20,0.9973622291605357
DEMA_10,PSARs_0.02_0.2,0.9973579480427865
PIVOTS_TRAD_D_S2,DCL_20_20,0.9973575031986903
High,SUPERT_7_3.0,0.9973561498790527
QTL_30_0.5,VWAP_D,0.9973545866848498
MEDIAN_30,VWAP_D,0.9973545866848498
HLC3,QTL_30_0.5,0.9973545866848497
HLC3,MEDIAN_30,0.9973545866848497
HL2,DCL_20_20,0.9973531048694511
HILOl_13_21,PIVOTS_TRAD_D_R1,0.9973508646077721
ABER_SG_5_15,DCL_20_20,0.9973466230814031
FWMA_10,HILOl_13_21,0.9973442237633925
HLC3,CKSPl_10_3_20,0.9973424775734901
CKSPl_10_3_20,VWAP_D,0.9973424775734901
OHLC4,DCL_20_20,0.9973423827784637
WCP,MEDIAN_30,0.9973349488022895
WCP,QTL_30_0.5,0.9973349488022895
HILOs_13_21,ABER_ZG_5_15,0.9973318465063629
MIDPRICE_2,CKSPs_10_3_20,0.9973282752076732
High,PSARs_0.02_0.2,0.997327709528844
WCP,CKSPl_10_3_20,0.9973273036821722
MAMA_0.5_0.05,SUPERT_7_3.0,0.9973263801186936
Close,CHDLREXTs_22_22_14_2.0,0.9973194644181234
PIVOTS_TRAD_D_S1,DCU_20_20,0.9973181600500237
PSARl_0.02_0.2,PSARs_0.02_0.2,0.9973141323884968
High,DCL_20_20,0.9973123632062443
Low,DCL_20_20,0.9973048283615543
HLC3,DCL_20_20,0.9973048092601617
DCL_20_20,VWAP_D,0.9973048092601617
MCGD_10,SUPERTl_7_3.0,0.9973045303961309
Adj Close,CKSPl_10_3_20,0.9973036194927527
TEMA_10,ACCBU_20,0.9972998309418777
ALMA_9_6.0_0.85,HILOs_13_21,0.9972977235457968
LINREG_14,ACCBU_20,0.9972933316485789
OBV_min_2,OBVe_12,0.9972905574631478
Close,PSARl_0.02_0.2,0.9972879443153706
PSARl_0.02_0.2,HWU_1,0.9972861460244821
HMA_10,DCL_20_20,0.997283724950535
MIDPRICE_2,PSARs_0.02_0.2,0.9972835642770791
Low,CHDLREXTs_22_22_14_2.0,0.9972825526633085
HMA_10,QTL_30_0.5,0.9972775312051999
HMA_10,MEDIAN_30,0.9972775312051999
WCP,DCL_20_20,0.9972754529275839
ACCBM_20,HWL_1,0.9972749761549039
ATRTSe_14_20_3.0,BBL_5_2.0_2.0,0.9972739456831538
HMA_10,CKSPl_10_3_20,0.9972686273301773
LINREG_14,CHDLREXTs_22_22_14_2.0,0.9972635858477502
Close,CKSPl_10_3_20,0.9972609617009216
PIVOTS_TRAD_D_S2,VIDYA_14,0.9972586007161285
HILOs_13_21,BBM_5_2.0_2.0,0.9972580311041097
Close,QTL_30_0.5,0.9972552228460656
Close,MEDIAN_30,0.9972552228460656
TEMA_10,CHDLREXTs_22_22_14_2.0,0.9972498983902873
PIVOTS_TRAD_D_P,SUPERT_7_3.0,0.9972496528188766
MIDPOINT_2,CKSPs_10_3_20,0.9972479648712074
ZL_EMA_10,PSARs_0.02_0.2,0.9972389681847168
AGt_13_8_5,SUPERTl_7_3.0,0.9972381455383579
Adj Close,MEDIAN_30,0.9972375392721476
Adj Close,QTL_30_0.5,0.9972375392721476
LINREG_14,DCL_20_20,0.9972354690504045
JMA_7_0.0,SUPERT_7_3.0,0.9972341758341425
ACCBL_20,HWU_1,0.9972338131321857
ZL_EMA_10,CKSPs_10_3_20,0.9972241030159803
PIVOTS_TRAD_D_S2,HT_TL,0.9972146179667086
HILO_13_21,HWMA_0.2_0.1_0.1,0.9972123158138945
HILO_13_21,HWM_1,0.9972123158138945
PIVOTS_TRAD_D_S2,KCUe_20_2,0.9972061857676182
ISA_9,DCU_20_20,0.997205341074928
SUPERTl_7_3.0,ALPHATl_14_1_50_2,0.9972048465320336
Open,CKSPs_10_3_20,0.9971984715200174
HILOs_13_21,PSARl_0.02_0.2,0.9971952745527799
PIVOTS_TRAD_D_S1,ACCBU_20,0.9971917635575742
HL2,CKSPs_10_3_20,0.9971842483171534
HILOs_13_21,PIVOTS_TRAD_D_R1,0.9971790080207129
HILOl_13_21,DCL_20_20,0.9971784047213396
MIDPOINT_2,PSARs_0.02_0.2,0.9971779161937838
HWU_1,KCUe_20_2,0.9971765208144363
KAMA_10_2_30,SUPERTl_7_3.0,0.9971740291058987
OHLC4,CKSPs_10_3_20,0.9971737740102152
HWMA_0.2_0.1_0.1,CHDLREXTl_22_22_14_2.0,0.9971706503815316
CHDLREXTl_22_22_14_2.0,HWM_1,0.9971706503815316
CHDLREXTl_22_22_14_2.0,HWU_1,0.997167663493178
Close,DCL_20_20,0.9971665906268167
Low,DCU_20_20,0.99716197215489
TEMA_10,DCL_20_20,0.9971603932913174
BBL_5_2.0_2.0,CHDLREXTs_22_22_14_2.0,0.9971600133059657
AGj_13_8_5,HWL_1,0.9971598609694484
VIDYA_14,HWU_1,0.9971589105072989
DEMA_10,CKSPs_10_3_20,0.9971568627855394
Open,PSARs_0.02_0.2,0.9971546418674329
TEMA_10,CKSPl_10_3_20,0.9971520476060438
HILOl_13_21,MAMA_0.5_0.05,0.9971511562183718
PIVOTS_TRAD_D_S2,CHDLREXTs_22_22_14_2.0,0.997150942625266
PIVOTS_TRAD_D_S1,MEDIAN_30,0.9971505762114767
PIVOTS_TRAD_D_S1,QTL_30_0.5,0.9971505762114767
MIDPRICE_2,SUPERT_7_3.0,0.99714965666928
SUPERT_7_3.0,ABER_XG_5_15,0.9971484997535084
Adj Close,PSARl_0.02_0.2,0.9971472678226734
FWMA_10,HILOs_13_21,0.997146953097169
CKSPs_10_3_20,VWAP_D,0.9971432596222286
HLC3,CKSPs_10_3_20,0.9971432596222285
LINREG_14,CKSPl_10_3_20,0.9971415211868447
High,HILOl_13_21,0.9971307394504269
TEMA_10,QTL_30_0.5,0.9971286844179377
TEMA_10,MEDIAN_30,0.9971286844179377
DCM_20_20,HWL_1,0.9971286715463562
LINREG_14,PSARs_0.02_0.2,0.9971223748673345
HT_TL,BBL_5_2.0_2.0,0.9971200395515754
WCP,CKSPs_10_3_20,0.9971175560177026
LINREG_14,MEDIAN_30,0.9971157852943217
LINREG_14,QTL_30_0.5,0.9971157852943217
PIVOTS_TRAD_D_S4,PIVOTS_TRAD_D_R4,0.9971108090107795
PIVOTS_TRAD_D_S4,PIVOTS_TRAD_D_R3,0.9971108090107795
PIVOTS_TRAD_D_S3,PIVOTS_TRAD_D_R3,0.9971108090107795
PIVOTS_TRAD_D_S3,PIVOTS_TRAD_D_R4,0.9971108090107795
DCM_20_20,HWU_1,0.9971014759498554
Low,PSARl_0.02_0.2,0.9970902835920994
HMA_10,PSARs_0.02_0.2,0.9970876146184768
PIVOTS_TRAD_D_S1,CKSPl_10_3_20,0.9970865584976418
Adj Close,CHDLREXTs_22_22_14_2.0,0.997086315200463
HL2,PSARs_0.02_0.2,0.9970862774397002
SUPERT_7_3.0,DCL_20_20,0.9970854126798545
PIVOTS_TRAD_D_S2,PSARl_0.02_0.2,0.9970841527559536
MIDPOINT_2,SUPERT_7_3.0,0.9970835751555828
OHLC4,PSARs_0.02_0.2,0.9970798157417402
HMA_10,CKSPs_10_3_20,0.997078814509601
DEMA_10,SUPERT_7_3.0,0.9970784923432152
SUPERT_7_3.0,ZL_EMA_10,0.997077820922994
BBU_5_2.0_2.0,DCL_20_20,0.9970761318869439
ISA_9,HT_TL,0.9970722989689818
VIDYA_14,BBL_5_2.0_2.0,0.9970607908516165
HILOl_13_21,ABER_XG_5_15,0.9970383199032902
Open,SUPERT_7_3.0,0.9970371181704416
PSARs_0.02_0.2,VWAP_D,0.9970325948923716
HLC3,PSARs_0.02_0.2,0.9970325948923716
PIVOTS_TRAD_D_S1,PSARs_0.02_0.2,0.9970324434201916
HILOl_13_21,PIVOTS_TRAD_D_P,0.9970289382230232
PIVOTS_TRAD_D_S1,CKSPs_10_3_20,0.9970268807229605
SUPERTl_7_3.0,CKSPs_10_3_20,0.9970259319109732
PIVOTS_TRAD_D_S4,DCM_20_20,0.997021122926171
PIVOTS_TRAD_D_S3,DCM_20_20,0.997021122926171
HILOl_13_21,JMA_7_0.0,0.997020309909025
Close,CKSPs_10_3_20,0.9970196485258775
SMMA_7,SUPERTl_7_3.0,0.997016314212837
Low,ACCBU_20,0.9970064196530027
WCP,PSARs_0.02_0.2,0.9970005476760864
HL2,SUPERT_7_3.0,0.9969997716734578
OHLC4,SUPERT_7_3.0,0.9969987835289824
ATRTSe_14_20_3.0,DCL_20_20,0.9969768362755992
BBL_5_2.0_2.0,KCUe_20_2,0.9969709722898185
HILOs_13_21,ABER_XG_5_15,0.9969658924067789
HLC3,SUPERT_7_3.0,0.9969637276066763
SUPERT_7_3.0,VWAP_D,0.9969637276066763
HILO_13_21,HWL_1,0.9969617319785636
OBV,OBVe_12,0.9969608993341326
Low,MEDIAN_30,0.9969538398980873
Low,QTL_30_0.5,0.9969538398980873
AGj_13_8_5,PIVOTS_TRAD_D_S4,0.9969493454581982
AGj_13_8_5,PIVOTS_TRAD_D_S3,0.9969493454581982
HILOs_13_21,MAMA_0.5_0.05,0.9969444916129686
TEMA_10,PSARs_0.02_0.2,0.9969443419339961
SUPERT_7_3.0,WCP,0.9969404961902263
HILO_13_21,HWU_1,0.9969385317573926
TEMA_10,CKSPs_10_3_20,0.9969373758837994
ATRTSe_14_20_3.0,HWU_1,0.9969339246116858
SINWMA_14,SUPERTl_7_3.0,0.9969264455610723
HILOl_13_21,MIDPRICE_2,0.9969263099702925
LINREG_14,CKSPs_10_3_20,0.9969223663313285
Adj Close,CKSPs_10_3_20,0.9969209176327106
ISA_9,AGj_13_8_5,0.9969113531615567
HILOs_13_21,SUPERTl_7_3.0,0.9969104481120444
HMA_10,SUPERT_7_3.0,0.9969062856943282
Low,CKSPl_10_3_20,0.9969058677373435
High,HILOs_13_21,0.9968994471746527
HILOs_13_21,PIVOTS_TRAD_D_P,0.9968992132362663
HILOs_13_21,JMA_7_0.0,0.9968987011561233
DEMA_10,HILOl_13_21,0.9968952388691321
PIVOTS_TRAD_D_R3,DCL_20_20,0.9968932502097155
PIVOTS_TRAD_D_R4,DCL_20_20,0.9968932502097155
VIDYA_14,HWM_1,0.9968903213559773
HWMA_0.2_0.1_0.1,VIDYA_14,0.9968903213559773
Close,PSARs_0.02_0.2,0.9968836233887541
SUPERTl_7_3.0,BBU_5_2.0_2.0,0.9968811460911229
ISA_9,SUPERT_7_3.0,0.9968787480345358
HWM_1,KCUe_20_2,0.996873485735564
HWMA_0.2_0.1_0.1,KCUe_20_2,0.996873485735564
DCL_20_20,HWL_1,0.9968711127543135
ISA_9,HILOl_13_21,0.996868848925608
HILOl_13_21,MIDPOINT_2,0.9968671772956876
SUPERTl_7_3.0,ALPHAT_14_1_50,0.9968648401604773
Low,CKSPs_10_3_20,0.9968609728695561
PIVOTS_TRAD_D_R4,SUPERTl_7_3.0,0.9968525617557961
PIVOTS_TRAD_D_R3,SUPERTl_7_3.0,0.9968525617557961
Close,SUPERT_7_3.0,0.9968500044456124
HILOl_13_21,ZL_EMA_10,0.9968483133403448
HWMA_0.2_0.1_0.1,ATRTSe_14_20_3.0,0.9968257703022827
ATRTSe_14_20_3.0,HWM_1,0.9968257703022827
ISA_9,CKSPs_10_3_20,0.996822223267392
LINREG_14,SUPERT_7_3.0,0.9968174338681566
PIVOTS_TRAD_D_S3,ACCBM_20,0.9968090834200021
PIVOTS_TRAD_D_S4,ACCBM_20,0.9968090834200021
Open,HILOl_13_21,0.9967929447917372
PIVOTS_TRAD_D_S4,DCL_20_20,0.996775531939168
PIVOTS_TRAD_D_S3,DCL_20_20,0.996775531939168
SUPERT_7_3.0,TEMA_10,0.9967750929410274
PIVOTS_TRAD_D_S1,SUPERT_7_3.0,0.9967693883264607
HILOl_13_21,OHLC4,0.9967680510225764
PIVOTS_TRAD_D_S2,DCU_20_20,0.9967666988516797
HILOl_13_21,HL2,0.9967656892922137
Adj Close,SUPERT_7_3.0,0.9967586022022918
HILOs_13_21,MIDPRICE_2,0.9967574757624078
Low,PSARs_0.02_0.2,0.9967527085492754
SSF_20,SUPERTl_7_3.0,0.996745404988673
HILOl_13_21,VWAP_D,0.9967374802847249
HILOl_13_21,HLC3,0.9967374802847248
DCU_20_20,HWU_1,0.9967286613270943
ISA_9,IKS_26,0.9967262816981437
Adj Close,DCL_20_20,0.9967197174238475
HILOl_13_21,WCP,0.9967181658935469
DEMA_10,HILOs_13_21,0.996707005484496
Adj Close,PSARs_0.02_0.2,0.9966919869255946
HILOs_13_21,ZL_EMA_10,0.9966750289497115
HILOs_13_21,MIDPOINT_2,0.9966726162895424
Adj Close,HILOl_13_21,0.9966540911507776
PIVOTS_TRAD_D_S2,QTL_30_0.5,0.9966503920181827
PIVOTS_TRAD_D_S2,MEDIAN_30,0.9966503920181827
LDECAY_1,HWL_1,0.9966502579430785
PIVOTS_TRAD_D_S4,LDECAY_1,0.9966440280710115
PIVOTS_TRAD_D_S3,LDECAY_1,0.9966440280710115
Open,HILOs_13_21,0.9966423715110028
HILOl_13_21,HMA_10,0.9966421999604422
CHDLREXTl_22_22_14_2.0,HWL_1,0.9966413484268337
Close,HILOl_13_21,0.9966394227134125
EMA_10,SUPERTl_7_3.0,0.9966385542941752
PIVOTS_TRAD_D_S2,PSARs_0.02_0.2,0.996638290532587
PSARs_0.02_0.2,BBL_5_2.0_2.0,0.9966349214774742
PIVOTS_TRAD_D_S2,CKSPs_10_3_20,0.9966231009288017
PIVOTS_TRAD_D_S2,ACCBU_20,0.9966211214163027
VIDYA_14,DCL_20_20,0.9966099732869711
PIVOTS_TRAD_D_S4,CHDLREXTl_22_22_14_2.0,0.996591716975246
PIVOTS_TRAD_D_S3,CHDLREXTl_22_22_14_2.0,0.996591716975246
HILOs_13_21,HL2,0.996581618779628
HILOs_13_21,OHLC4,0.996578543297829
ISA_9,HILOs_13_21,0.9965753850481647
ISA_9,CHDLREXTl_22_22_14_2.0,0.9965728527394973
PIVOTS_TRAD_D_S2,CKSPl_10_3_20,0.9965712677641217
MAD_30,STDEV_30,0.9965651513163684
ISB_26,VIDYA_14,0.9965647371963228
DEC_1,INC_1,0.9965639843461254
DCL_20_20,KCUe_20_2,0.9965572956520746
Low,SUPERT_7_3.0,0.9965499842728665
HILOl_13_21,LINREG_14,0.9965423281087877
SUPERTl_7_3.0,TRIMA_10,0.9965373415324044
HILOl_13_21,PIVOTS_TRAD_D_S1,0.9965363778276962
HILOs_13_21,HLC3,0.9965349994059924
HILOs_13_21,VWAP_D,0.9965349994059924
CKSPl_10_3_20,DCL_20_20,0.9965316400104459
CKSPs_10_3_20,BBL_5_2.0_2.0,0.9965173058080957
ACCBU_20,DCL_20_20,0.9965166297759105
QTL_30_0.5,BBL_5_2.0_2.0,0.9965142803562078
MEDIAN_30,BBL_5_2.0_2.0,0.9965142803562078
SMA_10,SUPERTl_7_3.0,0.9965092027338991
FAMA_0.5_0.05,SUPERTl_7_3.0,0.9965067879963618
HILOs_13_21,WCP,0.9965064848584901
AGl_13_8_5,SUPERTl_7_3.0,0.9965006025578852
SUPERTl_7_3.0,ABER_SG_5_15,0.9964931904079056
HWMA_0.2_0.1_0.1,HT_TL,0.9964927560811662
HT_TL,HWM_1,0.9964927560811659
HILOs_13_21,HMA_10,0.9964916289757487
HILOl_13_21,TEMA_10,0.9964912371368636
ACCBU_20,HWU_1,0.996484500319086
IKS_26,HWM_1,0.9964786334406133
IKS_26,HWMA_0.2_0.1_0.1,0.9964786334406133
BBL_5_2.0_2.0,DCU_20_20,0.9964714267736007
SSF3_20,SUPERTl_7_3.0,0.9964526403020948
ISA_9,LDECAY_1,0.996444768544215
ISB_26,SUPERTl_7_3.0,0.9964358629819473
HILOs_13_21,PIVOTS_TRAD_D_S1,0.9964290876492904
SUPERTl_7_3.0,SWMA_10,0.9964120286037293
ACCBU_20,BBL_5_2.0_2.0,0.9964057889188567
HILOs_13_21,LINREG_14,0.9964052188572373
HWMA_0.2_0.1_0.1,DCL_20_20,0.9964018733178316
DCL_20_20,HWM_1,0.9964018733178316
Close,HILOs_13_21,0.9964001624488944
IKS_26,PIVOTS_TRAD_D_S4,0.9963890773529683
IKS_26,PIVOTS_TRAD_D_S3,0.9963890773529683
CKSPl_10_3_20,BBL_5_2.0_2.0,0.9963715167664353
HT_TL,HWU_1,0.9963591022028183
HWMA_0.2_0.1_0.1,DCU_20_20,0.9963504666907336
DCU_20_20,HWM_1,0.9963504666907335
HILO_13_21,PIVOTS_TRAD_D_S3,0.9963387081660279
HILO_13_21,PIVOTS_TRAD_D_S4,0.9963387081660279
PIVOTS_TRAD_D_R2,SUPERTl_7_3.0,0.9963319423499217
HILOs_13_21,TEMA_10,0.9963236898286657
ISA_9,KCBe_20_2,0.9963229312718483
SUPERTl_7_3.0,T3_10_0.7,0.9963119845037489
Low,HILOl_13_21,0.996307154358907
PWMA_10,SUPERTl_7_3.0,0.9962982640771227
SUPERTl_7_3.0,VWMA_10,0.9962863720251005
PIVOTS_TRAD_D_S2,SUPERT_7_3.0,0.9962661877743664
HWMA_0.2_0.1_0.1,PSARs_0.02_0.2,0.9962613052356462
PSARs_0.02_0.2,HWM_1,0.9962613052356462
Adj Close,HILOs_13_21,0.996261234908897
SUPERTl_7_3.0,PSARs_0.02_0.2,0.9962516512503907
IKS_26,HWU_1,0.9962456509348395
HILOs_13_21,SUPERTs_7_3.0,0.9962305244382381
LDECAY_1,DCL_20_20,0.996227837011402
ITS_9,SUPERTl_7_3.0,0.9962151968475066
PIVOTS_TRAD_D_S3,ATRTSe_14_20_3.0,0.9961959809378528
PIVOTS_TRAD_D_S4,ATRTSe_14_20_3.0,0.9961959809378528
PIVOTS_TRAD_D_S3,CHDLREXTs_22_22_14_2.0,0.996194260481228
PIVOTS_TRAD_D_S4,CHDLREXTs_22_22_14_2.0,0.996194260481228
HWMA_0.2_0.1_0.1,ACCBU_20,0.9961940423212924
ACCBU_20,HWM_1,0.9961940423212924
ISA_9,RMA_10,0.9961897537633861
IKS_26,HWL_1,0.9961864429408408
ATRTSe_14_20_3.0,HWL_1,0.9961822512120749
SUPERT_7_3.0,BBL_5_2.0_2.0,0.9961726972629987
Low,HILOs_13_21,0.9961708480308014
ISA_9,ACCBM_20,0.9961537642571259
SUPERT_7_3.0,SUPERTs_7_3.0,0.9961505200525161
SUPERTl_7_3.0,WMA_10,0.9961447562122402
SUPERTs_7_3.0,ACCBU_20,0.9961056144083006
CHDLREXTs_22_22_14_2.0,HWL_1,0.9961051811405613
HT_TL,HWL_1,0.9960983158432047
CHDLREXTs_22_22_14_2.0,HWM_1,0.9960931340759768
HWMA_0.2_0.1_0.1,CHDLREXTs_22_22_14_2.0,0.9960931340759768
VIDYA_14,HWL_1,0.9960816269834162
ISB_26,KCUe_20_2,0.9960813760011982
ISB_26,ACCBU_20,0.9960736353473749
SUPERTl_7_3.0,KCLe_20_2,0.9960502122129367
PIVOTS_TRAD_D_S4,PSARl_0.02_0.2,0.9960383440770799
PIVOTS_TRAD_D_S3,PSARl_0.02_0.2,0.9960383440770799
ISA_9,HILO_13_21,0.9960334139906754
HWL_1,KCUe_20_2,0.9960293440337777
SUPERTs_7_3.0,MEDIAN_30,0.9960256057458514
SUPERTs_7_3.0,QTL_30_0.5,0.9960256057458514
HILOl_13_21,PIVOTS_TRAD_D_S2,0.9960222642699794
HILOl_13_21,BBL_5_2.0_2.0,0.9960198802583634
PSARs_0.02_0.2,HWL_1,0.996016207225421
SUPERTl_7_3.0,CHDLREXTs_22_22_14_2.0,0.9960145687508721
PSARs_0.02_0.2,HWU_1,0.9959826849457292
DCL_20_20,DCU_20_20,0.9959796067440196
HILOs_13_21,PIVOTS_TRAD_D_S2,0.9959579163636747
ISA_9,SUPERTs_7_3.0,0.9959561493527896
SUPERTs_7_3.0,KCUe_20_2,0.9959489518873242
PIVOTS_TRAD_D_S3,HT_TL,0.9959390930341214
PIVOTS_TRAD_D_S4,HT_TL,0.9959390930341214
ISA_9,MCGD_10,0.995925695974752
PIVOTS_TRAD_D_S3,VIDYA_14,0.9959254308799221
PIVOTS_TRAD_D_S4,VIDYA_14,0.9959254308799221
PIVOTS_TRAD_D_R1,SUPERTl_7_3.0,0.9959143498512691
SUPERTs_7_3.0,CKSPs_10_3_20,0.9958844263901055
HILOs_13_21,BBL_5_2.0_2.0,0.9958698509144455
CKSPl_10_3_20,HWU_1,0.9958468362001273
SUPERTl_7_3.0,ACCBL_20,0.995842865543063
SUPERTs_7_3.0,VIDYA_14,0.9958411220506633
ISB_26,ATRTSe_14_20_3.0,0.9958247457547026
SUPERTl_7_3.0,ABER_ZG_5_15,0.9958234382042116
ALMA_9_6.0_0.85,SUPERTl_7_3.0,0.9958140077180155
ISA_9,DCM_20_20,0.9958123082707806
HWMA_0.2_0.1_0.1,MEDIAN_30,0.9958088273033361
HWMA_0.2_0.1_0.1,QTL_30_0.5,0.9958088273033361
MEDIAN_30,HWM_1,0.995808827303336
QTL_30_0.5,HWM_1,0.995808827303336
ISB_26,DCU_20_20,0.995804362529413
SUPERTl_7_3.0,BBM_5_2.0_2.0,0.9957950845408117
PIVOTS_TRAD_D_S3,KCUe_20_2,0.9957750819743465
PIVOTS_TRAD_D_S4,KCUe_20_2,0.9957750819743465
QTL_30_0.5,HWU_1,0.9957630806830364
MEDIAN_30,HWU_1,0.9957630806830364
CKSPl_10_3_20,HWM_1,0.9957533877286103
HWMA_0.2_0.1_0.1,CKSPl_10_3_20,0.9957533877286103
FWMA_10,SUPERTl_7_3.0,0.995740577355347
High,SUPERTl_7_3.0,0.9957336476143561
SUPERTs_7_3.0,HT_TL,0.9957106583589364
ISA_9,AGt_13_8_5,0.9956056177973066
MAMA_0.5_0.05,SUPERTl_7_3.0,0.99558985858187
ISB_26,QTL_30_0.5,0.9955850859035427
ISB_26,MEDIAN_30,0.9955850859035427
AGj_13_8_5,SUPERTs_7_3.0,0.9955844448515005
SUPERTs_7_3.0,ATRTSe_14_20_3.0,0.9955779806343676
CHDLREXTs_22_22_14_2.0,HWU_1,0.9955647837372729
HWMA_0.2_0.1_0.1,SUPERT_7_3.0,0.9955478734428792
SUPERT_7_3.0,HWM_1,0.9955478734428792
SUPERTl_7_3.0,PSARl_0.02_0.2,0.9955419600876741
SUPERT_7_3.0,HWU_1,0.9954927371508658
HILOl_13_21,HWM_1,0.9954770178408618
HILOl_13_21,HWMA_0.2_0.1_0.1,0.9954770178408618
PIVOTS_TRAD_D_P,SUPERTl_7_3.0,0.9954512718725219
PIVOTS_TRAD_D_S4,PSARs_0.02_0.2,0.9954426777246741
PIVOTS_TRAD_D_S3,PSARs_0.02_0.2,0.9954426777246741
PIVOTS_TRAD_D_S4,CKSPs_10_3_20,0.995442072824886
PIVOTS_TRAD_D_S3,CKSPs_10_3_20,0.995442072824886
JMA_7_0.0,SUPERTl_7_3.0,0.9954400694138151
ISA_9,ALPHATl_14_1_50_2,0.9954346709173542
DCU_20_20,HWL_1,0.9954292400362912
DCL_20_20,HWU_1,0.9954291989715286
IKS_26,SUPERTs_7_3.0,0.9954165193003911
ISA_9,KAMA_10_2_30,0.9953820080985185
ACCBU_20,HWL_1,0.9953632093655875
MIDPRICE_2,SUPERTl_7_3.0,0.9953618718678584
CKSPs_10_3_20,HWM_1,0.9953617966618229
HWMA_0.2_0.1_0.1,CKSPs_10_3_20,0.9953617966618228
Adj Close,SUPERTl_7_3.0,0.995355180433934
MIDPOINT_2,SUPERTl_7_3.0,0.9953521120084956
ISB_26,CKSPl_10_3_20,0.9953389841386431
QTL_30_0.5,HWL_1,0.9953242663960609
MEDIAN_30,HWL_1,0.9953242663960609
HILOl_13_21,HWU_1,0.9953223056799386
SUPERTs_7_3.0,DCU_20_20,0.9953163682760012
PIVOTS_TRAD_D_S3,DCU_20_20,0.9953106786982631
PIVOTS_TRAD_D_S4,DCU_20_20,0.9953106786982631
SUPERTl_7_3.0,ZL_EMA_10,0.9952956169908844
ISA_9,SMMA_7,0.9952851260983844
PIVOTS_TRAD_D_S3,MEDIAN_30,0.9952824386354565
PIVOTS_TRAD_D_S4,QTL_30_0.5,0.9952824386354565
PIVOTS_TRAD_D_S3,QTL_30_0.5,0.9952824386354565
PIVOTS_TRAD_D_S4,MEDIAN_30,0.9952824386354565
HILO_13_21,SUPERTs_7_3.0,0.9952822570119709
OHLC4,SUPERTl_7_3.0,0.9952477043512531
HL2,SUPERTl_7_3.0,0.9952465800532048
Open,SUPERTl_7_3.0,0.9952322768378118
SUPERTl_7_3.0,VWAP_D,0.9952306072274497
HLC3,SUPERTl_7_3.0,0.9952306072274497
SUPERTl_7_3.0,WCP,0.9952174161759557
HILOl_13_21,SUPERTs_7_3.0,0.9951951323589702
SUPERTs_7_3.0,ACCBM_20,0.995188124049177
SUPERTs_7_3.0,KCBe_20_2,0.9951830502518577
HILOs_13_21,HWM_1,0.995182779850133
HILOs_13_21,HWMA_0.2_0.1_0.1,0.995182779850133
PIVOTS_TRAD_D_S3,CKSPl_10_3_20,0.9951827182905574
PIVOTS_TRAD_D_S4,CKSPl_10_3_20,0.9951827182905574
DEMA_10,SUPERTl_7_3.0,0.9951711066079707
ISA_9,PIVOTS_TRAD_D_R4,0.9951612336669428
ISA_9,PIVOTS_TRAD_D_R3,0.9951612336669428
Close,SUPERTl_7_3.0,0.9951570631951513
CKSPl_10_3_20,HWL_1,0.9951255783684657
PIVOTS_TRAD_D_S4,ACCBU_20,0.9951163256869563
PIVOTS_TRAD_D_S3,ACCBU_20,0.9951163256869563
HMA_10,SUPERTl_7_3.0,0.9951133862933901
ISB_26,AGj_13_8_5,0.9951130110339889
ISA_9,BBU_5_2.0_2.0,0.9951112282885031
CKSPs_10_3_20,HWU_1,0.9951088647787915
HILOl_13_21,HWL_1,0.9951047958699477
CKSPs_10_3_20,HWL_1,0.9950907369718603
RMA_10,SUPERTs_7_3.0,0.9950888856335722
SUPERT_7_3.0,HWL_1,0.9950731169510524
ISB_26,LDECAY_1,0.9950487242722351
ISA_9,SINWMA_14,0.9950292887942693
ISA_9,ALPHAT_14_1_50,0.995027399526623
MCGD_10,SUPERTs_7_3.0,0.995017215603621
SUPERTs_7_3.0,CKSPl_10_3_20,0.9950061645734655
SUPERTl_7_3.0,TEMA_10,0.9950022870287683
ISA_9,PSARs_0.02_0.2,0.9949914775967692
SUPERTl_7_3.0,ABER_XG_5_15,0.9949634117144549
ISB_26,HT_TL,0.9949549819711447
HILOs_13_21,HWU_1,0.9949502346829869
LINREG_14,SUPERTl_7_3.0,0.9949332706017932
ISB_26,SUPERTs_7_3.0,0.9949306266857152
SUPERTs_7_3.0,DCM_20_20,0.994904279619832
HILOs_13_21,HWL_1,0.9948908310228378
PIVOTS_TRAD_D_S3,SUPERT_7_3.0,0.9948836768609024
PIVOTS_TRAD_D_S4,SUPERT_7_3.0,0.9948836768609024
PIVOTS_TRAD_D_S1,SUPERTl_7_3.0,0.9948464511841242
SUPERTs_7_3.0,CHDLREXTl_22_22_14_2.0,0.9948284734939513
ISA_9,SSF_20,0.9948135418975808
ISA_9,CHDLREXTs_22_22_14_2.0,0.9948006719383586
SUPERTs_7_3.0,PSARs_0.02_0.2,0.9947866415105406
ISA_9,EMA_10,0.9947777362832785
ISB_26,SUPERT_7_3.0,0.9947606048412453
ISB_26,CHDLREXTl_22_22_14_2.0,0.9946864937842576
ISB_26,HILOl_13_21,0.9946862592518143
Low,SUPERTl_7_3.0,0.9946648050883191
AGt_13_8_5,SUPERTs_7_3.0,0.9946589364442189
ISA_9,ABER_SG_5_15,0.9946396004254477
SUPERTs_7_3.0,ALPHATl_14_1_50_2,0.994626981529337
HILOs_13_21,PIVOTS_TRAD_D_S4,0.9946185549070203
HILOs_13_21,PIVOTS_TRAD_D_S3,0.9946185549070203
HILOl_13_21,PIVOTS_TRAD_D_S4,0.994616161654552
HILOl_13_21,PIVOTS_TRAD_D_S3,0.994616161654552
ISA_9,AGl_13_8_5,0.9946041115816092
ISA_9,FAMA_0.5_0.05,0.994579884887965
ISA_9,TRIMA_10,0.9945734767748093
ISA_9,SMA_10,0.9945387010162108
KAMA_10_2_30,SUPERTs_7_3.0,0.9945384912126758
SUPERTs_7_3.0,CHDLREXTs_22_22_14_2.0,0.9945358525014031
ISA_9,PIVOTS_TRAD_D_R2,0.9944956602260493
Adj Close,ICS_26,0.9944906597232007
ISB_26,KCBe_20_2,0.9944693872013317
ISA_9,SWMA_10,0.9944379929128341
SUPERTs_7_3.0,LDECAY_1,0.9944363813413398
ISA_9,SSF3_20,0.9944284350185282
SMMA_7,SUPERTs_7_3.0,0.9944091822626357
SUPERTl_7_3.0,SUPERTs_7_3.0,0.9943757448343802
ISB_26,CKSPs_10_3_20,0.9943570488349159
ISB_26,RMA_10,0.994331500222843
ISB_26,IKS_26,0.9943308165979701
SINWMA_14,SUPERTs_7_3.0,0.9943284759412122
ISA_9,KCLe_20_2,0.9943262677746871
ISA_9,PWMA_10,0.9943208283300863
ISA_9,VWMA_10,0.9942640681233939
SUPERTs_7_3.0,ALPHAT_14_1_50,0.9942586327727179
ISB_26,HILOs_13_21,0.9942482050565661
PIVOTS_TRAD_D_S2,SUPERTl_7_3.0,0.9941886449626289
PIVOTS_TRAD_D_R3,SUPERTs_7_3.0,0.9941837539195393
PIVOTS_TRAD_D_R4,SUPERTs_7_3.0,0.9941837539195393
ISA_9,ITS_9,0.9941707240673604
ISB_26,ACCBM_20,0.9941702841942684
ISA_9,WMA_10,0.9941584719208728
SUPERTs_7_3.0,BBU_5_2.0_2.0,0.9941383806879079
SSF_20,SUPERTs_7_3.0,0.9941317947634677
High,ICS_26,0.9940814366689489
ISA_9,T3_10_0.7,0.9940647514222086
ICS_26,ABER_SG_5_15,0.9940368562270501
ISA_9,PIVOTS_TRAD_D_R1,0.994002046790946
ICS_26,VWAP_D,0.9940003115639009
ICS_26,HLC3,0.9940003115639009
ICS_26,WCP,0.9939979588863803
ICS_26,HL2,0.9939946111775817
ICS_26,OHLC4,0.9939915175711687
SUPERTl_7_3.0,DCL_20_20,0.9939899200392878
EMA_10,SUPERTs_7_3.0,0.9939879340515136
ICS_26,MAMA_0.5_0.05,0.993975809832094
Close,ICS_26,0.9939701267102924
ISB_26,MCGD_10,0.9939628192149748
ICS_26,MIDPOINT_2,0.9939544140296378
ICS_26,FWMA_10,0.9939509207234339
ICS_26,MIDPRICE_2,0.9939201304517328
SUPERTs_7_3.0,TRIMA_10,0.9939136678185901
ISB_26,HILO_13_21,0.9939111797928084
ICS_26,PIVOTS_TRAD_D_R2,0.9939068782108987
Open,ICS_26,0.9938984963784253
ICS_26,PIVOTS_TRAD_D_R1,0.9938953726929867
ICS_26,ZL_EMA_10,0.9938821779611582
ICS_26,JMA_7_0.0,0.9938668230502351
SMA_10,SUPERTs_7_3.0,0.9938557154086413
ICS_26,TEMA_10,0.993854448999581
FAMA_0.5_0.05,SUPERTs_7_3.0,0.9938449230869218
ICS_26,AGl_13_8_5,0.993840858346643
ISA_9,ACCBL_20,0.9938357959234694
SUPERTl_7_3.0,BBL_5_2.0_2.0,0.993835100626426
AGl_13_8_5,SUPERTs_7_3.0,0.993835007153087
SUPERTl_7_3.0,HWU_1,0.9938348573225028
ICS_26,BBU_5_2.0_2.0,0.9938336726497323
ICS_26,BBM_5_2.0_2.0,0.9938332159408478
ISA_9,ABER_ZG_5_15,0.993828563955747
ISA_9,ALMA_9_6.0_0.85,0.9938191916269039
ICS_26,ABER_ZG_5_15,0.9938187415898136
Low,ICS_26,0.9938176480889289
ICS_26,EMA_10,0.9938174740303236
SSF3_20,SUPERTs_7_3.0,0.9938117722739301
ICS_26,PIVOTS_TRAD_D_P,0.9938071497233606
ICS_26,WMA_10,0.9937975581380853
ISA_9,BBM_5_2.0_2.0,0.993795897806957
ICS_26,ALMA_9_6.0_0.85,0.9937925156142635
SUPERTs_7_3.0,ABER_SG_5_15,0.9937879374643933
High,ISA_9,0.9937878308914476
ICS_26,HMA_10,0.993782838328671
SUPERTs_7_3.0,SWMA_10,0.9937802076354925
ICS_26,DEMA_10,0.9937686525756331
ICS_26,ALPHAT_14_1_50,0.9937665165933213
ISB_26,AGt_13_8_5,0.9937517673598733
ICS_26,SMMA_7,0.9937483519522615
ICS_26,FAMA_0.5_0.05,0.9937463246124193
ISA_9,FWMA_10,0.9937429233500196
ICS_26,LDECAY_1,0.993721883678853
ICS_26,AGt_13_8_5,0.9937028884562732
ICS_26,KAMA_10_2_30,0.9937018160847607
PWMA_10,SUPERTs_7_3.0,0.9936821654209815
ISB_26,PIVOTS_TRAD_D_R3,0.9936781773329024
ISB_26,PIVOTS_TRAD_D_R4,0.9936781773329024
ICS_26,PIVOTS_TRAD_D_R4,0.9936638420627546
ICS_26,PIVOTS_TRAD_D_R3,0.9936638420627546
SUPERTs_7_3.0,T3_10_0.7,0.9936603478285378
PIVOTS_TRAD_D_R2,SUPERTs_7_3.0,0.9936471914283745
SUPERTs_7_3.0,VWMA_10,0.993647113252594
ICS_26,LINREG_14,0.9936402106143896
ISB_26,BBU_5_2.0_2.0,0.9936304639066144
ICS_26,PIVOTS_TRAD_D_S1,0.9936169902028723
ICS_26,RMA_10,0.9936129528720564
ISB_26,DCM_20_20,0.9936028705366038
ICS_26,VWMA_10,0.9935932999835904
ICS_26,SMA_10,0.9935922155871817
ICS_26,KCBe_20_2,0.9935906240583042
SUPERTs_7_3.0,KCLe_20_2,0.9935878844921503
ISA_9,MAMA_0.5_0.05,0.9935854139662001
ISB_26,KAMA_10_2_30,0.9935402525333739
ITS_9,ICS_26,0.9935333021617186
ISB_26,ALPHATl_14_1_50_2,0.99352200738742
ITS_9,SUPERTs_7_3.0,0.9935052497065868
ICS_26,MCGD_10,0.9934994557461772
ICS_26,SWMA_10,0.9934895733264546
Adj Close,ISA_9,0.9934829533698001
ICS_26,AGj_13_8_5,0.9934794563000698
ISA_9,JMA_7_0.0,0.9934730759899952
ICS_26,SSF_20,0.993467935160714
ISA_9,PIVOTS_TRAD_D_P,0.9934675585778863
SUPERTs_7_3.0,WMA_10,0.9934569219393972
ISB_26,SMMA_7,0.9934469647398919
ICS_26,TRIMA_10,0.993427708531538
ICS_26,ABER_XG_5_15,0.993421912823376
ICS_26,ALPHATl_14_1_50_2,0.9934064430109467
SUPERTs_7_3.0,ACCBL_20,0.9933990488621594
ICS_26,PWMA_10,0.9933745282017838
HWMA_0.2_0.1_0.1,SUPERTl_7_3.0,0.9933657948689564
SUPERTl_7_3.0,HWM_1,0.9933657948689563
ISA_9,MIDPRICE_2,0.9933595761928978
ISA_9,MIDPOINT_2,0.9933500798750899
ICS_26,SSF3_20,0.9933445812509124
ICS_26,PIVOTS_TRAD_D_S2,0.9933424867928756
ICS_26,KCUe_20_2,0.9933365430653324
ICS_26,VIDYA_14,0.993335073710154
ISA_9,PSARl_0.02_0.2,0.9933298409834848
ICS_26,SINWMA_14,0.9932860781543427
ISA_9,ZL_EMA_10,0.9932628991968234
ISA_9,HL2,0.9932450801661419
ISA_9,OHLC4,0.9932415847809096
Open,ISA_9,0.9932258530640838
ISA_9,VWAP_D,0.9932246338800829
ISA_9,HLC3,0.9932246338800829
ISA_9,WCP,0.9932092175597367
PIVOTS_TRAD_D_R1,SUPERTs_7_3.0,0.9932068165209741
ISB_26,SINWMA_14,0.9931826551285267
ICS_26,T3_10_0.7,0.9931740773511123
ICS_26,CHDLREXTl_22_22_14_2.0,0.9931580201161573
ISB_26,ABER_SG_5_15,0.9931574230276232
ISB_26,ALPHAT_14_1_50,0.9931515350808627
Close,ISA_9,0.9931422348185655
ICS_26,ATRTSe_14_20_3.0,0.9931413402584809
SUPERTs_7_3.0,ABER_ZG_5_15,0.993139851039782
ICS_26,ACCBM_20,0.9931398193278859
ALMA_9_6.0_0.85,SUPERTs_7_3.0,0.9931160458671802
ISA_9,HMA_10,0.9931012329732205
SUPERTs_7_3.0,BBM_5_2.0_2.0,0.9930819215559932
ICS_26,KCLe_20_2,0.9930692159236905
ADX_14,ADXR_14_2,0.9930056551981965
ICS_26,BBL_5_2.0_2.0,0.9929946587977718
FWMA_10,SUPERTs_7_3.0,0.9929925582665015
ISB_26,SSF_20,0.9929917546509188
ICS_26,DCM_20_20,0.9929820398998168
ISB_26,EMA_10,0.9929762296395155
ISA_9,DEMA_10,0.9929712685799765
ISA_9,TEMA_10,0.9929712446563792
High,SUPERTs_7_3.0,0.9929379152638896
ICS_26,DCU_20_20,0.9929332600638549
ICS_26,HWU_1,0.9928991651817058
ISB_26,PIVOTS_TRAD_D_R2,0.9928880312927031
ISA_9,ABER_XG_5_15,0.9928240940932745
ISB_26,AGl_13_8_5,0.9928170216858181
MAMA_0.5_0.05,SUPERTs_7_3.0,0.9928112975921823
ISA_9,LINREG_14,0.9928055932787393
ISB_26,FAMA_0.5_0.05,0.9927989490066924
ICS_26,ACCBU_20,0.9927983835245299
ISA_9,PIVOTS_TRAD_D_S1,0.9927855159252418
ISB_26,TRIMA_10,0.9927749965914678
JMA_7_0.0,SUPERTs_7_3.0,0.9927546015909903
ISB_26,SMA_10,0.9927524742181505
PIVOTS_TRAD_D_P,SUPERTs_7_3.0,0.992751174707645
ICS_26,HWMA_0.2_0.1_0.1,0.992747040043705
ICS_26,HWM_1,0.992747040043705
ICS_26,HT_TL,0.9927299398993482
ISB_26,PSARs_0.02_0.2,0.9927166121909027
IKS_26,ICS_26,0.9926873943648062
ISB_26,SWMA_10,0.9926533028791319
ISB_26,SSF3_20,0.9926483883356003
ICS_26,HILO_13_21,0.9926373598714266
MIDPRICE_2,SUPERTs_7_3.0,0.99261461957016
Low,ISA_9,0.9926071814473757
MIDPOINT_2,SUPERTs_7_3.0,0.9925588841273056
SUPERTs_7_3.0,PSARl_0.02_0.2,0.9925459977128933
ISB_26,PWMA_10,0.9925396039141574
SUPERTs_7_3.0,ZL_EMA_10,0.9925234437885155
PIVOTS_TRAD_D_S3,SUPERTl_7_3.0,0.9925220421502655
PIVOTS_TRAD_D_S4,SUPERTl_7_3.0,0.9925220421502655
Open,SUPERTs_7_3.0,0.9925138995507239
ICS_26,QTL_30_0.5,0.9925094768717868
ICS_26,MEDIAN_30,0.9925094768717868
ICS_26,CKSPl_10_3_20,0.9925072026680478
ICS_26,PIVOTS_TRAD_D_S4,0.992490520408108
ICS_26,PIVOTS_TRAD_D_S3,0.992490520408108
ISB_26,VWMA_10,0.9924783998039269
ICS_26,ACCBL_20,0.9924654830785918
HL2,SUPERTs_7_3.0,0.9924630095454648
OHLC4,SUPERTs_7_3.0,0.9924623240507643
SUPERTs_7_3.0,VWAP_D,0.9924229561367522
HLC3,SUPERTs_7_3.0,0.9924229561367521
ISB_26,WMA_10,0.9924076593699253
SUPERTs_7_3.0,DCL_20_20,0.9923995012596606
SUPERTs_7_3.0,WCP,0.9923977446753244
DEMA_10,SUPERTs_7_3.0,0.9923882286839426
ISB_26,ITS_9,0.9923628957041329
HMA_10,SUPERTs_7_3.0,0.9923601030082378
SUPERTl_7_3.0,HWL_1,0.9923526284818696
ISB_26,PIVOTS_TRAD_D_R1,0.9923363955751845
SUPERTs_7_3.0,ABER_XG_5_15,0.9923024960771413
Close,SUPERTs_7_3.0,0.9923014113758484
ISA_9,DCL_20_20,0.9922595140591578
ISB_26,T3_10_0.7,0.9922371042714645
SUPERTs_7_3.0,TEMA_10,0.992208398654554
Adj Close,SUPERTs_7_3.0,0.9921804426782472
LINREG_14,SUPERTs_7_3.0,0.9921662895330878
High,ISB_26,0.992160682260785
ISB_26,CHDLREXTs_22_22_14_2.0,0.9921270211722133
PIVOTS_TRAD_D_S1,SUPERTs_7_3.0,0.992123737724478
ICS_26,HILOl_13_21,0.9921199294355538
ISB_26,ABER_ZG_5_15,0.9920919666697884
ISB_26,ALMA_9_6.0_0.85,0.99209022954865
ICS_26,SUPERT_7_3.0,0.9920787795964271
ISB_26,BBM_5_2.0_2.0,0.9920731474349684
ICS_26,HWL_1,0.9920604379255111
ISA_9,PIVOTS_TRAD_D_S2,0.9920551245508241
ISB_26,FWMA_10,0.9920251639187394
ISB_26,KCLe_20_2,0.9919851420800889
Adj Close,ISB_26,0.9919452684287244
ICS_26,PSARs_0.02_0.2,0.9919081828647643
Low,SUPERTs_7_3.0,0.991893781581997
ISB_26,MAMA_0.5_0.05,0.9918817463177715
ICS_26,CKSPs_10_3_20,0.9918792786326558
ISB_26,JMA_7_0.0,0.9917731796321093
ICS_26,CHDLREXTs_22_22_14_2.0,0.9917622597232114
ISB_26,PIVOTS_TRAD_D_P,0.9917332385527514
ICS_26,PSARl_0.02_0.2,0.9916931007400103
ISB_26,MIDPOINT_2,0.991650237658985
ISB_26,MIDPRICE_2,0.9916463210806765
ISA_9,BBL_5_2.0_2.0,0.9916011150099483
ISB_26,ZL_EMA_10,0.9915736485251658
ICS_26,HILOs_13_21,0.991568714396694
ICS_26,SUPERTl_7_3.0,0.9915664937337717
ISB_26,OHLC4,0.9915417063325468
ISB_26,HL2,0.9915415165789623
ISB_26,VWAP_D,0.9915304533768574
ISB_26,HLC3,0.9915304533768573
ISB_26,WCP,0.9915197354422848
Open,ISB_26,0.9915089937407404
PIVOTS_TRAD_D_S2,SUPERTs_7_3.0,0.99147386465314
Close,ISB_26,0.9914668745882723
ISB_26,HMA_10,0.9914150648378686
ISB_26,PSARl_0.02_0.2,0.9913403322326033
ISB_26,TEMA_10,0.9913306612887162
ISB_26,ACCBL_20,0.9913236559571221
ISB_26,DEMA_10,0.9912962584852644
SUPERTs_7_3.0,BBL_5_2.0_2.0,0.9911547597178314
ISB_26,LINREG_14,0.9911533750413838
ISB_26,PIVOTS_TRAD_D_S1,0.9909922232697633
ICS_26,DCL_20_20,0.9909727464993987
SUPERTs_7_3.0,HWU_1,0.9909435236561353
ISA_9,HWU_1,0.9909025818132967
ISB_26,ABER_XG_5_15,0.990827064513662
Low,ISB_26,0.9908265046964468
TOS_STDEVALL_U_1,NVI_1,0.9907172198410918
TOS_STDEVALL_L_1,NVI_1,0.9907172198410917
TOS_STDEVALL_U_2,NVI_1,0.9907172198410917
TOS_STDEVALL_LR,NVI_1,0.9907172198410916
TOS_STDEVALL_L_2,NVI_1,0.9907172198410916
TOS_STDEVALL_L_3,NVI_1,0.9907172198410916
TOS_STDEVALL_U_3,NVI_1,0.9907172198410916
SUPERTs_7_3.0,HWM_1,0.9906369447988527
HWMA_0.2_0.1_0.1,SUPERTs_7_3.0,0.9906369447988527
ISB_26,HWU_1,0.9904905131380863
ISA_9,HWMA_0.2_0.1_0.1,0.9904170780684646
ISA_9,HWM_1,0.9904170780684646
ISA_9,PIVOTS_TRAD_D_S4,0.9902364564140448
ISA_9,PIVOTS_TRAD_D_S3,0.9902364564140448
ISB_26,PIVOTS_TRAD_D_S2,0.9901920825588107
PIVOTS_TRAD_D_S3,SUPERTs_7_3.0,0.9897933103015347
PIVOTS_TRAD_D_S4,SUPERTs_7_3.0,0.9897933103015347
SUPERTs_7_3.0,HWL_1,0.9897924849784656
ISB_26,BBL_5_2.0_2.0,0.9896302153342622
ISA_9,ICS_26,0.9895470755840067
ISB_26,HWMA_0.2_0.1_0.1,0.9895038005875303
ISB_26,HWM_1,0.9895038005875303
ISA_9,HWL_1,0.9893885624052029
ISB_26,DCL_20_20,0.9891924790828026
AD,NVI_1,0.9886495381229405
ISB_26,PIVOTS_TRAD_D_S3,0.9882427634253483
ISB_26,PIVOTS_TRAD_D_S4,0.9882427634253483
ISB_26,HWL_1,0.9879598619280514
ISB_26,ICS_26,0.9879197771853795
ICS_26,SUPERTs_7_3.0,0.9876374392441232
QQE_14_5_4.236_RSIMA,SMI_5_20_5_1.0,0.9870389800599224
TMO_14_5_3,TMOs_14_5_3,0.9840930751150195
TRIX_30_9,TRIXs_30_9,0.9821059348987122
QQE_14_5_4.236_RSIMA,SMIs_5_20_5_1.0,0.9820817071836269
Volume,VHM_610,0.9803269354943439
AO_5_34,STCmacd_10_12_26_0.5,0.9741144022833782
AO_5_34,MACD_12_26_9,0.9741144022833782
RWIh_14,RWIl_14,0.9735626758479621
SMIs_5_20_5_1.0,TSI_13_25_13,0.9722361317220317
D_9_3,STOCHd_14_3_3,0.9692588000497382
ATRr_14,THERMOma_20_2_0.5,0.9688381191331381
DCU_20_20,NVI_1,0.9688050622115338
VIDYA_14,NVI_1,0.9682486589047962
ACCBU_20,NVI_1,0.9680900394258748
KCUe_20_2,NVI_1,0.9680154109171435
SUPERTl_7_3.0,NVI_1,0.9679433601504842
ISB_26,NVI_1,0.9676504499063754
LDECAY_1,NVI_1,0.9675733273460702
ATRTSe_14_20_3.0,NVI_1,0.9674574664292438
ABER_ATR_5_15,THERMOma_20_2_0.5,0.9674259819115345
CHDLREXTl_22_22_14_2.0,NVI_1,0.9673176907830747
CKSPl_10_3_20,NVI_1,0.9672149693876007
ISA_9,NVI_1,0.9667970096793345
IKS_26,NVI_1,0.9667286549768591
PIVOTS_TRAD_D_R3,NVI_1,0.9665781832888154
PIVOTS_TRAD_D_R4,NVI_1,0.9665781832888154
HT_TL,NVI_1,0.9665514393203077
QTL_30_0.5,NVI_1,0.9665229935807319
MEDIAN_30,NVI_1,0.9665229935807319
AGj_13_8_5,NVI_1,0.9665040509793401
BBU_5_2.0_2.0,NVI_1,0.966408657929294
DCM_20_20,NVI_1,0.9664076186271467
CKSPs_10_3_20,NVI_1,0.9663408208306163
KCBe_20_2,NVI_1,0.9661379639911777
RMA_10,NVI_1,0.9660587390317226
ABER_SG_5_15,NVI_1,0.9659327500358079
ACCBM_20,NVI_1,0.965927614345941
PSARs_0.02_0.2,NVI_1,0.9658958616308629
HILOl_13_21,NVI_1,0.9658502994452239
PIVOTS_TRAD_D_R2,NVI_1,0.9657328379484873
AGt_13_8_5,NVI_1,0.9657180617336476
MCGD_10,NVI_1,0.9656191700714519
SMMA_7,NVI_1,0.9655329197093057
ALPHATl_14_1_50_2,NVI_1,0.9654164602589153
ALPHAT_14_1_50,NVI_1,0.9653921155846069
Adj Close,NVI_1,0.9652920433978425
EMA_10,NVI_1,0.9652397194908061
HILO_13_21,NVI_1,0.9651699810092306
SINWMA_14,NVI_1,0.9651637903726332
PIVOTS_TRAD_D_R1,NVI_1,0.9651561763780181
KAMA_10_2_30,NVI_1,0.9651431760171026
AGl_13_8_5,NVI_1,0.9651395574543427
ITS_9,NVI_1,0.9651293526246865
SSF_20,NVI_1,0.9651176126372341
FAMA_0.5_0.05,NVI_1,0.9650918558997251
SUPERT_7_3.0,NVI_1,0.9650689991635834
SMA_10,NVI_1,0.9649713497343392
High,NVI_1,0.9649479356334744
CHDLREXTs_22_22_14_2.0,NVI_1,0.9649423088755718
TRIMA_10,NVI_1,0.9649346482108219
SWMA_10,NVI_1,0.9648776544039315
NVI_1,VWMA_10,0.9648530635842413
WMA_10,NVI_1,0.9648366091820448
FISHERT_9_1,FISHERTs_9_1,0.9648154062047929
SSF3_20,NVI_1,0.9647690522370548
PWMA_10,NVI_1,0.9647584770679095
HILOs_13_21,NVI_1,0.9646734172292455
ABER_ZG_5_15,NVI_1,0.9646569839427668
FWMA_10,NVI_1,0.9646513592420515
ALMA_9_6.0_0.85,NVI_1,0.9646436580823808
HWU_1,NVI_1,0.9646428613027274
BBM_5_2.0_2.0,NVI_1,0.9646291336188438
T3_10_0.7,NVI_1,0.9645750531358398
MAMA_0.5_0.05,NVI_1,0.9645663102154934
K_9_3,STOCHFd_14_3,0.9645502149906467
K_9_3,STOCHk_14_3_3,0.9645502149906467
PIVOTS_TRAD_D_P,NVI_1,0.9645311655955626
MIDPRICE_2,NVI_1,0.9645038270607513
MIDPOINT_2,NVI_1,0.964439688624675
JMA_7_0.0,NVI_1,0.9644141164705875
HL2,NVI_1,0.9643856384540328
HLC3,NVI_1,0.9643547817456287
NVI_1,VWAP_D,0.9643547817456286
OHLC4,NVI_1,0.9643540318220851
ZL_EMA_10,NVI_1,0.9643436431067184
WCP,NVI_1,0.9643343135344531
Open,NVI_1,0.9642871311603564
Close,NVI_1,0.964252787952215
KST_10_15_20_30_10_10_10_15,PPOs_12_26_9,0.964237836923544
HMA_10,NVI_1,0.9642253014500375
TEMA_10,NVI_1,0.9641321669445372
DEMA_10,NVI_1,0.9640950979044768
QQE_14_5_4.236_RSIMA,TSI_13_25_13,0.9640737811652581
LINREG_14,NVI_1,0.963933971110336
PSARl_0.02_0.2,NVI_1,0.9639140482017293
PIVOTS_TRAD_D_S1,NVI_1,0.9637694933046329
Low,NVI_1,0.9637305645545066
KCLe_20_2,NVI_1,0.9633970797445938
ABER_XG_5_15,NVI_1,0.9631813357831575
PIVOTS_TRAD_D_S2,NVI_1,0.9629520756313736
ACCBL_20,NVI_1,0.9628291466666021
ICS_26,NVI_1,0.9624942010201275
HWMA_0.2_0.1_0.1,NVI_1,0.962353012565811
HWM_1,NVI_1,0.962353012565811
BBL_5_2.0_2.0,NVI_1,0.961980143240749
DCL_20_20,NVI_1,0.9618447081670749
PIVOTS_TRAD_D_S3,NVI_1,0.9609744050062405
PIVOTS_TRAD_D_S4,NVI_1,0.9609744050062405
SUPERTs_7_3.0,NVI_1,0.9600970300161631
SMI_5_20_5_1.0,SMIs_5_20_5_1.0,0.9598646871265203
HWL_1,NVI_1,0.9594822087483297
DCU_20_20,AD,0.9594818880035395
RSI_14,SMI_5_20_5_1.0,0.9590431957104968
CMO_14,SMI_5_20_5_1.0,0.9590431957104966
KCUe_20_2,AD,0.9585862188573147
ACCBU_20,AD,0.9585794033917963
LDECAY_1,AD,0.9585106002235215
SUPERTl_7_3.0,AD,0.9582060818919902
VIDYA_14,AD,0.958120883353723
D_9_3,TMO_14_5_3,0.9578739983932215
CKSPl_10_3_20,AD,0.9577035954910651
ATRTSe_14_20_3.0,AD,0.9576777264555782
CHDLREXTl_22_22_14_2.0,AD,0.9576344526431245
PIVOTS_TRAD_D_R4,AD,0.9572467844567981
PIVOTS_TRAD_D_R3,AD,0.9572467844567981
BBU_5_2.0_2.0,AD,0.9569841297125301
IKS_26,AD,0.9567903379397474
AGj_13_8_5,AD,0.9565903334875391
DCM_20_20,AD,0.9565486036747162
HT_TL,AD,0.9565427773151526
MEDIAN_30,AD,0.9565197155711368
QTL_30_0.5,AD,0.9565197155711368
ABER_SG_5_15,AD,0.9565063272029298
KCBe_20_2,AD,0.9563091812112942
CKSPs_10_3_20,AD,0.95630124647288
PIVOTS_TRAD_D_R2,AD,0.9562733493144976
RMA_10,AD,0.9562466227145052
ISB_26,AD,0.9562048729370068
ACCBM_20,AD,0.9561287119187163
HILOl_13_21,AD,0.9559801880266633
PSARs_0.02_0.2,AD,0.9559711598810785
AGt_13_8_5,AD,0.955970588062439
ISA_9,AD,0.9559652652491228
SMMA_7,AD,0.9558160282556826
TOS_STDEVALL_U_2,DCU_20_20,0.9557094761407444
TOS_STDEVALL_U_3,DCU_20_20,0.9557094761407442
TOS_STDEVALL_U_1,DCU_20_20,0.9557094761407442
TOS_STDEVALL_L_2,DCU_20_20,0.9557094761407441
TOS_STDEVALL_LR,DCU_20_20,0.9557094761407441
TOS_STDEVALL_L_3,DCU_20_20,0.9557094761407441
TOS_STDEVALL_L_1,DCU_20_20,0.9557094761407441
KAMA_10_2_30,AD,0.9556995529827474
SUPERT_7_3.0,AD,0.9556662999126745
ALPHAT_14_1_50,AD,0.9556467030291628
PIVOTS_TRAD_D_R1,AD,0.9556378066333943
MCGD_10,AD,0.9556146031303435
ALPHATl_14_1_50_2,AD,0.9556133670519301
EMA_10,AD,0.9555655097312267
AGl_13_8_5,AD,0.9554785098709266
HWU_1,AD,0.9554655143125977
SINWMA_14,AD,0.9554572103667793
FAMA_0.5_0.05,AD,0.9554394248021149
SSF_20,AD,0.9554370025942475
High,AD,0.9554001743549921
ITS_9,AD,0.955363025879338
SMA_10,AD,0.9553097428326398
HILO_13_21,AD,0.9552853268081458
TRIMA_10,AD,0.9552679412715058
SWMA_10,AD,0.9552231825912164
WMA_10,AD,0.9552069249952847
AD,VWMA_10,0.9551655054851343
RVGI_14_4,RVGIs_14_4,0.9551270051335099
PWMA_10,AD,0.955108467841422
SSF3_20,AD,0.9551059197568464
FWMA_10,AD,0.955044063117022
ABER_ZG_5_15,AD,0.9550415544735585
ALMA_9_6.0_0.85,AD,0.9550379176125624
BBM_5_2.0_2.0,AD,0.9550215864418268
MAMA_0.5_0.05,AD,0.9549682880859979
T3_10_0.7,AD,0.9549595336041965
PIVOTS_TRAD_D_P,AD,0.9549441421267229
MIDPRICE_2,AD,0.9548886807614437
CHDLREXTs_22_22_14_2.0,AD,0.9548728771528955
MIDPOINT_2,AD,0.9548496472504571
HL2,AD,0.9547813397206094
JMA_7_0.0,AD,0.9547745019433321
ZL_EMA_10,AD,0.9547649046758427
OHLC4,AD,0.9547545237434013
AD,VWAP_D,0.9547512229468005
HLC3,AD,0.9547512229468004
WCP,AD,0.9547311747992759
Open,AD,0.954700419508833
TOS_STDEVALL_L_3,ACCBU_20,0.9546847110785601
TOS_STDEVALL_L_2,ACCBU_20,0.9546847110785601
TOS_STDEVALL_LR,ACCBU_20,0.9546847110785601
TOS_STDEVALL_U_2,ACCBU_20,0.95468471107856
TOS_STDEVALL_U_1,ACCBU_20,0.95468471107856
TOS_STDEVALL_L_1,ACCBU_20,0.95468471107856
TOS_STDEVALL_U_3,ACCBU_20,0.95468471107856
TOS_STDEVALL_L_3,KCUe_20_2,0.9546666265056184
TOS_STDEVALL_U_3,KCUe_20_2,0.9546666265056184
TOS_STDEVALL_U_2,KCUe_20_2,0.9546666265056184
TOS_STDEVALL_L_2,KCUe_20_2,0.9546666265056184
TOS_STDEVALL_LR,KCUe_20_2,0.9546666265056184
TOS_STDEVALL_U_1,KCUe_20_2,0.9546666265056184
TOS_STDEVALL_L_1,KCUe_20_2,0.9546666265056184
HMA_10,AD,0.9546566459177157
Close,AD,0.9546511093834106
TEMA_10,AD,0.9545578109778771
HILOs_13_21,AD,0.9545558022390778
DEMA_10,AD,0.9545439565494702
TOS_STDEVALL_L_1,LDECAY_1,0.9544047391983789
TOS_STDEVALL_L_3,LDECAY_1,0.9544047391983788
TOS_STDEVALL_U_3,LDECAY_1,0.9544047391983788
TOS_STDEVALL_L_2,LDECAY_1,0.9544047391983788
TOS_STDEVALL_LR,LDECAY_1,0.9544047391983788
TOS_STDEVALL_U_1,LDECAY_1,0.9544047391983788
TOS_STDEVALL_U_2,LDECAY_1,0.9544047391983785
LINREG_14,AD,0.9543806780908823
SUPERTl_7_3.0,TOS_STDEVALL_U_3,0.954377489374378
SUPERTl_7_3.0,TOS_STDEVALL_U_2,0.9543774893743779
SUPERTl_7_3.0,TOS_STDEVALL_L_1,0.9543774893743779
SUPERTl_7_3.0,TOS_STDEVALL_U_1,0.9543774893743779
SUPERTl_7_3.0,TOS_STDEVALL_L_2,0.9543774893743778
SUPERTl_7_3.0,TOS_STDEVALL_L_3,0.9543774893743778
SUPERTl_7_3.0,TOS_STDEVALL_LR,0.9543774893743778
PSARl_0.02_0.2,AD,0.9543533157442572
VIDYA_14,TOS_STDEVALL_LR,0.9543269666320954
VIDYA_14,TOS_STDEVALL_L_3,0.9543269666320954
VIDYA_14,TOS_STDEVALL_U_1,0.9543269666320954
VIDYA_14,TOS_STDEVALL_L_2,0.9543269666320954
VIDYA_14,TOS_STDEVALL_L_1,0.9543269666320954
VIDYA_14,TOS_STDEVALL_U_3,0.9543269666320953
VIDYA_14,TOS_STDEVALL_U_2,0.9543269666320952
PIVOTS_TRAD_D_S1,AD,0.9541240316771542
Low,AD,0.9540699603044157
TOS_STDEVALL_U_1,CKSPl_10_3_20,0.9538403920488604
TOS_STDEVALL_U_3,CKSPl_10_3_20,0.9538403920488604
TOS_STDEVALL_L_1,CKSPl_10_3_20,0.9538403920488603
TOS_STDEVALL_LR,CKSPl_10_3_20,0.9538403920488603
TOS_STDEVALL_L_3,CKSPl_10_3_20,0.9538403920488603
TOS_STDEVALL_L_2,CKSPl_10_3_20,0.9538403920488603
TOS_STDEVALL_U_2,CKSPl_10_3_20,0.95384039204886
COPC_11_14_10,ENTP_10,0.9538360604936119
Adj Close,AD,0.9537304268604374
TOS_STDEVALL_U_2,ATRTSe_14_20_3.0,0.9537057024530324
TOS_STDEVALL_U_3,ATRTSe_14_20_3.0,0.9537057024530323
TOS_STDEVALL_L_1,ATRTSe_14_20_3.0,0.9537057024530323
TOS_STDEVALL_U_1,ATRTSe_14_20_3.0,0.9537057024530322
TOS_STDEVALL_L_3,ATRTSe_14_20_3.0,0.9537057024530322
TOS_STDEVALL_LR,ATRTSe_14_20_3.0,0.9537057024530322
TOS_STDEVALL_L_2,ATRTSe_14_20_3.0,0.9537057024530322
TOS_STDEVALL_U_1,CHDLREXTl_22_22_14_2.0,0.9536812121557083
TOS_STDEVALL_U_3,CHDLREXTl_22_22_14_2.0,0.9536812121557082
TOS_STDEVALL_L_3,CHDLREXTl_22_22_14_2.0,0.9536812121557082
TOS_STDEVALL_L_1,CHDLREXTl_22_22_14_2.0,0.9536812121557082
TOS_STDEVALL_L_2,CHDLREXTl_22_22_14_2.0,0.9536812121557082
TOS_STDEVALL_LR,CHDLREXTl_22_22_14_2.0,0.9536812121557082
TOS_STDEVALL_U_2,CHDLREXTl_22_22_14_2.0,0.9536812121557076
ABER_XG_5_15,AD,0.9533738848593805
PIVOTS_TRAD_D_S2,AD,0.9532383357192826
KCLe_20_2,AD,0.9531559350330921
ISB_26,TOS_STDEVALL_U_1,0.9531157126227817
ISB_26,TOS_STDEVALL_L_1,0.9531157126227817
ISB_26,TOS_STDEVALL_L_2,0.9531157126227815
ISB_26,TOS_STDEVALL_L_3,0.9531157126227815
ISB_26,TOS_STDEVALL_LR,0.9531157126227815
ISB_26,TOS_STDEVALL_U_3,0.9531157126227814
ISB_26,TOS_STDEVALL_U_2,0.9531157126227814
PIVOTS_TRAD_D_R3,TOS_STDEVALL_L_1,0.9530515490022337
PIVOTS_TRAD_D_R4,TOS_STDEVALL_L_1,0.9530515490022337
PIVOTS_TRAD_D_R3,TOS_STDEVALL_U_2,0.9530515490022335
PIVOTS_TRAD_D_R3,TOS_STDEVALL_L_2,0.9530515490022335
PIVOTS_TRAD_D_R4,TOS_STDEVALL_U_2,0.9530515490022335
PIVOTS_TRAD_D_R3,TOS_STDEVALL_LR,0.9530515490022335
PIVOTS_TRAD_D_R4,TOS_STDEVALL_LR,0.9530515490022335
PIVOTS_TRAD_D_R4,TOS_STDEVALL_L_3,0.9530515490022335
PIVOTS_TRAD_D_R3,TOS_STDEVALL_L_3,0.9530515490022335
PIVOTS_TRAD_D_R4,TOS_STDEVALL_L_2,0.9530515490022335
PIVOTS_TRAD_D_R4,TOS_STDEVALL_U_3,0.9530515490022334
PIVOTS_TRAD_D_R3,TOS_STDEVALL_U_3,0.9530515490022334
PIVOTS_TRAD_D_R3,TOS_STDEVALL_U_1,0.9530515490022334
PIVOTS_TRAD_D_R4,TOS_STDEVALL_U_1,0.9530515490022334
RWIh_14,VTXP_14,0.9529290201794365
HWM_1,AD,0.9528470277574895
HWMA_0.2_0.1_0.1,AD,0.9528470277574895
TOS_STDEVALL_U_1,BBU_5_2.0_2.0,0.9528418913076618
TOS_STDEVALL_U_3,BBU_5_2.0_2.0,0.9528418913076618
TOS_STDEVALL_L_3,BBU_5_2.0_2.0,0.9528418913076618
TOS_STDEVALL_LR,BBU_5_2.0_2.0,0.9528418913076618
TOS_STDEVALL_L_1,BBU_5_2.0_2.0,0.9528418913076618
TOS_STDEVALL_L_2,BBU_5_2.0_2.0,0.9528418913076618
TOS_STDEVALL_U_2,BBU_5_2.0_2.0,0.9528418913076616
ACCBL_20,AD,0.9527257067729981
IKS_26,TOS_STDEVALL_U_1,0.9526166385185626
IKS_26,TOS_STDEVALL_U_3,0.9526166385185625
IKS_26,TOS_STDEVALL_U_2,0.9526166385185624
IKS_26,TOS_STDEVALL_L_3,0.9526166385185624
IKS_26,TOS_STDEVALL_L_1,0.9526166385185624
IKS_26,TOS_STDEVALL_LR,0.9526166385185624
IKS_26,TOS_STDEVALL_L_2,0.9526166385185624
ISA_9,TOS_STDEVALL_L_2,0.9526133330522056
ISA_9,TOS_STDEVALL_L_1,0.9526133330522056
ISA_9,TOS_STDEVALL_U_1,0.9526133330522056
ISA_9,TOS_STDEVALL_LR,0.9526133330522056
ISA_9,TOS_STDEVALL_L_3,0.9526133330522056
ISA_9,TOS_STDEVALL_U_3,0.9526133330522053
ISA_9,TOS_STDEVALL_U_2,0.9526133330522053
MEDIAN_30,TOS_STDEVALL_U_2,0.952586869964713
QTL_30_0.5,TOS_STDEVALL_U_2,0.952586869964713
QTL_30_0.5,TOS_STDEVALL_LR,0.9525868699647129
QTL_30_0.5,TOS_STDEVALL_L_2,0.9525868699647129
QTL_30_0.5,TOS_STDEVALL_U_1,0.9525868699647129
MEDIAN_30,TOS_STDEVALL_U_1,0.9525868699647129
MEDIAN_30,TOS_STDEVALL_L_1,0.9525868699647129
QTL_30_0.5,TOS_STDEVALL_L_1,0.9525868699647129
QTL_30_0.5,TOS_STDEVALL_L_3,0.9525868699647129
MEDIAN_30,TOS_STDEVALL_L_2,0.9525868699647129
MEDIAN_30,TOS_STDEVALL_LR,0.9525868699647129
QTL_30_0.5,TOS_STDEVALL_U_3,0.9525868699647129
MEDIAN_30,TOS_STDEVALL_U_3,0.9525868699647129
MEDIAN_30,TOS_STDEVALL_L_3,0.9525868699647129
AGj_13_8_5,TOS_STDEVALL_U_3,0.9525230600675088
AGj_13_8_5,TOS_STDEVALL_L_3,0.9525230600675086
AGj_13_8_5,TOS_STDEVALL_LR,0.9525230600675086
AGj_13_8_5,TOS_STDEVALL_L_2,0.9525230600675086
AGj_13_8_5,TOS_STDEVALL_U_1,0.9525230600675086
AGj_13_8_5,TOS_STDEVALL_L_1,0.9525230600675086
AGj_13_8_5,TOS_STDEVALL_U_2,0.9525230600675084
STOCHk_14_3_3,STOCHd_14_3_3,0.952518436098677
STOCHd_14_3_3,STOCHFd_14_3,0.952518436098677
TOS_STDEVALL_L_1,HT_TL,0.9524967677522505
TOS_STDEVALL_U_1,HT_TL,0.9524967677522505
TOS_STDEVALL_LR,HT_TL,0.9524967677522503
TOS_STDEVALL_L_3,HT_TL,0.9524967677522503
TOS_STDEVALL_U_3,HT_TL,0.9524967677522503
TOS_STDEVALL_L_2,HT_TL,0.9524967677522503
TOS_STDEVALL_U_2,HT_TL,0.9524967677522498
ICS_26,AD,0.9523941787433141
TOS_STDEVALL_L_1,DCM_20_20,0.9523344546721323
TOS_STDEVALL_U_1,DCM_20_20,0.9523344546721323
TOS_STDEVALL_L_2,DCM_20_20,0.9523344546721322
TOS_STDEVALL_L_3,DCM_20_20,0.9523344546721322
TOS_STDEVALL_U_3,DCM_20_20,0.9523344546721322
TOS_STDEVALL_LR,DCM_20_20,0.9523344546721322
TOS_STDEVALL_U_2,DCM_20_20,0.952334454672132
TOS_STDEVALL_U_3,ABER_SG_5_15,0.952254958979416
TOS_STDEVALL_U_1,ABER_SG_5_15,0.952254958979416
TOS_STDEVALL_L_1,ABER_SG_5_15,0.9522549589794159
TOS_STDEVALL_L_3,ABER_SG_5_15,0.9522549589794158
TOS_STDEVALL_L_2,ABER_SG_5_15,0.9522549589794158
TOS_STDEVALL_LR,ABER_SG_5_15,0.9522549589794158
TOS_STDEVALL_U_2,ABER_SG_5_15,0.9522549589794157
BBL_5_2.0_2.0,AD,0.9521919188160822
TOS_STDEVALL_L_3,KCBe_20_2,0.9521666263707501
TOS_STDEVALL_L_2,KCBe_20_2,0.9521666263707501
TOS_STDEVALL_L_1,KCBe_20_2,0.9521666263707501
TOS_STDEVALL_LR,KCBe_20_2,0.9521666263707501
TOS_STDEVALL_U_1,KCBe_20_2,0.95216662637075
TOS_STDEVALL_U_3,KCBe_20_2,0.9521666263707498
TOS_STDEVALL_U_2,KCBe_20_2,0.9521666263707496
RMA_10,TOS_STDEVALL_U_1,0.9520887639165154
RMA_10,TOS_STDEVALL_U_2,0.9520887639165154
RMA_10,TOS_STDEVALL_L_3,0.9520887639165154
RMA_10,TOS_STDEVALL_L_2,0.9520887639165154
RMA_10,TOS_STDEVALL_LR,0.9520887639165154
RMA_10,TOS_STDEVALL_L_1,0.9520887639165153
RMA_10,TOS_STDEVALL_U_3,0.9520887639165153
HILOl_13_21,TOS_STDEVALL_U_3,0.9520863864520798
HILOl_13_21,TOS_STDEVALL_U_2,0.9520863864520798
HILOl_13_21,TOS_STDEVALL_L_1,0.9520863864520798
HILOl_13_21,TOS_STDEVALL_L_2,0.9520863864520797
HILOl_13_21,TOS_STDEVALL_U_1,0.9520863864520797
HILOl_13_21,TOS_STDEVALL_LR,0.9520863864520797
HILOl_13_21,TOS_STDEVALL_L_3,0.9520863864520797
TOS_STDEVALL_U_2,CKSPs_10_3_20,0.9520660296755541
TOS_STDEVALL_L_2,CKSPs_10_3_20,0.9520660296755541
TOS_STDEVALL_U_1,CKSPs_10_3_20,0.9520660296755541
TOS_STDEVALL_L_1,CKSPs_10_3_20,0.9520660296755541
TOS_STDEVALL_LR,CKSPs_10_3_20,0.9520660296755541
TOS_STDEVALL_U_3,CKSPs_10_3_20,0.9520660296755541
TOS_STDEVALL_L_3,CKSPs_10_3_20,0.9520660296755541
TOS_STDEVALL_U_1,ACCBM_20,0.951987919464249
TOS_STDEVALL_U_3,ACCBM_20,0.9519879194642489
TOS_STDEVALL_L_3,ACCBM_20,0.9519879194642488
TOS_STDEVALL_L_2,ACCBM_20,0.9519879194642488
TOS_STDEVALL_LR,ACCBM_20,0.9519879194642488
TOS_STDEVALL_U_2,ACCBM_20,0.9519879194642487
TOS_STDEVALL_L_1,ACCBM_20,0.9519879194642487
PIVOTS_TRAD_D_R2,TOS_STDEVALL_L_2,0.9519769150917283
PIVOTS_TRAD_D_R2,TOS_STDEVALL_L_1,0.9519769150917283
PIVOTS_TRAD_D_R2,TOS_STDEVALL_L_3,0.9519769150917283
PIVOTS_TRAD_D_R2,TOS_STDEVALL_LR,0.9519769150917283
PIVOTS_TRAD_D_R2,TOS_STDEVALL_U_1,0.9519769150917282
PIVOTS_TRAD_D_R2,TOS_STDEVALL_U_2,0.9519769150917282
PIVOTS_TRAD_D_R2,TOS_STDEVALL_U_3,0.9519769150917282
AGt_13_8_5,TOS_STDEVALL_LR,0.9517509556751927
AGt_13_8_5,TOS_STDEVALL_U_2,0.9517509556751927
AGt_13_8_5,TOS_STDEVALL_L_3,0.9517509556751927
AGt_13_8_5,TOS_STDEVALL_L_2,0.9517509556751927
AGt_13_8_5,TOS_STDEVALL_U_1,0.9517509556751926
AGt_13_8_5,TOS_STDEVALL_L_1,0.9517509556751926
AGt_13_8_5,TOS_STDEVALL_U_3,0.9517509556751925
TOS_STDEVALL_L_1,PSARs_0.02_0.2,0.9516469007459066
TOS_STDEVALL_LR,PSARs_0.02_0.2,0.9516469007459066
TOS_STDEVALL_U_1,PSARs_0.02_0.2,0.9516469007459066
TOS_STDEVALL_L_2,PSARs_0.02_0.2,0.9516469007459066
TOS_STDEVALL_L_3,PSARs_0.02_0.2,0.9516469007459066
TOS_STDEVALL_U_3,PSARs_0.02_0.2,0.9516469007459065
TOS_STDEVALL_U_2,PSARs_0.02_0.2,0.9516469007459064
SMMA_7,TOS_STDEVALL_U_3,0.9515652947367791
SMMA_7,TOS_STDEVALL_L_1,0.9515652947367791
SMMA_7,TOS_STDEVALL_LR,0.9515652947367789
SMMA_7,TOS_STDEVALL_L_2,0.9515652947367789
SMMA_7,TOS_STDEVALL_L_3,0.9515652947367789
SMMA_7,TOS_STDEVALL_U_1,0.9515652947367789
SMMA_7,TOS_STDEVALL_U_2,0.9515652947367785
SUPERT_7_3.0,TOS_STDEVALL_U_2,0.9514912933388661
SUPERT_7_3.0,TOS_STDEVALL_L_3,0.951491293338866
SUPERT_7_3.0,TOS_STDEVALL_L_2,0.951491293338866
SUPERT_7_3.0,TOS_STDEVALL_L_1,0.951491293338866
SUPERT_7_3.0,TOS_STDEVALL_LR,0.951491293338866
SUPERT_7_3.0,TOS_STDEVALL_U_1,0.9514912933388658
SUPERT_7_3.0,TOS_STDEVALL_U_3,0.9514912933388658
TOS_STDEVALL_U_2,ALPHATl_14_1_50_2,0.9514412301845583
TOS_STDEVALL_U_1,ALPHATl_14_1_50_2,0.9514412301845583
TOS_STDEVALL_L_1,ALPHATl_14_1_50_2,0.9514412301845582
TOS_STDEVALL_U_3,ALPHATl_14_1_50_2,0.9514412301845582
TOS_STDEVALL_L_3,ALPHATl_14_1_50_2,0.9514412301845581
TOS_STDEVALL_LR,ALPHATl_14_1_50_2,0.9514412301845581
TOS_STDEVALL_L_2,ALPHATl_14_1_50_2,0.9514412301845581
DCL_20_20,AD,0.951434710376373
KAMA_10_2_30,TOS_STDEVALL_U_3,0.9514162321709954
KAMA_10_2_30,TOS_STDEVALL_U_2,0.9514162321709954
KAMA_10_2_30,TOS_STDEVALL_U_1,0.9514162321709954
KAMA_10_2_30,TOS_STDEVALL_LR,0.9514162321709952
KAMA_10_2_30,TOS_STDEVALL_L_3,0.9514162321709952
KAMA_10_2_30,TOS_STDEVALL_L_2,0.9514162321709952
KAMA_10_2_30,TOS_STDEVALL_L_1,0.9514162321709952
MCGD_10,TOS_STDEVALL_U_2,0.9514104006106443
MCGD_10,TOS_STDEVALL_LR,0.9514104006106442
MCGD_10,TOS_STDEVALL_U_3,0.9514104006106442
MCGD_10,TOS_STDEVALL_L_3,0.9514104006106442
MCGD_10,TOS_STDEVALL_L_2,0.9514104006106442
MCGD_10,TOS_STDEVALL_L_1,0.9514104006106442
MCGD_10,TOS_STDEVALL_U_1,0.9514104006106442
TOS_STDEVALL_U_1,ALPHAT_14_1_50,0.951400382670435
TOS_STDEVALL_L_2,ALPHAT_14_1_50,0.9514003826704349
TOS_STDEVALL_LR,ALPHAT_14_1_50,0.9514003826704349
TOS_STDEVALL_L_3,ALPHAT_14_1_50,0.9514003826704349
TOS_STDEVALL_U_3,ALPHAT_14_1_50,0.9514003826704349
TOS_STDEVALL_L_1,ALPHAT_14_1_50,0.9514003826704348
TOS_STDEVALL_U_2,ALPHAT_14_1_50,0.9514003826704346
PIVOTS_TRAD_D_R1,TOS_STDEVALL_L_2,0.9512826746145585
PIVOTS_TRAD_D_R1,TOS_STDEVALL_L_3,0.9512826746145585
PIVOTS_TRAD_D_R1,TOS_STDEVALL_U_3,0.9512826746145585
PIVOTS_TRAD_D_R1,TOS_STDEVALL_LR,0.9512826746145585
PIVOTS_TRAD_D_R1,TOS_STDEVALL_U_1,0.9512826746145583
PIVOTS_TRAD_D_R1,TOS_STDEVALL_L_1,0.9512826746145583
PIVOTS_TRAD_D_R1,TOS_STDEVALL_U_2,0.9512826746145582
EMA_10,TOS_STDEVALL_L_2,0.9512679965841803
EMA_10,TOS_STDEVALL_L_1,0.9512679965841803
EMA_10,TOS_STDEVALL_U_1,0.9512679965841803
EMA_10,TOS_STDEVALL_L_3,0.9512679965841803
EMA_10,TOS_STDEVALL_LR,0.9512679965841803
EMA_10,TOS_STDEVALL_U_3,0.9512679965841802
EMA_10,TOS_STDEVALL_U_2,0.95126799658418
TOS_STDEVALL_LR,HWU_1,0.9512499021888211
TOS_STDEVALL_U_1,HWU_1,0.9512499021888211
TOS_STDEVALL_L_2,HWU_1,0.9512499021888211
TOS_STDEVALL_L_1,HWU_1,0.9512499021888211
TOS_STDEVALL_L_3,HWU_1,0.9512499021888211
TOS_STDEVALL_U_3,HWU_1,0.951249902188821
TOS_STDEVALL_U_2,HWU_1,0.951249902188821
SINWMA_14,TOS_STDEVALL_L_1,0.9512272606665755
SINWMA_14,TOS_STDEVALL_U_1,0.9512272606665755
SINWMA_14,TOS_STDEVALL_LR,0.9512272606665754
SINWMA_14,TOS_STDEVALL_U_3,0.9512272606665754
SINWMA_14,TOS_STDEVALL_L_2,0.9512272606665754
SINWMA_14,TOS_STDEVALL_L_3,0.9512272606665754
SINWMA_14,TOS_STDEVALL_U_2,0.951227260666575
SSF_20,TOS_STDEVALL_L_1,0.9511728753149952
SSF_20,TOS_STDEVALL_L_3,0.9511728753149952
SSF_20,TOS_STDEVALL_LR,0.9511728753149952
SSF_20,TOS_STDEVALL_U_1,0.9511728753149952
SSF_20,TOS_STDEVALL_L_2,0.9511728753149952
SSF_20,TOS_STDEVALL_U_2,0.9511728753149951
SSF_20,TOS_STDEVALL_U_3,0.951172875314995
AGl_13_8_5,TOS_STDEVALL_U_1,0.951165371001982
AGl_13_8_5,TOS_STDEVALL_LR,0.9511653710019818
AGl_13_8_5,TOS_STDEVALL_L_2,0.9511653710019818
AGl_13_8_5,TOS_STDEVALL_L_3,0.9511653710019818
AGl_13_8_5,TOS_STDEVALL_L_1,0.9511653710019818
AGl_13_8_5,TOS_STDEVALL_U_3,0.9511653710019818
AGl_13_8_5,TOS_STDEVALL_U_2,0.9511653710019816
PIVOTS_TRAD_D_S4,AD,0.9511350464474669
PIVOTS_TRAD_D_S3,AD,0.9511350464474669
FAMA_0.5_0.05,TOS_STDEVALL_U_1,0.9511317149370563
FAMA_0.5_0.05,TOS_STDEVALL_U_3,0.9511317149370563
FAMA_0.5_0.05,TOS_STDEVALL_L_2,0.9511317149370562
FAMA_0.5_0.05,TOS_STDEVALL_LR,0.9511317149370562
FAMA_0.5_0.05,TOS_STDEVALL_L_1,0.9511317149370562
FAMA_0.5_0.05,TOS_STDEVALL_U_2,0.9511317149370562
FAMA_0.5_0.05,TOS_STDEVALL_L_3,0.9511317149370562
HILO_13_21,TOS_STDEVALL_U_1,0.9511267100458028
HILO_13_21,TOS_STDEVALL_L_2,0.9511267100458026
HILO_13_21,TOS_STDEVALL_L_1,0.9511267100458026
HILO_13_21,TOS_STDEVALL_LR,0.9511267100458026
HILO_13_21,TOS_STDEVALL_L_3,0.9511267100458026
HILO_13_21,TOS_STDEVALL_U_3,0.9511267100458025
HILO_13_21,TOS_STDEVALL_U_2,0.9511267100458025
SUPERTs_7_3.0,AD,0.9511185688893568
ITS_9,TOS_STDEVALL_U_1,0.9510717924817043
ITS_9,TOS_STDEVALL_L_2,0.9510717924817041
ITS_9,TOS_STDEVALL_L_3,0.9510717924817041
ITS_9,TOS_STDEVALL_U_3,0.9510717924817041
ITS_9,TOS_STDEVALL_L_1,0.9510717924817041
ITS_9,TOS_STDEVALL_LR,0.9510717924817041
ITS_9,TOS_STDEVALL_U_2,0.951071792481704
High,TOS_STDEVALL_U_1,0.9510469673518016
High,TOS_STDEVALL_L_1,0.9510469673518016
High,TOS_STDEVALL_L_2,0.9510469673518015
High,TOS_STDEVALL_L_3,0.9510469673518015
High,TOS_STDEVALL_LR,0.9510469673518015
High,TOS_STDEVALL_U_3,0.9510469673518014
High,TOS_STDEVALL_U_2,0.9510469673518014
SMA_10,TOS_STDEVALL_L_1,0.9510159179360109
SMA_10,TOS_STDEVALL_LR,0.9510159179360108
SMA_10,TOS_STDEVALL_U_2,0.9510159179360108
SMA_10,TOS_STDEVALL_L_3,0.9510159179360108
SMA_10,TOS_STDEVALL_U_1,0.9510159179360108
SMA_10,TOS_STDEVALL_L_2,0.9510159179360108
SMA_10,TOS_STDEVALL_U_3,0.9510159179360108
TRIMA_10,TOS_STDEVALL_U_1,0.9509904500152621
TRIMA_10,TOS_STDEVALL_U_2,0.9509904500152621
TRIMA_10,TOS_STDEVALL_L_1,0.950990450015262
TRIMA_10,TOS_STDEVALL_L_3,0.9509904500152618
TRIMA_10,TOS_STDEVALL_L_2,0.9509904500152618
TRIMA_10,TOS_STDEVALL_U_3,0.9509904500152618
TRIMA_10,TOS_STDEVALL_LR,0.9509904500152618
SWMA_10,TOS_STDEVALL_U_3,0.9509293228508733
SWMA_10,TOS_STDEVALL_L_1,0.9509293228508731
SWMA_10,TOS_STDEVALL_LR,0.950929322850873
SWMA_10,TOS_STDEVALL_U_2,0.950929322850873
SWMA_10,TOS_STDEVALL_U_1,0.950929322850873
SWMA_10,TOS_STDEVALL_L_3,0.950929322850873
SWMA_10,TOS_STDEVALL_L_2,0.950929322850873
WMA_10,TOS_STDEVALL_LR,0.9508633355254936
WMA_10,TOS_STDEVALL_L_1,0.9508633355254936
WMA_10,TOS_STDEVALL_U_2,0.9508633355254936
WMA_10,TOS_STDEVALL_U_1,0.9508633355254936
WMA_10,TOS_STDEVALL_L_3,0.9508633355254936
WMA_10,TOS_STDEVALL_L_2,0.9508633355254936
WMA_10,TOS_STDEVALL_U_3,0.9508633355254935
TOS_STDEVALL_L_2,VWMA_10,0.9508602904714961
TOS_STDEVALL_U_1,VWMA_10,0.9508602904714961
TOS_STDEVALL_L_1,VWMA_10,0.9508602904714961
TOS_STDEVALL_LR,VWMA_10,0.9508602904714961
TOS_STDEVALL_U_2,VWMA_10,0.9508602904714961
TOS_STDEVALL_U_3,VWMA_10,0.9508602904714961
TOS_STDEVALL_L_3,VWMA_10,0.9508602904714961
SSF3_20,TOS_STDEVALL_L_1,0.9508287331867262
SSF3_20,TOS_STDEVALL_LR,0.9508287331867261
SSF3_20,TOS_STDEVALL_L_2,0.9508287331867261
SSF3_20,TOS_STDEVALL_L_3,0.9508287331867261
SSF3_20,TOS_STDEVALL_U_1,0.9508287331867261
SSF3_20,TOS_STDEVALL_U_3,0.9508287331867261
SSF3_20,TOS_STDEVALL_U_2,0.950828733186726
PWMA_10,TOS_STDEVALL_L_1,0.950815760417016
PWMA_10,TOS_STDEVALL_U_1,0.950815760417016
PWMA_10,TOS_STDEVALL_L_2,0.9508157604170159
PWMA_10,TOS_STDEVALL_L_3,0.9508157604170159
PWMA_10,TOS_STDEVALL_U_3,0.9508157604170159
PWMA_10,TOS_STDEVALL_LR,0.9508157604170159
PWMA_10,TOS_STDEVALL_U_2,0.9508157604170157
TOS_STDEVALL_L_3,ABER_ZG_5_15,0.9506808612406245
TOS_STDEVALL_L_2,ABER_ZG_5_15,0.9506808612406245
TOS_STDEVALL_U_1,ABER_ZG_5_15,0.9506808612406245
TOS_STDEVALL_L_1,ABER_ZG_5_15,0.9506808612406245
TOS_STDEVALL_LR,ABER_ZG_5_15,0.9506808612406245
TOS_STDEVALL_U_3,ABER_ZG_5_15,0.9506808612406245
TOS_STDEVALL_U_2,ABER_ZG_5_15,0.9506808612406242
ALMA_9_6.0_0.85,TOS_STDEVALL_U_1,0.9506650281126774
ALMA_9_6.0_0.85,TOS_STDEVALL_L_1,0.9506650281126774
ALMA_9_6.0_0.85,TOS_STDEVALL_LR,0.9506650281126773
ALMA_9_6.0_0.85,TOS_STDEVALL_L_3,0.9506650281126773
ALMA_9_6.0_0.85,TOS_STDEVALL_L_2,0.9506650281126773
ALMA_9_6.0_0.85,TOS_STDEVALL_U_3,0.9506650281126773
ALMA_9_6.0_0.85,TOS_STDEVALL_U_2,0.950665028112677
FWMA_10,TOS_STDEVALL_L_1,0.9506539906401621
FWMA_10,TOS_STDEVALL_U_2,0.950653990640162
FWMA_10,TOS_STDEVALL_LR,0.950653990640162
FWMA_10,TOS_STDEVALL_U_1,0.950653990640162
FWMA_10,TOS_STDEVALL_L_2,0.950653990640162
FWMA_10,TOS_STDEVALL_U_3,0.950653990640162
FWMA_10,TOS_STDEVALL_L_3,0.950653990640162
T3_10_0.7,TOS_STDEVALL_U_1,0.9506529573811229
T3_10_0.7,TOS_STDEVALL_L_3,0.9506529573811228
T3_10_0.7,TOS_STDEVALL_LR,0.9506529573811228
T3_10_0.7,TOS_STDEVALL_L_2,0.9506529573811228
T3_10_0.7,TOS_STDEVALL_L_1,0.9506529573811228
T3_10_0.7,TOS_STDEVALL_U_3,0.9506529573811227
T3_10_0.7,TOS_STDEVALL_U_2,0.9506529573811225
TOS_STDEVALL_U_3,BBM_5_2.0_2.0,0.9506459309338349
TOS_STDEVALL_U_1,BBM_5_2.0_2.0,0.9506459309338349
TOS_STDEVALL_L_1,BBM_5_2.0_2.0,0.9506459309338348
TOS_STDEVALL_LR,BBM_5_2.0_2.0,0.9506459309338348
TOS_STDEVALL_L_3,BBM_5_2.0_2.0,0.9506459309338348
TOS_STDEVALL_L_2,BBM_5_2.0_2.0,0.9506459309338348
TOS_STDEVALL_U_2,BBM_5_2.0_2.0,0.9506459309338343
MAMA_0.5_0.05,TOS_STDEVALL_L_2,0.9505659941587457
MAMA_0.5_0.05,TOS_STDEVALL_L_3,0.9505659941587457
MAMA_0.5_0.05,TOS_STDEVALL_LR,0.9505659941587457
MAMA_0.5_0.05,TOS_STDEVALL_U_3,0.9505659941587455
MAMA_0.5_0.05,TOS_STDEVALL_U_1,0.9505659941587455
MAMA_0.5_0.05,TOS_STDEVALL_L_1,0.9505659941587455
MAMA_0.5_0.05,TOS_STDEVALL_U_2,0.9505659941587453
PIVOTS_TRAD_D_P,TOS_STDEVALL_U_1,0.9505458351841163
PIVOTS_TRAD_D_P,TOS_STDEVALL_L_1,0.9505458351841162
PIVOTS_TRAD_D_P,TOS_STDEVALL_L_3,0.9505458351841162
PIVOTS_TRAD_D_P,TOS_STDEVALL_LR,0.9505458351841162
PIVOTS_TRAD_D_P,TOS_STDEVALL_U_3,0.9505458351841162
PIVOTS_TRAD_D_P,TOS_STDEVALL_L_2,0.9505458351841162
PIVOTS_TRAD_D_P,TOS_STDEVALL_U_2,0.950545835184116
MIDPRICE_2,TOS_STDEVALL_L_2,0.9504899215102116
MIDPRICE_2,TOS_STDEVALL_LR,0.9504899215102116
MIDPRICE_2,TOS_STDEVALL_L_1,0.9504899215102116
MIDPRICE_2,TOS_STDEVALL_L_3,0.9504899215102116
MIDPRICE_2,TOS_STDEVALL_U_1,0.9504899215102116
MIDPRICE_2,TOS_STDEVALL_U_3,0.9504899215102115
MIDPRICE_2,TOS_STDEVALL_U_2,0.9504899215102113
HILOs_13_21,TOS_STDEVALL_U_1,0.950429808505698
HILOs_13_21,TOS_STDEVALL_U_2,0.950429808505698
HILOs_13_21,TOS_STDEVALL_L_1,0.950429808505698
HILOs_13_21,TOS_STDEVALL_U_3,0.9504298085056979
HILOs_13_21,TOS_STDEVALL_L_2,0.9504298085056978
HILOs_13_21,TOS_STDEVALL_LR,0.9504298085056978
HILOs_13_21,TOS_STDEVALL_L_3,0.9504298085056978
MIDPOINT_2,TOS_STDEVALL_L_1,0.9504263423550106
MIDPOINT_2,TOS_STDEVALL_U_2,0.9504263423550106
MIDPOINT_2,TOS_STDEVALL_U_1,0.9504263423550106
MIDPOINT_2,TOS_STDEVALL_L_2,0.9504263423550103
MIDPOINT_2,TOS_STDEVALL_L_3,0.9504263423550103
MIDPOINT_2,TOS_STDEVALL_LR,0.9504263423550103
MIDPOINT_2,TOS_STDEVALL_U_3,0.9504263423550102
TOS_STDEVALL_U_1,CHDLREXTs_22_22_14_2.0,0.9504236611876463
TOS_STDEVALL_L_3,CHDLREXTs_22_22_14_2.0,0.9504236611876461
TOS_STDEVALL_U_3,CHDLREXTs_22_22_14_2.0,0.9504236611876461
TOS_STDEVALL_L_2,CHDLREXTs_22_22_14_2.0,0.9504236611876461
TOS_STDEVALL_LR,CHDLREXTs_22_22_14_2.0,0.9504236611876461
TOS_STDEVALL_L_1,CHDLREXTs_22_22_14_2.0,0.9504236611876461
TOS_STDEVALL_U_2,CHDLREXTs_22_22_14_2.0,0.950423661187646
HL2,TOS_STDEVALL_U_3,0.9503717130703225
HL2,TOS_STDEVALL_L_3,0.9503717130703224
HL2,TOS_STDEVALL_L_1,0.9503717130703224
HL2,TOS_STDEVALL_L_2,0.9503717130703224
HL2,TOS_STDEVALL_U_1,0.9503717130703224
HL2,TOS_STDEVALL_LR,0.9503717130703224
HL2,TOS_STDEVALL_U_2,0.9503717130703223
JMA_7_0.0,TOS_STDEVALL_LR,0.9503449906147381
JMA_7_0.0,TOS_STDEVALL_L_2,0.9503449906147381
JMA_7_0.0,TOS_STDEVALL_U_2,0.950344990614738
JMA_7_0.0,TOS_STDEVALL_L_1,0.950344990614738
JMA_7_0.0,TOS_STDEVALL_U_1,0.950344990614738
JMA_7_0.0,TOS_STDEVALL_U_3,0.950344990614738
JMA_7_0.0,TOS_STDEVALL_L_3,0.950344990614738
OHLC4,TOS_STDEVALL_U_1,0.9503435049881739
OHLC4,TOS_STDEVALL_L_3,0.9503435049881737
OHLC4,TOS_STDEVALL_L_2,0.9503435049881737
OHLC4,TOS_STDEVALL_U_3,0.9503435049881737
OHLC4,TOS_STDEVALL_LR,0.9503435049881737
OHLC4,TOS_STDEVALL_U_2,0.9503435049881735
OHLC4,TOS_STDEVALL_L_1,0.9503435049881734
ZL_EMA_10,TOS_STDEVALL_U_3,0.9503403759105602
ZL_EMA_10,TOS_STDEVALL_L_3,0.9503403759105601
ZL_EMA_10,TOS_STDEVALL_L_2,0.9503403759105601
ZL_EMA_10,TOS_STDEVALL_L_1,0.9503403759105601
ZL_EMA_10,TOS_STDEVALL_U_1,0.9503403759105601
ZL_EMA_10,TOS_STDEVALL_LR,0.9503403759105601
ZL_EMA_10,TOS_STDEVALL_U_2,0.95034037591056
TOS_STDEVALL_L_1,VWAP_D,0.9503340995028973
TOS_STDEVALL_L_2,VWAP_D,0.9503340995028972
TOS_STDEVALL_LR,VWAP_D,0.9503340995028972
TOS_STDEVALL_U_2,VWAP_D,0.9503340995028972
TOS_STDEVALL_L_3,VWAP_D,0.9503340995028972
TOS_STDEVALL_U_1,VWAP_D,0.9503340995028972
HLC3,TOS_STDEVALL_L_1,0.9503340995028972
HLC3,TOS_STDEVALL_U_1,0.950334099502897
HLC3,TOS_STDEVALL_LR,0.950334099502897
HLC3,TOS_STDEVALL_U_3,0.950334099502897
TOS_STDEVALL_U_3,VWAP_D,0.950334099502897
HLC3,TOS_STDEVALL_L_2,0.950334099502897
HLC3,TOS_STDEVALL_L_3,0.950334099502897
HLC3,TOS_STDEVALL_U_2,0.9503340995028969
WCP,TOS_STDEVALL_L_1,0.950310327688988
WCP,TOS_STDEVALL_L_3,0.9503103276889879
WCP,TOS_STDEVALL_LR,0.9503103276889879
WCP,TOS_STDEVALL_L_2,0.9503103276889879
WCP,TOS_STDEVALL_U_1,0.9503103276889879
WCP,TOS_STDEVALL_U_3,0.9503103276889879
WCP,TOS_STDEVALL_U_2,0.9503103276889877
Open,TOS_STDEVALL_L_1,0.950308011608107
Open,TOS_STDEVALL_U_3,0.950308011608107
Open,TOS_STDEVALL_L_2,0.950308011608107
Open,TOS_STDEVALL_L_3,0.950308011608107
Open,TOS_STDEVALL_LR,0.950308011608107
Open,TOS_STDEVALL_U_1,0.9503080116081069
Open,TOS_STDEVALL_U_2,0.9503080116081065
HMA_10,TOS_STDEVALL_U_2,0.9502253289182362
HMA_10,TOS_STDEVALL_U_3,0.9502253289182361
HMA_10,TOS_STDEVALL_L_1,0.9502253289182361
HMA_10,TOS_STDEVALL_U_1,0.9502253289182361
HMA_10,TOS_STDEVALL_L_3,0.9502253289182359
HMA_10,TOS_STDEVALL_LR,0.9502253289182359
HMA_10,TOS_STDEVALL_L_2,0.9502253289182359
Close,TOS_STDEVALL_U_1,0.9502191904924715
Close,TOS_STDEVALL_L_2,0.9502191904924714
Close,TOS_STDEVALL_U_3,0.9502191904924714
Close,TOS_STDEVALL_LR,0.9502191904924714
Close,TOS_STDEVALL_L_3,0.9502191904924714
Close,TOS_STDEVALL_L_1,0.9502191904924713
Close,TOS_STDEVALL_U_2,0.9502191904924709
TOS_STDEVALL_LR,PSARl_0.02_0.2,0.9502098361560521
TOS_STDEVALL_U_2,PSARl_0.02_0.2,0.9502098361560521
TOS_STDEVALL_L_2,PSARl_0.02_0.2,0.9502098361560521
TOS_STDEVALL_L_3,PSARl_0.02_0.2,0.9502098361560521
TOS_STDEVALL_U_1,PSARl_0.02_0.2,0.950209836156052
TOS_STDEVALL_L_1,PSARl_0.02_0.2,0.950209836156052
TOS_STDEVALL_U_3,PSARl_0.02_0.2,0.9502098361560519
TEMA_10,TOS_STDEVALL_L_1,0.9501198518895425
TEMA_10,TOS_STDEVALL_L_2,0.9501198518895424
TEMA_10,TOS_STDEVALL_LR,0.9501198518895424
TEMA_10,TOS_STDEVALL_L_3,0.9501198518895424
TEMA_10,TOS_STDEVALL_U_3,0.9501198518895423
TEMA_10,TOS_STDEVALL_U_1,0.9501198518895423
TEMA_10,TOS_STDEVALL_U_2,0.9501198518895423
DEMA_10,TOS_STDEVALL_LR,0.9501076635974682
DEMA_10,TOS_STDEVALL_U_2,0.9501076635974682
DEMA_10,TOS_STDEVALL_L_2,0.9501076635974682
DEMA_10,TOS_STDEVALL_L_3,0.9501076635974682
DEMA_10,TOS_STDEVALL_L_1,0.9501076635974681
DEMA_10,TOS_STDEVALL_U_3,0.9501076635974681
DEMA_10,TOS_STDEVALL_U_1,0.9501076635974681
Adj Close,TOS_STDEVALL_L_1,0.9500886681136588
Adj Close,TOS_STDEVALL_LR,0.9500886681136588
Adj Close,TOS_STDEVALL_L_3,0.9500886681136588
Adj Close,TOS_STDEVALL_L_2,0.9500886681136588
Adj Close,TOS_STDEVALL_U_1,0.9500886681136587
Adj Close,TOS_STDEVALL_U_2,0.9500886681136587
Adj Close,TOS_STDEVALL_U_3,0.9500886681136586
