,signal,actual_return,strategy_return,fold
2015-05-29,1,0.0017404982312567707,0.0017404982312567707,1
2015-06-01,-1,-0.0007983008752361354,0.0007983008752361354,1
2015-06-02,-1,0.002819842593090538,-0.002819842593090538,1
2015-06-03,1,-0.00806074225018294,-0.00806074225018294,1
2015-06-04,-1,-0.002220548108150977,0.002220548108150977,1
2015-06-05,-1,-0.006155608867510209,0.006155608867510209,1
2015-06-08,-1,-0.00033347022551444283,0.00033347022551444283,1
2015-06-09,-1,0.01186726788417003,-0.01186726788417003,1
2015-06-10,1,0.0033912732748462293,0.0033912732748462293,1
2015-06-11,1,-0.00760453986044396,-0.00760453986044396,1
2015-06-12,1,-0.004162550813910371,-0.004162550813910371,1
2015-06-15,-1,0.005557394080317524,-0.005557394080317524,1
2015-06-16,-1,0.0013699033967997654,-0.0013699033967997654,1
2015-06-17,1,0.010047594550829597,0.010047594550829597,1
2015-06-18,1,-0.005931202328754104,-0.005931202328754104,1
2015-06-19,1,0.007141127414075132,0.007141127414075132,1
2015-06-22,1,0.0004665116657811552,0.0004665116657811552,1
2015-06-23,1,-0.012542558055184894,-0.012542558055184894,1
2015-06-24,-1,-0.00316365177451694,0.00316365177451694,1
2015-06-25,-1,0.0002842004567300549,-0.0002842004567300549,1
2015-06-26,-1,-0.021025725623457392,0.021025725623457392,1
2015-06-29,-1,0.002370267998311526,-0.002370267998311526,1
2015-06-30,-1,0.00781775459726064,-0.00781775459726064,1
2015-07-01,1,-0.0011970887013209586,-0.0011970887013209586,1
2015-07-02,1,-0.0026367661988299096,-0.0026367661988299096,1
2015-07-06,-1,0.006152730625814895,-0.006152730625814895,1
2015-07-07,1,-0.016864197948446735,-0.016864197948446735,1
2015-07-08,-1,0.0017979998447352763,-0.0017979998447352763,1
2015-07-09,1,0.012757031321817047,0.012757031321817047,1
2015-07-10,1,0.011015868220302094,0.011015868220302094,1
2015-07-13,1,0.004168861140174007,0.004168861140174007,1
2015-07-14,1,-0.00037742053400935394,-0.00037742053400935394,1
2015-07-15,1,0.007834270927797649,0.007834270927797649,1
2015-07-16,1,0.001077011118015836,0.001077011118015836,1
2015-07-17,1,0.0003742250515086365,0.0003742250515086365,1
2015-07-20,1,-0.003881052224286363,-0.003881052224286363,1
2015-07-21,1,-0.0019246287586667243,-0.0019246287586667243,1
2015-07-22,-1,-0.005408681793311776,0.005408681793311776,1
2015-07-23,-1,-0.010497948682499869,0.010497948682499869,1
2015-07-24,-1,-0.006021479124663998,0.006021479124663998,1
2015-07-27,-1,0.01245250381983265,-0.01245250381983265,1
2015-07-28,-1,0.0066958099052567555,-0.0066958099052567555,1
2015-07-29,1,0.0003301668173782968,0.0003301668173782968,1
2015-07-30,1,-0.001414708361839545,-0.001414708361839545,1
2015-07-31,1,-0.003400081409994038,-0.003400081409994038,1
2015-08-03,1,-0.0020848521446863444,-0.0020848521446863444,1
2015-08-04,-1,0.003751155096094916,-0.003751155096094916,1
2015-08-05,1,-0.008041993250156754,-0.008041993250156754,1
2015-08-06,1,-0.002432208306008876,-0.002432208306008876,1
2015-08-07,-1,0.01266855936543032,-0.01266855936543032,1
2015-08-10,-1,-0.009016681516307079,0.009016681516307079,1
2015-08-11,1,0.000952729373031147,0.000952729373031147,1
2015-08-12,-1,-0.0009993882541307064,0.0009993882541307064,1
2015-08-13,1,0.003430047201857578,0.003430047201857578,1
2015-08-14,-1,0.005887054102595268,-0.005887054102595268,1
2015-08-17,1,-0.002831882090688187,-0.002831882090688187,1
2015-08-18,1,-0.008046560864597763,-0.008046560864597763,1
2015-08-19,-1,-0.021234012747572195,0.021234012747572195,1
2015-08-20,-1,-0.030762469329178588,0.030762469329178588,1
2015-08-21,-1,-0.04169807045890417,0.04169807045890417,1
2015-08-24,-1,-0.0117573243907797,0.0117573243907797,1
2015-08-25,1,0.03930313333578628,0.03930313333578628,1
2015-08-26,1,0.024581014909135,0.024581014909135,1
2015-08-27,1,-4.9926506812014715e-05,-4.9926506812014715e-05,1
2015-08-28,1,-0.0086292685774505,-0.0086292685774505,1
2015-08-31,1,-0.030289329672759435,-0.030289329672759435,1
2015-09-01,-1,0.01976857595109327,-0.01976857595109327,1
2015-09-02,-1,0.0008650322252063969,-0.0008650322252063969,1
2015-09-03,1,-0.015505073192307539,-0.015505073192307539,1
2015-09-04,-1,0.025870052732092308,-0.025870052732092308,1
2015-09-08,1,-0.013892356834316222,-0.013892356834316222,1
2015-09-09,1,0.005359619376909208,0.005359619376909208,1
2015-09-10,-1,0.004874042558663971,-0.004874042558663971,1
2015-09-11,-1,-0.003890482415039531,0.003890482415039531,1
2015-09-14,1,0.012528538154558788,0.012528538154558788,1
2015-09-15,1,0.008967080396285132,0.008967080396285132,1
2015-09-16,1,-0.0025321967943588986,-0.0025321967943588986,1
2015-09-17,1,-0.01667491760329609,-0.01667491760329609,1
2015-09-18,-1,0.005264455935545254,-0.005264455935545254,1
2015-09-21,-1,-0.012588750924524827,0.012588750924524827,1
2015-09-22,-1,-0.001682910078115607,0.001682910078115607,1
2015-09-23,-1,-0.0035757916218052133,0.0035757916218052133,1
2015-09-24,-1,-0.006203175793205173,0.006203175793205173,1
2015-09-25,-1,-0.02496781761304212,0.02496781761304212,1
2015-09-28,-1,0.00015871530696109915,-0.00015871530696109915,1
2015-09-29,-1,0.019413952380856303,-0.019413952380856303,1
2015-09-30,-1,0.0027502400541337124,-0.0027502400541337124,1
2015-10-01,1,0.014645010094220812,0.014645010094220812,1
2015-10-02,-1,0.01810571561359997,-0.01810571561359997,1
2015-10-05,1,-0.003757138655171799,-0.003757138655171799,1
2015-10-06,1,0.008246590385251551,0.008246590385251551,1
2015-10-07,1,0.009176657758159568,0.009176657758159568,1
2015-10-08,1,0.0007412596588094456,0.0007412596588094456,1
2015-10-09,1,0.0008888527199073515,0.0008888527199073515,1
2015-10-12,1,-0.006463378754356319,-0.006463378754356319,1
2015-10-13,-1,-0.005015615689160535,0.005015615689160535,1
2015-10-14,-1,0.01532237999639463,-0.01532237999639463,1
2015-10-15,-1,0.004424171398894172,-0.004424171398894172,1
2015-10-16,1,0.0007830649472693185,0.0007830649472693185,1
2015-10-19,1,-0.0014670792884684536,-0.0014670792884684536,1
2015-10-20,1,-0.005827917269102034,-0.005827917269102034,1
2015-10-21,1,0.016453183930495774,0.016453183930495774,1
2015-10-22,1,0.011243614255084244,0.011243614255084244,1
2015-10-23,1,-0.002300445595244116,-0.002300445595244116,1
2015-10-26,1,-0.0019213849099674052,-0.0019213849099674052,1
2015-10-27,-1,0.011213792688147928,-0.011213792688147928,1
2015-10-28,1,-0.0005235381944316275,-0.0005235381944316275,1
2015-10-29,1,-0.004523794991629471,-0.004523794991629471,1
2015-10-30,1,0.012198053166861067,0.012198053166861067,1
2015-11-02,1,0.002504720056754728,0.002504720056754728,1
2015-11-03,1,-0.002592764055521779,-0.002592764055521779,1
2015-11-04,1,-0.001228823634492393,-0.001228823634492393,1
2015-11-05,1,-0.0003785814323389314,-0.0003785814323389314,1
2015-11-06,-1,-0.009609916334539004,0.009609916334539004,1
2015-11-09,-1,0.0024377156468116112,-0.0024377156468116112,1
2015-11-10,-1,-0.0038622809168369354,0.0038622809168369354,1
2015-11-11,1,-0.014073057248907062,-0.014073057248907062,1
2015-11-12,-1,-0.011166689508795402,0.011166689508795402,1
2015-11-13,-1,0.015466240406505571,-0.015466240406505571,1
2015-11-16,-1,-0.0013055036403594178,0.0013055036403594178,1
2015-11-17,1,0.01607355127754584,0.01607355127754584,2
2015-11-18,1,-0.0009529563677290742,-0.0009529563677290742,2
2015-11-19,1,0.004530915040485306,0.004530915040485306,2
2015-11-20,1,-0.0018991259413040362,-0.0018991259413040362,2
2015-11-23,1,0.0014270909048414993,0.0014270909048414993,2
2015-11-24,-1,4.747533076709942e-05,-4.747533076709942e-05,2
2015-11-25,1,0.0008550227312689174,0.0008550227312689174,2
2015-11-27,1,-0.003986576668949415,-0.003986576668949415,2
2015-11-30,1,0.00981558872883892,0.00981558872883892,2
2015-12-01,1,-0.010333540595018675,-0.010333540595018675,2
2015-12-02,1,-0.014208119139318187,-0.014208119139318187,2
2015-12-03,-1,0.019539604624957185,-0.019539604624957185,2
2015-12-04,-1,-0.00616699730995085,0.00616699730995085,2
2015-12-07,1,-0.00653935616795942,-0.00653935616795942,2
2015-12-08,-1,-0.007879687460593865,0.007879687460593865,2
2015-12-09,-1,0.0025182284848603853,-0.0025182284848603853,2
2015-12-10,-1,-0.019902397113736647,0.019902397113736647,2
2015-12-11,-1,0.006358092020372963,-0.006358092020372963,2
2015-12-14,-1,0.009844303250694741,-0.009844303250694741,2
2015-12-15,1,0.014452668375062983,0.014452668375062983,2
2015-12-16,1,-0.01477265556695595,-0.01477265556695595,2
2015-12-17,1,-0.018730592857408856,-0.018730592857408856,2
2015-12-18,-1,0.008604517271587842,-0.008604517271587842,2
2015-12-21,-1,0.009266519550079622,-0.009266519550079622,2
2015-12-22,1,0.012581959004597687,0.012581959004597687,2
2015-12-23,1,-0.007724048126530492,-0.007724048126530492,2
2015-12-24,1,-0.002369121930213547,-0.002369121930213547,2
2015-12-28,-1,0.010516614362015675,-0.010516614362015675,2
2015-12-29,1,-0.007385704890430667,-0.007385704890430667,2
2015-12-30,1,-0.010146427458713081,-0.010146427458713081,2
2015-12-31,-1,-0.014008860182506688,0.014008860182506688,2
2016-01-04,-1,0.00207919885616481,-0.00207919885616481,2
2016-01-05,-1,-0.013091561705640409,0.013091561705640409,2
2016-01-06,-1,-0.023927510021862775,0.023927510021862775,2
2016-01-07,-1,-0.011077509622333448,0.011077509622333448,2
2016-01-08,-1,0.0010371671749369593,-0.0010371671749369593,2
2016-01-11,-1,0.007719035914555805,-0.007719035914555805,2
2016-01-12,1,-0.024316321624704873,-0.024316321624704873,2
2016-01-13,1,0.015859686348621338,0.015859686348621338,2
2016-01-14,-1,-0.02105807829009121,0.02105807829009121,2
2016-01-15,-1,0.0005297808721860253,-0.0005297808721860253,2
2016-01-19,1,-0.011597132407732524,-0.011597132407732524,2
2016-01-20,-1,0.005196899289699797,-0.005196899289699797,2
2016-01-21,-1,0.020626854688698515,-0.020626854688698515,2
2016-01-22,1,-0.015248828059851727,-0.015248828059851727,2
2016-01-25,1,0.013575846948938208,0.013575846948938208,2
2016-01-26,-1,-0.010725699782275111,0.010725699782275111,2
2016-01-27,1,0.00544742315063651,0.00544742315063651,2
2016-01-28,1,0.023723078703679512,0.023723078703679512,2
2016-01-29,1,-0.0001027079137466691,-0.0001027079137466691,2
2016-02-01,1,-0.018037048589597093,-0.018037048589597093,2
2016-02-02,1,0.005337821403572196,0.005337821403572196,2
2016-02-03,-1,0.002186237924162837,-0.002186237924162837,2
2016-02-04,-1,-0.019113866405825575,0.019113866405825575,2
2016-02-05,1,-0.01344987271819098,-0.01344987271819098,2
2016-02-08,-1,-0.0003756753064616536,0.0003756753064616536,2
2016-02-09,-1,-0.00048330967582033146,0.00048330967582033146,2
2016-02-10,1,-0.012463025202782418,-0.012463025202782418,2
2016-02-11,-1,0.020236094128541104,-0.020236094128541104,2
2016-02-12,-1,0.01663553754422753,-0.01663553754422753,2
2016-02-16,1,0.01657315619896016,0.01657315619896016,2
2016-02-17,1,-0.004024138533397559,-0.004024138533397559,2
2016-02-18,1,-0.0006216543593857704,-0.0006216543593857704,2
2016-02-19,-1,0.014461248384591396,-0.014461248384591396,2
2016-02-22,1,-0.012160253770531537,-0.012160253770531537,2
2016-02-23,1,0.004551592528607262,0.004551592528607262,2
2016-02-24,-1,0.01173925839237322,-0.01173925839237322,2
2016-02-25,1,-0.0017812015446088125,-0.0017812015446088125,2
2016-02-26,1,-0.008360945402394071,-0.008360945402394071,2
2016-02-29,1,0.024060501088574382,0.024060501088574382,2
2016-03-01,1,0.00441791692367377,0.00441791692367377,2
2016-03-02,1,0.003548715095149424,0.003548715095149424,2
2016-03-03,1,0.0034863878498756495,0.0034863878498756495,2
2016-03-04,1,0.000992639232098469,0.000992639232098469,2
2016-03-07,1,-0.011404144568103902,-0.011404144568103902,2
2016-03-08,-1,0.005166008396390032,-0.005166008396390032,2
2016-03-09,-1,0.0005488778421312013,-0.0005488778421312013,2
2016-03-10,1,0.016556912002248847,0.016556912002248847,2
2016-03-11,1,-0.0013736204097685167,-0.0013736204097685167,2
2016-03-14,1,-0.0016702512378089507,-0.0016702512378089507,2
2016-03-15,-1,0.006397023147076686,-0.006397023147076686,2
2016-03-16,-1,0.006307418634777129,-0.006307418634777129,2
2016-03-17,1,0.003692773794473414,0.003692773794473414,2
2016-03-18,1,0.0014522330557791285,0.0014522330557791285,2
2016-03-21,1,-0.000580050853288494,-0.000580050853288494,2
2016-03-22,-1,-0.011850045698873934,0.011850045698873934,2
2016-03-23,-1,-0.0005874222916489868,0.0005874222916489868,2
2016-03-24,-1,0.0006367170510135356,-0.0006367170510135356,2
2016-03-28,-1,0.009544305083176052,-0.009544305083176052,2
2016-03-29,1,0.0042180277278525136,0.0042180277278525136,2
2016-03-30,1,-0.002317438203121247,-0.002317438203121247,2
2016-03-31,1,0.006387647535474716,0.006387647535474716,2
2016-04-01,-1,-0.0032697404942007013,0.0032697404942007013,2
2016-04-04,1,-0.00979303799047726,-0.00979303799047726,2
2016-04-05,-1,0.010815557245029472,-0.010815557245029472,2
2016-04-06,-1,-0.012097525344718196,0.012097525344718196,2
2016-04-07,1,0.0029760482349547868,0.0029760482349547868,2
2016-04-08,1,-0.0028212949989724345,-0.0028212949989724345,2
2016-04-11,1,0.009853679377858304,0.009853679377858304,2
2016-04-12,-1,0.010047347058872447,-0.010047347058872447,2
2016-04-13,1,9.55954714891849e-05,9.55954714891849e-05,2
2016-04-14,1,-0.001578050108837048,-0.001578050108837048,2
2016-04-15,1,0.007280062844668311,0.007280062844668311,2
2016-04-18,-1,0.003043123945974724,-0.003043123945974724,2
2016-04-19,1,0.0007584909429916298,0.0007584909429916298,2
2016-04-20,1,-0.004973724829340553,-0.004973724829340553,2
2016-04-21,1,-0.0001428105286371828,-0.0001428105286371828,2
2016-04-22,-1,-0.001761629859248326,0.001761629859248326,2
2016-04-25,-1,0.0016693257589111,-0.0016693257589111,2
2016-04-26,1,0.0018570515682563293,0.0018570515682563293,2
2016-04-27,1,-0.008650152653165488,-0.008650152653165488,2
2016-04-28,-1,-0.005369618886544414,0.005369618886544414,2
2016-04-29,-1,0.007808710424953569,-0.007808710424953569,2
2016-05-02,-1,-0.00875263925305203,0.00875263925305203,2
2016-05-03,-1,-0.0056935714151085115,0.0056935714151085115,2
2016-05-04,-1,-0.00029122538579029467,0.00029122538579029467,2
2016-05-05,-1,0.0038833215527864784,-0.0038833215527864784,2
2016-05-06,-1,0.0009670564798760495,-0.0009670564798760495,2
2016-05-09,1,0.012125065611467978,0.012125065611467978,2
2016-05-10,1,-0.009306972644513745,-0.009306972644513745,2
2016-05-11,1,0.0004817210637295677,0.0004817210637295677,3
2016-05-12,1,-0.009245428737295724,-0.009245428737295724,3
2016-05-13,-1,0.010109364913996055,-0.010109364913996055,3
2016-05-16,-1,-0.00880528227364541,0.00880528227364541,3
2016-05-17,1,9.71081187424172e-05,9.71081187424172e-05,3
2016-05-18,-1,-0.0035433985593101847,0.0035433985593101847,3
2016-05-19,-1,0.006088947541918133,-0.006088947541918133,3
2016-05-20,1,-0.0013556637377680758,-0.0013556637377680758,3
2016-05-23,1,0.01299334823012166,0.01299334823012166,3
2016-05-24,1,0.006748366256503546,0.006748366256503546,3
2016-05-25,1,0.0003802546705240495,0.0003802546705240495,3
2016-05-26,1,0.004134440936454542,0.004134440936454542,3
2016-05-27,-1,-0.0015617691731591998,0.0015617691731591998,3
2016-05-31,1,0.0018959752295111265,0.0018959752295111265,3
2016-06-01,-1,0.0032644294712866895,-0.0032644294712866895,3
2016-06-02,1,-0.0033480687694620315,-0.0033480687694620315,3
2016-06-03,-1,0.005535832198520385,-0.005535832198520385,3
2016-06-06,1,0.0011763598483627291,0.0011763598483627291,3
2016-06-07,1,0.0031959047898053594,0.0031959047898053594,3
2016-06-08,1,-0.0011712344978885847,-0.0011712344978885847,3
2016-06-09,-1,-0.009427741724235994,0.009427741724235994,3
2016-06-10,-1,-0.007907562619630326,0.007907562619630326,3
2016-06-13,-1,-0.0018136926072144233,0.0018136926072144233,3
2016-06-14,-1,-0.0017691265098368492,0.0017691265098368492,3
2016-06-15,-1,0.003257137816090605,-0.003257137816090605,3
2016-06-16,-1,-0.003771751242030441,0.003771751242030441,3
2016-06-17,-1,0.006613579985640605,-0.006613579985640605,3
2016-06-20,1,-0.0019996104664370407,-0.0019996104664370407,3
2016-06-21,1,-0.0016696443701894603,-0.0016696443701894603,3
2016-06-22,1,0.013045327432519738,0.013045327432519738,3
2016-06-23,1,-0.036745251349683095,-0.036745251349683095,3
2016-06-24,-1,-0.01753098140812892,0.01753098140812892,3
2016-06-27,-1,0.018691122507774383,-0.018691122507774383,3
2016-06-28,-1,0.016733526212147076,-0.016733526212147076,3
2016-06-29,1,0.012993247875793701,0.012993247875793701,3
2016-06-30,1,0.002992897305522657,0.002992897305522657,3
2016-07-01,1,-0.007057289152203161,-0.007057289152203161,3
2016-07-05,1,0.00572408391402357,0.00572408391402357,3
2016-07-06,-1,-0.0008536932219103122,0.0008536932219103122,3
2016-07-07,1,0.015190339374411499,0.015190339374411499,3
2016-07-08,1,0.0037875131220519442,0.0037875131220519442,3
2016-07-11,1,0.0070340267373905085,0.0070340267373905085,3
2016-07-12,1,-9.246467919843404e-05,-9.246467919843404e-05,3
2016-07-13,1,0.005505192548323601,0.005505192548323601,3
2016-07-14,1,-0.0014723133896134,-0.0014723133896134,3
2016-07-15,1,0.0027646228949473883,0.0027646228949473883,3
2016-07-18,1,-0.0011028143536241375,-0.0011028143536241375,3
2016-07-19,-1,0.004232016981132292,-0.004232016981132292,3
2016-07-20,1,-0.003618676629414508,-0.003618676629414508,3
2016-07-21,1,0.004367400375058006,0.004367400375058006,3
2016-07-22,-1,-0.0025632698103389417,0.0025632698103389417,3
2016-07-25,1,0.000412997734744458,0.000412997734744458,3
2016-07-26,-1,-0.0010091799114821942,0.0010091799114821942,3
2016-07-27,1,0.0011938401519573372,0.0011938401519573372,3
2016-07-28,-1,0.0015134922088426705,-0.0015134922088426705,3
2016-07-29,1,-0.0011448459293403879,-0.0011448459293403879,3
2016-08-01,1,-0.005914145034891183,-0.005914145034891183,3
2016-08-02,-1,0.0029516182458324547,-0.0029516182458324547,3
2016-08-03,-1,0.0009196530423487559,-0.0009196530423487559,3
2016-08-04,1,0.00794779134511825,0.00794779134511825,3
2016-08-05,1,-0.0005469239768717271,-0.0005469239768717271,3
2016-08-08,1,0.0006384503394190055,0.0006384503394190055,3
2016-08-09,1,-0.002461003056417166,-0.002461003056417166,3
2016-08-10,1,0.004614375385164404,0.004614375385164404,3
2016-08-11,1,-0.0008185578074531019,-0.0008185578074531019,3
2016-08-12,1,0.003003906891595687,0.003003906891595687,3
2016-08-15,1,-0.005082339438233885,-0.005082339438233885,3
2016-08-16,1,0.0018243735301453068,0.0018243735301453068,3
2016-08-17,-1,0.0023219202358155666,-0.0023219202358155666,3
2016-08-18,-1,-0.001544314735806629,0.001544314735806629,3
2016-08-19,1,-0.00031847567048570724,-0.00031847567048570724,3
2016-08-22,-1,0.002093318379372766,-0.002093318379372766,3
2016-08-23,1,-0.004722803293281896,-0.004722803293281896,3
2016-08-24,-1,-0.0010037925926957847,0.0010037925926957847,3
2016-08-25,-1,-0.0017812258281996174,0.0017812258281996174,3
2016-08-26,-1,0.004758457890461143,-0.004758457890461143,3
2016-08-29,-1,-0.001548322346218045,0.001548322346218045,3
2016-08-30,1,-0.0027820880490468936,-0.0027820880490468936,3
2016-08-31,-1,9.148992919882915e-05,-9.148992919882915e-05,3
2016-09-01,-1,0.004390207718964145,-0.004390207718964145,3
2016-09-02,1,0.003369258379654516,0.003369258379654516,3
2016-09-06,1,-0.00018148244778759537,-0.00018148244778759537,3
2016-09-07,1,-0.0023601155908838933,-0.0023601155908838933,3
2016-09-08,1,-0.023975271056795977,-0.023975271056795977,3
2016-09-09,-1,0.014402963052947193,-0.014402963052947193,3
2016-09-12,-1,-0.01452007347888884,0.01452007347888884,3
2016-09-13,-1,-0.0005594960437568242,0.0005594960437568242,3
2016-09-14,-1,0.010123620747168882,-0.010123620747168882,3
2016-09-15,-1,-0.004156702094559761,0.004156702094559761,3
2016-09-16,1,0.0005101595994925212,0.0005101595994925212,3
2016-09-19,1,9.272828469431005e-05,9.272828469431005e-05,3
2016-09-20,1,0.011170353010935719,0.011170353010935719,3
2016-09-21,1,0.006142264005303266,0.006142264005303266,3
2016-09-22,1,-0.005239152147992643,-0.005239152147992643,3
2016-09-23,1,-0.013281470456651179,-0.013281470456651179,3
2016-09-26,-1,0.006080285807144703,-0.006080285807144703,3
2016-09-27,-1,0.005259270246071646,-0.005259270246071646,3
2016-09-28,1,-0.008994912849833447,-0.008994912849833447,3
2016-09-29,1,0.007502061215485467,0.007502061215485467,3
2016-09-30,1,-0.003079601840705437,-0.003079601840705437,3
2016-10-03,1,-0.004380086453573573,-0.004380086453573573,3
2016-10-04,-1,0.0043993560132518095,-0.0043993560132518095,3
2016-10-05,1,0.0009682637026058316,0.0009682637026058316,3
2016-10-06,1,-0.003915274433987537,-0.003915274433987537,3
2016-10-07,1,0.00504044549313587,0.00504044549313587,3
2016-10-10,1,-0.01233087660319443,-0.01233087660319443,3
2016-10-11,-1,0.0012577518357674844,-0.0012577518357674844,3
2016-10-12,-1,-0.0030707133755683014,0.0030707133755683014,3
2016-10-13,-1,9.328890312820803e-05,-9.328890312820803e-05,3
2016-10-14,1,-0.003313227296293353,-0.003313227296293353,3
2016-10-17,1,0.006180316762399052,0.006180316762399052,3
2016-10-18,1,0.0024662577680303333,0.0024662577680303333,3
2016-10-19,1,-0.0017174726350398517,-0.0017174726350398517,3
2016-10-20,1,0.00046501490119466027,0.00046501490119466027,3
2016-10-21,-1,0.004415304573679446,-0.004415304573679446,3
2016-10-24,1,-0.0031928297601105937,-0.0031928297601105937,3
2016-10-25,1,-0.002088928382077526,-0.002088928382077526,3
2016-10-26,-1,-0.0027445519586004608,0.0027445519586004608,3
2016-10-27,1,-0.002938729678436558,-0.002938729678436558,3
2016-10-28,-1,-0.0002806903326023624,0.0002806903326023624,3
2016-10-31,-1,-0.006832358543622186,0.006832358543622186,4
2016-11-01,-1,-0.006266794787868513,0.006266794787868513,4
2016-11-02,-1,-0.004172544568471492,0.004172544568471492,4
2016-11-03,-1,-0.0016665369793134044,0.0016665369793134044,4
2016-11-04,-1,0.022177751685420466,-0.022177751685420466,4
2016-11-07,1,0.004619215194768822,0.004619215194768822,4
2016-11-08,1,0.011053852165711975,0.011053852165711975,4
2016-11-09,1,0.001975252289764695,0.001975252289764695,4
2016-11-10,1,-0.0017880038436590695,-0.0017880038436590695,4
2016-11-11,1,0.00027555945331858567,0.00027555945331858567,4
2016-11-14,1,0.007943482435647242,0.007943482435647242,4
2016-11-15,1,-0.0012755046184735885,-0.0012755046184735885,4
2016-11-16,1,0.004515554686965517,0.004515554686965517,4
2016-11-17,-1,-0.0019979223990478356,0.0019979223990478356,4
2016-11-18,1,0.0072797040465470975,0.0072797040465470975,4
2016-11-21,1,0.0016712368138016576,0.0016712368138016576,4
2016-11-22,1,0.0010822758798212373,0.0010822758798212373,4
2016-11-23,-1,0.003648637651323172,-0.003648637651323172,4
2016-11-25,1,-0.004398347193919516,-0.004398347193919516,4
2016-11-28,1,0.0016228670936302425,0.0016228670936302425,4
2016-11-29,-1,-0.0029704471616963657,0.0029704471616963657,4
2016-11-30,1,-0.0036112628364830535,-0.0036112628364830535,4
2016-12-01,-1,0.0008155118835435626,-0.0008155118835435626,4
2016-12-02,-1,0.0057942092167753145,-0.0057942092167753145,4
2016-12-05,1,0.0036005357710402475,0.0036005357710402475,4
2016-12-06,1,0.012915330521895196,0.012915330521895196,4
2016-12-07,1,0.0023907936272886676,0.0023907936272886676,4
2016-12-08,1,0.006360153783466549,0.006360153783466549,4
2016-12-09,1,-0.0012288732578293882,-0.0012288732578293882,4
2016-12-12,1,0.006503474447010493,0.006503474447010493,4
2016-12-13,1,-0.007552917286572258,-0.007552917286572258,4
2016-12-14,1,0.003343280320029063,0.003343280320029063,4
2016-12-15,-1,-0.0015345760290500499,0.0015345760290500499,4
2016-12-16,1,0.0018442812840862022,0.0018442812840862022,4
2016-12-19,-1,0.003944813409382686,-0.003944813409382686,4
2016-12-20,1,-0.008164201489025968,-0.008164201489025968,4
2016-12-21,1,-0.0014525335984870713,-0.0014525335984870713,4
2016-12-22,-1,0.0006612029642878436,-0.0006612029642878436,4
2016-12-23,-1,0.002819380571138508,-0.002819380571138508,4
2016-12-27,1,-0.008214703576706062,-0.008214703576706062,4
2016-12-28,1,-8.860465111559801e-05,-8.860465111559801e-05,4
2016-12-29,-1,-0.0033665315917428273,0.0033665315917428273,4
2016-12-30,-1,0.007066964305394219,-0.007066964305394219,4
2017-01-03,1,0.006046407918246066,0.006046407918246066,4
2017-01-04,1,-0.0009212171874948272,-0.0009212171874948272,4
2017-01-05,1,0.003951848049425832,0.003951848049425832,4
2017-01-06,1,-0.003236553075312676,-0.003236553075312676,4
2017-01-09,1,-0.00043874878194150035,-0.00043874878194150035,4
2017-01-10,-1,0.002677790176381034,-0.002677790176381034,4
2017-01-11,-1,-0.0019263711499131198,0.0019263711499131198,4
2017-01-12,-1,0.00184233963546232,-0.00184233963546232,4
2017-01-13,1,-0.0032838565699212507,-0.0032838565699212507,4
2017-01-17,-1,0.0019328872016604048,-0.0019328872016604048,4
2017-01-18,-1,-0.003200612599432495,0.003200612599432495,4
2017-01-19,1,0.0032988782927876326,0.0032988782927876326,4
2017-01-20,1,-0.0023235368922188693,-0.0023235368922188693,4
2017-01-23,-1,0.006108007843353969,-0.006108007843353969,4
2017-01-24,1,0.00812369215500608,0.00812369215500608,4
2017-01-25,1,-0.0003032983363544517,-0.0003032983363544517,4
2017-01-26,1,-0.001516819516860779,-0.001516819516860779,4
2017-01-27,1,-0.005946159520312411,-0.005946159520312411,4
2017-01-30,-1,-0.00043665067479647934,0.00043665067479647934,4
2017-01-31,-1,0.0005242230368063261,-0.0005242230368063261,4
2017-02-01,1,0.00034927670809326017,0.00034927670809326017,4
2017-02-02,-1,0.007244744764743016,-0.007244744764743016,4
2017-02-03,1,-0.001776456584978603,-0.001776456584978603,4
2017-02-06,1,-4.344893399099714e-05,-4.344893399099714e-05,4
2017-02-07,1,0.0012154307645595441,0.0012154307645595441,4
2017-02-08,-1,0.0058530506795568815,-0.0058530506795568815,4
2017-02-09,1,0.003922429578057551,0.003922429578057551,4
2017-02-10,1,0.005538591154737427,0.005538591154737427,4
2017-02-13,1,0.004013674012190549,0.004013674012190549,4
2017-02-14,1,0.00510332972423666,0.00510332972423666,4
2017-02-15,1,-0.0005077224297488359,-0.0005077224297488359,4
2017-02-16,1,0.0011430203668854055,0.0011430203668854055,4
2017-02-17,-1,0.006046736194196489,-0.006046736194196489,4
2017-02-21,1,-0.0005884305259158396,-0.0005884305259158396,4
2017-02-22,1,0.0007990682243319558,0.0007990682243319558,4
2017-02-23,1,0.001218612785835349,0.001218612785835349,4
2017-02-24,-1,0.0015529689604099062,-0.0015529689604099062,4
2017-02-27,1,-0.002514378289562913,-0.002514378289562913,4
2017-02-28,1,0.013401682383589186,0.013401682383589186,4
2017-03-01,1,-0.005762372036374641,-0.005762372036374641,4
2017-03-02,1,0.0005837442712737229,0.0005837442712737229,4
2017-03-03,-1,-0.0029170185634928014,0.0029170185634928014,4
2017-03-06,-1,-0.002925552454310476,0.002925552454310476,4
2017-03-07,-1,-0.002012034084719616,0.002012034084719616,4
2017-03-08,1,0.0009660674109202017,0.0009660674109202017,4
2017-03-09,-1,0.003482655869242679,-0.003482655869242679,4
2017-03-10,1,0.0005854041113169117,0.0005854041113169117,4
2017-03-13,1,-0.0035521370244270267,-0.0035521370244270267,4
2017-03-14,-1,0.008178145144589921,-0.008178145144589921,4
2017-03-15,1,-0.0012895609608587488,-0.0012895609608587488,4
2017-03-16,1,-0.0020410092028776416,-0.0020410092028776416,4
2017-03-17,1,-0.0012938668697860534,-0.0012938668697860534,4
2017-03-20,-1,-0.01262121484398071,0.01262121484398071,4
2017-03-21,-1,0.0022009831734162155,-0.0022009831734162155,4
2017-03-22,-1,-0.0010980425212278044,0.0010980425212278044,4
2017-03-23,-1,-0.004777629216980661,0.004777629216980661,4
2017-03-24,-1,-0.0014443958484736674,0.0014443958484736674,4
2017-03-27,-1,0.007360117868869365,-0.007360117868869365,4
2017-03-28,-1,0.0014781911703694028,-0.0014781911703694028,4
2017-03-29,1,0.00253021900380368,0.00253021900380368,4
2017-03-30,1,-0.0019349323322468415,-0.0019349323322468415,4
2017-03-31,1,-0.0016858816878264626,-0.0016858816878264626,4
2017-04-03,-1,0.00046439233596107243,-0.00046439233596107243,4
2017-04-04,-1,-0.0029538229422831908,0.0029538229422831908,4
2017-04-05,1,0.0026239847654927484,0.0026239847654927484,4
2017-04-06,-1,-0.0009286670593974256,0.0009286670593974256,4
2017-04-07,-1,0.0007183261492123005,-0.0007183261492123005,4
2017-04-10,1,-0.0012666372979812657,-0.0012666372979812657,4
2017-04-11,-1,-0.0040583669477152196,0.0040583669477152196,4
2017-04-12,-1,-0.006621662985878074,0.006621662985878074,4
2017-04-13,-1,0.008674096440137502,-0.008674096440137502,4
2017-04-17,-1,-0.0030076737372747298,0.0030076737372747298,4
2017-04-18,1,-0.0017421017696045427,-0.0017421017696045427,4
2017-04-19,1,0.00761893788853274,0.00761893788853274,4
2017-04-20,1,-0.002534494384130004,-0.002534494384130004,4
2017-04-21,1,0.010629714373154853,0.010629714373154853,4
2017-04-24,1,0.00590849675542926,0.00590849675542926,4
2017-04-25,1,-0.00041660529991349726,-0.00041660529991349726,5
2017-04-26,1,0.0005834523501937472,0.0005834523501937472,5
2017-04-27,1,-0.0022075004680786048,-0.0022075004680786048,5
2017-04-28,1,0.0027550662415913862,0.0027550662415913862,5
2017-05-01,1,0.0003746413180971686,0.0003746413180971686,5
2017-05-02,1,-0.0009986693721157902,-0.0009986693721157902,5
2017-05-03,-1,0.0006664239531772864,-0.0006664239531772864,5
2017-05-04,1,0.004287552752009649,0.004287552752009649,5
2017-05-05,1,-0.00037302636135172484,-0.00037302636135172484,5
2017-05-08,1,-0.0007463311238870007,-0.0007463311238870007,5
2017-05-09,1,0.0016183218422287649,0.0016183218422287649,5
2017-05-10,-1,-0.0018228620122029415,0.0018228620122029415,5
2017-05-11,-1,-0.0015356317483123938,0.0015356317483123938,5
2017-05-12,-1,0.005071230514076097,-0.005071230514076097,5
2017-05-15,1,-0.0008271514694386806,-0.0008271514694386806,5
2017-05-16,1,-0.01759178800622152,-0.01759178800622152,5
2017-05-17,-1,0.003581385845753182,-0.003581385845753182,5
2017-05-18,-1,0.00701120177936998,-0.00701120177936998,5
2017-05-19,1,0.004752769893886288,0.004752769893886288,5
2017-05-22,1,0.0021576940766014907,0.0021576940766014907,5
2017-05-23,1,0.0024842283625075012,0.0024842283625075012,5
2017-05-24,1,0.004749748795909392,0.004749748795909392,5
2017-05-25,1,-0.0001644614799162225,-0.0001644614799162225,5
2017-05-26,1,-0.0006166751598039033,-0.0006166751598039033,5
2017-05-30,-1,-0.0007405295919630239,0.0007405295919630239,5
2017-05-31,1,0.008192694702216174,0.008192694702216174,5
2017-06-01,1,0.0031850985391028708,0.0031850985391028708,5
2017-06-02,1,-0.0006512950840636966,-0.0006512950840636966,5
2017-06-05,1,-0.0026882343614811344,-0.0026882343614811344,5
2017-06-06,-1,0.0016336282888034237,-0.0016336282888034237,5
2017-06-07,-1,0.00028545290201331674,-0.00028545290201331674,5
2017-06-08,1,-0.0015490170857132002,-0.0015490170857132002,5
2017-06-09,-1,-0.00012247398953979527,0.00012247398953979527,5
2017-06-12,-1,0.004899746561180862,-0.004899746561180862,5
2017-06-13,1,-0.0010970877729118422,-0.0010970877729118422,5
2017-06-14,1,-0.001871100967825834,-0.001871100967825834,5
2017-06-15,-1,-0.0008151120835080405,0.0008151120835080405,5
2017-06-16,-1,0.009013813442720897,-0.009013813442720897,5
2017-06-19,1,-0.0065079454073474485,-0.0065079454073474485,5
2017-06-20,1,-0.0004068927659383048,-0.0004068927659383048,5
2017-06-21,-1,-0.00032557218597439874,0.00032557218597439874,5
2017-06-22,-1,0.0010179152841496286,-0.0010179152841496286,5
2017-06-23,-1,0.0006101032855829747,-0.0006101032855829747,5
2017-06-26,1,-0.01203254761734629,-0.01203254761734629,5
2017-06-27,-1,0.008476024005471094,-0.008476024005471094,5
2017-06-28,-1,-0.008445562108001292,0.008445562108001292,5
2017-06-29,1,0.0015636130713130303,0.0015636130713130303,5
2017-06-30,-1,0.0018897804040818311,-0.0018897804040818311,5
2017-07-03,1,0.0021323011558311844,0.0021323011558311844,5
2017-07-05,1,-0.009001992527257974,-0.009001992527257974,5
2017-07-06,-1,0.006276081824759361,-0.006276081824759361,5
2017-07-07,-1,0.0009437270575807233,-0.0009437270575807233,5
2017-07-10,1,-0.0004919042222947256,-0.0004919042222947256,5
2017-07-11,1,0.007505481573676587,0.007505481573676587,5
2017-07-12,1,0.0015469362599398462,0.0015469362599398462,5
2017-07-13,1,0.004349092913578323,0.004349092913578323,5
2017-07-14,1,0.0002022978216673632,0.0002022978216673632,5
2017-07-17,1,0.0008497136113834181,0.0008497136113834181,5
2017-07-18,-1,0.005093768207175664,-0.005093768207175664,5
2017-07-19,1,0.00048270605073419404,0.00048270605073419404,5
2017-07-20,1,-0.0007638596012311538,-0.0007638596012311538,5
2017-07-21,-1,-0.00024139029514014254,0.00024139029514014254,5
2017-07-24,-1,0.0023341052687555486,-0.0023341052687555486,5
2017-07-25,1,0.00028101362416776965,0.00028101362416776965,5
2017-07-26,1,-0.0009231585779181373,-0.0009231585779181373,5
2017-07-27,1,-0.0014061552302685465,-0.0014061552302685465,5
2017-07-28,-1,-0.0004022805186220113,0.0004022805186220113,5
2017-07-31,1,0.0021331351725641934,0.0021331351725641934,5
2017-08-01,1,0.0005220676378796529,0.0005220676378796529,5
2017-08-02,1,-0.0017662269188760682,-0.0017662269188760682,5
2017-08-03,1,0.0015280878800247866,0.0015280878800247866,5
2017-08-04,1,0.0018469714862940911,0.0018469714862940911,5
2017-08-07,1,-0.002204244318452453,-0.002204244318452453,5
2017-08-08,1,-0.0002008396654723521,-0.0002008396654723521,5
2017-08-09,-1,-0.013859862500483544,0.013859862500483544,5
2017-08-10,-1,0.0010184543885476405,-0.0010184543885476405,5
2017-08-11,-1,0.0099706858866635,-0.0099706858866635,5
2017-08-14,-1,-8.060713465984914e-05,8.060713465984914e-05,5
2017-08-15,1,0.001813468539592078,0.001813468539592078,5
2017-08-16,1,-0.01528561125688599,-0.01528561125688599,5
2017-08-17,-1,-0.002246744464466044,0.002246744464466044,5
2017-08-18,-1,0.001392001383380137,-0.001392001383380137,5
2017-08-21,-1,0.009853238882182591,-0.009853238882182591,5
2017-08-22,-1,-0.0034413202571482726,0.0034413202571482726,5
2017-08-23,1,-0.0018687445317246976,-0.0018687445317246976,5
2017-08-24,1,0.001994343398209031,0.001994343398209031,5
2017-08-25,1,0.00020311582275356344,0.00020311582275356344,5
2017-08-28,1,0.0012589756080603198,0.0012589756080603198,5
2017-08-29,-1,0.00482681298699128,-0.00482681298699128,5
2017-08-30,1,0.005691695339389291,0.005691695339389291,5
2017-08-31,1,0.0017259690761168844,0.0017259690761168844,5
2017-09-01,1,-0.007172370446727805,-0.007172370446727805,5
2017-09-05,-1,0.0033497531485340293,-0.0033497531485340293,5
2017-09-06,-1,0.0,-0.0,5
2017-09-07,1,-0.001689385655903597,-0.001689385655903597,5
2017-09-08,-1,0.01091901941424056,-0.01091901941424056,5
2017-09-11,1,0.0035871230656336905,0.0035871230656336905,5
2017-09-12,1,0.00043685706520402157,0.00043685706520402157,5
2017-09-13,1,-0.00035725591116797517,-0.00035725591116797517,5
2017-09-14,-1,0.001270717401805621,-0.001270717401805621,5
2017-09-15,-1,0.0022606778995739596,-0.0022606778995739596,5
2017-09-18,1,0.0009496665268453608,0.0009496665268453608,5
2017-09-19,1,0.000593038770837051,0.000593038770837051,5
2017-09-20,1,-0.0029237671881422456,-0.0029237671881422456,5
2017-09-21,1,3.960416393944399e-05,3.960416393944399e-05,5
2017-09-22,-1,-0.0019019524381896913,0.0019019524381896913,5
2017-09-25,-1,-0.004525782652787913,0.004525782652787913,5
2017-09-26,-1,0.003908258135749021,-0.003908258135749021,5
2017-09-27,-1,0.0010725947524869994,-0.0010725947524869994,5
2017-09-28,-1,0.003690447126116103,-0.003690447126116103,5
2017-09-29,1,0.004111843494397416,0.004111843494397416,5
2017-10-02,1,0.002362507778996381,0.002362507778996381,5
2017-10-03,1,0.0012962507867053663,0.0012962507867053663,5
2017-10-04,1,0.005806241748790075,0.005806241748790075,5
2017-10-05,1,-0.0010532004294696584,-0.0010532004294696584,5
2017-10-06,1,-0.0016789375673541551,-0.0016789375673541551,5
2017-10-09,1,0.002581366086576553,0.002581366086576553,5
2017-10-10,1,0.001443376462796575,0.001443376462796575,5
2017-10-11,-1,-0.0014412961298868598,0.0014412961298868598,5
2017-10-12,1,0.0011313433294257713,0.0011313433294257713,5
2017-10-13,1,0.0016365308115395827,0.0016365308115395827,6
2017-10-16,1,0.0006224612709893051,0.0006224612709893051,6
2017-10-17,1,0.000855336993164757,0.000855336993164757,6
2017-10-18,1,0.0003884788344827861,0.0003884788344827861,6
2017-10-19,-1,0.005125644897587156,-0.005125644897587156,6
2017-10-20,1,-0.0038246889264402784,-0.0038246889264402784,6
2017-10-23,1,0.0015125055091651518,0.0015125055091651518,6
2017-10-24,1,-0.004685349293622965,-0.004685349293622965,6
2017-10-25,-1,0.0012060284324941772,-0.0012060284324941772,6
2017-10-26,-1,0.008004653233873116,-0.008004653233873116,6
2017-10-27,1,-0.003430918761316404,-0.003430918761316404,6
2017-10-30,1,0.0011218031767228354,0.0011218031767228354,6
2017-10-31,1,0.0016228639994453342,0.0016228639994453342,6
2017-11-01,1,0.0005399997103991971,0.0005399997103991971,6
2017-11-02,1,0.003122942413704255,0.003122942413704255,6
2017-11-03,1,0.0016911463363540324,0.0016911463363540324,6
2017-11-06,1,-0.0004988292734563471,-0.0004988292734563471,6
2017-11-07,1,0.001727560458758326,0.001727560458758326,6
2017-11-08,-1,-0.0036407304289980402,0.0036407304289980402,6
2017-11-09,-1,-0.0006923061753992821,0.0006923061753992821,6
2017-11-10,-1,0.0011162331998268993,-0.0011162331998268993,6
2017-11-13,-1,-0.001999306109370269,0.001999306109370269,6
2017-11-14,-1,-0.005393304449126446,0.005393304449126446,6
2017-11-15,-1,0.008366270522061292,-0.008366270522061292,6
2017-11-16,1,-0.0027271701047296704,-0.0027271701047296704,6
2017-11-17,1,0.001579184433226244,0.001579184433226244,6
2017-11-20,-1,0.006499009328844396,-0.006499009328844396,6
2017-11-21,1,-0.0007259482421989594,-0.0007259482421989594,6
2017-11-22,1,0.0021028820639281687,0.0021028820639281687,6
2017-11-24,1,-0.00030518742944507515,-0.00030518742944507515,6
2017-11-27,1,0.01007589035709322,0.01007589035709322,6
2017-11-28,1,-0.0006422932706461326,-0.0006422932706461326,6
2017-11-29,1,0.00911223367362135,0.00911223367362135,6
2017-11-30,1,-0.0023605412276003213,-0.0023605412276003213,6
2017-12-01,1,-0.0010515990724380142,-0.0010515990724380142,6
2017-12-04,1,-0.003722162234229054,-0.003722162234229054,6
2017-12-05,1,0.0002264144337704721,0.0002264144337704721,6
2017-12-06,-1,0.0030183676566390982,-0.0030183676566390982,6
2017-12-07,-1,0.0054541344975125305,-0.0054541344975125305,6
2017-12-08,1,0.0034418760559276063,0.0034418760559276063,6
2017-12-11,1,0.0015286095751374518,0.0015286095751374518,6
2017-12-12,1,-0.00022334645238131223,-0.00022334645238131223,6
2017-12-13,1,-0.003872392733959895,-0.003872392733959895,6
2017-12-14,1,0.008447687272220339,0.008447687272220339,6
2017-12-15,1,0.00622703815030845,0.00622703815030845,6
2017-12-18,1,-0.008619723458829665,-0.008619723458829665,6
2017-12-19,1,-0.000520249120860683,-0.000520249120860683,6
2017-12-20,-1,0.0020075414124196556,-0.0020075414124196556,6
2017-12-21,1,-0.0002597385246013717,-0.0002597385246013717,6
2017-12-22,-1,-0.0012617692743722708,0.0012617692743722708,6
2017-12-26,-1,0.000631738372544044,-0.000631738372544044,6
2017-12-27,-1,0.0018567343166635553,-0.0018567343166635553,6
2017-12-28,1,-0.0034842003470626493,-0.0034842003470626493,6
2017-12-29,1,0.007439092261838809,0.007439092261838809,6
2018-01-02,1,0.005796593276127471,0.005796593276127471,6
2018-01-03,1,0.004331519776884063,0.004331519776884063,6
2018-01-04,1,0.006323027888001764,0.006323027888001764,6
2018-01-05,1,0.002215580935208239,0.002215580935208239,6
2018-01-08,1,0.0022831226978272667,0.0022831226978272667,6
2018-01-09,1,-0.0015909260937699843,-0.0015909260937699843,6
2018-01-10,-1,0.007098074893780337,-0.007098074893780337,6
2018-01-11,-1,0.006544670244115425,-0.006544670244115425,6
2018-01-12,1,-0.003608337509952708,-0.003608337509952708,6
2018-01-16,1,0.009967726210595274,0.009967726210595274,6
2018-01-17,1,-0.0014909930455716536,-0.0014909930455716536,6
2018-01-18,1,0.004373108248751478,0.004373108248751478,6
2018-01-19,1,0.007929557964495126,0.007929557964495126,6
2018-01-22,1,0.002317998232160612,0.002317998232160612,6
2018-01-23,1,-0.000525682071418343,-0.000525682071418343,6
2018-01-24,1,0.00038569581022018795,0.00038569581022018795,6
2018-01-25,1,0.011599780927963321,0.011599780927963321,6
2018-01-26,1,-0.006616793590653147,-0.006616793590653147,6
2018-01-29,1,-0.01081083209595679,-0.01081083209595679,6
2018-01-30,-1,0.0017627358038387886,-0.0017627358038387886,6
2018-01-31,-1,-0.0012668849526480397,0.0012668849526480397,6
2018-02-01,-1,-0.022058598178709588,0.022058598178709588,6
2018-02-02,-1,-0.041364937256593626,0.041364937256593626,6
2018-02-05,-1,0.01958286867771064,-0.01958286867771064,6
2018-02-06,-1,-0.006156504341267688,0.006156504341267688,6
2018-02-07,-1,-0.03698208893555244,0.03698208893555244,6
2018-02-08,1,0.01559979349325058,0.01559979349325058,6
2018-02-09,-1,0.013312015281589318,-0.013312015281589318,6
2018-02-12,-1,0.002919375704315552,-0.002919375704315552,6
2018-02-13,1,0.013770721596790603,0.013770721596790603,6
2018-02-14,-1,0.012405651363539771,-0.012405651363539771,6
2018-02-15,1,0.00025455358524961724,0.00025455358524961724,6
2018-02-16,1,-0.006107065680853507,-0.006107065680853507,6
2018-02-20,1,-0.005157103409617392,-0.005157103409617392,6
2018-02-21,-1,0.0013602761661304363,-0.0013602761661304363,6
2018-02-22,-1,0.015970944602925252,-0.015970944602925252,6
2018-02-23,-1,0.011708550954330432,-0.011708550954330432,6
2018-02-26,1,-0.012430277807421564,-0.012430277807421564,6
2018-02-27,1,-0.011357112715800532,-0.011357112715800532,6
2018-02-28,1,-0.013316690493987537,-0.013316690493987537,6
2018-03-01,-1,0.005561735009669055,-0.005561735009669055,6
2018-03-02,-1,0.011061946404743672,-0.011061946404743672,6
2018-03-05,-1,0.0027352296375309226,-0.0027352296375309226,6
2018-03-06,1,-0.00036372467385203944,-0.00036372467385203944,6
2018-03-07,-1,0.004657081138338404,-0.004657081138338404,6
2018-03-08,1,0.01698476209927513,0.01698476209927513,6
2018-03-09,1,-0.0008190690845705229,-0.0008190690845705229,6
2018-03-12,1,-0.006486358558653205,-0.006486358558653205,6
2018-03-13,1,-0.005129650723310508,-0.005129650723310508,6
2018-03-14,-1,-0.0010456787652385335,0.0010456787652385335,6
2018-03-15,-1,0.0009023642339476279,-0.0009023642339476279,6
2018-03-16,-1,-0.013415078919803092,0.013415078919803092,6
2018-03-19,-1,0.0017545544626353937,-0.0017545544626353937,6
2018-03-20,-1,-0.0018244180269070265,0.0018244180269070265,6
2018-03-21,-1,-0.029573023870779314,0.029573023870779314,6
2018-03-22,-1,-0.021245393537888235,0.021245393537888235,6
2018-03-23,-1,0.027595019044271085,-0.027595019044271085,6
2018-03-26,-1,-0.017528062456109605,0.017528062456109605,6
2018-03-27,1,-0.0026685429532108396,-0.0026685429532108396,6
2018-03-28,-1,0.014333766799132786,-0.014333766799132786,6
2018-03-29,-1,-0.023212886820113576,0.023212886820113576,6
2018-04-02,-1,0.013001023217777963,-0.013001023217777963,6
2018-04-03,-1,0.011615577982015957,-0.011615577982015957,6
2018-04-04,-1,0.006964597633960068,-0.006964597633960068,6
2018-04-05,1,-0.02209512269838909,-0.02209512269838909,6
2018-04-06,1,0.0043200858323633184,0.0043200858323633184,6
2018-04-09,-1,0.016254239875355347,-0.016254239875355347,7
2018-04-10,1,-0.005431367570892465,-0.005431367570892465,7
2018-04-11,1,0.00854933573808303,0.00854933573808303,7
2018-04-12,1,-0.0030621281528552258,-0.0030621281528552258,7
2018-04-13,1,0.008315545606443875,0.008315545606443875,7
2018-04-16,1,0.010698780997408619,0.010698780997408619,7
2018-04-17,1,0.00044104500296682225,0.00044104500296682225,7
2018-04-18,1,-0.005400643695646301,-0.005400643695646301,7
2018-04-19,1,-0.008421981268528889,-0.008421981268528889,7
2018-04-20,-1,0.0,-0.0,7
2018-04-23,-1,-0.013224511103719028,0.013224511103719028,7
2018-04-24,-1,0.0020008258144432745,-0.0020008258144432745,7
2018-04-25,-1,0.010285511003838677,-0.010285511003838677,7
2018-04-26,1,0.0008950988529419224,0.0008950988529419224,7
2018-04-27,1,-0.007749979419198416,-0.007749979419198416,7
2018-04-30,1,0.001952570382031782,0.001952570382031782,7
2018-05-01,-1,-0.006970675880384025,0.006970675880384025,7
2018-05-02,-1,-0.0021512145586018994,0.0021512145586018994,7
2018-05-03,-1,0.01293499813420329,-0.01293499813420329,7
2018-05-04,-1,0.0036218400200731526,-0.0036218400200731526,7
2018-05-07,1,-0.0004093004413973089,-0.0004093004413973089,7
2018-05-08,1,0.010272479681639357,0.010272479681639357,7
2018-05-09,1,0.009062744742677209,0.009062744742677209,7
2018-05-10,1,0.0020810782655007465,0.0020810782655007465,7
2018-05-11,1,0.0012752071335992987,0.0012752071335992987,7
2018-05-14,1,-0.007313913514505166,-0.007313913514505166,7
2018-05-15,-1,0.00472859703260986,-0.00472859703260986,7
2018-05-16,-1,-0.0008026312141709013,0.0008026312141709013,7
2018-05-17,1,-0.0024463758426653825,-0.0024463758426653825,7
2018-05-18,-1,0.007320376496292358,-0.007320376496292358,7
2018-05-21,1,-0.0026888203820746304,-0.0026888203820746304,7
2018-05-22,1,0.002841836178190116,0.002841836178190116,7
2018-05-23,-1,-0.0018165304268846771,0.0018165304268846771,7
2018-05-24,-1,-0.0028025077840651003,0.0028025077840651003,7
2018-05-25,-1,-0.011132265815914089,0.011132265815914089,7
2018-05-29,-1,0.013361367198350349,-0.013361367198350349,7
2018-05-30,-1,-0.006628945137717612,0.006628945137717612,7
2018-05-31,1,0.01026651882879559,0.01026651882879559,7
2018-06-01,1,0.004645587721728184,0.004645587721728184,7
2018-06-04,1,0.0009031465705897634,0.0009031465705897634,7
2018-06-05,1,0.008590214768587012,0.008590214768587012,7
2018-06-06,1,-0.0006441192177523147,-0.0006441192177523147,7
2018-06-07,1,0.0027930915706531056,0.0027930915706531056,7
2018-06-08,-1,0.001678335974724554,-0.001678335974724554,7
2018-06-11,1,0.001354692772389754,0.001354692772389754,7
2018-06-12,1,-0.003453313290318172,-0.003453313290318172,7
2018-06-13,1,0.0028221562926857846,0.0028221562926857846,7
2018-06-14,1,-0.0014249364420945154,-0.0014249364420945154,7
2018-06-15,-1,-0.0021761098672015144,0.0021761098672015144,7
2018-06-18,-1,-0.0036825124574341173,0.0036825124574341173,7
2018-06-19,-1,0.002081266531449133,-0.002081266531449133,7
2018-06-20,1,-0.006911343512197798,-0.006911343512197798,7
2018-06-21,1,0.0020554136346619956,0.0020554136346619956,7
2018-06-22,1,-0.013638520080387462,-0.013638520080387462,7
2018-06-25,-1,-0.0022984489922797113,0.0022984489922797113,7
2018-06-26,-1,-0.0085932866238555,0.0085932866238555,7
2018-06-27,1,0.006270331357509873,0.006270331357509873,7
2018-06-28,-1,0.0008429750845826423,-0.0008429750845826423,7
2018-06-29,1,0.0028200679936811746,0.0028200679936811746,7
2018-07-02,-1,-0.0039807037788879285,0.0039807037788879285,7
2018-07-03,1,0.008579900427635456,0.008579900427635456,7
2018-07-05,1,0.007779779961022859,0.007779779961022859,7
2018-07-06,1,0.009379193332347713,0.009379193332347713,7
2018-07-09,1,0.0036452915284355125,0.0036452915284355125,7
2018-07-10,1,-0.007442212149067706,-0.007442212149067706,7
2018-07-11,1,0.008610262244913125,0.008610262244913125,7
2018-07-12,-1,0.0010314363386028091,-0.0010314363386028091,7
2018-07-13,1,-0.00035534984229923516,-0.00035534984229923516,7
2018-07-16,1,0.004052232974975256,0.004052232974975256,7
2018-07-17,-1,0.002194906059079349,-0.002194906059079349,7
2018-07-18,1,-0.004132900933594863,-0.004132900933594863,7
2018-07-19,1,-0.0010641965673138243,-0.0010641965673138243,7
2018-07-20,-1,0.0018465291537044237,-0.0018465291537044237,7
2018-07-23,-1,0.00499742351785204,-0.00499742351785204,7
2018-07-24,1,0.009275277714816177,0.009275277714816177,7
2018-07-25,1,-0.0034593272056463453,-0.0034593272056463453,7
2018-07-26,1,-0.006416834651206793,-0.006416834651206793,7
2018-07-27,1,-0.005611223955696909,-0.005611223955696909,7
2018-07-30,-1,0.005359015596056782,-0.005359015596056782,7
2018-07-31,-1,-0.0014120089600678787,0.0014120089600678787,7
2018-08-01,1,0.004772363122925061,0.004772363122925061,7
2018-08-02,-1,0.004644044455615726,-0.004644044455615726,7
2018-08-03,1,0.003852236562913669,0.003852236562913669,7
2018-08-06,1,0.0028606570440565804,0.0028606570440565804,7
2018-08-07,1,-0.00034788361599802364,-0.00034788361599802364,7
2018-08-08,1,-0.0009047909317010383,-0.0009047909317010383,7
2018-08-09,1,-0.007105214487214129,-0.007105214487214129,7
2018-08-10,-1,-0.003367670915882748,0.003367670915882748,7
2018-08-13,-1,0.00640599562865285,-0.00640599562865285,7
2018-08-14,-1,-0.007973975580386816,0.007973975580386816,7
2018-08-15,-1,0.008637448474352327,-0.008637448474352327,7
2018-08-16,1,0.003285572951250204,0.003285572951250204,7
2018-08-17,1,0.0024386206403821387,0.0024386206403821387,7
2018-08-20,1,0.0017029984311669466,0.0017029984311669466,7
2018-08-21,1,-3.4728394835537024e-05,-3.4728394835537024e-05,7
2018-08-22,1,-0.001700056319130283,-0.001700056319130283,7
2018-08-23,-1,0.006221033465392711,-0.006221033465392711,7
2018-08-24,1,0.007909673362186176,0.007909673362186176,7
2018-08-27,1,0.0002742095559207236,0.0002742095559207236,7
2018-08-28,1,0.00565279322237755,0.00565279322237755,7
2018-08-29,1,-0.004258363301807622,-0.004258363301807622,7
2018-08-30,1,0.0005131680594594457,0.0005131680594594457,7
2018-08-31,-1,-0.0016755239717014536,0.0016755239717014536,7
2018-09-04,-1,-0.002705971953724906,0.002705971953724906,7
2018-09-05,-1,-0.0029193779805761766,0.0029193779805761766,7
2018-09-06,-1,-0.0024456321210047927,0.0024456321210047927,7
2018-09-07,-1,0.0022444540151427272,-0.0022444540151427272,7
2018-09-10,1,0.0033419508034560064,0.0033419508034560064,7
2018-09-11,1,6.863887640995436e-05,6.863887640995436e-05,7
2018-09-12,1,0.0057685182313300665,0.0057685182313300665,7
2018-09-13,1,-3.417235137970209e-05,-3.417235137970209e-05,7
2018-09-14,1,-0.0050186105026268635,-0.0050186105026268635,7
2018-09-17,1,0.005592934632026703,0.005592934632026703,7
2018-09-18,-1,0.0007165231850074782,-0.0007165231850074782,7
2018-09-19,1,0.008456120419566782,0.008456120419566782,7
2018-09-20,1,-0.00135253043296657,-0.00135253043296657,7
2018-09-21,1,-0.0030132183606389473,-0.0030132183606389473,7
2018-09-24,-1,-0.001052730523682155,0.001052730523682155,7
2018-09-25,-1,-0.0072750021138008325,0.0072750021138008325,7
2018-09-26,-1,0.0027396011939080367,-0.0027396011939080367,7
2018-09-27,-1,-0.0003073435408769143,0.0003073435408769143,8
2018-09-28,-1,0.0038943192979028485,-0.0038943192979028485,8
2018-10-01,1,-0.0004083272167328955,-0.0004083272167328955,8
2018-10-02,1,0.0006808926196808507,0.0006808926196808507,8
2018-10-03,1,-0.00751835986011018,-0.00751835986011018,8
2018-10-04,-1,-0.006204146223284801,0.006204146223284801,8
2018-10-05,-1,3.4524767626109565e-05,-3.4524767626109565e-05,8
2018-10-08,-1,-0.001207167346928495,0.001207167346928495,8
2018-10-09,-1,-0.032252482668609916,0.032252482668609916,8
2018-10-10,-1,-0.021124044345171678,0.021124044345171678,8
2018-10-11,-1,0.013487450837083692,-0.013487450837083692,8
2018-10-12,-1,-0.0053951012717542435,0.0053951012717542435,8
2018-10-15,1,0.022022913842165703,0.022022913842165703,8
2018-10-16,1,-0.00021229056553084824,-0.00021229056553084824,8
2018-10-17,1,-0.014333195880386174,-0.014333195880386174,8
2018-10-18,1,-0.0008618029641200842,-0.0008618029641200842,8
2018-10-19,-1,-0.0037732699695373073,0.0037732699695373073,8
2018-10-22,1,-0.005951929475574769,-0.005951929475574769,8
2018-10-23,-1,-0.030591110976250224,0.030591110976250224,8
2018-10-24,-1,0.018267478092552025,-0.018267478092552025,8
2018-10-25,-1,-0.018086843279406795,0.018086843279406795,8
2018-10-26,-1,-0.00557851260915232,0.00557851260915232,8
2018-10-29,-1,0.016000904462890153,-0.016000904462890153,8
2018-10-30,-1,0.010746403955682604,-0.010746403955682604,8
2018-10-31,1,0.009752176150730651,0.009752176150730651,8
2018-11-01,1,-0.005555147428305207,-0.005555147428305207,8
2018-11-02,1,0.0061338222860649605,0.0061338222860649605,8
2018-11-05,1,0.005769845395474871,0.005769845395474871,8
2018-11-06,1,0.021539908867880042,0.021539908867880042,8
2018-11-07,1,-0.002154543349770055,-0.002154543349770055,8
2018-11-08,1,-0.00906129710513992,-0.00906129710513992,8
2018-11-09,1,-0.01946700191383466,-0.01946700191383466,8
2018-11-12,-1,-0.0014572307013650532,0.0014572307013650532,8
2018-11-13,-1,-0.0069315019445479464,0.0069315019445479464,8
2018-11-14,-1,0.010102494714834265,-0.010102494714834265,8
2018-11-15,-1,0.0028367719069568587,-0.0028367719069568587,8
2018-11-16,1,-0.016718595469754294,-0.016718595469754294,8
2018-11-19,1,-0.018551981295729103,-0.018551981295729103,8
2018-11-20,-1,0.003231812596155903,-0.003231812596155903,8
2018-11-21,-1,-0.006180678563446951,0.006180678563446951,8
2018-11-23,-1,0.015679784781538864,-0.015679784781538864,8
2018-11-26,-1,0.0031543626365275745,-0.0031543626365275745,8
2018-11-27,1,0.023342695278287806,0.023342695278287806,8
2018-11-28,1,-0.002024355813574852,-0.002024355813574852,8
2018-11-29,1,0.006990953832643809,0.006990953832643809,8
2018-11-30,1,0.012122284594199728,0.012122284594199728,8
2018-12-03,1,-0.03141769375305592,-0.03141769375305592,8
2018-12-04,1,-0.002605186431799411,-0.002605186431799411,8
2018-12-06,-1,-0.022882793955943392,0.022882793955943392,8
2018-12-07,-1,0.0015060010816734248,-0.0015060010816734248,8
2018-12-10,-1,0.00018792403371703514,-0.00018792403371703514,8
2018-12-11,1,0.005412525869111562,0.005412525869111562,8
2018-12-12,1,-0.0009346144122288624,-0.0009346144122288624,8
2018-12-13,1,-0.01811104817675624,-0.01811104817675624,8
2018-12-14,-1,-0.025724085964204835,0.025724085964204835,8
2018-12-17,-1,-0.00011734316453382299,0.00011734316453382299,8
2018-12-18,-1,-0.015178740701581983,0.015178740701581983,8
2018-12-19,-1,-0.01712088950240309,0.01712088950240309,8
2018-12-20,-1,-0.02053100562841692,0.02053100562841692,8
2018-12-21,-1,-0.025830450208246147,0.025830450208246147,8
2018-12-24,-1,0.049049099964750154,-0.049049099964750154,8
2018-12-26,-1,0.009649935023692713,-0.009649935023692713,8
2018-12-27,1,-0.0029192823109102095,-0.0029192823109102095,8
2018-12-28,1,0.009144502316419167,0.009144502316419167,8
2018-12-31,1,0.0004371869563399855,0.0004371869563399855,8
2019-01-02,-1,-0.02498811582082794,0.02498811582082794,8
2019-01-03,-1,0.035162796481084335,-0.035162796481084335,8
2019-01-04,-1,0.0067307200279447255,-0.0067307200279447255,8
2019-01-07,1,0.009852618486788867,0.009852618486788867,8
2019-01-08,1,0.004645869564267047,0.004645869564267047,8
2019-01-09,1,0.0039308627293435094,0.0039308627293435094,8
2019-01-10,-1,-0.0005374636028898649,0.0005374636028898649,8
2019-01-11,-1,-0.004839304794156063,0.004839304794156063,8
2019-01-14,-1,0.010806292573973142,-0.010806292573973142,8
2019-01-15,-1,0.0026345020494003,-0.0026345020494003,8
2019-01-16,1,0.007349553049973867,0.007349553049973867,8
2019-01-17,1,0.01338225744247401,0.01338225744247401,8
2019-01-18,1,-0.013317444050728877,-0.013317444050728877,8
2019-01-22,1,0.0014366914284027477,0.0014366914284027477,8
2019-01-23,-1,0.0009816134129869702,-0.0009816134129869702,8
2019-01-24,-1,0.00890090224476947,-0.00890090224476947,8
2019-01-25,1,-0.00803736036068925,-0.00803736036068925,8
2019-01-28,-1,-0.0013943663413490404,0.0013943663413490404,8
2019-01-29,-1,0.016038945670582283,-0.016038945670582283,8
2019-01-30,1,0.008617080978979175,0.008617080978979175,8
2019-01-31,1,0.0005524743907441287,0.0005524743907441287,8
2019-02-01,1,0.007176965777856648,0.007176965777856648,8
2019-02-04,1,0.004275583606177413,0.004275583606177413,8
2019-02-05,1,-0.0014918988835688207,-0.0014918988835688207,8
2019-02-06,1,-0.009402051876434614,-0.009402051876434614,8
2019-02-07,-1,0.0011036983606189654,-0.0011036983606189654,8
2019-02-08,-1,0.0005511847050785335,-0.0005511847050785335,8
2019-02-11,1,0.013001353609492616,0.013001353609492616,8
2019-02-12,1,0.0030454510752848662,0.0030454510752848662,8
2019-02-13,1,-0.002277180924142308,-0.002277180924142308,8
2019-02-14,1,0.011339364911982397,0.011339364911982397,8
2019-02-15,1,0.0013969914233538105,0.0013969914233538105,8
2019-02-19,1,0.0019317065587631799,0.0019317065587631799,8
2019-02-20,1,-0.003141864737471356,-0.003141864737471356,8
2019-02-21,1,0.005766326128768373,0.005766326128768373,8
2019-02-22,1,0.0015668486216449118,0.0015668486216449118,8
2019-02-25,1,-0.0007467182157578911,-0.0007467182157578911,8
2019-02-26,1,-0.0004980755628514189,-0.0004980755628514189,8
2019-02-27,-1,-0.002100303763479694,0.002100303763479694,8
2019-02-28,-1,0.007098994657464441,-0.007098994657464441,8
2019-03-01,1,-0.004073514598949668,-0.004073514598949668,8
2019-03-04,1,-0.0012804661561083286,-0.0012804661561083286,8
2019-03-05,-1,-0.006374565901560825,0.006374565901560825,8
2019-03-06,1,-0.008064226806378971,-0.008064226806378971,8
2019-03-07,-1,-0.0020234048953386985,0.0020234048953386985,8
2019-03-08,-1,0.014518389105070417,-0.014518389105070417,8
2019-03-11,-1,0.0035331386536652243,-0.0035331386536652243,8
2019-03-12,1,0.00693450072831947,0.00693450072831947,8
2019-03-13,1,-0.0004943815429165888,-0.0004943815429165888,8
2019-03-14,1,0.004487434966429671,0.004487434966429671,8
2019-03-15,1,0.003974971463573729,0.003974971463573729,8
2019-03-18,1,0.000455502193841939,0.000455502193841939,8
2019-03-19,1,-0.007529571451091899,-0.007529571451091899,8
2019-03-20,-1,0.011221258729691819,-0.011221258729691819,8
2019-03-21,-1,-0.018878471311858602,0.018878471311858602,8
2019-03-22,1,-0.0008891734128032569,-0.0008891734128032569,9
2019-03-25,-1,0.007297667460196777,-0.007297667460196777,9
2019-03-26,1,-0.004877031822470901,-0.004877031822470901,9
2019-03-27,1,0.003942097883635531,0.003942097883635531,9
2019-03-28,1,0.006615002656753299,0.006615002656753299,9
2019-03-29,1,0.011561739433331386,0.011561739433331386,9
2019-04-01,1,0.00024320765236862663,0.00024320765236862663,9
2019-04-02,1,0.0018060189963222673,0.0018060189963222673,9
2019-04-03,1,0.002392187059929052,0.002392187059929052,9
2019-04-04,1,0.0045654456539498955,0.0045654456539498955,9
2019-04-05,1,0.001101658781864856,0.001101658781864856,9
2019-04-08,1,-0.00515871670624668,-0.00515871670624668,9
2019-04-09,-1,0.003284171338584052,-0.003284171338584052,9
2019-04-10,-1,-6.887538277100536e-05,6.887538277100536e-05,9
2019-04-11,1,0.006753933055246852,0.006753933055246852,9
2019-04-12,1,-0.0008214342530353802,-0.0008214342530353802,9
2019-04-15,1,0.0007536352787871348,0.0007536352787871348,9
2019-04-16,1,-0.0026357893223790674,-0.0026357893223790674,9
2019-04-17,1,0.0021622160598901985,0.0021622160598901985,9
2019-04-18,-1,0.0010273554553723585,-0.0010273554553723585,9
2019-04-22,-1,0.008689731956885716,-0.008689731956885716,9
2019-04-23,1,-0.0021028189013981846,-0.0021028189013981846,9
2019-04-24,1,-0.0006117622018709801,-0.0006117622018709801,9
2019-04-25,1,0.004863258856703467,0.004863258856703467,9
2019-04-26,-1,0.0010830450566781114,-0.0010830450566781114,9
2019-04-29,1,0.0005070958861059793,0.0005070958861059793,9
2019-04-30,1,-0.007231244950946403,-0.007231244950946403,9
2019-05-01,1,-0.0018379103123865592,-0.0018379103123865592,9
2019-05-02,-1,0.009377344023816292,-0.009377344023816292,9
2019-05-03,1,-0.0037499268015278586,-0.0037499268015278586,9
2019-05-06,-1,-0.016920957401330372,0.016920957401330372,9
2019-05-07,-1,-0.0013452955865989047,0.0013452955865989047,9
2019-05-08,-1,-0.0027631521944102566,0.0027631521944102566,9
2019-05-09,-1,0.004433356795113141,-0.004433356795113141,9
2019-05-10,-1,-0.024827628300107762,0.024827628300107762,9
2019-05-13,-1,0.008910960537575674,-0.008910960537575674,9
2019-05-14,-1,0.005993240611181561,-0.005993240611181561,9
2019-05-15,-1,0.008814405428201333,-0.008814405428201333,9
2019-05-16,1,-0.005732848722563855,-0.005732848722563855,9
2019-05-17,1,-0.006668923066551313,-0.006668923066551313,9
2019-05-20,-1,0.008741869725012119,-0.008741869725012119,9
2019-05-21,-1,-0.002877208327210834,0.002877208327210834,9
2019-05-22,1,-0.012480432518912399,-0.012480432518912399,9
2019-05-23,-1,0.0024643111069762025,-0.0024643111069762025,9
2019-05-24,-1,-0.009411515316231411,0.009411515316231411,9
2019-05-28,1,-0.006522959534455475,-0.006522959534455475,9
2019-05-29,-1,0.0022480905822384045,-0.0022480905822384045,9
2019-05-30,-1,-0.012710532937949548,0.012710532937949548,9
2019-05-31,-1,-0.003317644971708833,0.003317644971708833,9
2019-06-03,-1,0.021926324088326288,-0.021926324088326288,9
2019-06-04,1,0.008568130892359305,0.008568130892359305,9
2019-06-05,1,0.006670029178431625,0.006670029178431625,9
2019-06-06,1,0.010147871261713792,0.010147871261713792,9
2019-06-07,1,0.004591385060978892,0.004591385060978892,9
2019-06-10,1,-0.0001717793572809656,-0.0001717793572809656,9
2019-06-11,1,-0.0022684434934470143,-0.0022684434934470143,9
2019-06-12,1,0.00458157888014199,0.00458157888014199,9
2019-06-13,1,-0.0012687577099739222,-0.0012687577099739222,9
2019-06-14,1,-0.005184582886266109,-0.005184582886266109,9
2019-06-17,-1,0.009353289376672125,-0.009353289376672125,9
2019-06-18,1,0.002701241218565853,0.002701241218565853,9
2019-06-19,1,0.009480285335826677,0.009480285335826677,9
2019-06-20,1,-0.0015201057568863252,-0.0015201057568863252,9
2019-06-21,1,-0.0010150499141063918,-0.0010150499141063918,9
2019-06-24,1,-0.009686000805960937,-0.009686000805960937,9
2019-06-25,-1,-0.0011286108057544375,0.0011286108057544375,9
2019-06-26,-1,0.004108505417006247,-0.004108505417006247,9
2019-06-27,-1,0.00501227914219049,-0.00501227914219049,9
2019-06-28,1,0.008719278453668267,0.008719278453668267,9
2019-07-01,1,0.0030606876082746037,0.0030606876082746037,9
2019-07-02,1,0.007544512346556287,0.007544512346556287,9
2019-07-03,1,-0.0012646594412890622,-0.0012646594412890622,9
2019-07-05,1,-0.005165005928097877,-0.005165005928097877,9
2019-07-08,-1,0.0016078077573427052,-0.0016078077573427052,9
2019-07-09,-1,0.0045814638089158866,-0.0045814638089158866,9
2019-07-10,1,0.0017643102199247362,0.0017643102199247362,9
2019-07-11,1,0.0051839218308640245,0.0051839218308640245,9
2019-07-12,1,-9.91727999780645e-05,-9.91727999780645e-05,9
2019-07-15,1,-0.0033723105286252997,-0.0033723105286252997,9
2019-07-16,1,-0.006502094742581788,-0.006502094742581788,9
2019-07-17,-1,0.003906714529303468,-0.003906714529303468,9
2019-07-18,-1,-0.005820721887666247,0.005820721887666247,9
2019-07-19,1,0.002274983906546124,0.002274983906546124,9
2019-07-22,-1,0.007143383217694588,-0.007143383217694588,9
2019-07-23,1,0.004805820632257651,0.004805820632257651,9
2019-07-24,1,-0.0048158521885089955,-0.0048158521885089955,9
2019-07-25,1,0.006827740601691223,0.006827740601691223,9
2019-07-26,1,-0.0018105402536785498,-0.0018105402536785498,9
2019-07-29,1,-0.002440440048136483,-0.002440440048136483,9
2019-07-30,-1,-0.010744511643603794,0.010744511643603794,9
2019-07-31,-1,-0.009056651649757441,0.009056651649757441,9
2019-08-01,-1,-0.007082070901603399,0.007082070901603399,9
2019-08-02,-1,-0.030059118605698543,0.030059118605698543,9
2019-08-05,-1,0.013341728686052434,-0.013341728686052434,9
2019-08-06,-1,0.0009675816385803504,-0.0009675816385803504,9
2019-08-07,-1,0.019402040482410676,-0.019402040482410676,9
2019-08-08,1,-0.006502348400405755,-0.006502348400405755,9
2019-08-09,1,-0.01210113161382409,-0.01210113161382409,9
2019-08-12,1,0.015423902758217922,0.015423902758217922,9
2019-08-13,-1,-0.02949569359720927,0.02949569359720927,9
2019-08-14,1,0.0025910021658290816,0.0025910021658290816,9
2019-08-15,-1,0.01480753750297481,-0.01480753750297481,9
2019-08-16,-1,0.012010533805586698,-0.012010533805586698,9
2019-08-19,1,-0.007753251683307982,-0.007753251683307982,9
2019-08-20,1,0.008190767541279342,0.008190767541279342,9
2019-08-21,1,-0.0003738709439826682,-0.0003738709439826682,9
2019-08-22,1,-0.025844206869884756,-0.025844206869884756,9
2019-08-23,-1,0.011135554954490923,-0.011135554954490923,9
2019-08-26,-1,-0.003832133726116571,0.003832133726116571,9
2019-08-27,1,0.006757970159507964,0.006757970159507964,9
2019-08-28,-1,0.013012043990694888,-0.013012043990694888,9
2019-08-29,1,-3.4014427302331285e-05,-3.4014427302331285e-05,9
2019-08-30,1,-0.0063206763210776895,-0.0063206763210776895,9
2019-09-03,-1,0.011456537264664446,-0.011456537264664446,9
2019-09-04,1,0.013084916788629775,0.013084916788629775,9
2019-09-05,1,0.0006674287828127845,0.0006674287828127845,9
2019-09-06,1,0.0004669801377712446,0.0004669801377712446,9
2019-09-09,1,-6.663670897266716e-05,-6.663670897266716e-05,9
2019-09-10,-1,0.007234481819785588,-0.007234481819785588,9
2019-09-11,1,0.0031775171143695324,0.0031775171143695324,9
2019-09-12,1,-0.0006928582037140085,-0.0006928582037140085,10
2019-09-13,1,-0.002938502146820565,-0.002938502146820565,10
2019-09-16,-1,0.0024173138691059304,-0.0024173138691059304,10
2019-09-17,-1,0.0007267722470791771,-0.0007267722470791771,10
2019-09-18,-1,-0.00013197117588337193,0.00013197117588337193,10
2019-09-19,1,-0.005513596840334145,-0.005513596840334145,10
2019-09-20,1,0.0005311853843070757,0.0005311853843070757,10
2019-09-23,-1,-0.01284091530455811,0.01284091530455811,10
2019-09-24,-1,0.0056468442090560345,-0.0056468442090560345,10
2019-09-25,-1,-0.0020054350032405743,0.0020054350032405743,10
2019-09-26,1,-0.005325015430494684,-0.005325015430494684,10
2019-09-27,1,0.005117808126841261,0.005117808126841261,10
2019-09-30,-1,-0.012092943469179773,0.012092943469179773,10
2019-10-01,1,-0.017903762889462382,-0.017903762889462382,10
2019-10-02,-1,0.008320973730206127,-0.008320973730206127,10
2019-10-03,-1,0.01362820282255206,-0.01362820282255206,10
2019-10-04,-1,-0.00449289447208312,0.00449289447208312,10
2019-10-07,1,-0.01547387940145828,-0.01547387940145828,10
2019-10-08,1,0.009478509474091679,0.009478509474091679,10
2019-10-09,-1,0.007067765944100524,-0.007067765944100524,10
2019-10-10,1,0.009967799015863754,0.009967799015863754,10
2019-10-11,1,-0.0006714297129674085,-0.0006714297129674085,10
2019-10-14,1,0.009842428874842657,0.009842428874842657,10
2019-10-15,1,-0.0018295116821964719,-0.0018295116821964719,10
2019-10-16,1,0.002799334546564669,0.002799334546564669,10
2019-10-17,1,-0.004353453001398888,-0.004353453001398888,10
2019-10-18,1,0.007176214461562802,0.007176214461562802,10
2019-10-21,1,-0.0034796612857290743,-0.0034796612857290743,10
2019-10-22,1,0.002893232729862749,0.002893232729862749,10
2019-10-23,-1,0.0017905561369808698,-0.0017905561369808698,10
2019-10-24,1,0.003972103754315892,0.003972103754315892,10
2019-10-25,1,0.005604867036085315,0.005604867036085315,10
2019-10-28,1,-0.0003278781033857481,-0.0003278781033857481,10
2019-10-29,1,0.003148441978118699,0.003148441978118699,10
2019-10-30,1,-0.0029424066134358107,-0.0029424066134358107,10
2019-10-31,1,0.009771488914975368,0.009771488914975368,10
2019-11-01,1,0.0037667579105384874,0.0037667579105384874,10
2019-11-04,1,-0.0011969691524739146,-0.0011969691524739146,10
2019-11-05,1,0.0004535034425932061,0.0004535034425932061,10
2019-11-06,-1,0.0035612732651080226,-0.0035612732651080226,10
2019-11-07,1,0.0022259578584138406,0.0022259578584138406,10
2019-11-08,1,-0.0016416446505340687,-0.0016416446505340687,10
2019-11-11,-1,0.0017087915045108648,-0.0017087915045108648,10
2019-11-12,1,0.0005471141936352897,0.0005471141936352897,10
2019-11-13,1,0.00141543608743544,0.00141543608743544,10
2019-11-14,1,0.0074204871480112455,0.0074204871480112455,10
2019-11-15,1,0.0004464610662207047,0.0004464610662207047,10
2019-11-18,1,-0.0002231309138446269,-0.0002231309138446269,10
2019-11-19,1,-0.003698047976264607,-0.003698047976264607,10
2019-11-20,-1,-0.001439849306514085,0.001439849306514085,10
2019-11-21,-1,0.0021468993957505234,-0.0021468993957505234,10
2019-11-22,1,0.007546255492852039,0.007546255492852039,10
2019-11-25,1,0.0019993807382077122,0.0019993807382077122,10
2019-11-26,1,0.004814205051092424,0.004814205051092424,10
2019-11-27,1,-0.003750992723108748,-0.003750992723108748,10
2019-11-29,1,-0.008384464712251627,-0.008384464712251627,10
2019-12-02,-1,-0.00689194230200163,0.00689194230200163,10
2019-12-03,-1,0.006200779681224899,-0.006200779681224899,10
2019-12-04,-1,0.002107426009146929,-0.002107426009146929,10
2019-12-05,1,0.008921802011278013,0.008921802011278013,10
2019-12-06,1,-0.0029686786189987435,-0.0029686786189987435,10
2019-12-09,1,-0.0010453502600035192,-0.0010453502600035192,10
2019-12-10,-1,0.002536761020177636,-0.002536761020177636,10
2019-12-11,-1,0.00885595620727253,-0.00885595620727253,10
2019-12-12,1,0.00034481409267828056,0.00034481409267828056,10
2019-12-13,1,0.0007522275355831276,0.0007522275355831276,10
2019-12-16,1,9.394581801580593e-05,9.394581801580593e-05,10
2019-12-17,1,6.259280817233481e-05,6.259280817233481e-05,10
2019-12-18,1,0.004289680114391459,0.004289680114391459,10
2019-12-19,1,0.005113221607443208,0.005113221607443208,10
2019-12-20,1,0.0007133831666563673,0.0007133831666563673,10
2019-12-23,1,0.00012401520950522382,0.00012401520950522382,10
2019-12-24,1,0.00517592889919638,0.00517592889919638,10
2019-12-26,1,-0.00018499493475210294,-0.00018499493475210294,10
2019-12-27,1,-0.0053969035567009715,-0.0053969035567009715,10
2019-12-30,1,0.0022634350768848677,0.0022634350768848677,10
2019-12-31,-1,0.00952857685588504,-0.00952857685588504,10
2020-01-02,1,-0.007691865988257218,-0.007691865988257218,10
2020-01-03,-1,0.00395293162332111,-0.00395293162332111,10
2020-01-06,-1,-0.002737654621443153,0.002737654621443153,10
2020-01-07,1,0.005089431938178679,0.005089431938178679,10
2020-01-08,1,0.00675151648993455,0.00675151648993455,10
2020-01-09,1,-0.0027738856222897512,-0.0027738856222897512,10
2020-01-10,1,0.006999993656553016,0.006999993656553016,10
2020-01-13,1,-0.0015480656266437798,-0.0015480656266437798,10
2020-01-14,1,0.002249757400479835,0.002249757400479835,10
2020-01-15,1,0.008311564047616127,0.008311564047616127,10
2020-01-16,1,0.0033092843673703243,0.0033092843673703243,10
2020-01-17,1,-0.0021589242000094044,-0.0021589242000094044,10
2020-01-21,1,0.00021037118960132162,0.00021037118960132162,10
2020-01-22,1,0.0012317970695241431,0.0012317970695241431,10
2020-01-23,-1,-0.009091996310711892,0.009091996310711892,10
2020-01-24,-1,-0.016231159164278752,0.016231159164278752,10
2020-01-27,-1,0.010650387869246103,-0.010650387869246103,10
2020-01-28,-1,-0.0007004552680398568,0.0007004552680398568,10
2020-01-29,1,0.003017342931906697,0.003017342931906697,10
2020-01-30,-1,-0.017776310944162432,0.017776310944162432,10
2020-01-31,-1,0.007177352414027061,-0.007177352414027061,10
2020-02-03,-1,0.015511696249045137,-0.015511696249045137,10
2020-02-04,1,0.011131010424401122,0.011131010424401122,10
2020-02-05,1,0.003829006989674477,0.003829006989674477,10
2020-02-06,1,-0.00542362930087581,-0.00542362930087581,10
2020-02-07,1,0.007400752721207882,0.007400752721207882,10
2020-02-10,-1,0.0018440161648221043,-0.0018440161648221043,10
2020-02-11,1,0.006412551020047674,0.006412551020047674,10
2020-02-12,1,-0.0012389776629332383,-0.0012389776629332383,10
2020-02-13,1,0.0014472820940010234,0.0014472820940010234,10
2020-02-14,1,-0.0023888799985167797,-0.0023888799985167797,10
2020-02-18,-1,0.004789200823088535,-0.004789200823088535,10
2020-02-19,1,-0.004089721750229924,-0.004089721750229924,10
2020-02-20,-1,-0.010280896242575444,0.010280896242575444,10
2020-02-21,-1,-0.03337220640416383,0.03337220640416383,10
2020-02-24,-1,-0.029984843460169386,0.029984843460169386,10
2020-02-25,-1,-0.003852003928074388,0.003852003928074388,10
2020-02-26,-1,-0.04538049931559518,0.04538049931559518,10
2020-02-27,-1,-0.009373599387584641,0.009373599387584641,10
2020-02-28,-1,0.048967557889393554,-0.048967557889393554,10
2020-03-02,-1,-0.028672661312784786,0.028672661312784786,10
2020-03-03,1,0.043946932006633466,0.043946932006633466,10
2020-03-04,1,-0.034916569449960244,-0.034916569449960244,10
2020-03-05,1,-0.01665787923333928,-0.01665787923333928,11
2020-03-06,-1,-0.08001346982703572,0.08001346982703572,11
2020-03-09,-1,0.053675402675463335,-0.053675402675463335,11
2020-03-10,-1,-0.04862713578262334,0.04862713578262334,11
2020-03-11,-1,-0.09623550437202222,0.09623550437202222,11
2020-03-12,-1,0.09073738941959664,-0.09073738941959664,11
2020-03-13,-1,-0.11574293532925384,0.11574293532925384,11
2020-03-16,-1,0.06359322248448573,-0.06359322248448573,11
2020-03-17,-1,-0.055679553838001605,0.055679553838001605,11
2020-03-18,-1,0.003690340408863735,-0.003690340408863735,11
2020-03-19,-1,-0.04503013305139725,0.04503013305139725,11
2020-03-20,1,-0.028162353618668368,-0.028162353618668368,11
2020-03-23,-1,0.0945026110087972,-0.0945026110087972,11
2020-03-24,1,0.006466554035772232,0.006466554035772232,11
2020-03-25,1,0.06020929334055314,0.06020929334055314,11
2020-03-26,1,-0.030986735432122048,-0.030986735432122048,11
2020-03-27,1,0.03193824607833706,0.03193824607833706,11
2020-03-30,1,-0.01509373256661728,-0.01509373256661728,11
2020-03-31,1,-0.04489160649660673,-0.04489160649660673,11
2020-04-01,-1,0.023460264240428463,-0.023460264240428463,11
2020-04-02,-1,-0.014133544943142118,0.014133544943142118,11
2020-04-03,-1,0.06738407851823935,-0.06738407851823935,11
2020-04-06,1,0.0004139047185596212,0.0004139047185596212,11
2020-04-07,1,0.034184484271758464,0.034184484271758464,11
2020-04-08,1,0.014981800426136394,0.014981800426136394,11
2020-04-09,1,-0.009601578971997538,-0.009601578971997538,11
2020-04-13,1,0.03035010872797872,0.03035010872797872,11
2020-04-14,1,-0.021977950156798598,-0.021977950156798598,11
2020-04-15,-1,0.005312777505970034,-0.005312777505970034,11
2020-04-16,-1,0.02688805251747972,-0.02688805251747972,11
2020-04-17,1,-0.017803725419887284,-0.017803725419887284,11
2020-04-20,1,-0.03044681145536099,-0.03044681145536099,11
2020-04-21,-1,0.022639350539189307,-0.022639350539189307,11
2020-04-22,-1,-0.00028560513091091533,0.00028560513091091533,11
2020-04-23,1,0.014000938482525038,0.014000938482525038,11
2020-04-24,1,0.015110984984684883,0.015110984984684883,11
2020-04-27,1,-0.005378353793809687,-0.005378353793809687,11
2020-04-28,1,0.026130302301168307,0.026130302301168307,11
2020-04-29,1,-0.010097579884399854,-0.010097579884399854,11
2020-04-30,1,-0.026205539177239112,-0.026205539177239112,11
2020-05-01,-1,0.0038796815442865284,-0.0038796815442865284,11
2020-05-04,-1,0.00881850023738151,-0.00881850023738151,11
2020-05-05,1,-0.006582205725494394,-0.006582205725494394,11
2020-05-06,1,0.011849272157099078,0.011849272157099078,11
2020-05-07,1,0.01673418040590291,0.01673418040590291,11
2020-05-08,1,-3.4005480601950744e-05,-3.4005480601950744e-05,11
2020-05-11,1,-0.02037829523792689,-0.02037829523792689,11
2020-05-12,1,-0.017149590061038333,-0.017149590061038333,11
2020-05-13,-1,0.011962924826892651,-0.011962924826892651,11
2020-05-14,-1,0.0043368430894692445,-0.0043368430894692445,11
2020-05-15,-1,0.03092354356305571,-0.03092354356305571,11
2020-05-18,1,-0.010302723356677812,-0.010302723356677812,11
2020-05-19,1,0.017065429423033462,0.017065429423033462,11
2020-05-20,1,-0.007315657395292496,-0.007315657395292496,11
2020-05-21,1,0.0020283496449331473,0.0020283496449331473,11
2020-05-22,-1,0.012685164870181564,-0.012685164870181564,11
2020-05-26,1,0.014591645298669631,0.014591645298669631,11
2020-05-27,1,-0.0019700397635391553,-0.0019700397635391553,11
2020-05-28,1,0.004046653789611332,0.004046653789611332,11
2020-05-29,1,0.0049151321711760065,0.0049151321711760065,11
2020-06-01,-1,0.008314915780119891,-0.008314915780119891,11
2020-06-02,1,0.01345278114773052,0.01345278114773052,11
2020-06-03,1,-0.00335051616665194,-0.00335051616665194,11
2020-06-04,1,0.026061390612400537,0.026061390612400537,11
2020-06-05,1,0.012231598776135444,0.012231598776135444,11
2020-06-08,1,-0.007367398815741111,-0.007367398815741111,11
2020-06-09,1,-0.005900513513370065,-0.005900513513370065,11
2020-06-10,1,-0.05785508063215272,-0.05785508063215272,11
2020-06-11,-1,0.012500378193738504,-0.012500378193738504,11
2020-06-12,-1,0.005010575616557933,-0.005010575616557933,11
2020-06-15,-1,0.01922510871930183,-0.01922510871930183,11
2020-06-16,1,-0.004507828330798103,-0.004507828330798103,11
2020-06-17,1,0.0007707310379974075,0.0007707310379974075,11
2020-06-18,-1,-0.006097150138808849,0.006097150138808849,11
2020-06-19,1,0.007167768345452075,0.007167768345452075,11
2020-06-22,-1,0.004071260510778663,-0.004071260510778663,11
2020-06-23,1,-0.025254633881128474,-0.025254633881128474,11
2020-06-24,-1,0.010481534015655658,-0.010481534015655658,11
2020-06-25,-1,-0.023857326909440868,0.023857326909440868,11
2020-06-26,1,0.01500959285981529,0.01500959285981529,11
2020-06-29,-1,0.013184580026871284,-0.013184580026871284,11
2020-06-30,1,0.006845539411911128,0.006845539411911128,11
2020-07-01,1,0.005259660245914066,0.005259660245914066,11
2020-07-02,1,0.01534534174915514,0.01534534174915514,11
2020-07-06,1,-0.010306034935750663,-0.010306034935750663,11
2020-07-07,1,0.007460713391236551,0.007460713391236551,11
2020-07-08,-1,-0.005073536758858577,0.005073536758858577,11
2020-07-09,-1,0.010072192650089073,-0.010072192650089073,11
2020-07-10,-1,-0.008874213315865576,0.008874213315865576,11
2020-07-13,1,0.012971829052131234,0.012971829052131234,11
2020-07-14,-1,0.009338757875430703,-0.009338757875430703,11
2020-07-15,1,-0.0034657603184041763,-0.0034657603184041763,11
2020-07-16,1,0.0029498871700612828,0.0029498871700612828,11
2020-07-17,1,0.008266551622224894,0.008266551622224894,11
2020-07-20,1,0.001811694194116642,0.001811694194116642,11
2020-07-21,1,0.0058850986290708285,0.0058850986290708285,11
2020-07-22,1,-0.012097391773357002,-0.012097391773357002,11
2020-07-23,1,-0.00638496991448867,-0.00638496991448867,11
2020-07-24,-1,0.007357262848115331,-0.007357262848115331,11
2020-07-27,-1,-0.006163328197226536,0.006163328197226536,11
2020-07-28,1,0.012031022892441845,0.012031022892441845,11
2020-07-29,1,-0.003431567805722735,-0.003431567805722735,11
2020-07-30,-1,0.00787061883334017,-0.00787061883334017,11
2020-07-31,1,0.006985473662926678,0.006985473662926678,11
2020-08-03,1,0.0036048665420977954,0.0036048665420977954,11
2020-08-04,1,0.0064896604083368725,0.0064896604083368725,11
2020-08-05,1,0.0067775653480668385,0.0067775653480668385,11
2020-08-06,1,0.0007149645767550172,0.0007149645767550172,11
2020-08-07,1,0.003006337881674037,0.003006337881674037,11
2020-08-10,1,-0.00836887724997637,-0.00836887724997637,11
2020-08-11,1,0.013946169091523464,0.013946169091523464,11
2020-08-12,1,-0.0017118848676583864,-0.0017118848676583864,11
2020-08-13,1,-8.869605342265441e-05,-8.869605342265441e-05,11
2020-08-14,-1,0.003223029450965198,-0.003223029450965198,11
2020-08-17,1,0.0021221446100379016,0.0021221446100379016,11
2020-08-18,1,-0.004058837890625,-0.004058837890625,11
2020-08-19,1,0.0030713146297280947,0.0030713146297280947,11
2020-08-20,-1,0.0035035106535241667,-0.0035035106535241667,11
2020-08-21,-1,0.010268446346857418,-0.010268446346857418,11
2020-08-24,1,0.0033105390174341665,0.0033105390174341665,11
2020-08-25,1,0.010159512185125452,0.010159512185125452,12
2020-08-26,1,0.002177678411533046,0.002177678411533046,12
2020-08-27,1,0.0064043634830524,0.0064043634830524,12
2020-08-28,1,-0.003494349392977658,-0.003494349392977658,12
2020-08-31,1,0.009379390050366032,0.009379390050366032,12
2020-09-01,1,0.01463026806614609,0.01463026806614609,12
2020-09-02,1,-0.034572940785498885,-0.034572940785498885,12
2020-09-03,1,-0.008188675041563287,-0.008188675041563287,12
2020-09-04,-1,-0.027181829771751653,0.027181829771751653,12
2020-09-08,-1,0.01957382092876747,-0.01957382092876747,12
2020-09-09,-1,-0.017468760135480266,0.017468760135480266,12
2020-09-10,1,0.00047730941330081933,0.00047730941330081933,12
2020-09-11,-1,0.01329832247046614,-0.01329832247046614,12
2020-09-14,1,0.00509066326792218,0.00509066326792218,12
2020-09-15,1,-0.003981660684422184,-0.003981660684422184,12
2020-09-16,1,-0.008582884052486195,-0.008582884052486195,12
2020-09-17,-1,-0.011711026437076222,0.011711026437076222,12
2020-09-18,-1,-0.011129751892471673,0.011129751892471673,12
2020-09-21,-1,0.010132561624898395,-0.010132561624898395,12
2020-09-22,-1,-0.027690185863295858,0.027690185863295858,12
2020-09-23,1,0.002625501478040526,0.002625501478040526,12
2020-09-24,-1,0.016266169685816623,-0.016266169685816623,12
2020-09-25,-1,0.01661204191717136,-0.01661204191717136,12
2020-09-28,1,-0.005516387365052333,-0.005516387365052333,12
2020-09-29,1,0.007645910822169144,0.007645910822169144,12
2020-09-30,1,0.006486915109261471,0.006486915109261471,12
2020-10-01,1,-0.009431180621770396,-0.009431180621770396,12
2020-10-02,-1,0.017460099437849985,-0.017460099437849985,12
2020-10-05,1,-0.014197701450708422,-0.014197701450708422,12
2020-10-06,1,0.017377838422653724,0.017377838422653724,12
2020-10-07,1,0.009008532158021332,0.009008532158021332,12
2020-10-08,1,0.008783114043720452,0.008783114043720452,12
2020-10-09,1,0.01632134857157297,0.01632134857157297,12
2020-10-12,1,-0.006502835186442013,-0.006502835186442013,12
2020-10-13,1,-0.006260884246333309,-0.006260884246333309,12
2020-10-14,1,-0.0012314003057788403,-0.0012314003057788403,12
2020-10-15,-1,-0.0008888563766300539,0.0008888563766300539,12
2020-10-16,1,-0.015009358022982977,-0.015009358022982977,12
2020-10-19,1,0.003933354987221582,0.003933354987221582,12
2020-10-20,-1,-0.0019444914342295894,0.0019444914342295894,12
2020-10-21,-1,0.0056993064549692996,-0.0056993064549692996,12
2020-10-22,-1,0.0031804954319809564,-0.0031804954319809564,12
2020-10-23,1,-0.018359451447047426,-0.018359451447047426,12
2020-10-26,-1,-0.0034058653353945534,0.0034058653353945534,12
2020-10-27,-1,-0.034027599334750414,0.034027599334750414,12
2020-10-28,-1,0.009973127256846848,-0.009973127256846848,12
2020-10-29,-1,-0.010659818343225824,0.010659818343225824,12
2020-10-30,-1,0.011415634851704493,-0.011415634851704493,12
2020-11-02,1,0.017865806643651894,0.017865806643651894,12
2020-11-03,1,0.022088508758286274,0.022088508758286274,12
2020-11-04,1,0.019551504132439224,0.019551504132439224,12
2020-11-05,1,-8.535231795792075e-05,-8.535231795792075e-05,12
2020-11-06,1,0.012491418450838676,0.012491418450838676,12
2020-11-09,1,-0.0012927281916548239,-0.0012927281916548239,12
2020-11-10,1,0.007203752690909004,0.007203752690909004,12
2020-11-11,1,-0.00952701291282454,-0.00952701291282454,12
2020-11-12,1,0.01359586898789189,0.01359586898789189,12
2020-11-13,1,0.012411619915764449,0.012411619915764449,12
2020-11-16,1,-0.005085144716910461,-0.005085144716910461,12
2020-11-17,1,-0.012045906125420336,-0.012045906125420336,12
2020-11-18,1,0.004054957414583615,0.004054957414583615,12
2020-11-19,-1,-0.006712354068496129,0.006712354068496129,12
2020-11-20,1,0.006000572306198881,0.006000572306198881,12
2020-11-23,1,0.01599916639553256,0.01599916639553256,12
2020-11-24,1,-0.001426626203171688,-0.001426626203171688,12
2020-11-25,1,0.0027199120264698173,0.0027199120264698173,12
2020-11-27,1,-0.004548204318431948,-0.004548204318431948,12
2020-11-30,1,0.011009578111206286,0.011009578111206286,12
2020-12-01,1,0.002123485690253668,0.002123485690253668,12
2020-12-02,1,-0.00019018561004602308,-0.00019018561004602308,12
2020-12-03,1,0.008586266534224452,0.008586266534224452,12
2020-12-04,1,-0.0018588928496671153,-0.0018588928496671153,12
2020-12-07,1,0.002780023695807987,0.002780023695807987,12
2020-12-08,-1,-0.008747611257982513,0.008747611257982513,12
2020-12-09,1,-0.0005430982070550039,-0.0005430982070550039,12
2020-12-10,-1,-0.001249705150670577,0.001249705150670577,12
2020-12-11,-1,-0.008895024909157834,0.008895024909157834,12
2020-12-14,1,0.013613260249730752,0.013613260249730752,12
2020-12-15,1,0.0015975639484198112,0.0015975639484198112,12
2020-12-16,1,0.005569066214070384,0.005569066214070384,12
2020-12-17,1,-0.003952041226134573,-0.003952041226134573,12
2020-12-18,1,-0.003292939763180458,-0.003292939763180458,12
2020-12-21,-1,-0.0019226892956412112,0.0019226892956412112,12
2020-12-22,-1,0.0008682638548365151,-0.0008682638548365151,12
2020-12-23,1,0.003876579529529023,0.003876579529529023,12
2020-12-24,1,0.00869542070679219,0.00869542070679219,12
2020-12-28,1,-0.001927559293915082,-0.001927559293915082,12
2020-12-29,1,0.0013143162404007924,0.0013143162404007924,12
2020-12-30,1,0.005598786294704894,0.005598786294704894,12
2020-12-31,1,-0.013772378662166185,-0.013772378662166185,12
2021-01-04,-1,0.00661771973138392,-0.00661771973138392,12
2021-01-05,-1,0.006037512863739769,-0.006037512863739769,12
2021-01-06,1,0.014803124917839305,0.014803124917839305,12
2021-01-07,1,0.0057035072956397315,0.0057035072956397315,12
2021-01-08,1,-0.006533556095268733,-0.006533556095268733,12
2021-01-11,-1,0.00015783015805181932,-0.00015783015805181932,12
2021-01-12,-1,0.0025249642931504113,-0.0025249642931504113,12
2021-01-13,-1,-0.0034631317859596944,0.0034631317859596944,12
2021-01-14,1,-0.007213537965437444,-0.007213537965437444,12
2021-01-15,-1,0.007822809975355227,-0.007822809975355227,12
2021-01-19,-1,0.013761376540754267,-0.013761376540754267,12
2021-01-20,1,0.0008824655807928572,0.0008824655807928572,12
2021-01-21,1,-0.0033971204169421787,-0.0033971204169421787,12
2021-01-22,-1,0.003981157890808218,-0.003981157890808218,12
2021-01-25,-1,-0.0014773152851670357,0.0014773152851670357,12
2021-01-26,1,-0.024398458651163746,-0.024398458651163746,12
2021-01-27,-1,0.008460352560969442,-0.008460352560969442,12
2021-01-28,-1,-0.01986545052577504,0.01986545052577504,12
2021-01-29,-1,0.016365248895450435,-0.016365248895450435,12
2021-02-01,-1,0.014194876231260256,-0.014194876231260256,12
2021-02-02,1,0.0007834194621922919,0.0007834194621922919,12
2021-02-03,1,0.011323895599085976,0.011323895599085976,12
2021-02-04,1,0.003921540221198949,0.003921540221198949,12
2021-02-05,1,0.0075297921272301505,0.0075297921272301505,12
2021-02-08,1,-0.0008416951474052858,-0.0008416951474052858,12
2021-02-09,1,-0.00040846436641162054,-0.00040846436641162054,12
2021-02-10,1,0.0016855747937085663,0.0016855747937085663,12
2021-02-11,1,0.004997173649936348,0.004997173649936348,12
2021-02-12,1,-0.0007864365628742487,-0.0007864365628742487,12
2021-02-16,1,0.00012699192923282254,0.00012699192923282254,12
2021-02-17,-1,-0.0042394734230499775,0.0042394734230499775,13
2021-02-18,-1,-0.0018865270474824891,0.0018865270474824891,13
2021-02-19,1,-0.007611583131966637,-0.007611583131966637,13
2021-02-22,-1,0.0010552689969822726,-0.0010552689969822726,13
2021-02-23,-1,0.010978528788164743,-0.010978528788164743,13
2021-02-24,1,-0.023982077975397975,-0.023982077975397975,13
2021-02-25,1,-0.005237401042311518,-0.005237401042311518,13
2021-02-26,-1,0.024255468035999428,-0.024255468035999428,13
2021-03-01,1,-0.007697644106645418,-0.007697644106645418,13
2021-03-02,1,-0.01334980883059278,-0.01334980883059278,13
2021-03-03,-1,-0.012381126004900267,0.012381126004900267,13
2021-03-04,-1,0.018434279577332013,-0.018434279577332013,13
2021-03-05,-1,-0.004882241792541375,0.004882241792541375,13
2021-03-08,1,0.014092209770817599,0.014092209770817599,13
2021-03-09,1,0.006124719898200848,0.006124719898200848,13
2021-03-10,1,0.010282090700362012,0.010282090700362012,13
2021-03-11,1,0.001569647668336227,0.001569647668336227,13
2021-03-12,1,0.006066642660522481,0.006066642660522481,13
2021-03-15,1,-0.0014069936555703988,-0.0014069936555703988,13
2021-03-16,1,0.0032708208656226923,0.0032708208656226923,13
2021-03-17,1,-0.014595629653213149,-0.014595629653213149,13
2021-03-18,-1,-0.001857787601753147,0.001857787601753147,13
2021-03-19,-1,0.007904068050617719,-0.007904068050617719,13
2021-03-22,-1,-0.007791516993111314,0.007791516993111314,13
2021-03-23,1,-0.0051246998097222995,-0.0051246998097222995,13
2021-03-24,-1,0.002332087035280761,-0.002332087035280761,13
2021-03-25,-1,0.016184335162785946,-0.016184335162785946,13
2021-03-26,1,-0.0005032386486053531,-0.0005032386486053531,13
2021-03-29,1,-0.0024669880083778573,-0.0024669880083778573,13
2021-03-30,1,0.003911520815403913,0.003911520815403913,13
2021-03-31,1,0.010708308203752681,0.010708308203752681,13
2021-04-01,1,0.014350427088996476,0.014350427088996476,13
2021-04-05,1,-0.0006129704456508955,-0.0006129704456508955,13
2021-04-06,1,0.0012511757615560892,0.0012511757615560892,13
2021-04-07,-1,0.004655667546153541,-0.004655667546153541,13
2021-04-08,1,0.007243728567507102,0.007243728567507102,13
2021-04-09,1,0.00041160081755609035,0.00041160081755609035,13
2021-04-12,1,0.0029286977440481365,0.0029286977440481365,13
2021-04-13,1,-0.0033303755527057666,-0.0033303755527057666,13
2021-04-14,1,0.010751131588190299,0.010751131588190299,13
2021-04-15,1,0.0035216356988536646,0.0035216356988536646,13
2021-04-16,1,-0.004893929764039351,-0.004893929764039351,13
2021-04-19,1,-0.007268973241331578,-0.007268973241331578,13
2021-04-20,-1,0.009352106377370717,-0.009352106377370717,13
2021-04-21,-1,-0.008882377705742628,0.008882377705742628,13
2021-04-22,1,0.010483842609592342,0.010483842609592342,13
2021-04-23,1,0.0022471431399977426,0.0022471431399977426,13
2021-04-26,1,-0.0003100891659212346,-0.0003100891659212346,13
2021-04-27,1,-0.0003817609848574266,-0.0003817609848574266,13
2021-04-28,1,0.006325171736042856,0.006325171736042856,13
2021-04-29,1,-0.0064751323820606554,-0.0064751323820606554,13
2021-04-30,-1,0.0021485721113285727,-0.0021485721113285727,13
2021-05-03,1,-0.006074581448339611,-0.006074581448339611,13
2021-05-04,-1,0.00014379971961253624,-0.00014379971961253624,13
2021-05-05,-1,0.008123808529900245,-0.008123808529900245,13
2021-05-06,1,0.0072502100495601685,0.0072502100495601685,13
2021-05-07,1,-0.009723233020893063,-0.009723233020893063,13
2021-05-10,1,-0.008913015335518137,-0.008913015335518137,13
2021-05-11,-1,-0.021376834672465983,0.021376834672465983,13
2021-05-12,-1,0.01186787174279158,-0.01186787174279158,13
2021-05-13,-1,0.015444054070677726,-0.015444054070677726,13
2021-05-14,1,-0.0023913718532876382,-0.0023913718532876382,13
2021-05-17,1,-0.008605668528211763,-0.008605668528211763,13
2021-05-18,1,-0.0027080495999576293,-0.0027080495999576293,13
2021-05-19,-1,0.01057076070277585,-0.01057076070277585,13
2021-05-20,-1,-0.0005758378862231739,0.0005758378862231739,13
2021-05-21,1,0.010058098267952564,0.010058098267952564,13
2021-05-24,1,-0.002162710473345597,-0.002162710473345597,13
2021-05-25,1,0.0018339912306843953,0.0018339912306843953,13
2021-05-26,1,0.0005230278823413759,0.0005230278823413759,13
2021-05-27,1,0.0019008857820284053,0.0019008857820284053,13
2021-05-28,1,-0.0007826077956653021,-0.0007826077956653021,13
2021-06-01,1,0.001661401493602721,0.001661401493602721,13
2021-06-02,1,-0.003814950460818922,-0.003814950460818922,13
2021-06-03,-1,0.00911012235413855,-0.00911012235413855,13
2021-06-04,1,-0.0008485417684542806,-0.0008485417684542806,13
2021-06-07,1,4.7157246016782395e-05,4.7157246016782395e-05,13
2021-06-08,1,-0.001604134667544499,-0.001604134667544499,13
2021-06-09,1,0.001937543882268189,0.001937543882268189,13
2021-06-10,1,0.0016507444470985622,0.0016507444470985622,13
2021-06-11,1,0.0024015151732879048,0.0024015151732879048,13
2021-06-14,1,-0.0019494951869731825,-0.0019494951869731825,13
2021-06-15,1,-0.005530337100277727,-0.005530337100277727,13
2021-06-16,-1,-0.00030757340471476713,0.00030757340471476713,13
2021-06-17,-1,-0.013445432664766388,0.013445432664766388,13
2021-06-18,-1,0.014108513179483362,-0.014108513179483362,13
2021-06-21,-1,0.004755731207030989,-0.004755731207030989,13
2021-06-22,1,-0.0005887062540481658,-0.0005887062540481658,13
2021-06-23,1,0.005796261713558959,0.005796261713558959,13
2021-06-24,1,0.0036779519342597933,0.0036779519342597933,13
2021-06-25,1,0.002123993224077747,0.002123993224077747,13
2021-06-28,1,0.0004425350849079912,0.0004425350849079912,13
2021-06-29,1,0.0008846786684661989,0.0008846786684661989,13
2021-06-30,1,0.005652197152691274,0.005652197152691274,13
2021-07-01,1,0.007609595231818256,0.007609595231818256,13
2021-07-02,1,-0.002548011734037847,-0.002548011734037847,13
2021-07-06,1,0.004096377199036549,0.004096377199036549,13
2021-07-07,1,-0.008021819393514984,-0.008021819393514984,13
2021-07-08,-1,0.010628234397226155,-0.010628234397226155,13
2021-07-09,-1,0.0037036078361822877,-0.0037036078361822877,13
2021-07-12,1,-0.003507752429683153,-0.003507752429683153,13
2021-07-13,1,0.0013257836814346557,0.0013257836814346557,13
2021-07-14,1,-0.003424110244757861,-0.003424110244757861,13
2021-07-15,-1,-0.007558967073283407,0.007558967073283407,13
2021-07-16,-1,-0.014932954935170883,0.014932954935170883,13
2021-07-19,-1,0.014503286360000756,-0.014503286360000756,13
2021-07-20,-1,0.008106445517886085,-0.008106445517886085,13
2021-07-21,1,0.00217643117303834,0.00217643117303834,13
2021-07-22,1,0.00985254872173602,0.00985254872173602,13
2021-07-23,1,0.0026711170085478297,0.0026711170085478297,13
2021-07-26,1,-0.004560412251180868,-0.004560412251180868,13
2021-07-27,1,-0.0005443634778271589,-0.0005443634778271589,13
2021-07-28,1,0.004447721714696318,0.004447721714696318,13
2021-07-29,1,-0.005060592530777508,-0.005060592530777508,13
2021-07-30,-1,-0.0020208540944453013,0.0020208540944453013,13
2021-08-02,-1,0.007986119019038007,-0.007986119019038007,13
2021-08-03,1,-0.004762731713889745,-0.004762731713889745,13
2021-08-04,1,0.006214397976043173,0.006214397976043173,13
2021-08-05,1,0.0017356464371542923,0.0017356464371542923,13
2021-08-06,1,-0.000697601518394042,-0.000697601518394042,13
2021-08-09,1,0.0011709251050464609,0.0011709251050464609,14
2021-08-10,1,0.002361486587585393,0.002361486587585393,14
2021-08-11,1,0.0023335320454433983,0.0023335320454433983,14
2021-08-12,1,0.0025295596340542126,0.0025295596340542126,14
2021-08-13,1,0.0025678103847530664,0.0025678103847530664,14
2021-08-16,1,-0.006792845864072916,-0.006792845864072916,14
2021-08-17,-1,-0.01078595678199179,0.01078595678199179,14
2021-08-18,-1,0.0014734412542520836,-0.0014734412542520836,14
2021-08-19,-1,0.007967561387966393,-0.007967561387966393,14
2021-08-20,-1,0.008713042384147274,-0.008713042384147274,14
2021-08-23,1,0.0017364562324573285,0.0017364562324573285,14
2021-08-24,1,0.002089033577474364,0.002089033577474364,14
2021-08-25,1,-0.00589918972856196,-0.00589918972856196,14
2021-08-26,1,0.00878974331602067,0.00878974331602067,14
2021-08-27,-1,0.004445055739341397,-0.004445055739341397,14
2021-08-30,1,-0.0010788655631513988,-0.0010788655631513988,14
2021-08-31,1,0.00044083712238696116,0.00044083712238696116,14
2021-09-01,1,0.002996156375911996,0.002996156375911996,14
2021-09-02,1,-0.00043925954769474806,-0.00043925954769474806,14
2021-09-03,-1,-0.003230274896266261,0.003230274896266261,14
2021-09-07,-1,-0.0013227647606748327,0.0013227647606748327,14
2021-09-08,-1,-0.004459136895522908,0.004459136895522908,14
2021-09-09,-1,-0.007627837947590366,0.007627837947590366,14
2021-09-10,1,0.002323765490207297,0.002323765490207297,14
2021-09-13,-1,-0.005327888453343532,0.005327888453343532,14
2021-09-14,1,0.00831482425598562,0.00831482425598562,14
2021-09-15,-1,-0.0018670734591827998,0.0018670734591827998,14
2021-09-16,1,-0.009642334199898683,-0.009642334199898683,14
2021-09-17,1,-0.01686416435753102,-0.01686416435753102,14
2021-09-20,-1,-0.000571781427894269,0.000571781427894269,14
2021-09-21,-1,0.009863145796681794,-0.009863145796681794,14
2021-09-22,1,0.011987531838272503,0.011987531838272503,14
2021-09-23,1,-0.0018809538339100706,-0.0018809538339100706,14
2021-09-24,1,-0.003140830814278628,-0.003140830814278628,14
2021-09-27,1,-0.019962180290523435,-0.019962180290523435,14
2021-09-28,-1,0.0017222770751088579,-0.0017222770751088579,14
2021-09-29,-1,-0.01237906075231121,0.01237906075231121,14
2021-09-30,1,0.011907536315860723,0.011907536315860723,14
2021-10-01,-1,-0.01298314830513514,0.01298314830513514,14
2021-10-04,-1,0.010481254871099521,-0.010481254871099521,14
2021-10-05,1,0.004254843963787058,0.004254843963787058,14
2021-10-06,1,0.00829038169652585,0.00829038169652585,14
2021-10-07,1,-0.0014763529486544469,-0.0014763529486544469,14
2021-10-08,1,-0.00746098634213066,-0.00746098634213066,14
2021-10-11,-1,-0.002520983895007878,0.002520983895007878,14
2021-10-12,-1,0.0035612957111597066,-0.0035612957111597066,14
2021-10-13,-1,0.017124889128457887,-0.017124889128457887,14
2021-10-14,1,0.0076755210714996025,0.0076755210714996025,14
2021-10-15,1,0.002903900848408858,0.002903900848408858,14
2021-10-18,1,0.007862262668536513,0.007862262668536513,14
2021-10-19,1,0.003845197226192143,0.003845197226192143,14
2021-10-20,1,0.002597672373761739,0.002597672373761739,14
2021-10-21,1,-0.0012076231293802753,-0.0012076231293802753,14
2021-10-22,1,0.005232159816357829,0.005232159816357829,14
2021-10-25,1,0.0011371845395760083,0.0011371845395760083,14
2021-10-26,1,-0.004456307725024478,-0.004456307725024478,14
2021-10-27,1,0.009610753887452361,0.009610753887452361,14
2021-10-28,-1,0.0018908005007822748,-0.0018908005007822748,14
2021-10-29,-1,0.0020608087532405506,-0.0020608087532405506,14
2021-11-01,1,0.003939921449971351,0.003939921449971351,14
2021-11-02,1,0.006145367271701119,0.006145367271701119,14
2021-11-03,1,0.00458630272737337,0.00458630272737337,14
2021-11-04,1,0.003519986979166667,0.003519986979166667,14
2021-11-05,1,0.0010417107957296778,0.0010417107957296778,14
2021-11-08,1,-0.003482797675507965,-0.003482797675507965,14
2021-11-09,1,-0.00790621514134926,-0.00790621514134926,14
2021-11-10,-1,0.0004081334319687713,-0.0004081334319687713,14
2021-11-11,-1,0.007364766269876366,-0.007364766269876366,14
2021-11-12,-1,0.00025576587145303975,-0.00025576587145303975,14
2021-11-15,1,0.003984817426806453,0.003984817426806453,14
2021-11-16,1,-0.0023559065391951517,-0.0023559065391951517,14
2021-11-17,1,0.0032975656641802686,0.0032975656641802686,14
2021-11-18,1,-0.0016327509481778302,-0.0016327509481778302,14
2021-11-19,1,-0.0029947828048403347,-0.0029947828048403347,14
2021-11-22,1,0.0013847039718231091,0.0013847039718231091,14
2021-11-23,-1,0.0025954159618764017,-0.0025954159618764017,14
2021-11-24,-1,-0.02261925753208449,0.02261925753208449,14
2021-11-26,-1,0.012765413888115251,-0.012765413888115251,14
2021-11-29,-1,-0.019013923080787754,0.019013923080787754,14
2021-11-30,1,-0.011668807291729144,-0.011668807291729144,14
2021-12-01,-1,0.015410469143739336,-0.015410469143739336,14
2021-12-02,-1,-0.008970942449986197,0.008970942449986197,14
2021-12-03,1,0.012040208051104617,0.012040208051104617,14
2021-12-06,1,0.020776361047426972,0.020776361047426972,14
2021-12-07,1,0.0026372109741519267,0.0026372109741519267,14
2021-12-08,1,-0.006745418673368642,-0.006745418673368642,14
2021-12-09,1,0.009588873965563183,0.009588873965563183,14
2021-12-10,1,-0.011993871953471014,-0.011993871953471014,14
2021-12-13,1,-0.007065361206668452,-0.007065361206668452,14
2021-12-14,-1,0.015719017438851512,-0.015719017438851512,14
2021-12-15,-1,-0.009170821862625633,0.009170821862625633,14
2021-12-16,1,-0.009919880403835846,-0.009919880403835846,14
2021-12-17,-1,-0.011231031763747179,0.011231031763747179,14
2021-12-20,-1,0.017814899526493955,-0.017814899526493955,14
2021-12-21,-1,0.010084725553750395,-0.010084725553750395,14
2021-12-22,1,0.006130931096993031,0.006130931096993031,14
2021-12-23,1,0.014324077912384103,0.014324077912384103,14
2021-12-27,1,-0.0007717879055029186,-0.0007717879055029186,14
2021-12-28,1,0.0010437759665868906,0.0010437759665868906,14
2021-12-29,1,-0.0028152693407133,-0.0028152693407133,14
2021-12-30,1,-0.0024886077620004388,-0.0024886077620004388,14
2021-12-31,-1,0.005974980946906738,-0.005974980946906738,14
2022-01-03,-1,-0.00033345211597723967,0.00033345211597723967,14
2022-01-04,1,-0.01949217446272633,-0.01949217446272633,14
2022-01-05,-1,-0.0007441064697747413,0.0007441064697747413,14
2022-01-06,-1,-0.004000180515905338,0.004000180515905338,14
2022-01-07,-1,-0.0018799505903400737,0.0018799505903400737,14
2022-01-10,-1,0.009866840759209738,-0.009866840759209738,14
2022-01-11,-1,0.002649259342503818,-0.002649259342503818,14
2022-01-12,1,-0.013718589706993689,-0.013718589706993689,14
2022-01-13,1,0.00034292133000102254,0.00034292133000102254,14
2022-01-14,-1,-0.01767541510444559,0.01767541510444559,14
2022-01-18,-1,-0.010338037588604188,0.010338037588604188,14
2022-01-19,-1,-0.011107211822225405,0.011107211822225405,14
2022-01-20,-1,-0.01947760342886129,0.01947760342886129,14
2022-01-21,-1,0.0035001090706177074,-0.0035001090706177074,14
2022-01-24,-1,-0.011505677429495265,0.011505677429495265,14
2022-01-25,-1,-0.0023142007148178045,0.0023142007148178045,14
2022-01-26,1,-0.0052132123460821855,-0.0052132123460821855,14
2022-01-27,1,0.024448232173696738,0.024448232173696738,14
2022-01-28,1,0.01807321467869727,0.01807321467869727,15
2022-01-31,1,0.006906225979236513,0.006906225979236513,15
2022-02-01,1,0.009606707064266695,0.009606707064266695,15
2022-02-02,1,-0.023211260365450737,-0.023211260365450737,15
2022-02-03,1,0.005015604033408838,0.005015604033408838,15
2022-02-04,-1,-0.0035488656578797073,0.0035488656578797073,15
2022-02-07,-1,0.007946593932596002,-0.007946593932596002,15
2022-02-08,-1,0.014751982173345946,-0.014751982173345946,15
2022-02-09,1,-0.01767137131052776,-0.01767137131052776,15
2022-02-10,1,-0.020005314106993355,-0.020005314106993355,15
2022-02-11,-1,-0.0032553462677454847,0.0032553462677454847,15
2022-02-14,-1,0.016080370776354602,-0.016080370776354602,15
2022-02-15,-1,0.0011384146554129781,-0.0011384146554129781,15
2022-02-16,1,-0.020980587851376353,-0.020980587851376353,15
2022-02-17,-1,-0.006900475375039239,0.006900475375039239,15
2022-02-18,-1,-0.010846907393040062,0.010846907393040062,15
2022-02-22,-1,-0.018222250239473214,0.018222250239473214,15
2022-02-23,-1,0.015726843037048077,-0.015726843037048077,15
2022-02-24,-1,0.02201601892552363,-0.02201601892552363,15
2022-02-25,1,-0.0020244857044082742,-0.0020244857044082742,15
2022-02-28,1,-0.015499607435376372,-0.015499607435376372,15
2022-03-01,1,0.01824405936344231,0.01824405936344231,15
2022-03-02,1,-0.004797602114886224,-0.004797602114886224,15
2022-03-03,1,-0.008544838158316526,-0.008544838158316526,15
2022-03-04,-1,-0.029381264296213794,0.029381264296213794,15
2022-03-07,-1,-0.007454925350035557,0.007454925350035557,15
2022-03-08,-1,0.026910013073956573,-0.026910013073956573,15
2022-03-09,1,-0.004588761575332834,-0.004588761575332834,15
2022-03-10,-1,-0.01247247301432397,0.01247247301432397,15
2022-03-11,1,-0.007559068191718699,-0.007559068191718699,15
2022-03-14,-1,0.02201423298664351,-0.02201423298664351,15
2022-03-15,-1,0.0221474167823148,-0.0221474167823148,15
2022-03-16,1,0.012433723208098435,0.012433723208098435,15
2022-03-17,1,0.0107007875279721,0.0107007875279721,15
2022-03-18,1,-0.00020108745368341285,-0.00020108745368341285,15
2022-03-21,1,0.012198168386185149,0.012198168386185149,15
2022-03-22,1,-0.01253667774065792,-0.01253667774065792,15
2022-03-23,1,0.011108810077110176,0.011108810077110176,15
2022-03-24,-1,0.0050402983701201,-0.0050402983701201,15
2022-03-25,1,0.007016478578760532,0.007016478578760532,15
2022-03-28,1,0.012755885430730585,0.012755885430730585,15
2022-03-29,1,-0.006211324432049747,-0.006211324432049747,15
2022-03-30,1,-0.015408333453097112,-0.015408333453097112,15
2022-03-31,-1,0.00242457646762384,-0.00242457646762384,15
2022-04-01,-1,0.008817210520689844,-0.008817210520689844,15
2022-04-04,-1,-0.012881371625489413,0.012881371625489413,15
2022-04-05,1,-0.00971543701946731,-0.00971543701946731,15
2022-04-06,-1,0.004949945972134051,-0.004949945972134051,15
2022-04-07,-1,-0.0026624253116268592,0.0026624253116268592,15
2022-04-08,1,-0.01728553171775038,-0.01728553171775038,15
2022-04-11,-1,-0.0038257854818839476,0.0038257854818839476,15
2022-04-12,-1,0.011703271348539213,-0.011703271348539213,15
2022-04-13,-1,-0.012353997864318012,0.012353997864318012,15
2022-04-14,1,0.00036382337978180246,0.00036382337978180246,15
2022-04-18,-1,0.016141513981638766,-0.016141513981638766,15
2022-04-19,1,-0.0008949210312587663,-0.0008949210312587663,15
2022-04-20,1,-0.014488537388202105,-0.014488537388202105,15
2022-04-21,1,-0.02797154595884621,-0.02797154595884621,15
2022-04-22,-1,0.00617143077275939,-0.00617143077275939,15
2022-04-25,-1,-0.02911109704103154,0.02911109704103154,15
2022-04-26,-1,0.0030150977622829256,-0.0030150977622829256,15
2022-04-27,-1,0.025122268716762486,-0.025122268716762486,15
2022-04-28,1,-0.037516280469104824,-0.037516280469104824,15
2022-04-29,1,0.006431965561980002,0.006431965561980002,15
2022-05-02,-1,0.004636953222144413,-0.004636953222144413,15
2022-05-03,-1,0.03010880430864571,-0.03010880430864571,15
2022-05-04,1,-0.035497001379008575,-0.035497001379008575,15
2022-05-05,1,-0.005391793684282886,-0.005391793684282886,15
2022-05-06,-1,-0.03216277026735104,0.03216277026735104,15
2022-05-09,-1,0.0019753400700626145,-0.0019753400700626145,15
2022-05-10,-1,-0.015771947147340204,0.015771947147340204,15
2022-05-11,-1,-0.0014706688006814739,0.0014706688006814739,15
2022-05-12,-1,0.024377253404002985,-0.024377253404002985,15
2022-05-13,1,-0.004214105231894916,-0.004214105231894916,15
2022-05-16,1,0.020711477188013028,0.020711477188013028,15
2022-05-17,1,-0.040167795697232056,-0.040167795697232056,15
2022-05-18,1,-0.006250613554066531,-0.006250613554066531,15
2022-05-19,-1,0.0005113313381033269,-0.0005113313381033269,15
2022-05-20,-1,0.01868131302488396,-0.01868131302488396,15
2022-05-23,-1,-0.0071748964066720156,0.0071748964066720156,15
2022-05-24,1,0.008843967150979237,0.008843967150979237,15
2022-05-25,1,0.019561672031543464,0.019561672031543464,15
2022-05-26,1,0.025033170791830095,0.025033170791830095,15
2022-05-27,1,-0.005704026082234859,-0.005704026082234859,15
2022-05-31,1,-0.008098887340872718,-0.008098887340872718,15
2022-06-01,1,0.01883307772856857,0.01883307772856857,15
2022-06-02,-1,-0.016409876264274703,0.016409876264274703,15
2022-06-03,-1,0.0030069116341548963,-0.0030069116341548963,15
2022-06-06,1,0.009283875013833987,0.009283875013833987,15
2022-06-07,-1,-0.010827358564151845,0.010827358564151845,15
2022-06-08,-1,-0.026517198969080225,0.026517198969080225,15
2022-06-09,-1,-0.029503185750092142,0.029503185750092142,15
2022-06-10,-1,-0.03844872173957936,0.03844872173957936,15
2022-06-13,-1,-0.002665742507887092,0.002665742507887092,15
2022-06-14,-1,0.014246348869920489,-0.014246348869920489,15
2022-06-15,-1,-0.03286249275684017,0.03286249275684017,15
2022-06-16,-1,0.0018256994620111655,-0.0018256994620111655,15
2022-06-17,-1,0.025431121172779347,-0.025431121172779347,15
2022-06-21,1,-0.0017241569115541422,-0.0017241569115541422,15
2022-06-22,1,0.01001705728022162,0.01001705728022162,15
2022-06-23,1,0.031226146225544094,0.031226146225544094,15
2022-06-24,1,-0.0036224832340162605,-0.0036224832340162605,15
2022-06-27,1,-0.020405554546324645,-0.020405554546324645,15
2022-06-28,1,-0.0007056507253039301,-0.0007056507253039301,15
2022-06-29,-1,-0.008343365779046263,0.008343365779046263,15
2022-06-30,-1,0.010391672174157929,-0.010391672174157929,15
2022-07-01,-1,0.002140508319343981,-0.002140508319343981,15
2022-07-05,-1,0.003568531958321408,-0.003568531958321408,15
2022-07-06,1,0.01482036823393229,0.01482036823393229,15
2022-07-07,1,-0.0007928529280453178,-0.0007928529280453178,15
2022-07-08,1,-0.011390349577348524,-0.011390349577348524,15
2022-07-11,-1,-0.00898428688087094,0.00898428688087094,15
2022-07-12,-1,-0.005120759542922015,0.005120759542922015,15
2022-07-13,-1,-0.002415921585208758,0.002415921585208758,15
2022-07-14,-1,0.019084973957069762,-0.019084973957069762,15
2022-07-15,1,-0.008085151869744567,-0.008085151869744567,15
2022-07-18,1,0.026875019073486328,0.026875019073486328,15
2022-07-19,1,0.006187873798146004,0.006187873798146004,15
2022-07-20,1,0.010207651207996493,0.010207651207996493,15
2022-07-21,1,-0.008906981726913732,-0.008906981726913732,15
2022-07-22,1,0.0010321308835685716,0.0010321308835685716,16
2022-07-25,-1,-0.011869737943292491,0.011869737943292491,16
2022-07-26,-1,0.025857032681373182,-0.025857032681373182,16
2022-07-27,-1,0.012701865994450667,-0.012701865994450667,16
2022-07-28,1,0.014869815661743058,0.014869815661743058,16
2022-07-29,1,-0.003210356706055073,-0.003210356706055073,16
2022-08-01,1,-0.006368821419222903,-0.006368821419222903,16
2022-08-02,-1,0.015597567221301345,-0.015597567221301345,16
2022-08-03,-1,-0.0009598624863521588,0.0009598624863521588,16
2022-08-04,1,-0.0017534852360809872,-0.0017534852360809872,16
2022-08-05,-1,-0.0008662031202257836,0.0008662031202257836,16
2022-08-08,1,-0.004190498533138132,-0.004190498533138132,16
2022-08-09,-1,0.0209436839261834,-0.0209436839261834,16
2022-08-10,1,0.0003553094839583437,0.0003553094839583437,16
2022-08-11,1,0.016457524053821393,0.016457524053821393,16
2022-08-12,1,0.004403062663803192,0.004403062663803192,16
2022-08-15,-1,0.002087474755082086,-0.002087474755082086,16
2022-08-16,1,-0.007522451476069891,-0.007522451476069891,16
2022-08-17,-1,0.002938452909205136,-0.002938452909205136,16
2022-08-18,-1,-0.013231025701471388,0.013231025701471388,16
2022-08-19,-1,-0.020972745319309816,0.020972745319309816,16
2022-08-22,-1,-0.002214371850666419,0.002214371850666419,16
2022-08-23,-1,0.003111829982036518,-0.003111829982036518,16
2022-08-24,-1,0.01409233595067394,-0.01409233595067394,16
2022-08-25,-1,-0.03417203058806606,0.03417203058806606,16
2022-08-26,1,-0.006015547570159208,-0.006015547570159208,16
2022-08-29,-1,-0.011461562346570586,0.011461562346570586,16
2022-08-30,-1,-0.007521451678607849,0.007521451678607849,16
2022-08-31,-1,0.0034241802060024362,-0.0034241802060024362,16
2022-09-01,-1,-0.010689039178722326,0.010689039178722326,16
2022-09-02,-1,-0.0039819603557865735,0.0039819603557865735,16
2022-09-06,-1,0.018105003753014826,-0.018105003753014826,16
2022-09-07,-1,0.006302808682679073,-0.006302808682679073,16
2022-09-08,1,0.01595668709591269,0.01595668709591269,16
2022-09-09,1,0.010788735582617281,0.010788735582617281,16
2022-09-12,1,-0.0436382075013545,-0.0436382075013545,16
2022-09-13,-1,0.0038213777194655574,-0.0038213777194655574,16
2022-09-14,-1,-0.011546669967832823,0.011546669967832823,16
2022-09-15,-1,-0.007575180873876763,0.007575180873876763,16
2022-09-16,-1,0.007787197974216342,-0.007787197974216342,16
2022-09-19,-1,-0.011756345629603926,0.011756345629603926,16
2022-09-20,-1,-0.01705714682844217,0.01705714682844217,16
2022-09-21,-1,-0.008453443568679497,0.008453443568679497,16
2022-09-22,-1,-0.016600886899685863,0.016600886899685863,16
2022-09-23,-1,-0.014942701281299486,0.014942701281299486,16
2022-09-26,-1,-0.0025692252820709305,0.0025692252820709305,16
2022-09-27,-1,0.019428373880438166,-0.019428373880438166,16
2022-09-28,-1,-0.020563394770175214,0.020563394770175214,16
2022-09-29,-1,-0.015698332182548347,0.015698332182548347,16
2022-09-30,-1,0.026460395687869953,-0.026460395687869953,16
2022-10-03,-1,0.030613322554556843,-0.030613322554556843,16
2022-10-04,1,-0.0023457859303839257,-0.0023457859303839257,16
2022-10-05,1,-0.009880562038798724,-0.009880562038798724,16
2022-10-06,1,-0.02788305736983876,-0.02788305736983876,16
2022-10-07,-1,-0.007438288241312763,0.007438288241312763,16
2022-10-10,-1,-0.006857973846126297,0.006857973846126297,16
2022-10-11,-1,-0.0032299482508093558,0.0032299482508093558,16
2022-10-12,-1,0.026621594745023014,-0.026621594745023014,16
2022-10-13,-1,-0.022910977127137633,0.022910977127137633,16
2022-10-14,1,0.02573168378013091,0.02573168378013091,16
2022-10-17,1,0.011457120990813419,0.011457120990813419,16
2022-10-18,1,-0.006576249549670177,-0.006576249549670177,16
2022-10-19,1,-0.008511196553731892,-0.008511196553731892,16
2022-10-20,-1,0.024144938157308893,-0.024144938157308893,16
2022-10-21,1,0.012293433243396379,0.012293433243396379,16
2022-10-24,1,0.016060815358340585,0.016060815358340585,16
2022-10-25,1,-0.007554233360542395,-0.007554233360542395,16
2022-10-26,1,-0.005317784711140194,-0.005317784711140194,16
2022-10-27,1,0.02345514052618225,0.02345514052618225,16
2022-10-28,-1,-0.007016081332905433,0.007016081332905433,16
2022-10-31,1,-0.003971243484844678,-0.003971243484844678,16
2022-11-01,1,-0.02563105215918282,-0.02563105215918282,16
2022-11-02,-1,-0.010043838761775392,0.010043838761775392,16
2022-11-03,-1,0.014144963121214937,-0.014144963121214937,16
2022-11-04,-1,0.009766045090966013,-0.009766045090966013,16
2022-11-07,1,0.005425542764243341,0.005425542764243341,16
2022-11-08,1,-0.020411931609122025,-0.020411931609122025,16
2022-11-09,1,0.054767591057131915,0.054767591057131915,16
2022-11-10,1,0.009637964590370363,0.009637964590370363,16
2022-11-11,1,-0.008396470890859042,-0.008396470890859042,16
2022-11-14,1,0.008492717264992455,0.008492717264992455,16
2022-11-15,1,-0.007346700222937375,-0.007346700222937375,16
2022-11-16,-1,-0.003373266465695024,0.003373266465695024,16
2022-11-17,-1,0.0047486863142112146,-0.0047486863142112146,16
2022-11-18,-1,-0.003821180095370358,0.003821180095370358,16
2022-11-21,-1,0.013778810176448442,-0.013778810176448442,16
2022-11-22,1,0.005974295253389217,0.005974295253389217,16
2022-11-23,1,-7.42323558827751e-05,-7.42323558827751e-05,16
2022-11-25,1,-0.0158380409178277,-0.0158380409178277,16
2022-11-28,-1,-0.0017098560979827981,0.0017098560979827981,16
2022-11-29,-1,0.03100676873578312,-0.03100676873578312,16
2022-11-30,1,-0.0004153557722373913,-0.0004153557722373913,16
2022-12-01,1,-0.0010754062030307043,-0.0010754062030307043,16
2022-12-02,-1,-0.018007842982648126,0.018007842982648126,16
2022-12-05,-1,-0.014301783143545466,0.014301783143545466,16
2022-12-06,-1,-0.0019210315113040721,0.0019210315113040721,16
2022-12-07,-1,0.007851098026076642,-0.007851098026076642,16
2022-12-08,-1,-0.00738786870516972,0.00738786870516972,16
2022-12-09,1,0.014024905421082368,0.014024905421082368,16
2022-12-12,-1,0.00364504310860414,-0.00364504310860414,16
2022-12-13,1,-0.005994884713229953,-0.005994884713229953,16
2022-12-14,1,-0.024774759122300427,-0.024774759122300427,16
2022-12-15,-1,-0.012214548669544856,0.012214548669544856,16
2022-12-16,-1,-0.008313015500430732,0.008313015500430732,16
2022-12-19,-1,0.0011526233893810467,-0.0011526233893810467,16
2022-12-20,-1,0.01491447044918126,-0.01491447044918126,16
2022-12-21,1,-0.013612454142595154,-0.013612454142595154,16
2022-12-22,-1,0.005201228966621008,-0.005201228966621008,16
2022-12-23,-1,-0.0038482825877452775,0.0038482825877452775,16
2022-12-27,1,-0.012137490731851552,-0.012137490731851552,16
2022-12-28,-1,0.017307029695170062,-0.017307029695170062,16
2022-12-29,-1,-0.0020779156132431087,0.0020779156132431087,16
2022-12-30,-1,-0.0043725897637871824,0.0043725897637871824,16
2023-01-03,1,0.007790267419124586,0.007790267419124586,16
2023-01-04,1,-0.011361585359288995,-0.011361585359288995,16
2023-01-05,-1,0.02282680864270481,-0.02282680864270481,16
2023-01-06,1,-0.0006925814405552844,-0.0006925814405552844,16
2023-01-09,1,0.007187564972062077,0.007187564972062077,16
2023-01-10,-1,0.012463081942609255,-0.012463081942609255,16
2023-01-11,-1,0.003901794318360574,-0.003901794318360574,16
2023-01-12,1,0.003936828917441737,0.003936828917441737,17
2023-01-13,-1,-0.001848265962483997,0.001848265962483997,17
2023-01-17,1,-0.015764627864702785,-0.015764627864702785,17
2023-01-18,1,-0.007118673603733305,-0.007118673603733305,17
2023-01-19,-1,0.018359699511295124,-0.018359699511295124,17
2023-01-20,-1,0.011868245098886288,-0.011868245098886288,17
2023-01-23,1,-0.0006709893202130335,-0.0006709893202130335,17
2023-01-24,1,0.00017408261912543743,0.00017408261912543743,17
2023-01-25,-1,0.010989044339714704,-0.010989044339714704,17
2023-01-26,1,0.0024837183052928147,0.0024837183052928147,17
2023-01-27,1,-0.012706961249450255,-0.012706961249450255,17
2023-01-30,1,0.014510389147458724,0.014510389147458724,17
2023-01-31,-1,0.010678200130318727,-0.010678200130318727,17
2023-02-01,1,0.014515205950199173,0.014515205950199173,17
2023-02-02,1,-0.010294743994872402,-0.010294743994872402,17
2023-02-03,1,-0.006154261549376705,-0.006154261549376705,17
2023-02-06,-1,0.0129189108351635,-0.0129189108351635,17
2023-02-07,-1,-0.01090810281509147,0.01090810281509147,17
2023-02-08,1,-0.00848340872546638,-0.00848340872546638,17
2023-02-09,-1,0.00217562792413184,-0.00217562792413184,17
2023-02-10,-1,0.011757262719981565,-0.011757262719981565,17
2023-02-13,-1,-0.0005304046032851284,0.0005304046032851284,17
2023-02-14,1,0.0031841164897541407,0.0031841164897541407,17
2023-02-15,-1,-0.013465437236141242,0.013465437236141242,17
2023-02-16,-1,-0.0027785515605224242,0.0027785515605224242,17
2023-02-17,-1,-0.019822103873436414,0.019822103873436414,17
2023-02-21,-1,-0.001695615484754498,0.001695615484754498,17
2023-02-22,-1,0.005270351740713997,-0.005270351740713997,17
2023-02-23,-1,-0.01080854295053868,0.01080854295053868,17
2023-02-24,-1,0.0034915342482806366,-0.0034915342482806366,17
2023-02-27,1,-0.0038297841784652453,-0.0038297841784652453,17
2023-02-28,1,-0.003568141878480091,-0.003568141878480091,17
2023-03-01,-1,0.007867925181716418,-0.007867925181716418,17
2023-03-02,-1,0.01603816380807932,-0.01603816380807932,17
2023-03-03,1,0.001132835864528392,0.001132835864528392,17
2023-03-06,1,-0.015767214855560985,-0.015767214855560985,17
2023-03-07,1,0.0017493856519410489,0.0017493856519410489,17
2023-03-08,-1,-0.018511546437952164,0.018511546437952164,17
2023-03-09,-1,-0.014056578957881483,0.014056578957881483,17
2023-03-10,-1,-0.0020882684036225285,0.0020882684036225285,17
2023-03-13,-1,0.016818609359712022,-0.016818609359712022,17
2023-03-14,-1,-0.006148643205240556,0.006148643205240556,17
2023-03-15,-1,0.01720526363462671,-0.01720526363462671,17
2023-03-16,-1,-0.011862577714782718,0.011862577714782718,17
2023-03-17,1,0.009919357436452225,0.009919357436452225,17
2023-03-20,-1,0.012995198748154468,-0.012995198748154468,17
2023-03-21,1,-0.016756633189616066,-0.016756633189616066,17
2023-03-22,1,-0.0016435154176700495,-0.0016435154176700495,17
2023-03-23,-1,0.006610312768078996,-0.006610312768078996,17
2023-03-24,-1,0.001736073519219783,-0.001736073519219783,17
2023-03-27,1,-0.0018586947423674394,-0.0018586947423674394,17
2023-03-28,1,0.014469049039537163,0.014469049039537163,17
2023-03-29,1,0.005556296132620764,0.005556296132620764,17
2023-03-30,1,0.014035796931906708,0.014035796931906708,17
2023-03-31,1,0.0035516736896643586,0.0035516736896643586,17
2023-04-03,1,-0.005114693909526236,-0.005114693909526236,17
2023-04-04,1,-0.0023633780133348603,-0.0023633780133348603,17
2023-04-05,-1,0.003785518348297323,-0.003785518348297323,17
2023-04-06,-1,0.001143527431293423,-0.001143527431293423,17
2023-04-10,-1,-2.4326250018802398e-05,2.4326250018802398e-05,17
2023-04-11,1,-0.0037426994443170436,-0.0037426994443170436,17
2023-04-12,1,0.013026605599249397,0.013026605599249397,17
2023-04-13,-1,-0.002456206903114988,0.002456206903114988,17
2023-04-14,1,0.0036934188999320217,0.0036934188999320217,17
2023-04-17,-1,0.00057720485612478,-0.00057720485612478,17
2023-04-18,1,-7.210898535914279e-05,-7.210898535914279e-05,17
2023-04-19,-1,-0.005601064032701553,0.005601064032701553,17
2023-04-20,-1,0.0005560387378327203,-0.0005560387378327203,17
2023-04-21,-1,0.0012563458775722847,-0.0012563458775722847,17
2023-04-24,-1,-0.015878036320785327,0.015878036320785327,17
2023-04-25,-1,-0.004070257703419511,0.004070257703419511,17
2023-04-26,-1,0.019843901056540547,-0.019843901056540547,17
2023-04-27,-1,0.008280406017936892,-0.008280406017936892,17
2023-04-28,1,-0.0007183314368536253,-0.0007183314368536253,17
2023-05-01,1,-0.011189340315465257,-0.011189340315465257,17
2023-05-02,-1,-0.007196688078541014,0.007196688078541014,17
2023-05-03,-1,-0.006980415553596631,0.006980415553596631,17
2023-05-04,-1,0.018286395097265373,-0.018286395097265373,17
2023-05-05,-1,0.0005310191339253922,-0.0005310191339253922,17
2023-05-08,1,-0.004077010726135311,-0.004077010726135311,17
2023-05-09,-1,0.004214860374849527,-0.004214860374849527,17
2023-05-10,1,-0.0014955136797983881,-0.0014955136797983881,17
2023-05-11,-1,-0.0013045259789769004,0.0013045259789769004,17
2023-05-12,1,0.0033138896133420026,0.0033138896133420026,17
2023-05-15,1,-0.006678212599026012,-0.006678212599026012,17
2023-05-16,-1,0.012135627488381484,-0.012135627488381484,17
2023-05-17,1,0.009687964156098738,0.009687964156098738,17
2023-05-18,1,-0.0014487243064887911,-0.0014487243064887911,17
2023-05-19,1,0.0002854036639965418,0.0002854036639965418,17
2023-05-22,1,-0.010937811799075714,-0.010937811799075714,17
2023-05-23,-1,-0.007500709638620262,0.007500709638620262,17
2023-05-24,-1,0.008817010659641467,-0.008817010659641467,17
2023-05-25,-1,0.013133886564564712,-0.013133886564564712,17
2023-05-26,1,0.00018956409515724637,0.00018956409515724637,17
2023-05-30,1,-0.0061607139564391344,-0.0061607139564391344,17
2023-05-31,-1,0.010299710081911329,-0.010299710081911329,17
2023-06-01,-1,0.014253707480641697,-0.014253707480641697,17
2023-06-02,1,-0.0017218193472168242,-0.0017218193472168242,17
2023-06-05,1,0.002120973518238367,0.002120973518238367,17
2023-06-06,-1,-0.006395943935837867,0.006395943935837867,17
2023-06-07,-1,0.00578170283960433,-0.00578170283960433,17
2023-06-08,-1,0.0020015264471240357,-0.0020015264471240357,17
2023-06-09,1,0.00908162675827473,0.00908162675827473,17
2023-06-12,1,0.006536992192642144,0.006536992192642144,17
2023-06-13,1,0.0011662266186776016,0.0011662266186776016,17
2023-06-14,1,0.012357249458553543,0.012357249458553543,17
2023-06-15,1,-0.0035648712861333642,-0.0035648712861333642,17
2023-06-16,1,-0.004732460011283024,-0.004732460011283024,17
2023-06-20,-1,-0.005278261999172806,0.005278261999172806,17
2023-06-21,-1,0.0036137106441935796,-0.0036137106441935796,17
2023-06-22,-1,-0.007611660051974445,0.007611660051974445,17
2023-06-23,-1,-0.004225408473789605,0.004225408473789605,17
2023-06-26,-1,0.011069642462519846,-0.011069642462519846,17
2023-06-27,-1,0.00031929229180249763,-0.00031929229180249763,17
2023-06-28,1,0.003990332017835607,0.003990332017835607,17
2023-06-29,1,0.012264072872353537,0.012264072872353537,17
2023-06-30,1,0.0014359441356657232,0.0014359441356657232,17
2023-07-03,1,-0.0017251473523479666,-0.0017251473523479666,17
2023-07-05,-1,-0.008191557086221213,0.008191557086221213,17
2023-07-06,-1,-0.0025569771265593344,0.0025569771265593344,17
2023-07-07,-1,0.0026542955084742914,-0.0026542955084742914,18
2023-07-10,-1,0.006719915859674019,-0.006719915859674019,18
2023-07-11,-1,0.007506621835672078,-0.007506621835672078,18
2023-07-12,1,0.008521476163605213,0.008521476163605213,18
2023-07-13,1,-0.0009953819972482458,-0.0009953819972482458,18
2023-07-14,1,0.0037196782873560874,0.0037196782873560874,18
2023-07-17,-1,0.007257425368655701,-0.007257425368655701,18
2023-07-18,1,0.0018395960467632033,0.0018395960467632033,18
2023-07-19,1,-0.006230066359356079,-0.006230066359356079,18
2023-07-20,1,-2.1951229336014677e-05,-2.1951229336014677e-05,18
2023-07-21,1,0.0044214237154875935,0.0044214237154875935,18
2023-07-24,-1,0.002693789066791963,-0.002693789066791963,18
2023-07-25,1,8.738542993591558e-05,8.738542993591558e-05,18
2023-07-26,1,-0.0064645571405453905,-0.0064645571405453905,18
2023-07-27,1,0.009452184265469343,0.009452184265469343,18
2023-07-28,1,0.0020904826717613734,0.0020904826717613734,18
2023-07-31,1,-0.002781517666281319,-0.002781517666281319,18
2023-08-01,-1,-0.013968192955686298,0.013968192955686298,18
2023-08-02,-1,-0.0028729647528675795,0.0028729647528675795,18
2023-08-03,-1,-0.004654371976667071,0.004654371976667071,18
2023-08-04,1,0.008840101656854005,0.008840101656854005,18
2023-08-07,-1,-0.004193691578870062,0.004193691578870062,18
2023-08-08,-1,-0.006760391625564299,0.006760391625564299,18
2023-08-09,-1,0.0004463462399177942,-0.0004463462399177942,18
2023-08-10,1,-0.00060223732493625,-0.00060223732493625,18
2023-08-11,-1,0.005356650858655998,-0.005356650858655998,18
2023-08-14,-1,-0.011322276165245837,0.011322276165245837,18
2023-08-15,-1,-0.007477402882401507,0.007477402882401507,18
2023-08-16,-1,-0.007692188726371452,0.007692188726371452,18
2023-08-17,-1,0.00018243335198953048,-0.00018243335198953048,18
2023-08-18,-1,0.006747341946716556,-0.006747341946716556,18
2023-08-21,-1,-0.0028528908988102453,0.0028528908988102453,18
2023-08-22,1,0.011035639296776978,0.011035639296776978,18
2023-08-23,1,-0.013430681608822326,-0.013430681608822326,18
2023-08-24,1,0.007148256714482271,0.007148256714482271,18
2023-08-25,-1,0.0060350871093670655,-0.0060350871093670655,18
2023-08-28,1,0.01444689356373785,0.01444689356373785,18
2023-08-29,1,0.004385241580309174,0.004385241580309174,18
2023-08-30,1,-0.001764069351465225,-0.001764069351465225,18
2023-08-31,1,0.002120637632597955,0.002120637632597955,18
2023-09-01,1,-0.0042984276770388075,-0.0042984276770388075,18
2023-09-05,1,-0.006951548734956181,-0.006951548734956181,18
2023-09-06,-1,-0.00276437988479572,0.00276437988479572,18
2023-09-07,-1,0.0012295175354635202,-0.0012295175354635202,18
2023-09-08,-1,0.006765353366670723,-0.006765353366670723,18
2023-09-11,1,-0.005411404911144002,-0.005411404911144002,18
2023-09-12,1,0.0009365683354976007,0.0009365683354976007,18
2023-09-13,-1,0.008933366873117743,-0.008933366873117743,18
2023-09-14,1,-0.012895022337823359,-0.012895022337823359,18
2023-09-15,1,0.0017224461520544132,0.0017224461520544132,18
2023-09-18,-1,-0.002233040024216759,0.002233040024216759,18
2023-09-19,-1,-0.009466923855222076,0.009466923855222076,18
2023-09-20,1,-0.016380849228379457,-0.016380849228379457,18
2023-09-21,-1,-0.002388957030528993,0.002388957030528993,18
2023-09-22,-1,0.004144642784113861,-0.004144642784113861,18
2023-09-25,-1,-0.01912404545096702,0.01912404545096702,18
2023-09-26,-1,0.000257119293649577,-0.000257119293649577,18
2023-09-27,-1,0.005842896273470455,-0.005842896273470455,18
2023-09-28,-1,-0.0021841728096083646,0.0021841728096083646,18
2023-09-29,1,-0.00034928602808981246,-0.00034928602808981246,18
2023-10-02,-1,-0.013324639482315881,0.013324639482315881,18
2023-10-03,-1,0.00708282183702913,-0.00708282183702913,18
2023-10-04,-1,-0.00046889583687170777,0.00046889583687170777,18
2023-10-05,-1,0.011750656576024365,-0.011750656576024365,18
2023-10-06,1,0.006583666852209014,0.006583666852209014,18
2023-10-09,1,0.005227930208706155,0.005227930208706155,18
2023-10-10,1,0.004238397038519803,0.004238397038519803,18
2023-10-11,1,-0.005999987328726308,-0.005999987328726308,18
2023-10-12,1,-0.005255929494520473,-0.005255929494520473,18
2023-10-13,-1,0.010405873716613723,-0.010405873716613723,18
2023-10-16,-1,0.00029679932692960875,-0.00029679932692960875,18
2023-10-17,-1,-0.013103505066384913,0.013103505066384913,18
2023-10-18,-1,-0.009067527774730522,0.009067527774730522,18
2023-10-19,-1,-0.012301919631751645,0.012301919631751645,18
2023-10-20,-1,-0.0017488897781113844,0.0017488897781113844,18
2023-10-23,-1,0.007528748139163266,-0.007528748139163266,18
2023-10-24,-1,-0.014216533103856288,0.014216533103856288,18
2023-10-25,1,-0.012061684920034899,-0.012061684920034899,18
2023-10-26,-1,-0.004584447721317386,0.004584447721317386,18
2023-10-27,-1,0.01187740773009427,-0.01187740773009427,18
2023-10-30,-1,0.005964762633999143,-0.005964762633999143,18
2023-10-31,1,0.01093012409202676,0.01093012409202676,18
2023-11-01,1,0.01926835017384443,0.01926835017384443,18
2023-11-02,1,0.00896675593222418,0.00896675593222418,18
2023-11-03,1,0.0024050443650893705,0.0024050443650893705,18
2023-11-06,1,0.0026505189326964107,0.0026505189326964107,18
2023-11-07,-1,0.0008204555131174907,-0.0008204555131174907,18
2023-11-08,1,-0.007537110690846172,-0.007537110690846172,18
2023-11-09,1,0.015647601763710828,0.015647601763710828,18
2023-11-10,1,-0.0011521217840707587,-0.0011521217840707587,18
2023-11-13,1,0.019608247779873134,0.019608247779873134,18
2023-11-14,1,0.002018507395721958,0.002018507395721958,18
2023-11-15,1,0.0012396457491026247,0.0012396457491026247,18
2023-11-16,-1,0.0010612668566947203,-0.0010612668566947203,18
2023-11-17,-1,0.008039256721257715,-0.008039256721257715,18
2023-11-20,1,-0.0023005527357601308,-0.0023005527357601308,18
2023-11-21,1,0.00379913258422504,0.00379913258422504,18
2023-11-22,1,0.0007438117115527998,0.0007438117115527998,18
2023-11-24,1,-0.0018581805241759675,-0.0018581805241759675,18
2023-11-27,-1,0.0008541900864356133,-0.0008541900864356133,18
2023-11-28,-1,-0.00045958678193158686,0.00045958678193158686,18
2023-11-29,1,0.0036123748358019014,0.0036123748358019014,18
2023-11-30,1,0.005911590628024266,0.005911590628024266,18
2023-12-01,1,-0.004944373073004216,-0.004944373073004216,18
2023-12-04,-1,-0.00021794944357711454,0.00021794944357711454,18
2023-12-05,-1,-0.004141676068630806,0.004141676068630806,18
2023-12-06,1,0.007683001425311531,0.007683001425311531,18
2023-12-07,1,0.004322749186016717,0.004322749186016717,18
2023-12-08,1,0.003893128083068964,0.003893128083068964,18
2023-12-11,1,0.004955334139377099,0.004955334139377099,18
2023-12-12,1,0.013699183114231017,0.013699183114231017,18
2023-12-13,1,0.00313004609971812,0.00313004609971812,18
2023-12-14,1,-0.0016866636409879066,-0.0016866636409879066,18
2023-12-15,1,0.005554158100676387,0.005554158100676387,18
2023-12-18,1,0.005775490990760801,0.005775490990760801,18
2023-12-19,1,-0.018291875881586206,-0.018291875881586206,18
2023-12-20,-1,0.010145890298741689,-0.010145890298741689,18
2023-12-21,-1,0.0019161602305535208,-0.0019161602305535208,18
2023-12-22,1,0.004308326176734045,0.004308326176734045,18
2023-12-26,1,0.001904291274630543,0.001904291274630543,18
2023-12-27,-1,0.0004595037830821269,-0.0004595037830821269,19
2023-12-28,1,-0.0028601150671972997,-0.0028601150671972997,19
2023-12-29,-1,-0.005736637577966386,0.005736637577966386,19
2024-01-02,-1,-0.008170323155109682,0.008170323155109682,19
2024-01-03,-1,-0.0030785167554141513,0.0030785167554141513,19
2024-01-04,-1,0.0011926006506204345,-0.0011926006506204345,19
2024-01-05,-1,0.013762446370932047,-0.013762446370932047,19
2024-01-08,1,-0.0009441693969886034,-0.0009441693969886034,19
2024-01-09,1,0.0056075583400141404,0.0056075583400141404,19
2024-01-10,1,-0.0005430332844985619,-0.0005430332844985619,19
2024-01-11,1,0.0008567624544308927,0.0008567624544308927,19
2024-01-12,1,-0.00346585036688829,-0.00346585036688829,19
2024-01-16,-1,-0.00561490204132109,0.00561490204132109,19
2024-01-17,-1,0.008575296797628251,-0.008575296797628251,19
2024-01-18,-1,0.012513297131389711,-0.012513297131389711,19
2024-01-19,1,0.0021664156276599567,0.0021664156276599567,19
2024-01-22,1,0.003108680159541022,0.003108680159541022,19
2024-01-23,1,0.0007593693551497527,0.0007593693551497527,19
2024-01-24,1,0.00557823117330547,0.00557823117330547,19
2024-01-25,1,-0.0010400735464130006,-0.0010400735464130006,19
2024-01-26,1,0.007860042558382574,0.007860042558382574,19
2024-01-29,1,-0.0007495404312617415,-0.0007495404312617415,19
2024-01-30,1,-0.016419979295310583,-0.016419979295310583,19
2024-01-31,-1,0.013272881861879249,-0.013272881861879249,19
2024-02-01,-1,0.010312376241925936,-0.010312376241925936,19
2024-02-02,1,-0.0033419977263724476,-0.0033419977263724476,19
2024-02-05,1,0.002706851607941374,0.002706851607941374,19
2024-02-06,-1,0.008118613711742606,-0.008118613711742606,19
2024-02-07,1,0.0006594192146818223,0.0006594192146818223,19
2024-02-08,1,0.005791300841706093,0.005791300841706093,19
2024-02-09,1,-0.0005360647611312164,-0.0005360647611312164,19
2024-02-12,1,-0.013429237752895506,-0.013429237752895506,19
2024-02-13,-1,0.008920286575927916,-0.008920286575927916,19
2024-02-14,-1,0.006586205749815166,-0.006586205749815166,19
2024-02-15,1,-0.004758588019114218,-0.004758588019114218,19
2024-02-16,1,-0.005558339430363657,-0.005558339430363657,19
2024-02-20,-1,0.0009014778551001967,-0.0009014778551001967,19
2024-02-21,-1,0.02089630461260672,-0.02089630461260672,19
2024-02-22,1,0.0005685884753703352,0.0005685884753703352,19
2024-02-23,1,-0.0037621642903431507,-0.0037621642903431507,19
2024-02-26,1,0.0017701779487724334,0.0017701779487724334,19
2024-02-27,-1,-0.0012566061400177686,0.0012566061400177686,19
2024-02-28,-1,0.003479632689973311,-0.003479632689973311,19
2024-02-29,1,0.009677739882985259,0.009677739882985259,19
2024-03-01,1,-0.0011835412682152935,-0.0011835412682152935,19
2024-03-04,1,-0.01010148496186225,-0.01010148496186225,19
2024-03-05,-1,0.005416304321071985,-0.005416304321071985,19
2024-03-06,-1,0.009934741682301462,-0.009934741682301462,19
2024-03-07,1,-0.006068482099770733,-0.006068482099770733,19
2024-03-08,1,-0.0004861070809875079,-0.0004861070809875079,19
2024-03-11,-1,0.010427294793856623,-0.010427294793856623,19
2024-03-12,1,-0.0015980305175766762,-0.0015980305175766762,19
2024-03-13,1,-0.0021790787489681662,-0.0021790787489681662,19
2024-03-14,1,-0.008136251454839871,-0.008136251454839871,19
2024-03-15,-1,0.007053358640275231,-0.007053358640275231,19
2024-03-18,1,0.005785143486060074,0.005785143486060074,19
2024-03-19,1,0.009291235390056496,0.009291235390056496,19
2024-03-20,1,-9.527473382697771e-05,-9.527473382697771e-05,19
2024-03-21,1,-0.0013343223924869863,-0.0013343223924869863,19
2024-03-22,1,-0.0031301604572744335,-0.0031301604572744335,19
2024-03-25,-1,-0.002106219957471289,0.002106219957471289,19
2024-03-26,-1,0.008710959920074979,-0.008710959920074979,19
2024-03-27,1,1.9040109150880724e-05,1.9040109150880724e-05,19
2024-03-28,1,-0.0016167531194999363,-0.0016167531194999363,19
2024-04-01,1,-0.006534812993204131,-0.006534812993204131,19
2024-04-02,-1,0.0011123158045176496,-0.0011123158045176496,19
2024-04-03,-1,-0.012298227276234863,0.012298227276234863,19
2024-04-04,1,0.010434252701960745,0.010434252701960745,19
2024-04-05,-1,0.00026874729085402116,-0.00026874729085402116,19
2024-04-08,1,0.001247336380503894,0.001247336380503894,19
2024-04-09,1,-0.00969768544144678,-0.00969768544144678,19
2024-04-10,-1,0.007489658561246504,-0.007489658561246504,19
2024-04-11,-1,-0.01398418894201392,0.01398418894201392,19
2024-04-12,-1,-0.0123901451010342,0.0123901451010342,19
2024-04-15,-1,-0.0019134060505890949,0.0019134060505890949,19
2024-04-16,-1,-0.00581051104306507,0.00581051104306507,19
2024-04-17,-1,-0.0023059868845517473,0.0023059868845517473,19
2024-04-18,-1,-0.008667422613362175,0.008667422613362175,19
2024-04-19,-1,0.00922556699928112,-0.00922556699928112,19
2024-04-22,-1,0.012048949194175984,-0.012048949194175984,19
2024-04-23,1,-0.00039359309236319806,-0.00039359309236319806,19
2024-04-24,1,-0.004232521391652533,-0.004232521391652533,19
2024-04-25,-1,0.009786053571978037,-0.009786053571978037,19
2024-04-26,1,0.0035633218100998842,0.0035633218100998842,19
2024-04-29,1,-0.015899693687096428,-0.015899693687096428,19
2024-04-30,1,-0.0031322200503464126,-0.0031322200503464126,19
2024-05-01,-1,0.009147687701378082,-0.009147687701378082,19
2024-05-02,-1,0.01257248947271039,-0.01257248947271039,19
2024-05-03,1,0.010411753281809544,0.010411753281809544,19
2024-05-06,1,0.0012904387738703615,0.0012904387738703615,19
2024-05-07,1,-9.615626202685856e-05,-9.615626202685856e-05,19
2024-05-08,-1,0.005482725609978756,-0.005482725609978756,19
2024-05-09,-1,0.0013967809693060662,-0.0013967809693060662,19
2024-05-10,1,0.00034389780229604483,0.00034389780229604483,19
2024-05-13,1,0.0045648425521012115,0.0045648425521012115,19
2024-05-14,-1,0.012396300524211146,-0.012396300524211146,19
2024-05-15,1,-0.00234750609572143,-0.00234750609572143,19
2024-05-16,1,0.0016942274479092578,0.0016942274479092578,19
2024-05-17,-1,0.0011651196352364668,-0.0011651196352364668,19
2024-05-20,-1,0.002440146021527534,-0.002440146021527534,19
2024-05-21,-1,-0.0028460978013972182,0.0028460978013972182,19
2024-05-22,-1,-0.007304779889264923,0.007304779889264923,19
2024-05-23,-1,0.006639697465882,-0.006639697465882,19
2024-05-24,-1,0.0007704089555997662,-0.0007704089555997662,19
2024-05-28,1,-0.00715411892755724,-0.00715411892755724,19
2024-05-29,-1,-0.006486983783983491,0.006486983783983491,19
2024-05-30,-1,0.008832739251779076,-0.008832739251779076,19
2024-05-31,-1,0.0006226055570368594,-0.0006226055570368594,19
2024-06-03,1,0.0014709485926487353,0.0014709485926487353,19
2024-06-04,1,0.011975794648255711,0.011975794648255711,19
2024-06-05,1,-3.7250491269236186e-05,-3.7250491269236186e-05,19
2024-06-06,1,-0.0012653145824638168,-0.0012653145824638168,19
2024-06-07,1,0.002981083001356355,0.002981083001356355,19
2024-06-10,-1,-0.0005201814648732039,0.0005201814648732039,19
2024-06-11,-1,0.008326441047388444,-0.008326441047388444,19
2024-06-12,1,0.0021011806752129214,0.0021011806752129214,19
2024-06-13,1,0.00034948120620748035,0.00034948120620748035,19
2024-06-14,-1,0.008182275451198429,-0.008182275451198429,19
2024-06-17,1,0.0024256663124251343,0.0024256663124251343,19
2024-06-18,1,-0.0030929556832186567,-0.0030929556832186567,19
2024-06-20,1,-0.0016972527496397216,-0.0016972527496397216,20
2024-06-21,-1,-0.0025594127878251216,0.0025594127878251216,20
2024-06-24,-1,0.003793932258928434,-0.003793932258928434,20
2024-06-25,-1,0.0015337913867634612,-0.0015337913867634612,20
2024-06-26,-1,0.001458447758483583,-0.001458447758483583,20
2024-06-27,1,-0.003804752835509184,-0.003804752835509184,20
2024-06-28,1,0.002156301222331569,0.002156301222331569,20
2024-07-01,-1,0.006382086707743984,-0.006382086707743984,20
2024-07-02,-1,0.00438485271705491,-0.00438485271705491,20
2024-07-03,1,0.00618763655229837,0.00618763655229837,20
2024-07-05,1,0.0011653101110267183,0.0011653101110267183,20
2024-07-08,1,0.0009312504365235341,0.0009312504365235341,20
2024-07-09,1,0.009518199763713042,0.009518199763713042,20
2024-07-10,1,-0.008489105941238417,-0.008489105941238417,20
2024-07-11,1,0.006398948832956108,0.006398948832956108,20
2024-07-12,1,0.0027884473314299107,0.0027884473314299107,20
2024-07-15,1,0.005933364106211814,0.005933364106211814,20
2024-07-16,1,-0.013962237426920598,-0.013962237426920598,20
2024-07-17,-1,-0.007910386013584847,0.007910386013584847,20
2024-07-18,-1,-0.006515470259641054,0.006515470259641054,20
2024-07-19,-1,0.010380886457223015,-0.010380886457223015,20
2024-07-22,-1,-0.0016675201074777268,0.0016675201074777268,20
2024-07-23,1,-0.02257625392938878,-0.02257625392938878,20
2024-07-24,-1,-0.005273690305783618,0.005273690305783618,20
2024-07-25,-1,0.011175947635189365,-0.011175947635189365,20
2024-07-26,-1,0.0006942123031903336,-0.0006942123031903336,20
2024-07-29,1,-0.005385494097606358,-0.005385494097606358,20
2024-07-30,1,0.015601482848888404,0.015601482848888404,20
2024-07-31,1,-0.013138905940536683,-0.013138905940536683,20
2024-08-01,1,-0.018826057122111606,-0.018826057122111606,20
2024-08-02,-1,-0.029098356173621998,0.029098356173621998,20
2024-08-05,-1,0.009496717503483909,-0.009496717503483909,20
2024-08-06,-1,-0.006912715030023553,0.006912715030023553,20
2024-08-07,1,0.023164427536594978,0.023164427536594978,20
2024-08-08,1,0.004273044268647164,0.004273044268647164,20
2024-08-09,1,0.0004852286600194322,0.0004852286600194322,20
2024-08-12,1,0.016638458877916706,0.016638458877916706,20
2024-08-13,1,0.00326581686520111,0.00326581686520111,20
2024-08-14,1,0.017117436391713925,0.017117436391713925,20
2024-08-15,1,0.0022655119915533373,0.0022655119915533373,20
2024-08-16,1,0.009292633593173116,0.009292633593173116,20
2024-08-19,1,-0.0014929806476641216,-0.0014929806476641216,20
2024-08-20,1,0.0038983967909744788,0.0038983967909744788,20
2024-08-21,1,-0.008458080972770232,-0.008458080972770232,20
2024-08-22,1,0.010801298308219742,0.010801298308219742,20
2024-08-23,1,-0.002830662988914101,-0.002830662988914101,20
2024-08-26,1,0.0018273836609050687,0.0018273836609050687,20
2024-08-27,-1,-0.0058442035028469785,0.0058442035028469785,20
2024-08-28,-1,0.00016037276937796996,-0.00016037276937796996,20
2024-08-29,-1,0.009439821315765595,-0.009439821315765595,20
2024-08-30,1,-0.020273471961843814,-0.020273471961843814,20
2024-09-03,-1,-0.002089172926710736,0.002089172926710736,20
2024-09-04,-1,-0.0027792421858804373,0.0027792421858804373,20
2024-09-05,-1,-0.01663168249965785,0.01663168249965785,20
2024-09-06,-1,0.011226191436319422,-0.011226191436319422,20
2024-09-09,-1,0.0036945227312008555,-0.0036945227312008555,20
2024-09-10,1,0.010788780067146453,0.010788780067146453,20
2024-09-11,1,0.008467074356026894,0.008467074356026894,20
2024-09-12,1,0.005123014337947707,0.005123014337947707,20
2024-09-13,1,0.0016635739522405935,0.0016635739522405935,20
2024-09-16,1,0.0003710701183412546,0.0003710701183412546,20
2024-09-17,1,-0.0029848152684043283,-0.0029848152684043283,20
2024-09-18,1,0.01714760147441896,0.01714760147441896,20
2024-09-19,1,-0.002089921806246897,-0.002089921806246897,20
2024-09-20,1,0.0027749644541230634,0.0027749644541230634,20
2024-09-23,1,0.002906440983823977,0.002906440983823977,20
2024-09-24,1,-0.006229981527928419,-0.006229981527928419,20
2024-09-25,-1,0.004278301822943975,-0.004278301822943975,20
2024-09-26,1,-0.0018083115470652888,-0.0018083115470652888,20
2024-09-27,1,0.004790356515606664,0.004790356515606664,20
2024-09-30,-1,-0.009448375815383048,0.009448375815383048,20
2024-10-01,-1,0.0004025070807276432,-0.0004025070807276432,20
2024-10-02,-1,-0.0019068682065550568,0.0019068682065550568,20
2024-10-03,-1,0.009079582456246849,-0.009079582456246849,20
2024-10-04,1,-0.008963110567577481,-0.008963110567577481,20
2024-10-07,1,0.009482363533429572,0.009482363533429572,20
2024-10-08,1,0.006788854963983848,0.006788854963983848,20
2024-10-09,1,-0.0017590041200968853,-0.0017590041200968853,20
2024-10-10,1,0.006081160949100273,0.006081160949100273,20
2024-10-11,1,0.008242550063293885,0.008242550063293885,20
2024-10-14,1,-0.007936700989390033,-0.007936700989390033,20
2024-10-15,1,0.004446474444010029,0.004446474444010029,20
2024-10-16,-1,0.00029052933819495586,-0.00029052933819495586,20
2024-10-17,1,0.0037762015765163692,0.0037762015765163692,20
2024-10-18,1,-0.0014809435274695248,-0.0014809435274695248,20
2024-10-21,1,-0.0007842308112913088,-0.0007842308112913088,20
2024-10-22,-1,-0.009110652604342295,0.009110652604342295,20
2024-10-23,-1,0.0021351113422154455,-0.0021351113422154455,20
2024-10-24,-1,-0.00022336456242566527,0.00022336456242566527,20
2024-10-25,1,0.0030073894596620576,0.0030073894596620576,20
2024-10-28,1,0.001541957236804281,0.001541957236804281,20
2024-10-29,1,-0.0032161575948546073,-0.0032161575948546073,20
2024-10-30,1,-0.019616580587683452,-0.019616580587683452,20
2024-10-31,-1,0.004341398556029885,-0.004341398556029885,20
2024-11-01,-1,-0.0020043983783533115,0.0020043983783533115,20
2024-11-04,1,0.012085828495445039,0.012085828495445039,20
2024-11-05,-1,0.02483220571699163,-0.02483220571699163,20
2024-11-06,1,0.0077961959398280545,0.0077961959398280545,20
2024-11-07,1,0.004377529321879736,0.004377529321879736,20
2024-11-08,1,0.0007652620380278474,0.0007652620380278474,20
2024-11-11,1,-0.003058605983025764,-0.003058605983025764,20
2024-11-12,1,0.0007503329837952322,0.0007503329837952322,20
2024-11-13,-1,-0.006614514591032461,0.006614514591032461,20
2024-11-14,-1,-0.012696455348097824,0.012696455348097824,20
2024-11-15,-1,0.004162015966439281,-0.004162015966439281,20
2024-11-18,-1,0.003484964912864097,-0.003484964912864097,20
2024-11-19,-1,0.00045521442255935796,-0.00045521442255935796,20
2024-11-20,1,0.005122637528372387,0.005122637528372387,20
2024-11-21,1,0.0033027625449106868,0.0033027625449106868,20
2024-11-22,1,0.002957571158811234,0.002957571158811234,20
2024-11-25,1,0.005897902827779911,0.005897902827779911,20
2024-11-26,1,-0.00321320128863678,-0.00321320128863678,20
2024-11-27,1,0.005400285734018739,0.005400285734018739,20
2024-11-29,1,0.002710454374841742,0.002710454374841742,20
2024-12-02,1,0.00041205846441627614,0.00041205846441627614,20
2024-12-03,1,0.006161839493513677,0.006161839493513677,20
2024-12-04,1,-0.0015883931863299727,-0.0015883931863299727,20
2024-12-05,1,0.0018041373334602984,0.0018041373334602984,20
2024-12-06,1,-0.005156957461046274,-0.005156957461046274,20
2024-12-09,1,-0.0028962772953494698,-0.0028962772953494698,20
2024-12-10,-1,0.0077073608348132705,-0.0077073608348132705,21
2024-12-11,-1,-0.00530642677905746,0.00530642677905746,21
2024-12-12,1,-0.0001810905671912888,-0.0001810905671912888,21
2024-12-13,1,0.004265244215008179,0.004265244215008179,21
2024-12-16,1,-0.007838297825491836,-0.007838297825491836,21
2024-12-17,-1,-0.029402492994398677,0.029402492994398677,21
2024-12-18,-1,-0.0007322015268038662,0.0007322015268038662,21
2024-12-19,-1,0.011076461344350141,-0.011076461344350141,21
2024-12-20,-1,0.0072640814293087885,-0.0072640814293087885,21
2024-12-23,1,0.01124417799748234,0.01124417799748234,21
2024-12-24,1,-0.00047981010386555223,-0.00047981010386555223,21
2024-12-26,1,-0.01082652333015699,-0.01082652333015699,21
2024-12-27,-1,-0.010961873892484597,0.010961873892484597,21
2024-12-30,-1,-0.0038918201444733125,0.0038918201444733125,21
2024-12-31,-1,-0.0020893872461322793,0.0020893872461322793,21
2025-01-02,1,0.012188225373647388,0.012188225373647388,21
2025-01-03,1,0.006205752564388156,0.006205752564388156,21
2025-01-06,1,-0.011248505107907203,-0.011248505107907203,21
2025-01-07,1,0.0010480502890803933,0.0010480502890803933,21
2025-01-08,-1,-0.014961389613191156,0.014961389613191156,21
2025-01-10,-1,0.0014571092881143777,-0.0014571092881143777,21
2025-01-13,-1,0.001386554775495874,-0.001386554775495874,21
2025-01-14,1,0.01818837044403887,0.01818837044403887,21
2025-01-15,1,-0.0016956999434971642,-0.0016956999434971642,21
2025-01-16,1,0.009485073988011461,0.009485073988011461,21
2025-01-17,1,0.00906274339936508,0.00906274339936508,21
2025-01-21,1,0.005943495977191793,0.005943495977191793,21
2025-01-22,1,0.005580214150960661,0.005580214150960661,21
2025-01-23,1,-0.0029541333809899317,-0.0029541333809899317,21
2025-01-24,1,-0.013946896048306234,-0.013946896048306234,21
2025-01-27,-1,0.008499751247057707,-0.008499751247057707,21
2025-01-28,-1,-0.004247011689605507,0.004247011689605507,21
2025-01-29,1,0.005009058258907295,0.005009058258907295,21
2025-01-30,1,-0.005395317438732228,-0.005395317438732228,21
2025-01-31,1,-0.006582179481886552,-0.006582179481886552,21
2025-02-03,-1,0.006675783802556845,-0.006675783802556845,21
2025-02-04,-1,0.004101242717321707,-0.004101242717321707,21
2025-02-05,1,0.0036728454414325373,0.0036728454414325373,21
2025-02-06,1,-0.009189426315626026,-0.009189426315626026,21
2025-02-07,1,0.006541921641087578,0.006541921641087578,21
2025-02-10,1,0.0007897662998765931,0.0007897662998765931,21
2025-02-11,-1,-0.003321043948765867,0.003321043948765867,21
2025-02-12,-1,0.01065630838051601,-0.01065630838051601,21
2025-02-13,1,1.6337940333732703e-05,1.6337940333732703e-05,21
2025-02-14,1,0.002937892234913031,0.002937892234913031,21
2025-02-18,1,0.002229519529899804,0.002229519529899804,21
2025-02-19,-1,-0.0038807399659428476,0.0038807399659428476,21
2025-02-20,-1,-0.017262782375639163,0.017262782375639163,21
2025-02-21,-1,-0.004760553917813826,0.004760553917813826,21
2025-02-24,-1,-0.0048666381835937855,0.0048666381835937855,21
2025-02-25,-1,0.0003349839239406016,-0.0003349839239406016,21
2025-02-26,-1,-0.01590543720536497,0.01590543720536497,21
2025-02-27,1,0.015754105735007462,0.015754105735007462,21
2025-02-28,-1,-0.017168029574613497,0.017168029574613497,21
2025-03-03,1,-0.012065570851241714,-0.012065570851241714,21
2025-03-04,-1,0.010953710208993162,-0.010953710208993162,21
2025-03-05,-1,-0.017950413908259022,0.017950413908259022,21
2025-03-06,-1,0.0051604264719560256,-0.0051604264719560256,21
2025-03-07,-1,-0.026049691569423605,0.026049691569423605,21
2025-03-10,-1,-0.008519075273623167,0.008519075273623167,21
2025-03-11,-1,0.005083713564807413,-0.005083713564807413,21
2025-03-12,1,-0.013215044468658843,-0.013215044468658843,21
2025-03-13,1,0.02075587490646047,0.02075587490646047,21
2025-03-14,1,0.007161022368009862,0.007161022368009862,21
2025-03-17,1,-0.013482896847465176,-0.013482896847465176,21
2025-03-18,1,0.010819883560391874,0.010819883560391874,21
2025-03-19,1,-0.0022359104758982173,-0.0022359104758982173,21
2025-03-20,1,-0.00028226902510464225,-0.00028226902510464225,21
2025-03-21,-1,0.017896772401828853,-0.017896772401828853,21
2025-03-24,1,0.002150179172778488,0.002150179172778488,21
2025-03-25,1,-0.011315729140188524,-0.011315729140188524,21
2025-03-26,1,-0.003150025982293636,-0.003150025982293636,21
2025-03-27,-1,-0.020188898034792624,0.020188898034792624,21
2025-03-28,-1,0.006772789597121243,-0.006772789597121243,21
2025-03-31,-1,0.0033457996104786503,-0.0033457996104786503,21
2025-04-01,-1,0.00606616540571947,-0.00606616540571947,21
2025-04-02,1,-0.04783146032957042,-0.04783146032957042,21
2025-04-03,-1,-0.06010335980973969,0.06010335980973969,21
2025-04-04,-1,-0.0024230817049395448,0.0024230817049395448,21
2025-04-07,-1,-0.014969029220650132,0.014969029220650132,21
2025-04-08,-1,0.09512833473990745,-0.09512833473990745,21
2025-04-09,1,-0.03513043925200232,-0.03513043925200232,21
2025-04-10,1,0.018821354221733477,0.018821354221733477,21
2025-04-11,1,0.008454764102260981,0.008454764102260981,21
2025-04-14,1,-0.0024560811084972656,-0.0024560811084972656,21
2025-04-15,1,-0.022306943369015397,-0.022306943369015397,21
2025-04-16,-1,0.0010034616711849242,-0.0010034616711849242,21
2025-04-17,-1,-0.023246975286342897,0.023246975286342897,21
2025-04-21,-1,0.025175258292486014,-0.025175258292486014,21
2025-04-22,-1,0.015999793390383044,-0.015999793390383044,21
2025-04-23,1,0.02113971485227073,0.02113971485227073,21
2025-04-24,1,0.00722849122401481,0.00722849122401481,21
2025-04-25,1,0.00043382966668925604,0.00043382966668925604,21
2025-04-28,1,0.006360370015782824,0.006360370015782824,21
2025-04-29,-1,0.0018134657392727682,-0.0018134657392727682,21
2025-04-30,1,0.005645500134166648,0.005645500134166648,21
2025-05-01,1,0.014667430127356829,0.014667430127356829,21
2025-05-02,1,-0.00556792741733092,-0.00556792741733092,21
2025-05-05,1,-0.008177764668861331,-0.008177764668861331,21
2025-05-06,-1,0.0039712960629094685,-0.0039712960629094685,21
2025-05-07,-1,0.006314627304150999,-0.006314627304150999,21
2025-05-08,1,-0.0007755670035991535,-0.0007755670035991535,21
2025-05-09,1,0.033198692582176115,0.033198692582176115,21
2025-05-12,1,0.007221970446234627,0.007221970446234627,21
2025-05-13,1,0.0005763753162382201,0.0005763753162382201,21
2025-05-14,1,0.004912860396718122,0.004912860396718122,21
2025-05-15,-1,0.006507275024820736,-0.006507275024820736,21
2025-05-16,1,0.0012561972859472803,0.0012561972859472803,21
2025-05-19,-1,-0.003713629844465993,0.003713629844465993,21
2025-05-20,1,-0.016622771953445747,-0.016622771953445747,21
2025-05-21,-1,0.00015371601430103077,-0.00015371601430103077,21
2025-05-22,-1,-0.006419027763826746,0.006419027763826746,21
2025-05-23,-1,0.020515468112381807,-0.020515468112381807,21
2025-05-27,1,-0.005892851105521069,-0.005892851105521069,21
2025-05-28,1,0.003963191595747206,0.003963191595747206,21
2025-05-29,1,-0.0010627970776272422,-0.0010627970776272422,21
2025-05-30,1,0.0058093427333894,0.0058093427333894,21
2025-06-02,1,0.005607826977806374,0.005607826977806374,21
2025-06-03,1,-0.0002670982360001295,-0.0002670982360001295,21
2025-06-04,1,-0.004659617167680152,-0.004659617167680152,21
2025-06-05,1,0.010101043203691429,0.010101043203691429,22
2025-06-06,1,0.0009468560202969822,0.0009468560202969822,22
2025-06-09,1,0.0057421078556845195,0.0057421078556845195,22
2025-06-10,1,-0.002838195559841883,-0.002838195559841883,22
2025-06-11,1,0.0036405358440523283,0.0036405358440523283,22
2025-06-12,-1,-0.011079836490873518,0.011079836490873518,22
2025-06-13,-1,0.006619036468962669,-0.006619036468962669,22
2025-06-16,-1,-0.008281436198367853,0.008281436198367853,22
2025-06-17,-1,-0.00023384101502088583,0.00023384101502088583,22
2025-06-18,-1,-0.0032742340527274205,0.0032742340527274205,22
2025-06-20,1,0.010508530508935632,0.010508530508935632,22
2025-06-23,-1,0.010913401505607379,-0.010913401505607379,22
2025-06-24,1,0.000738317992848625,0.000738317992848625,22
2025-06-25,1,0.007869348186861913,0.007869348186861913,22
2025-06-26,1,0.004391977624017329,0.004391977624017329,22
2025-06-27,1,0.005571214846292749,0.005571214846292749,22
2025-06-30,1,-0.0003704968511207829,-0.0003704968511207829,22
2025-07-01,1,0.004430695982921451,0.004430695982921451,22
2025-07-02,-1,0.007619261701921731,-0.007619261701921731,22
2025-07-03,1,-0.00690890354264706,-0.00690890354264706,22
2025-07-07,1,-0.0008015003868080406,-0.0008015003868080406,22
2025-07-08,-1,0.005935880040408792,-0.005935880040408792,22
2025-07-09,1,0.002902486649807301,0.002902486649807301,22
2025-07-10,1,-0.00383234990553305,-0.00383234990553305,22
2025-07-11,-1,0.0020751992016829757,-0.0020751992016829757,22
2025-07-14,-1,-0.004380794664640142,0.004380794664640142,22
2025-07-15,1,0.0036160735386778775,0.0036160735386778775,22
2025-07-16,-1,0.005866867558041111,-0.005866867558041111,22
2025-07-17,1,-0.00041210557216064814,-0.00041210557216064814,22
2025-07-18,1,0.00168074839031096,0.00168074839031096,22
2025-07-21,1,1.5845006465564637e-05,1.5845006465564637e-05,22
2025-07-22,1,0.008848619593315288,0.008848619593315288,22
2025-07-23,1,0.0003922614552842596,0.0003922614552842596,22
2025-07-24,1,0.0038896772205465613,0.0038896772205465613,22
2025-07-25,1,-0.0002187523809823455,-0.0002187523809823455,22
2025-07-28,1,-0.002375232117586723,-0.002375232117586723,22
2025-07-29,1,-0.0013941331679214741,-0.0013941331679214741,22
2025-07-30,-1,-0.004094030386318281,0.004094030386318281,22
2025-07-31,1,-0.01614427406812524,-0.01614427406812524,22
2025-08-01,-1,0.015240467660309065,-0.015240467660309065,22
2025-08-04,-1,-0.004809416836433322,0.004809416836433322,22
2025-08-05,1,0.007399516647050852,0.007399516647050852,22
2025-08-06,-1,-0.000550457852486752,0.000550457852486752,22
2025-08-07,1,0.007569554230318243,0.007569554230318243,22
2025-08-08,1,-0.0019836306618508104,-0.0019836306618508104,22
2025-08-11,1,0.01057937646288365,0.01057937646288365,22
2025-08-12,1,0.0036702003175106412,0.0036702003175106412,22
2025-08-13,1,3.088909552761976e-05,3.088909552761976e-05,22
2025-08-14,1,-0.002252668386985457,-0.002252668386985457,22
2025-08-15,1,-0.0004638962699625715,-0.0004638962699625715,22
2025-08-18,-1,-0.005291060748474519,0.005291060748474519,22
2025-08-19,-1,-0.002675218454972872,0.002675218454972872,22
2025-08-20,-1,-0.003945492785395466,0.003945492785395466,22
2025-08-21,-1,0.015343647417674022,-0.015343647417674022,22
2025-08-22,1,-0.0044101547441210975,-0.0044101547441210975,22
2025-08-25,1,0.004057981317366455,0.004057981317366455,22
2025-08-26,-1,0.002375556110426391,-0.002375556110426391,22
2025-08-27,-1,0.0036011494297139013,-0.0036011494297139013,22
2025-08-28,1,-0.005857649029983314,-0.005857649029983314,22
2025-08-29,1,-0.007558033623373928,-0.007558033623373928,22
2025-09-02,-1,0.005377548202663451,-0.005377548202663451,22
2025-09-03,-1,0.008239576195911757,-0.008239576195911757,22
2025-09-04,1,-0.0026679308978851957,-0.0026679308978851957,22
2025-09-05,1,0.002536665008961103,0.002536665008961103,22
2025-09-08,1,0.00230019016627514,0.00230019016627514,22
2025-09-09,1,0.0028609821167606686,0.0028609821167606686,22
2025-09-10,1,0.008329680169035125,0.008329680169035125,22
2025-09-11,1,-0.0003480467503709228,-0.0003480467503709228,22
2025-09-12,1,0.0052215951689182916,0.0052215951689182916,22
2025-09-15,1,-0.004321175589134918,-0.004321175589134918,22
2025-09-16,1,-0.0011038567703384183,-0.0011038567703384183,22
2025-09-17,-1,0.004738339385845336,-0.004738339385845336,22
2025-09-18,1,0.004776228494579815,0.004776228494579815,22
2025-09-19,1,0.0048135648569584966,0.0048135648569584966,22
2025-09-22,1,-0.005342671022174006,-0.005342671022174006,22
2025-09-23,1,-0.0033608255579520296,-0.0033608255579520296,22
2025-09-24,-1,-0.004576579980439588,0.004576579980439588,22
2025-09-25,-1,0.005550413036390589,-0.005550413036390589,22
2025-09-26,-1,0.002812487894221505,-0.002812487894221505,22
2025-09-29,1,0.0038094336645002613,0.0038094336645002613,22
2025-09-30,1,0.0037950681440706013,0.0037950681440706013,22
2025-10-01,1,0.0009823367440910946,0.0009823367440910946,22
2025-10-02,1,-0.00011898452021374961,-0.00011898452021374961,22
2025-10-03,1,0.0036733467193987845,0.0036733467193987845,22
2025-10-06,1,-0.0036599026280866864,-0.0036599026280866864,22
2025-10-07,1,0.005948663189170089,0.005948663189170089,22
2025-10-08,-1,-0.002808851640857868,0.002808851640857868,22
2025-10-09,1,-0.027160064629290104,-0.027160064629290104,22
2025-10-10,-1,0.015284925442144548,-0.015284925442144548,22
2025-10-13,-1,-0.0011257373909716595,0.0011257373909716595,22
2025-10-14,-1,0.0042075628272886245,-0.0042075628272886245,22
2025-10-15,1,-0.006434501465873876,-0.006434501465873876,22
2025-10-16,1,0.0055875509530227685,0.0055875509530227685,22
2025-10-17,-1,0.010334173626731946,-0.010334173626731946,22
2025-10-20,1,-0.00023723176050127748,-0.00023723176050127748,22
2025-10-21,1,-0.004848567778363955,-0.004848567778363955,22
2025-10-22,1,0.00567673537017277,0.00567673537017277,22
2025-10-23,-1,0.008222660368643497,-0.008222660368643497,22
2025-10-24,1,0.011873208462336082,0.011873208462336082,22
2025-10-27,1,0.0025269406494687896,0.0025269406494687896,22
2025-10-28,1,0.0005359606900861014,0.0005359606900861014,22
2025-10-29,1,-0.010829496121315008,-0.010829496121315008,22
2025-10-30,-1,0.0029272720126067853,-0.0029272720126067853,22
2025-10-31,-1,0.0021307035802162755,-0.0021307035802162755,22
2025-11-03,1,-0.011475345286514282,-0.011475345286514282,22
2025-11-04,-1,0.003093613225335856,-0.003093613225335856,22
2025-11-05,-1,-0.010853055329992367,0.010853055329992367,22
2025-11-06,-1,0.0012174951010208712,-0.0012174951010208712,22
2025-11-07,-1,0.015541092106929222,-0.015541092106929222,22
2025-11-10,1,0.0019566686223846386,0.0019566686223846386,22
2025-11-11,1,0.0006996058101529368,0.0006996058101529368,22
2025-11-12,1,-0.01629675259624297,-0.01629675259624297,22
2025-11-13,-1,-0.00020729091110682774,0.00020729091110682774,22
2025-11-14,-1,-0.009358675788996296,0.009358675788996296,22
2025-11-17,-1,-0.008281107502674079,0.008281107502674079,22
2025-11-18,-1,0.003768181406287985,-0.003768181406287985,22
2025-11-19,-1,-0.01528642163702898,0.01528642163702898,22
2025-11-20,1,0.00992727567856555,0.00992727567856555,22
2025-11-21,-1,0.014767119389213379,-0.014767119389213379,22
2025-11-24,1,0.009403933201168835,0.009403933201168835,22
2025-11-25,1,0.006898777443462123,0.006898777443462123,23
2025-11-26,1,0.005592491637443686,0.005592491637443686,23
2025-11-28,1,-0.004687910137711193,-0.004687910137711193,23
2025-12-01,-1,0.0017114413469767609,-0.0017114413469767609,23
2025-12-02,1,0.003548315078400588,0.003548315078400588,23
2025-12-03,1,0.0008584317608029135,0.0008584317608029135,23
2025-12-04,1,0.0018318089850213326,0.0018318089850213326,23
2025-12-05,1,-0.0029748339692435843,-0.0029748339692435843,23
2025-12-08,1,-0.0008004945636815863,-0.0008004945636815863,23
2025-12-09,-1,0.006423756510173462,-0.006423756510173462,23
2025-12-10,1,0.002417130762781383,0.002417130762781383,23
2025-12-11,1,-0.010713472122896972,-0.010713472122896972,23
2025-12-12,1,-0.001488621103571397,-0.001488621103571397,23
2025-12-15,1,-0.006299784264840236,-0.006299784264840236,23
2025-12-16,-1,-0.010929120701092643,0.010929120701092643,23
2025-12-17,-1,0.007569826532561885,-0.007569826532561885,23
2025-12-18,1,0.008841313999077505,0.008841313999077505,23
2025-12-19,1,0.006349803095112572,0.006349803095112572,23
2025-12-22,1,0.004565013935515783,0.004565013935515783,23
2025-12-23,1,0.0035023865694914225,0.0035023865694914225,23
2025-12-24,1,-0.0001730557329244764,-0.0001730557329244764,23
2025-12-26,1,-0.0034042239246325767,-0.0034042239246325767,23
2025-12-29,-1,-0.0014328787727136971,0.0014328787727136971,23
2025-12-30,-1,-0.00721820006972973,0.00721820006972973,23
2025-12-31,-1,0.0018249773637757372,-0.0018249773637757372,23
2026-01-02,-1,0.006703647050483319,-0.006703647050483319,23
2026-01-05,1,0.0059352867752975325,0.0059352867752975325,23
2026-01-06,1,-0.0032523273007001308,-0.0032523273007001308,23
2026-01-07,1,-0.00011552645608714496,-0.00011552645608714496,23
2026-01-08,-1,0.006541086386141481,-0.006541086386141481,23
2026-01-09,1,0.0016496863354469316,0.0016496863354469316,23
2026-01-12,1,-0.001947761324498698,-0.001947761324498698,23
2026-01-13,1,-0.0048502660560727495,-0.0048502660560727495,23
2026-01-14,-1,0.002638851483963478,-0.002638851483963478,23
2026-01-15,1,-0.0009492523913233741,-0.0009492523913233741,23
2026-01-16,1,-0.02024011473548426,-0.02024011473548426,23
2026-01-20,-1,0.011342979746120196,-0.011342979746120196,23
2026-01-21,-1,0.005288259253988237,-0.005288259253988237,23
2026-01-22,1,0.00040460178742773856,0.00040460178742773856,23
2026-01-23,1,0.005272773121394847,0.005272773121394847,23
2026-01-26,1,0.003966158024295563,0.003966158024295563,23
2026-01-27,1,7.154911790152596e-05,7.154911790152596e-05,23
2026-01-28,1,-0.0023042583704513397,-0.0023042583704513397,23
2026-01-29,-1,-0.002955138474561525,0.002955138474561525,23
2026-01-30,-1,0.005050067741705355,-0.005050067741705355,23
2026-02-02,-1,-0.008546355099079639,0.008546355099079639,23
2026-02-03,1,-0.0047360256178975435,-0.0047360256178975435,23
2026-02-04,-1,-0.01272317714700022,0.01272317714700022,23
2026-02-05,-1,0.01948511342070236,-0.01948511342070236,23
2026-02-06,-1,0.0047709611387176665,-0.0047709611387176665,23
2026-02-09,1,-0.0027830012863008236,-0.0027830012863008236,23
2026-02-10,1,-0.00014390652029117046,-0.00014390652029117046,23
2026-02-11,1,-0.01542330895820132,-0.01542330895820132,23
2026-02-12,-1,0.0006283411001168915,-0.0006283411001168915,23
2026-02-13,-1,0.0015772198645382929,-0.0015772198645382929,23
2026-02-17,-1,0.005117736779758353,-0.005117736779758353,23
2026-02-18,1,-0.0024225472826582273,-0.0024225472826582273,23
2026-02-19,1,0.007009084713172964,0.007009084713172964,23
2026-02-20,-1,-0.010122757784296055,0.010122757784296055,23
2026-02-23,1,0.0073232572360883985,0.0073232572360883985,23
2026-02-24,-1,0.00831268215260672,-0.00831268215260672,23
2026-02-25,1,-0.005515298894748666,-0.005515298894748666,23
2026-02-26,1,-0.004375974320471432,-0.004375974320471432,23
2026-02-27,-1,0.0001015511383024581,-0.0001015511383024581,23
2026-03-02,-1,-0.008818648172012833,0.008818648172012833,23
2026-03-03,-1,0.007185030385838731,-0.007185030385838731,23
2026-03-04,-1,-0.005550077238360651,0.005550077238360651,23
2026-03-05,1,-0.013236708160810129,-0.013236708160810129,23
2026-03-06,-1,0.00880952170091609,-0.00880952170091609,23
2026-03-09,-1,-0.0018052109970243535,0.0018052109970243535,23
2026-03-10,1,-0.001073311289170653,-0.001073311289170653,23
2026-03-11,1,-0.015366729295850257,-0.015366729295850257,23
2026-03-12,-1,-0.0056058000322443124,0.0056058000322443124,23
2026-03-13,-1,0.010087132913959795,-0.010087132913959795,23
2026-03-16,1,0.00011908900454216109,0.00011908900454216109,23
2026-03-17,1,-0.013601414874125806,-0.013601414874125806,23
2026-03-18,-1,-0.002896557261632293,0.002896557261632293,23
2026-03-19,-1,-0.014570385652836415,0.014570385652836415,23
2026-03-20,-1,0.010809211107705163,-0.010809211107705163,23
2026-03-23,1,-0.003205101164511115,-0.003205101164511115,23
2026-03-24,-1,0.005348749478220727,-0.005348749478220727,23
2026-03-25,1,-0.017779702068057013,-0.017779702068057013,23
2026-03-26,-1,-0.01700594028668745,0.01700594028668745,23
2026-03-27,-1,-0.0032339559336493906,0.0032339559336493906,23
2026-03-30,-1,0.02879062181302472,-0.02879062181302472,23
2026-03-31,1,0.007424833396295405,0.007424833396295405,23
2026-04-01,1,0.0013676935498307952,0.0013676935498307952,23
2026-04-02,-1,0.004400818383829996,-0.004400818383829996,23
2026-04-06,-1,0.0007856941690980168,-0.0007856941690980168,23
2026-04-07,1,0.025076217924937305,0.025076217924937305,23
2026-04-08,1,0.00592058732686529,0.00592058732686529,23
2026-04-09,1,-0.0005710233274199839,-0.0005710233274199839,23
2026-04-10,1,0.01013738677398135,0.01013738677398135,23
2026-04-13,-1,0.0118195096350735,-0.0118195096350735,23
2026-04-14,1,0.007883157248568917,0.007883157248568917,23
2026-04-15,1,0.0022042233074806017,0.0022042233074806017,23
2026-04-16,1,0.012231454489081584,0.012231454489081584,23
2026-04-17,1,-0.0017802491339178328,-0.0017802491339178328,23
2026-04-20,1,-0.006825044872739383,-0.006825044872739383,23
2026-04-21,1,0.010364403789818732,0.010364403789818732,23
2026-04-22,-1,-0.003946494813386936,0.003946494813386936,23
2026-04-23,-1,0.007783796243731711,-0.007783796243731711,23
2026-04-24,-1,0.0017008290392817038,-0.0017008290392817038,23
2026-04-27,1,-0.0049269005251826314,-0.0049269005251826314,23
2026-04-28,-1,-9.791781647539022e-05,9.791781647539022e-05,23
2026-04-29,-1,0.010043492745261284,-0.010043492745261284,23
2026-04-30,1,0.0,0.0,23
2026-05-01,1,0.0,0.0,23
2026-05-04,1,0.0,0.0,23
2026-05-05,1,0.0,0.0,23
2026-05-06,1,0.0,0.0,23
2026-05-07,1,0.0,0.0,23
2026-05-08,1,0.0,0.0,23
2026-05-11,1,0.0,0.0,23
2026-05-12,1,0.0,0.0,23
2026-05-13,1,0.0,0.0,23
2026-05-14,1,0.0,0.0,23
2026-05-15,1,0.0,0.0,23
2026-05-18,1,0.0,0.0,23
2026-05-19,1,0.0,0.0,23
