,MLP,LSTM,BuyAndHold
2015-05-29,1.0017404982312568,0.9982595017687432,1.0
2015-06-01,1.0025401885477543,0.999056413202718,1.0017404982312568
2015-06-02,0.9997131830228023,0.9962392313758687,1.0009408079147593
2015-06-03,0.9916547527303455,1.00426965903951,1.0037633034380797
2015-06-04,0.9938567698154598,1.0064996881309636,0.9956722261688733
2015-06-05,0.999974563360771,1.0126953065363689,0.9934612880907155
2015-06-08,1.0003080251039236,1.013033010268617,0.9873459289762162
2015-06-09,0.9884371018033302,1.001011076160252,0.9870166785066198
2015-06-10,0.9917891621305424,0.9976163740498446,0.9987298698366015
2015-06-11,0.9842470619139644,1.0052027875317384,1.002116835752969
2015-06-12,0.9801500835053055,1.0093869952131238,0.9944961983306635
2015-06-15,0.9747030032334104,1.003777433901177,0.9903565573708715
2015-06-16,0.97336775427841,1.0024023557848447,0.995860359040208
2015-06-17,0.983147758822251,0.9923306233371222,0.9972245915287953
2015-06-18,0.9773165105456151,0.9982163370411533,1.0072442999005933
2015-06-19,0.9842956522713007,0.991087946991531,1.0012701301633986
2015-06-22,0.9847548376756629,0.9906255929024443,1.0084203277388029
2015-06-23,0.9724034929539916,1.0030505719123752,1.008890767585704
2015-06-24,0.9754798389900219,1.0062238746341359,0.9962366965619203
2015-06-25,0.97520260717425,1.0059379053493922,0.9930849505690033
2015-06-26,0.9957069496199761,1.027088479741504,0.9933671857655267
2015-06-29,0.9933468573015954,1.0246540047865385,0.9724809198742747
2015-06-30,0.9855811153412515,1.016643511230017,0.9747859602776212
2015-07-01,0.9844012873238411,1.0178605236905816,0.9824065976999267
2015-07-02,0.981805651283341,1.0205443839145723,0.981230569861717
2015-07-06,0.9757648655840918,1.0142652492286577,0.9786432942618469
2015-07-07,0.9593093737397421,1.0313700191638804,0.9846646228302003
2015-07-08,0.957584535634705,1.029515616029559,0.9680590437179591
2015-07-09,0.9698004715490846,1.0163820530695702,0.9697996137282587
2015-07-10,0.9804836657436561,1.0051857223114757,0.9821713777764762
2015-07-13,0.9845711659963502,1.0009952426150737,0.9929908482438145
2015-07-14,0.9841995686211097,1.0013730387740822,0.9971304892036065
2015-07-15,0.9919100546887091,0.9935280110885341,0.9967541516818942
2015-07-16,0.9929783528456805,0.9924579703745315,1.0045629937545772
2015-07-17,0.9933499502209211,0.9920865677394479,1.0056449192675982
2015-07-20,0.9894947071871214,0.9959369075198579,1.0060212567893105
2015-07-21,0.9875902972171205,0.9978537163338882,1.002116835752969
2015-07-22,0.99293185887693,1.0032507895618117,1.0001881328713347
2015-07-23,1.0033556065766391,1.013782864866309,0.994778433527187
2015-07-24,1.009397291416255,1.0198873372240436,0.9843353005815609
2015-07-27,0.9968277677891654,1.0071871862614623,0.9784081461174393
2015-07-28,0.9901531985477677,1.0004432523232452,0.990591777294322
2015-07-29,0.9904801142780492,1.000112939158658,0.9972245915287953
2015-07-30,0.9890788737781442,1.0015278072964697,0.9975538419983917
2015-07-31,0.9857159250863933,1.0049330833756505,0.9961425942367315
2015-08-03,0.9836608531259254,1.0070282202697924,0.9927556283203639
2015-08-04,0.9799709887038931,1.003250701229416,0.9906858796195108
2015-08-05,0.9720900686273869,1.0113188365969181,0.9944020960054747
2015-08-06,0.9697257430882826,1.0137785746713124,0.986405121061457
2015-08-07,0.9574407149437827,1.0009354606146876,0.9840059783329217
2015-08-10,0.9660736529411761,1.0099605768814284,0.9964719164853707
2015-08-11,0.9669940596868446,1.0089983577742299,0.987487046574478
2015-08-12,0.9679604621919099,1.0100067388814267,0.9884278544892372
2015-08-13,0.97128061226676,1.0065423680928691,0.987440031301405
2015-08-14,0.9655626307535438,1.000616798715352,0.9908269972177726
2015-08-17,0.962828271232075,1.0034504275072758,0.9966600493567055
2015-08-18,0.9550808149454507,1.0115247524468196,0.9938376256124277
2015-08-19,0.9753610131449639,1.03300348193476,0.9858406506684101
2015-08-20,1.0053655263967125,1.0647812198647126,0.9649072977250422
2015-08-21,1.047287328953356,1.1091805421939496,0.9352243665732749
2015-08-24,1.059600625810214,1.1222215376364648,0.8962273150410185
2015-08-25,1.1012462504891154,1.0781147149104477,0.8856900797702038
2015-08-26,1.1283160009910174,1.0516135610294761,0.9205004750695952
2015-08-27,1.1282596681145078,1.0516660644210944,0.9431273109711468
2015-08-28,1.1185236124132425,1.0607411733447745,0.9430802239190309
2015-08-31,1.084644281970092,1.092870312441684,0.9349421313767514
2015-09-01,1.0632024091020473,1.0712658226654856,0.9066233609345287
2015-09-02,1.062282704756257,1.0703391432071176,0.9245460137041984
2015-09-03,1.0458119336680889,1.0869348299631356,0.9253457757997388
2015-09-04,1.018756723796244,1.0588157685956414,0.9109982218177712
2015-09-08,1.0046037918619077,1.0735252150747727,0.9345657938550392
2015-09-09,1.0099880858108872,1.0677715285304574,0.921582472361659
2015-09-10,1.0050653608969013,1.0625671646574704,0.9265218036379486
2015-09-11,1.0089755500094362,1.0667010635263687,0.9310377103404099
2015-09-14,1.0216165386847462,1.0533368585524703,0.927415524500592
2015-09-15,1.0307774563213068,1.0438915022574597,0.9390346852844277
2015-09-16,1.0281673249507126,1.0465348409731348,0.9474550848022735
2015-09-17,1.011022719524758,1.0639857232153405,0.9450559420737382
2015-09-18,1.0057002349679849,1.0583844172594241,0.9292972121091533
2015-09-21,1.018360744730733,1.0717081550707013,0.934189456333327
2015-09-22,1.0200745542911978,1.0735117435256685,0.9224291779512295
2015-09-23,1.0237221283360487,1.077350397824077,0.9208768125913074
2015-09-24,1.0300724566615111,1.0840333917326592,0.9175839490001287
2015-09-25,1.055791117887654,1.1110993397438877,0.9118920144594576
2015-09-28,1.0556235476762916,1.110922991271116,0.8891240609596441
2015-09-29,1.0351297223895934,1.0893555852197803,0.8892651785579059
2015-09-30,1.0322828671658533,1.0863595958561145,0.9065293303883828
2015-10-01,1.0474006601755883,1.070449848608848,0.909022503663064
2015-10-02,1.0284367216889523,1.051068588071315,0.9223351474050835
2015-10-05,1.0245727423274966,1.0550175984927948,0.9390346852844277
2015-10-06,1.0330219740533653,1.046317300508793,0.9355066017697984
2015-10-07,1.0425016631659114,1.0367156047355823,0.9432213415172926
2015-10-08,1.043274427593058,1.0359471292801337,0.951876960958589
2015-10-09,1.044201744905634,1.0350263248565927,0.9525825489498977
2015-10-12,1.037452673532349,1.0417160920148705,0.9534292545394681
2015-10-13,1.0426561374384795,1.0469409395896312,0.947266880151896
2015-10-14,1.026680163895074,1.0308993126794563,0.9425157535259839
2015-10-15,1.0221379548781575,1.0263384374251603,0.9569573380540974
2015-10-16,1.0229383552818962,1.0255347477707775,0.9611910813390783
2015-10-19,1.0214376236074822,1.0270392885588369,0.9619437563825027
2015-10-20,1.0154847696415497,1.0330247885646753,0.9605325086208425
2015-10-21,1.0321927273350793,1.0160282417136592,0.9549346046263172
2015-10-22,1.0437983041981382,1.0046044120915594,0.9706463193178292
2015-10-23,1.0413971029869225,1.0069154498863184,0.9815598921103562
2015-10-26,1.0393961783079597,1.008850122037343,0.9793018669800827
2015-10-27,1.0277406050435611,0.9975370859154035,0.9774202511505642
2015-10-28,1.0272025435828525,0.9980593346802421,0.9883808392161643
2015-10-29,1.0225556898608033,1.0025743504998177,0.9878633840961902
2015-10-30,1.0350288785318016,0.9903448952686897,0.9833944926668018
2015-11-02,1.0376213361231805,0.9878643585464056,0.9953899909723498
2015-11-03,1.0349310288196378,0.990425657746976,0.997883164247031
2015-11-04,1.0336592811113547,0.9916427162034231,0.995295888647161
2015-11-05,1.0332679569001613,0.992018133723292,0.9940728455358783
2015-11-06,1.0431975755171319,1.0015513449907185,0.993696508014166
2015-11-09,1.040654556464578,0.9991098476059495,0.9841471677102263
2015-11-10,1.0446738566990306,1.0029686905041817,0.9865462386597187
2015-11-11,1.0299721017072685,1.0170835263045086,0.982735919948566
2015-11-12,1.041473480369755,1.0284409822472618,0.9689058210865725
2015-11-13,1.0253658011453564,1.012534866771923,0.9580863506192342
2015-11-16,1.026704419931452,1.0138567347264846,0.9729043444481028
2015-11-17,1.043207206072103,0.9975604565127733,0.9716342142847042
2015-11-18,1.0422130751222156,0.9985110881020018,0.9872518266510274
2015-11-19,1.0469352540196772,0.9939869191948292,0.9863110187362683
2015-11-20,1.0449469921199028,0.9958746255383888,0.9907799101656567
2015-11-23,1.0464382264683987,0.9944534219179205,0.9888982943361383
2015-11-24,1.0463885464674698,0.9944062099127825,0.9903095420977985
2015-11-25,1.0472832324604389,0.9935559699991922,0.9903565573708715
2015-11-27,1.0431081575601302,0.9975168570484862,0.9912033347394847
2015-11-30,1.0533468782344373,0.9877256418296143,0.9872518266510274
2015-12-01,1.0424620755075655,0.9979323448462015,0.996942284553229
2015-12-02,1.0276506501405331,1.0121110864947556,0.9866403409849075
2015-12-03,1.007570762744207,0.9923348360281122,0.9726220374725364
2015-12-04,1.0137844489276358,0.9984545622924682,0.99162668753427
2015-12-07,1.0071549513385594,1.0049838122928227,0.9855113284197707
2015-12-08,1.0150910175794967,1.0129027706366462,0.979066718835675
2015-12-09,1.0125347864643022,1.010352050027235,0.9713519790881807
2015-12-10,1.0326866558759873,1.030460477751555,0.9737980653107462
2015-12-11,1.0261207390897165,1.023908715210653,0.9544171495063433
2015-12-14,1.0160192953622902,1.0138290473170901,0.9604854215687266
2015-12-15,1.0307034853008266,0.9991765123072102,0.9699407313265205
2015-12-16,1.0154772577208164,1.013937002774117,0.9839589630598488
2015-12-17,0.9964567666504898,1.0329286439561405,0.9694232762065464
2015-12-18,0.987882737191455,1.024040791598902,0.9512654035134263
2015-12-21,0.9787285024940843,1.0145514975834717,0.9594505831078215
2015-12-22,0.9910428243890961,1.0017864522328233,0.9683413506935256
2015-12-23,0.983387961918062,1.0095242990023756,0.9805249818704083
2015-12-24,0.981058195931574,1.0119159851582256,0.9729513597211757
2015-12-28,0.9707407852182668,1.0012740549755574,0.9706463193178292
2015-12-29,0.9635711802535397,1.0086691696600518,0.9808542323400047
2015-12-30,0.9537943751717907,1.0189035582198478,0.9736099324394115
2015-12-31,0.9671559472164335,1.0331772357064082,0.9637312698868324
2016-01-04,0.9651450376772481,1.0310290547797119,0.9502304932734782
2016-01-05,0.9777802934928924,1.0445268352706685,0.9522062114281855
2016-01-06,1.0011761412646236,1.069519761589712,0.9397403450547792
2016-01-07,1.0122666796031332,1.0813673770399979,0.9172546985305322
2016-01-08,1.0112167898307665,1.0802458182924843,0.9070938007814298
2016-01-11,1.003411171112661,1.0719073620245358,0.9080346086961889
2016-01-12,0.9790119023540638,1.0979722061914134,0.9150437604523745
2016-01-13,0.9945387240569663,1.0805587113817139,0.8927932620725352
2016-01-14,1.0154817983706854,1.1033132013230302,0.906952683183168
2016-01-15,1.0149438155378556,1.102728687092939,0.8878540025752885
2016-01-19,1.003173377722654,1.1155171776869606,0.8883243706431467
2016-01-20,0.9979599867085213,1.1097199472585912,0.8780223552957824
2016-01-21,0.9773752110775491,1.086829915161338,0.8825853490503597
2016-01-22,0.9624713845338663,1.1034027976679366,0.9007903087955957
2016-01-25,0.9755377487430307,1.0884231701637666,0.8870543122587911
2016-01-26,0.9860010737623249,1.1000972703230152,0.899096825837412
2016-01-27,0.9913722388380902,1.0941045749847056,0.8894533832082835
2016-01-28,1.0148906404846891,1.0681490460422876,0.8942986121593842
2016-01-29,1.014786403184324,1.068258753402377,0.9155141285202327
2016-02-01,0.9964826515220258,1.0875269884437582,0.9154200979740867
2016-02-02,1.0018016979476083,1.0817219636078808,0.8989086211870344
2016-02-03,0.9996115210830645,1.0793570620276414,0.9037068348650622
2016-02-04,1.0187179621547704,1.0999877487154222,0.9056825530197694
2016-02-05,1.005016335228054,1.114782443927214,0.8883714576952625
2016-02-08,1.0053938950477896,1.1152012401634745,0.8764229746627874
2016-02-09,1.005879811645277,1.1157402277133324,0.876093724193191
2016-02-10,0.9933435062017718,1.1296457262910817,0.8756702996193629
2016-02-11,0.9732421135082977,1.1525053435402122,0.8647567986058787
2016-02-12,0.9570517077894071,1.133332797627826,0.8822560985807633
2016-02-16,0.9729130752330825,1.1145498961473355,0.8969329030323272
2016-02-17,0.9689979382373907,1.119034999331816,0.9117979121342688
2016-02-18,0.9683955564448495,1.119730652317456,0.9081287110213777
2016-02-19,0.9543913477685659,1.1035379492304527,0.9075641688492879
2016-02-22,0.9427857067833005,1.1169572507385068,0.9206886797199727
2016-02-23,0.9470768831623732,1.1118733164612717,0.9094928717309222
2016-02-24,0.9359589029134866,1.0988207482997479,0.9136325126907142
2016-02-25,0.9342917714699267,1.1007779695138675,0.9243578808328637
2016-02-26,0.9264802089787606,1.1099815140171312,0.922711413147753
2016-02-29,0.9487717870554367,1.0832748025908245,0.9149966734002587
2016-03-01,0.9529633819901732,1.0784889845074692,0.9370119518566475
2016-03-02,0.9563451775289663,1.0746617343681952,0.9411515928164396
2016-03-03,0.9596793677361904,1.0709150467547677,0.9444914716806913
2016-03-04,0.9606319831268408,1.0698520144651142,0.9477843352718699
2016-03-07,0.949676797114518,1.0820527615045517,0.9487251431866291
2016-03-08,0.9447707588067676,1.0764628678532822,0.9379057444983337
2016-03-09,0.9442521950713652,1.0758720212372406,0.9427509734494345
2016-03-10,0.959886095573092,1.058058902855934,0.9432684285694085
2016-03-11,0.9585675764411598,1.0595122741596341,0.9588860409357317
2016-03-14,0.9569665277600854,1.0612819258470232,0.9575688954992602
2016-03-15,0.9508447907310266,1.0544928808018057,0.9559695148662652
2016-03-16,0.944847414579189,1.0478417527551966,0.9620848739807645
2016-03-17,0.948336522351523,1.0439723101898672,0.968153146043148
2016-03-18,0.9497137279972845,1.0424562190916915,0.971728316609893
2016-03-21,0.9491628457389799,1.0430608967110915,0.9731394925925104
2016-03-22,0.96041046883666,1.0554212160038263,0.9725750221994635
2016-03-23,0.9609746353551879,1.0560411939531864,0.9610499637408165
2016-03-24,0.9603627664192658,1.0553687945184238,0.9604854215687266
2016-03-28,0.9511967711860374,1.0452960327682763,0.9610969790138895
2016-03-29,0.9552089455415439,1.0408869451182454,0.9702699817961169
2016-03-30,0.9529953078391827,1.0432991362899926,0.974362607482836
2016-03-31,0.9590827059686207,1.036634909133307,0.9721045823525625
2016-04-01,0.9622186575296138,1.0400244362734021,0.9783140437922505
2016-04-04,0.9527956136612803,1.0502094350888522,0.9751152107472176
2016-04-05,0.9424905981589138,1.0388508348243788,0.9655658704432779
2016-04-06,0.9538924020572999,1.0514183591280484,0.976009003388904
2016-04-07,0.9567312318567792,1.0482892873761662,0.9642017097337335
2016-04-08,0.954032010816981,1.0512468207001169,0.967071220530127
2016-04-11,0.9634327363677849,1.0408881715819451,0.9643428273319953
2016-04-12,0.9537527932976186,1.0304300068725862,0.9738451523628621
2016-04-13,0.953843967745578,1.0303315024302426,0.9836297125902522
2016-04-14,0.9523387541684636,1.0319574171697907,0.9837237431363982
2016-04-15,0.9592718401482231,1.0244447023197731,0.9821713777764762
2016-04-18,0.9563526570407688,1.0213271901148169,0.9893216471309235
2016-04-19,0.9570780418694401,1.0205525226912837,0.9923322755255787
2016-04-20,0.9523177990489774,1.0256284701130396,0.9930849505690033
2016-04-21,0.9521817980406646,1.0257749406570418,0.9881456192927137
2016-04-22,0.9538591899275259,1.027581976421372,0.988004501694452
2016-04-25,0.9522668882114058,1.025866607358739,0.9862640034631952
2016-04-26,0.9540352969295574,1.0239615201667216,0.9879103993692632
2016-04-27,0.9457827459746087,1.0328189436271311,0.9897449999257087
2016-04-28,0.9508612388699618,1.0383647877332123,0.981183554588644
2016-04-29,0.9434362388013137,1.0302564977903352,0.9759149728427581
2016-05-02,0.9516937958577979,1.039273961253607,0.9835356102650635
2016-05-03,0.95711233244983,1.0451911417718671,0.974927077875883
2016-05-04,0.9573910678580924,1.0454955279653542,0.9693762609334735
2016-05-05,0.9536732104898338,1.0414355326482645,0.9690939539579072
2016-05-06,0.9527509546319454,1.0404284056680437,0.9728572573959869
2016-05-09,0.9643031224682465,1.0278131429852837,0.9737980653107462
2016-05-10,0.9553283796864153,1.0373789717907196,0.9856054307449595
2016-05-11,0.9557885814896888,1.0368792444889379,0.976432427962732
2016-05-12,0.946951906271605,1.0464656376530415,0.9769027960305903
2016-05-13,0.9373788238951011,1.0358865346520494,0.9678709108466245
2016-05-16,0.9456327090368353,1.045007807993129,0.9776554710740147
2016-05-17,0.9457245376502311,1.0449063292508238,0.9690469386848343
2016-05-18,0.9490756166144452,1.0486088488325052,0.969141041010023
2016-05-19,0.9432967449715662,1.042223924559973,0.9657069880415396
2016-05-20,0.9420179517804537,1.0436368297411331,0.9715871272325884
2016-05-23,0.954257919066963,1.0300764929865265,0.9702699817961169
2016-05-24,0.9606976010079958,1.0231251595396387,0.9828770375468278
2016-05-25,0.9610629107577404,1.022736111419193,0.989509851781301
2016-05-26,0.9650363685984854,1.0185076693729511,0.9898861175239704
2016-05-27,0.9665435326499399,1.020098343253604,0.9939787432106895
2016-05-31,0.9683760752460884,1.0181642620631297,0.9924263778507675
2016-06-01,0.9652148798467661,1.01484053663944,0.994307993680286
2016-06-02,0.9619832740517311,1.0182382925461466,0.9975538419983917
2016-06-03,0.9566578960687975,1.0126014962205032,0.99421396313414
2016-06-06,0.957783270006352,1.0114103124779574,0.9997177648034765
2016-06-07,0.9608442541465607,1.0081779414158505,1.0008937926416863
2016-06-08,0.9597188802090062,1.0093587542008469,1.0040925539076762
2016-06-09,0.9687668619394896,1.018874727842549,1.0029165260694666
2016-06-10,0.9764274465640989,1.0269315435545228,0.9934612880907155
2016-06-13,0.9781983858054135,1.028794081703183,0.9856054307449595
2016-06-14,0.9799289425016213,1.0306141485862874,0.983817845461587
2016-06-15,0.9767371788859176,1.027257296269129,0.9820773472303302
2016-06-16,0.9804211885535178,1.0311318552522168,0.9852761084963202
2016-06-17,0.9739370946034023,1.0243123822517644,0.9815598921103562
2016-06-20,0.971989599795382,1.026360608012216,0.9880515169675249
2016-06-21,0.9703667228322009,1.0280742652231678,0.9860757988128177
2016-06-22,0.9830254744611682,1.0146626998083845,0.9844294029067497
2016-06-23,0.9469039563189511,1.0519467357479917,0.9972716068018682
2016-06-24,0.9635041119724622,1.0703883944147314,0.9606266109460313
2016-06-27,0.9454951385788406,1.0503816338038259,0.9437858836893825
2016-06-28,0.9296736708939739,1.0328050452018116,0.9614263012625288
2016-06-29,0.9417531513434984,1.019385553242134,0.977514353475753
2016-06-30,0.9445717218126218,1.016334636966547,0.9902154397726097
2016-07-01,0.9379056060467957,1.0235072043750193,0.9931790528941921
2016-07-05,0.9432742564392407,1.017648563250569,0.9861699011380065
2016-07-06,0.9440795232783653,1.0185173229313027,0.9918148204056048
2016-07-07,0.9584204116333963,1.0030456991372592,0.9909681148160343
2016-07-08,0.9620504415189002,0.999246650389759,1.0060212567893105
2016-07-11,0.9688175300472625,0.9922179227336696,1.0098315755004632
2016-07-12,0.9687279486451448,0.9923096678455902,1.0169347578027947
2016-07-13,0.9740609825293788,0.9868468120565371,1.0168407272566489
2016-07-14,0.9726268595025008,0.9882997598314254,1.022438631251174
2016-07-15,0.9753158059865222,0.9855674836883244,1.020933281164325
2016-07-18,0.9742402137163638,0.986654381655801,1.0237557766876455
2016-07-19,0.9701172125882143,0.9824788435581251,1.0226267641225086
2016-07-20,0.9666066721032286,0.9860341167882032,1.0269545379536356
2016-07-21,0.9708282304455058,0.9817277110167224,1.0232383215676715
2016-07-22,0.9733167251396314,0.9842441440203447,1.02770721299706
2016-07-25,0.973718702742303,0.9838376534184288,1.025072922124117
2016-07-26,0.9747013600965451,0.9848305226144184,1.0254962749189023
2016-07-27,0.9758649977163958,0.9836547923936482,1.0244613646789542
2016-07-28,0.9743880336454698,0.9821660385291696,1.025684407790237
2016-07-29,0.9732725094715527,0.9832904673203161,1.027236773150159
2016-08-01,0.9675164346920655,0.9891057897554744,1.0260607453119492
2016-08-02,0.9646606955302857,0.9861863270593736,1.0199924732495658
2016-08-03,0.963773542386807,0.9852793778033707,1.023003101644221
2016-08-04,0.9714334134056428,0.9774485828919416,1.0239439095589802
2016-08-05,0.9709021131799169,0.9779831729580846,1.0320820021012598
2016-08-08,0.9715219859636193,0.9773587792693634,1.0315175317082128
2016-08-09,0.9691310673867863,0.9797640622123615,1.0321761044264486
2016-08-10,0.9736030019291341,0.9752430630404201,1.0296359158786943
2016-08-11,0.9728060515905452,0.9760413558638363,1.0343870425046062
2016-08-12,0.9757282703931041,0.9731094185084745,1.0335403369150358
2016-08-15,0.9707692881234854,0.9780550908838769,1.036644995855837
2016-08-16,0.9725403339166159,0.9762707530650445,1.031376414109951
2016-08-17,0.9702821728351481,0.9740039302478679,1.0332580299394694
2016-08-18,0.971780593892548,0.9755080988700834,1.0356571726680048
2016-08-19,0.9714711054163431,0.9758187744659352,1.0340577920350098
2016-08-22,0.9694375070963455,0.9737760750904086,1.0337284697863705
2016-08-23,0.9648590444451999,0.9783750279447646,1.0358923925914554
2016-08-24,0.9658275628070095,0.9793571135506941,1.0310000765882388
2016-08-25,0.9675479198074683,0.9811015697363815,1.0299651663482907
2016-08-26,0.9629438837740613,0.9764330392305256,1.0281305657918451
2016-08-29,0.9644348313074627,0.9779448723247518,1.0330228817950617
2016-08-30,0.9617516886891976,0.9806656010666733,1.031423429383024
2016-08-31,0.9616636980952925,0.980575880040264,1.0285539185866304
2016-09-01,0.9574417947048669,0.9762709482426811,1.0286480209118192
2016-09-02,0.9606676634947078,0.9729816391695012,1.0331639993933235
2016-09-06,0.9604933191756264,0.9731582182590299,1.036644995855837
2016-09-07,0.9582264439181002,0.9754549841423399,1.0364568629845023
2016-09-08,0.935252705191374,0.9988417817908551,1.034010704982894
2016-09-09,0.9217822950333338,0.9844555005119815,1.0092200180553004
2016-09-12,0.9351666416887565,0.9987498667161118,1.0237557766876455
2016-09-13,0.9356898637250346,0.9993086633152419,1.008890767585704
2016-09-14,0.9262172944077122,0.9891920413984782,1.008326297192657
2016-09-15,0.9300673037753943,0.9933038180288811,1.0185342102148325
2016-09-16,0.9305417865385894,0.9927970745509012,1.0143004669298517
2016-09-19,0.9306280740822915,0.9927050141811286,1.0148179220498257
2016-09-20,0.941023518191678,0.9816161487369994,1.0149120243750145
2016-09-21,0.9468035330756105,0.9755868031995878,1.0262489499623269
2016-09-22,0.9418430853115703,0.9806980508951242,1.0325524419481606
2016-09-23,0.9293340241992035,0.9937231630849831,1.027142742604013
2016-09-26,0.9236834077217684,0.9876810422402466,1.0135007766133541
2016-09-27,0.9188255070587472,0.9824865607221834,1.0196631510009264
2016-09-28,0.9105607516985498,0.9913239417120121,1.0250258350720012
2016-09-29,0.9173918341982108,0.9838869688169123,1.0158058170167008
2016-09-30,0.9145666326169658,0.9869169489371268,1.0234264544390062
2016-10-03,0.9105607516985499,0.9912397304959684,1.0202747084460893
2016-10-04,0.9065548707801337,0.9868789140270369,1.0158058170167008
2016-10-05,0.9074326549559306,0.9859233549957175,1.0202747084460893
2016-10-06,0.9038798070814162,0.9897835155014035,1.0212626034129644
2016-10-07,0.9084357639813563,0.9847945656415144,1.017264080051434
2016-10-10,0.8972339546737735,0.9969379459099363,1.0223915441990583
2016-10-11,0.8961054570201696,0.9956840453783219,1.0097845602273903
2016-10-12,0.8988571400329612,0.9987415056943051,1.011054618611746
2016-10-13,0.8987732866362986,0.9986483341947302,1.0079499596709447
2016-10-14,0.895795446449836,1.001957083114982,1.0080439902170908
2016-10-17,0.9013317460632106,0.995764670959002,1.004704111352839
2016-10-18,0.9035546624835114,0.9933088586041192,1.0109135010134842
2016-10-19,0.9020028320764333,0.9950148393869144,1.0134066742881653
2016-10-20,0.9024222768342686,0.9945521426596896,1.0116661760569088
2016-10-21,0.898437807627972,0.9901608920354416,1.0121366159038097
2016-10-24,0.8955692486581689,0.9933223071988301,1.0166055073331983
2016-10-25,0.893698468636531,0.9953972863588885,1.0133596590150924
2016-10-26,0.8961512705190257,0.9981292059307504,1.0112428232621236
2016-10-27,0.8935177241839828,1.0010624378511335,1.0084674147909187
2016-10-28,0.89376852597117,1.0013434263997696,1.0055038016693365
2016-10-31,0.8998750729956095,1.008184963714232,1.005221566472813
2016-11-01,0.9055144054127913,1.0145030519900438,0.9983535323148892
2016-11-02,0.9092927046267691,1.0187361111893225,0.9920970556021282
2016-11-03,0.9108080745440496,1.0204338725907813,0.987957486421379
2016-11-04,0.8906083992337357,0.997802943553071,0.9863110187362683
2016-11-07,0.8947223110840649,0.9931938770348255,1.0081851795943952
2016-11-08,0.9046124392401522,0.9822152587461923,1.0128422038951184
2016-11-09,0.906399277032111,0.9802751358073121,1.024038011884169
2016-11-10,0.9047786316408878,0.982027871517979,1.0260607453119492
2016-11-11,0.9050279519459971,0.9817572644545599,1.0242261447555037
2016-11-14,0.9122170255860499,0.9739586928682961,1.0245083799520271
2016-11-15,0.9110534885568646,0.9752009816792521,1.0326465442733495
2016-11-16,0.9151674004071939,0.9707974083156969,1.0313293988368781
2016-11-17,0.9169958338553458,0.9727369862027084,1.0359864231376013
2016-11-18,0.9236712921377294,0.9656557488280225,1.0339166026577051
2016-11-21,0.9252149656050017,0.9640419093911219,1.0414432095338648
2016-11-22,0.9262163034459256,0.9629985500854511,1.0431837077651214
2016-11-23,0.9228368757679035,0.9594849173174397,1.0443127203302582
2016-11-25,0.9187779187849243,0.963705065111131,1.048123039041411
2016-11-28,0.9202689732356745,0.9621410998729973,1.0435130300137607
2016-11-29,0.9230025835952197,0.9649990891722666,1.0452065129719446
2016-11-30,0.9196693786671044,0.9684839545202344,1.0421017822521006
2016-12-01,0.9189193773598703,0.9676941443463019,1.0383384788140206
2016-12-02,0.9135949662340983,0.962087122016111,1.039185256182634
2016-12-05,0.9168843975902665,0.9586230929184348,1.0452065129719446
2016-12-06,0.9287262626355136,0.9462421588274718,1.0489698164100243
2016-12-07,0.9309466554657182,0.9439798891042752,1.0625176082964514
2016-12-08,0.936867619358684,0.9379760318410724,1.0650578686232486
2016-12-09,0.9357163277951278,0.9391286855030868,1.0718318004559835
2016-12-12,0.9418017350225939,0.9330210860944629,1.0705146550195122
2016-12-13,0.934688384417618,0.9400681171843622,1.0774767197235817
2016-12-14,0.9378133096986012,0.936925205948693,1.0693386271813023
2016-12-15,0.9392524555233889,0.9383629889107548,1.0729137259690045
2016-12-16,0.9409847012481427,0.9366323836126275,1.0712672582838938
2016-12-19,0.937272692180635,0.9329375436260903,1.073242976438601
2016-12-20,0.9296206090715106,0.9405542337089307,1.0774767197235817
2016-12-21,0.9282703039029881,0.9419204203345922,1.0686799826840236
2016-12-22,0.9276565288263872,0.9412976197605437,1.0671276891031445
2016-12-23,0.9250411120323243,0.9386437435397319,1.0678332770944532
2016-12-27,0.9174421735007122,0.9463544236570404,1.0708439054891086
2016-12-28,0.9173608838570104,0.9464382750605803,1.0620472402285932
2016-12-29,0.9204492082535441,0.9496244894132063,1.0619531379034044
2016-12-30,0.913944426553888,0.942913527042995,1.0583780391157023
2017-01-03,0.9194705073714402,0.9372122872268609,1.065857558939746
2017-01-04,0.918623475336655,0.9380756632941856,1.0723021685238416
2017-01-05,0.9222537357258209,0.9343685308139826,1.0713143453360094
2017-01-06,0.9192688125612389,0.937392664155864,1.0755480168419476
2017-01-09,0.9188654844894509,0.9378039440454633,1.0720669486003913
2017-01-10,0.9164049555216695,0.935292701856727,1.071596580532533
2017-01-11,0.9181702915896238,0.9370944227343081,1.0744660913289266
2017-01-12,0.9164787100693242,0.935367976537134,1.0723962708490304
2017-01-13,0.9134691254360702,0.9384395908121795,1.0743719890037378
2017-01-17,0.9117034926544029,0.9366256929375673,1.0708439054891086
2017-01-18,0.9146215023399392,0.9396234689313355,1.0729137259690045
2017-01-19,0.9176387273601253,0.9365237654662841,1.069479744779564
2017-01-20,0.9155065599233753,0.9386998129857846,1.0730078282941933
2017-01-23,0.9099146386747212,0.9329662271655126,1.0705146550195122
2017-01-24,0.9173065050866482,0.9253870967450025,1.0770533669287965
2017-01-25,0.9170282875497283,0.9256677651119292,1.0858030169162387
2017-01-26,0.9156373211456594,0.9270718360441798,1.0854736946675996
2017-01-27,0.9101927955713758,0.9325843530680873,1.0838272269824887
2017-01-30,0.9105902318697568,0.932991566655159,1.077382617398393
2017-01-31,0.9101128794931199,0.9325024709827724,1.076912177551492
2017-02-01,0.9104307607236626,0.9321767695894188,1.0774767197235817
2017-02-02,0.9038349222362488,0.9254233868181208,1.077853057245294
2017-02-03,0.9022292987369086,0.9270673612875271,1.0856618275389343
2017-02-06,0.9021900978356631,0.927107641376113,1.0837331964363428
2017-02-07,0.9032866474360535,0.9259808062267263,1.083686109384227
2017-02-08,0.8979996649104433,0.9205609936395843,1.0850032548206985
2017-02-09,0.9015220053571738,0.9169501579697263,1.0913538338586481
2017-02-10,0.9065151671618461,0.9118715459354602,1.0956345924167021
2017-02-13,0.9101536235299402,0.908211590809083,1.1017028644790854
2017-02-14,0.9147984375705223,0.9035766876018108,1.1061247406354011
2017-02-15,0.9143339738850685,0.9040354537531042,1.1117696599029991
2017-02-16,0.9153790762393544,0.9030021228170779,1.1112051895099522
2017-02-17,0.9098440204476478,0.8975419071976036,1.1124753196733508
2017-02-21,0.9093086404521944,0.8980700482540874,1.11920216445397
2017-02-22,0.9100352400928903,0.8973524290153033,1.1185435917357343
2017-02-23,0.9111442206720282,0.8962589038719049,1.1194373843774206
2017-02-24,0.9097292419788676,0.8948670416137008,1.120801545086965
2017-02-27,0.9074418385234554,0.8971170758751796,1.1225421150972645
2017-02-28,0.919603085824927,0.8850941977634063,1.119719619573944
2017-03-01,0.9143039907186056,0.8901944398181556,1.1347257462741474
2017-03-02,0.9148377104353903,0.889674793913592,1.1281870343648628
2017-03-03,0.9175063090193136,0.8922699918029097,1.1288456070830986
2017-03-06,0.9201905218535106,0.8948803744673364,1.1255527434919197
2017-03-07,0.9220419765479158,0.8966809042825113,1.122259879900741
2017-03-08,0.9229327312529592,0.8958146500828895,1.1200018547704675
2017-03-09,0.9197184741595449,0.8926948359340248,1.1210838520625312
2017-03-10,0.920256881135572,0.8921722487069176,1.12498820131983
2017-03-13,0.9169880025961066,0.8953413667837157,1.1256467740380658
2017-03-14,0.909488741615028,0.8880191351322029,1.1216483224555782
2017-03-15,0.9083159004395007,0.8891642899413649,1.1308213252378059
2017-03-16,0.9064620193275836,0.8909790824400055,1.1293630622030726
2017-03-17,0.9052891781520563,0.892131890756447,1.127058021799726
2017-03-20,0.9167150273654441,0.9033916790188508,1.1255997587649929
2017-03-21,0.9146973530153949,0.9014033291343261,1.111393322381287
2017-03-22,0.9157017296030602,0.9023931083184917,1.1138394803828953
2017-03-23,0.9200766129404514,0.906704407997996,1.1126164372716125
2017-03-24,0.9214055677804605,0.9080140480807012,1.1073007684736107
2017-03-27,0.9146239141965637,0.901330957660238,1.105701387840616
2017-03-28,0.9132719252023896,0.899998618197044,1.1138394803828953
2017-03-29,0.9155827031831771,0.8977214245898848,1.115485948068006
2017-03-30,0.913811112607942,0.8994584547996745,1.1183083718122837
2017-03-31,0.9122705351870639,0.9009748353375819,1.1161445207862417
2017-04-03,0.9118468837421999,0.9005564295291574,1.1142628331776805
2017-04-04,0.914540317987247,0.9032165137715212,1.1147802882976545
2017-04-05,0.9169400578490744,0.9008464873994433,1.1114874247064757
2017-04-06,0.9177915898762409,0.9016830738578652,1.1144039507759422
2017-04-07,0.9171323161777056,0.9010353713276109,1.1133690405359942
2017-04-10,0.915970642178851,0.9021766563357349,1.1141688026315346
2017-04-11,0.9196879871581471,0.905838020258808,1.1127575548698743
2017-04-12,0.9257778510612691,0.911836174348757,1.10824157638837
2017-04-13,0.9177475646990204,0.9039268194348499,1.100903174162588
2017-04-17,0.9205078499468135,0.9066455363900823,1.1104525144665278
2017-04-18,0.9189042315924862,0.9082250051834314,1.107112635602276
2017-04-19,0.9259053058584993,0.9013052952801265,1.1051839327206419
2017-04-20,0.9235586040605648,0.9035896484894005,1.1136042604594447
2017-04-21,0.9333757682285982,0.8939847486154188,1.110781836715167
2017-04-24,0.9388906159267733,0.8887026426288214,1.1225891303703375
2017-04-25,0.9384994691201392,0.8890728808597876,1.1292219446048108
2017-04-26,0.9390470388410529,0.8885541491979565,1.1287515047579098
2017-04-27,0.9369740920632634,0.8905156328982242,1.1294100774761455
2017-04-28,0.9395555177535526,0.888062203340417,1.1269169042014642
2017-05-01,0.9399075140711493,0.8877294985460052,1.1300216349213084
2017-05-02,0.9389688572242249,0.8886160468069269,1.1304449877160936
2017-05-03,0.9383431058864832,0.888023851788157,1.1293160469299997
2017-05-04,0.942366301452456,0.8842164026785725,1.1300686501943813
2017-05-05,0.9420147739799647,0.8845462387059112,1.134913879145482
2017-05-08,0.9413117190349821,0.8852064030943745,1.1344905263506968
2017-05-09,0.9428350643502423,0.8837738542373661,1.1336438207611264
2017-05-10,0.9445537225728193,0.8853848520236336,1.1354784213175717
2017-05-11,0.9460042092571888,0.886744477111876,1.1334086008376758
2017-05-12,0.9412068038447593,0.8822475914613578,1.131668102606419
2017-05-15,0.9404282832539135,0.8829773438530438,1.1374070524201632
2017-05-16,0.9238844682598558,0.8985104941004032,1.136466244505404
2017-05-17,0.9205756815021188,0.8952925813345713,1.1164737712558381
2017-05-18,0.9141213396459263,0.8890155043952617,1.1204722946173686
2017-05-19,0.9184659480283545,0.8847902182707738,1.1283281519631245
2017-05-22,0.9204477165639754,0.8828811116577759,1.1336908360341993
2017-05-23,0.9227343188876689,0.8806878333594735,1.1361369940358075
2017-05-24,0.9271170751077499,0.8765047873834023,1.1389594177800852
2017-05-25,0.926964600061522,0.8766489386578892,1.1443691889032759
2017-05-26,0.9263929640186466,0.877189546282228,1.1441809842528983
2017-05-30,0.9270789854222888,0.8778391310990107,1.1434753962615896
2017-05-31,0.9346742605146939,0.8706472631002578,1.1426286188929762
2017-06-01,0.9376512901363964,0.8678741657744832,1.1519898263255812
2017-06-02,0.9370406024605645,0.8684394079522381,1.1556590274384722
2017-06-05,0.934521617714927,0.8707739766095596,1.1549063523950478
2017-06-06,0.9329949567637296,0.8693514556082164,1.1518016934542465
2017-06-07,0.9327286306457576,0.8691032967123435,1.153683309283765
2017-06-08,0.9312838180605535,0.8704495525682006,1.1540126315324044
2017-06-09,0.9313978761051452,0.8705561599975967,1.1522250462490318
2017-06-12,0.9268342625646079,0.8662906554463337,1.15208392865077
2017-06-13,0.9258174440276324,0.8672410523322115,1.1577288479183683
2017-06-14,0.9240851461120823,0.8688637479045686,1.1564587177549697
2017-06-15,0.9248383790808685,0.8695719692444076,1.154294866728928
2017-06-16,0.9165020584671651,0.8617338097386191,1.1533539870351257
2017-06-19,0.9105375131049392,0.8673419263280637,1.1637501047076788
2017-06-20,0.9101670219777414,0.8676948414834817,1.1561764825584462
2017-06-21,0.9104633470446883,0.8679773387897821,1.1557060427115453
2017-06-22,0.9095365724880735,0.8670938113903325,1.1553297769688757
2017-06-23,0.9089816612368407,0.8665647946070946,1.1565058048070855
2017-06-26,0.8980442961147138,0.8769917767617202,1.1572113927983942
2017-06-27,0.8904324511028691,0.8695583734092871,1.143287191611212
2017-06-28,0.8979526536716381,0.8769022826584478,1.1529777212924563
2017-06-29,0.8993567041783394,0.8755311467870188,1.143240176338139
2017-06-30,0.8976571175025035,0.8738765851826574,1.1450277616215117
2017-07-03,0.8995711928116942,0.8720132171300187,1.1471916126475534
2017-07-05,0.8914732596562668,0.8798630735942933,1.1496377706491618
2017-07-06,0.8858783005340791,0.8743409809498313,1.1392887400287246
2017-07-07,0.8850422732121415,0.8735158417085572,1.1464390093831718
2017-07-10,0.8846069171810391,0.8739455278393349,1.1475209348961928
2017-07-11,0.8912463180978882,0.8673861457837397,1.1469564645031458
2017-07-12,0.8926250193438917,0.8660443547034574,1.1555649251132836
2017-07-13,0.8965071284900029,0.8622778473375721,1.157352510396656
2017-07-14,0.8966884899292057,0.8621034104073837,1.1623859439981343
2017-07-17,0.8974504183442694,0.8613708694051405,1.162621092142542
2017-07-18,0.8928790139357908,0.8569832458559774,1.163608987109417
2017-07-19,0.8933100120383912,0.8565695748578249,1.1695361415735388
2017-07-20,0.8926276486088198,0.8572238737517026,1.1701006837456285
2017-07-21,0.8928431202603677,0.8574307992755887,1.1692068911039424
2017-07-24,0.8907591304291959,0.8554294655294064,1.168924655907419
2017-07-25,0.8910094458806983,0.8551890781950781,1.1716530491055506
2017-07-26,0.8901869028677275,0.8559785533283557,1.171982299575147
2017-07-27,0.8889351618983435,0.857182192048116,1.170900374062126
2017-07-28,0.8892927631962932,0.8575270197448865,1.1692539063770153
2017-07-31,0.891189744868174,0.8556977986976446,1.1687835383091572
2017-08-01,0.8916550061931799,0.8552510665691397,1.1712767115838383
2017-08-02,0.8900801411188909,0.8567616340253116,1.1718881972499582
2017-08-03,0.8914402617947854,0.8554524269562873,1.1698183767700623
2017-08-04,0.8930867265400549,0.853872430715818,1.1716059620534347
2017-08-07,0.8911181451971937,0.8557545741699065,1.1737698848585196
2017-08-08,0.8909391733270159,0.8559264436323092,1.1711826092586495
2017-08-09,0.9032874677656229,0.8677894664515808,1.170947389335199
2017-08-10,0.9023675106799569,0.8669056624611378,1.1547182195237131
2017-08-11,0.8933702876766366,0.8582620184073678,1.1558942473619227
2017-08-14,0.8934422996957165,0.8583312004494591,1.1674193058205697
2017-08-15,0.8950625291981555,0.8567746438208937,1.167325203495381
2017-08-16,0.8813809513262274,0.8698709679610969,1.169442111027393
2017-08-17,0.8833611890997054,0.8718253457431632,1.151566473530796
2017-08-18,0.8821315491024543,0.8706117636558228,1.148979197930926
2017-08-21,0.873439696223638,0.8620334179748838,1.150578578563921
2017-08-22,0.87644548194365,0.8649999510384996,1.1619155041512332
2017-08-23,0.874807629241913,0.8666164149669449,1.157916980789703
2017-08-24,0.8765522960619945,0.864888084240976,1.155753129763661
2017-08-25,0.8767303377027956,0.8647124117861557,1.1580580983879647
2017-08-28,0.8778341198128099,0.8636237599517299,1.1582933183114152
2017-08-29,0.8735969786828733,0.8594552095713207,1.1597515813461485
2017-08-30,0.8785692265349472,0.8545634523605897,1.1653494853406738
2017-08-31,0.8800856098511745,0.8530885022682356,1.171982299575147
2017-09-01,0.8737733098324875,0.8592071690303476,1.1740051047819702
2017-09-05,0.8708463849367711,0.8563290371106451,1.1655847052641242
2017-09-06,0.8708463849367711,0.8563290371106451,1.1694891263004659
2017-09-07,0.8693751895455635,0.8577757071026735,1.1694891263004659
2017-09-08,0.8598824649726564,0.8484096375037554,1.1675134081457585
2017-09-11,0.8629669691964937,0.8453662877239598,1.1802615097156883
2017-09-12,0.8633439624140249,0.8449969834884823,1.1844952530006692
2017-09-13,0.8630355276800813,0.8452988636557527,1.185012708120643
2017-09-14,0.8619388534166817,0.8442247276799788,1.1845893553258577
2017-09-15,0.8599902872999785,0.8423162074958388,1.186094633633664
2017-09-18,0.8608069912892394,0.8415162879885607,1.188776011558723
2017-09-19,0.8613174832092816,0.8410172362034927,1.1899049523448169
2017-09-20,0.8587991914133011,0.8434761748033666,1.1906106121151683
2017-09-21,0.8588332034372689,0.8434427696346606,1.187129543873612
2017-09-22,0.8604666633425447,0.8450469576668408,1.187176559146685
2017-09-25,0.8643609484408028,0.8488714565286407,1.1849186057954544
2017-09-26,0.8609828027318353,0.8455538477524576,1.1795559217243796
2017-09-27,0.8600593170956435,0.8446469111324131,1.1841659307520298
2017-09-28,0.8568853136605785,0.8415297863666417,1.1854360609154282
2017-09-29,0.8604086919629984,0.8380695475892284,1.189810850019628
2017-10-02,0.862441414190877,0.8360896017637088,1.1947031660228444
2017-10-03,0.8635593545525093,0.8350058199596665,1.1975256615461651
2017-10-04,0.8685733889294703,0.830157574307334,1.1990779551270443
2017-10-05,0.867658607063224,0.8310318966211219,1.2060400916101568
2017-10-06,0.8662018624321873,0.8324271472920286,1.2047698896677155
2017-10-09,0.8684378465439992,0.8302783480844633,1.2027471562399352
2017-10-10,0.8696913292911026,0.8290799438592686,1.2058518869597792
2017-10-11,0.8709448120382061,0.8302748935737199,1.207592385191036
2017-10-12,0.8719301496416034,0.8293355676112856,1.2058518869597792
2017-10-13,0.8733570901970023,0.827978334401784,1.2072161194483666
2017-10-16,0.8739007211613938,0.8274629499554007,1.209191765824031
2017-10-17,0.8746482007765566,0.8267551902838306,1.2099444408674556
2017-10-18,0.8749879830901768,0.8264340133911066,1.2109793511074034
2017-10-19,0.8705031053992005,0.822198006107176,1.2114497909543045
2017-10-20,0.8671737018115483,0.8253426577164753,1.2176592523939926
2017-10-23,0.8684853068129414,0.8240943223997301,1.2130020845351837
2017-10-24,0.8644161497941435,0.8279554921510645,1.214836756870672
2017-10-25,0.8633736393399846,0.8269569542866906,1.2091448223300008
2017-10-26,0.8564626327458009,0.8203374506282858,1.210603085364734
2017-10-27,0.853524179030747,0.8231519617782568,1.2202935432669355
2017-10-30,0.8544816651661934,0.8222285472926083,1.2161068152550276
2017-10-31,0.8558683726987777,0.8208941821838909,1.217471047743615
2017-11-01,0.8563305413721749,0.8204508995632432,1.219446837677365
2017-11-02,0.8590048123399764,0.8178886786506354,1.220105338616558
2017-11-03,0.8604575151812757,0.81650550920819,1.2239156573277108
2017-11-06,0.8600282937841377,0.8169128060581216,1.2259854778076067
2017-11-07,0.8615140446578926,0.8155015397961223,1.225373920362444
2017-11-08,0.8646505850552878,0.8184705610669528,1.2274908278944558
2017-11-09,0.865249187994884,0.8190371932907619,1.2230218646860245
2017-11-10,0.8642833681251209,0.8181229567837177,1.222175159096454
2017-11-13,0.8660113351432406,0.8197586350094316,1.2235393915850414
2017-11-14,0.8706819979300626,0.8241798429028379,1.22109316180439
2017-11-15,0.8633976367966909,0.8172845313782827,1.2145074346220328
2017-11-16,0.8610430045731248,0.8195134053193155,1.2246683323711354
2017-11-17,0.862402750282285,0.818219242506815,1.2213284535068836
2017-11-20,0.8567979867629794,0.8129016280167232,1.223257156388518
2017-11-21,0.8561759957705691,0.8134917525246627,1.2312071160594626
2017-11-22,0.8579764329156409,0.811781075309125,1.2303133234177763
2017-11-24,0.8577145892935548,0.8120288206887708,1.2329005272386035
2017-11-27,0.866356827452956,0.8038469073247111,1.2325242614959342
2017-11-28,0.8658003722927046,0.8043632127839153,1.2449430408172244
2017-11-29,0.873689747599744,0.7970336672305635,1.2441434222797698
2017-11-30,0.8716273669304031,0.7989150980618468,1.2554803478670822
2017-12-01,0.8707107643998275,0.7997552364379253,1.2525167347455
2017-12-04,0.8674698376756418,0.8027320551756214,1.2511995893090284
2017-12-05,0.867666245367752,0.8025503050518794,1.2465424214502194
2017-12-06,0.8650473096359765,0.800127913168285,1.246824656646743
2017-12-07,0.8603292252625105,0.7957639079146511,1.2505880318638656
2017-12-08,0.8632903718231564,0.7930249871738283,1.2574089071906307
2017-12-11,0.8646100057516493,0.7918127615851112,1.2617367528008003
2017-12-12,0.8644168981741712,0.7919896101563615,1.2636654556824345
2017-12-13,0.8610695364585694,0.7950565049681028,1.263383220485911
2017-12-14,0.8683435826222071,0.7883401162503877,1.2584909044826946
2017-12-15,0.8737507912387711,0.7834310922710779,1.269122242078698
2017-12-18,0.8662193010463592,0.7901840516355034,1.277025114697527
2017-12-19,0.8657686512165174,0.7905951441936849,1.266017511358854
2017-12-20,0.8640305847956254,0.7890079917012582,1.2653588668615754
2017-12-21,0.8638061627663202,0.7892129274729214,1.2678991271883726
2017-12-22,0.864896086841512,0.790208732095744,1.2675698049397333
2017-12-26,0.864349698795191,0.7897095269173597,1.2659704243067382
2017-12-27,0.8627448310478402,0.7882432461385361,1.2667701864022787
2017-12-28,0.8597388552080768,0.7909896435303019,1.269122242078698
2017-12-29,0.8661345318730573,0.7851053985939209,1.2647003659223826
2018-01-02,0.8711551614767346,0.78055446191938,1.2741085886280605
2018-01-03,0.8749285872874056,0.7771734748306411,1.2814940779059585
2018-01-04,0.8804607851448338,0.7722593852754718,1.287044894848368
2018-01-05,0.8824115172745992,0.7705483821044198,1.2951829156116044
2018-01-08,0.8844261710385131,0.7687891256034631,1.2980524981870407
2018-01-09,0.8830191143649948,0.7700122122839922,1.3010161113086232
2018-01-10,0.8767513785585925,0.764546607932075,1.298946290828727
2018-01-11,0.8710133298998529,0.7595429024969025,1.3081663088840276
2018-01-12,0.8678704198299064,0.7622835896424004,1.3167278260001352
2018-01-16,0.8765211145610453,0.7546853555260152,1.3119766275951803
2018-01-17,0.8752142276749381,0.7558105861426992,1.3250540514137492
2018-01-18,0.879041634233408,0.7525053446339449,1.3230784050380848
2018-01-19,0.8860120458252663,0.7465383098850776,1.328864370124902
2018-01-22,0.8880658201811622,0.7448078354025238,1.3394016771747597
2018-01-23,0.8875989799012536,0.7451993675282468,1.3425064078946036
2018-01-24,0.8879413231089572,0.7449119472544125,1.3418006763452093
2018-01-25,0.898241247933907,0.7362711318556387,1.342318203244226
2018-01-26,0.8922977710017177,0.741142885961884,1.3578888003374763
2018-01-29,0.8826512896198216,0.7491552572611309,1.3489039304265835
2018-01-30,0.8810954085893044,0.7478346944665226,1.3343211565211655
2018-01-31,0.8822116551042934,0.7487821149880104,1.336673212197585
2018-02-01,0.9016720075128134,0.7652991987859352,1.3349798010184442
2018-02-02,0.9389696135296077,0.7969557521262368,1.3055320180110845
2018-02-05,0.9205818948954967,0.7813490722904026,1.251528767999582
2018-02-06,0.9262494613279132,0.786159451246004,1.276037291509695
2018-02-07,0.9605041012832495,0.8152332699895086,1.268181362384896
2018-02-08,0.9754877669126885,0.8025157993288449,1.2212813664547677
2018-02-09,0.9625020588525434,0.7918326967444624,1.2403331035686171
2018-02-12,0.9596921537265756,0.789521039607704,1.2568444367975837
2018-02-13,0.9729078071941686,0.7786487651764576,1.2605136379104747
2018-02-14,0.9608382521292518,0.7689891200610278,1.2778718202870976
2018-02-15,0.9610828369511762,0.7687933711234983,1.2937246525768713
2018-02-16,0.9552134409411744,0.7734884427359543,1.2940539748255104
2018-02-20,0.9502873064479843,0.7774774026212875,1.2861511022066816
2018-02-21,0.9489946532740469,0.7764198186407968,1.2795182879722082
2018-02-22,0.9338383122381348,0.7640196607286713,1.281258786203465
2018-02-23,0.9229044187761887,0.7550740976009195,1.3017216992999319
2018-02-26,0.9114324604611037,0.7644598783992871,1.3169629741445428
2018-02-27,0.9010812192748076,0.773141935404975,1.300592758513838
2018-02-28,0.88908179956778,0.7834376272666854,1.2858217799580423
2018-03-01,0.8841369621966643,0.7790803547872243,1.2686988892839128
2018-03-02,0.8743566865063919,0.7704622096575793,1.2757550563131714
2018-03-05,0.8719651201836862,0.7683548185871263,1.2898673903716884
2018-03-06,0.8716479649547371,0.7686342881929196,1.2933954738863176
2018-03-07,0.8675886296578753,0.7650546959470962,1.2929250340394165
2018-03-08,0.8823244161326504,0.7520604239435015,1.298946290828727
2018-03-09,0.8816017314808344,0.7526764133864825,1.321008584558189
2018-03-12,0.8758833465445203,0.7575585424823483,1.319926587266125
2018-03-13,0.8713903709023826,0.761444553207743,1.3113650701500175
2018-03-14,0.8723015653094687,0.7622407796079389,1.3046382253693982
2018-03-15,0.8715144315757168,0.7615529607907643,1.303273992880811
2018-03-16,0.8832058664550524,0.7717692538613821,1.3044500207190208
2018-03-19,0.881656233660638,0.7704151426728948,1.2869507207441362
2018-03-20,0.8832647431868633,0.7718207019473893,1.2892087458744097
2018-03-21,0.9093855525213461,0.794645773990041,1.2868566901979903
2018-03-22,0.928705806462332,0.8115283361816792,1.2488004465804932
2018-03-23,0.9030781520464788,0.7891341962897801,1.2222691896426
2018-03-26,0.9189073622982975,0.8029661897685992,1.2559977312080133
2018-03-27,0.9164552185319829,0.8051089395359727,1.2339825245306673
2018-03-28,0.9033189631476971,0.793568695748767,1.2306895891604457
2018-03-29,0.924287604001707,0.8119897160671683,1.248330006733592
2018-04-02,0.9122709194021764,0.8014330189159821,1.2193526635731335
2018-04-03,0.9016743653971351,0.792123911187401,1.2352054958629073
2018-04-04,0.8953945662452878,0.786607086869742,1.2495531216239175
2018-04-05,0.8756107134406272,0.8039872669695513,1.2582557563382868
2018-04-06,0.8793934268784276,0.8005139729681156,1.230454441016038
2018-04-09,0.8650995551731349,0.787502226827918,1.23577010981404
2018-04-10,0.860400881503574,0.7917794408847169,1.2558566136097515
2018-04-11,0.8677567375088906,0.7850102526140817,1.2490355947249008
2018-04-12,0.8650995551731349,0.7874140546088914,1.25971401937302
2018-04-13,0.8722933299782913,0.7808662771266363,1.2558566136097515
2018-04-16,0.8816258052812294,0.7725119598393966,1.2662997465553776
2018-04-17,0.8820146419371352,0.7721712472997773,1.2798476102208476
2018-04-18,0.8772511951216897,0.7763414690784662,1.2804120806138946
2018-04-19,0.8698630019885802,0.7828798023890273,1.273497031182898
2018-04-20,0.8698630019885802,0.7828798023890273,1.2627716630407484
2018-04-23,0.8813665149170926,0.7932330050285984,1.2627716630407484
2018-04-24,0.8796030540420606,0.7916458839552688,1.2460721251614042
2018-04-25,0.8705558871507009,0.7835034015047033,1.2485652984360853
2018-04-26,0.8713351207267113,0.7828020885087403,1.261407430552161
2018-04-27,0.8645822914738545,0.7888687885839886,1.2625365148963406
2018-04-30,0.8662704492490155,0.7873284667520902,1.2527518828899076
2018-05-01,0.8723089397754851,0.7928166783052187,1.255197969112473
2018-05-02,0.8741854634663287,0.7945221970858914,1.2464483909040736
2018-05-03,0.8628778761274442,0.7842450539490023,1.2437670129790148
2018-05-04,0.8597526705032501,0.7814046438270654,1.2598551369712818
2018-05-07,0.8594007733557206,0.7817244730926939,1.264418130725859
2018-05-08,0.8682289503384024,0.7736942243262089,1.2639006038268423
2018-05-09,0.8760974876935219,0.7666824310622569,1.2768839970992654
2018-05-10,0.8779207151336207,0.7650869049184319,1.2884560708309853
2018-05-11,0.8790402458922937,0.7641112606394566,1.291137448756044
2018-05-14,0.8726110215580681,0.7696999043152332,1.2927839164411548
2018-05-15,0.868484795670906,0.7660603036316881,1.2833286066833611
2018-05-16,0.8691818686769442,0.7666751675433201,1.2893969505247873
2018-05-17,0.8670555231505302,0.7685507431523695,1.2883620402848392
2018-05-18,0.8607083502778786,0.7629246623559889,1.2852102225128794
2018-05-21,0.8583940601226296,0.7649760297381192,1.2946184452185574
2018-05-22,0.8608334754178296,0.7628020931813612,1.291137448756044
2018-05-23,0.8623972056184069,0.7641877463933164,1.294806649868935
2018-05-24,0.8648140805001084,0.7663293885010708,1.2924545941925156
2018-05-25,0.874441420725581,0.7748603709564116,1.2888324801317403
2018-05-29,0.8627576878098193,0.764507177012613,1.27448485437073
2018-05-30,0.8684768611894547,0.7695750531464208,1.2915137144987134
2018-05-31,0.8773930952372295,0.7616741963731217,1.2829523409406915
2018-06-01,0.8814691018275926,0.7581357720784936,1.2961237953054066
2018-06-04,0.882265197623989,0.7574510643558995,1.302145052094717
2018-06-05,0.8898440451544289,0.7509443970363875,1.303321079932927
2018-06-06,0.8892708795041425,0.7514280947539821,1.3145168879219773
2018-06-07,0.8917546945017129,0.7493292872765728,1.3136701823324068
2018-06-08,0.8902580305173011,0.7480716609768218,1.3173393834452978
2018-06-11,0.8914640566368048,0.7470582537044669,1.3195503215234556
2018-06-12,0.88838555196218,0.7496380799006264,1.3213379068068283
2018-06-13,0.8908927148379813,0.7475224840761979,1.3167749130522508
2018-06-14,0.8896232493426122,0.7485876561050432,1.320491057659172
2018-06-15,0.8915591672735985,0.7502166650899587,1.3186094418296535
2018-06-18,0.8948423450136233,0.7529793473049272,1.315740002812303
2018-06-19,0.892979939590023,0.7514121965905091,1.3108947738612022
2018-06-20,0.8868082484780146,0.7566054644004012,1.313623095280291
2018-06-21,0.8886310062432671,0.7550503272128128,1.3045441948232523
2018-06-22,0.8765113944205634,0.7653480962622079,1.307225572748311
2018-06-25,0.878526011151791,0.767107209822805,1.2893969505247873
2018-06-26,0.8860754369721309,0.7736991819480386,1.286433337403205
2018-06-27,0.8916314235696965,0.76884783170619,1.2753786470124162
2018-06-28,0.8908798004949963,0.7681997121402263,1.2833756937354768
2018-06-29,0.8933921421065892,0.7660333367192645,1.284457547469455
2018-07-02,0.8969484715827017,0.7690826885174971,1.2880798050883158
2018-07-03,0.9046442001576012,0.7624840356293988,1.2829523409406915
2018-07-05,0.9116821329778428,0.7565520776084094,1.2939599442793646
2018-07-06,0.9202329759606892,0.7494562294065308,1.3040266679242356
2018-07-09,0.9235874934321457,0.7467242429625419,1.316257386153234
2018-07-10,0.9167139593677981,0.7522815231955212,1.321055528052219
2018-07-11,0.9246071069615275,0.745804181998805,1.3112239525517557
2018-07-12,0.923653433592477,0.7450349324640095,1.3225139346450379
2018-07-13,0.9233252134905108,0.745299680509768,1.3238780235755394
2018-07-16,0.9270667423672431,0.7422795525681678,1.3234075837286385
2018-07-17,0.9250319179572503,0.7406503186807052,1.328770339578756
2018-07-18,0.9212088526799197,0.743711353074248,1.3316868656482226
2018-07-19,0.9202285053811187,0.744502808143262,1.326183135757929
2018-07-20,0.9185292766178625,0.7431280620030106,1.3247718162172257
2018-07-23,0.9139389968090568,0.739414336349181,1.3272180459978768
2018-07-24,0.9224160348188613,0.7325560630332258,1.3338507166742646
2018-07-25,0.9192250959346879,0.7350902141517379,1.3462225525015248
2018-07-26,0.9133265804868353,0.7398071665096698,1.3415655282008017
2018-07-27,0.9082017004990329,0.7439583902049851,1.3329569240325783
2018-07-30,0.9033346334216933,0.7399715055890593,1.3254774042085344
2018-07-31,0.9046101500180245,0.741016351985146,1.332580658289909
2018-08-01,0.9089272781385942,0.7374799528734477,1.3306990424603904
2018-08-02,0.9047061794519967,0.7340550631871781,1.33704962149834
2018-08-03,0.9081913216751757,0.7312273094335765,1.3432589393799426
2018-08-06,0.9107893455768769,0.7291355188800388,1.3484334905796824
2018-08-07,0.9104724968859251,0.7293891731808994,1.3522908963429512
2018-08-08,0.9096487096271796,0.7300491178904743,1.35182045649605
2018-08-09,0.9031854604372609,0.7352362734592877,1.3505973416057244
2018-08-10,0.9062270918440236,0.7377123072737185,1.3410010578077547
2018-08-13,0.900421805055104,0.7329865254581197,1.3364850075472074
2018-08-14,0.9076017465406614,0.7388313421128754,1.345046524663315
2018-08-15,0.8997623832196843,0.7324497244641388,1.3343211565211655
2018-08-16,0.9027186181685433,0.7300432074612888,1.3458462867588554
2018-08-17,0.9049200064232663,0.7282629090272029,1.350268162915171
2018-08-20,0.9064610837745367,0.7270226784356525,1.3535609547273066
2018-08-21,0.9064296038361164,0.7270479267662835,1.3558660669096962
2018-08-22,0.904888622460268,0.728283949188493,1.3558189798575804
2018-08-23,0.8992592800574896,0.7237532703682831,1.3535140112332766
2018-08-24,0.906372127230659,0.718028618404856,1.3619342671930368
2018-08-27,0.9066206631291658,0.7178317280962648,1.372706722387302
2018-08-28,0.9117456022689697,0.7137739737688747,1.3730831316880572
2018-08-29,0.907863058255683,0.7168134826645575,1.3808448867086245
2018-08-30,0.908328944579543,0.7164456368806641,1.3749647475175757
2018-08-31,0.9098508715003764,0.7176460587196786,1.3756703355088844
2018-09-04,0.9123129024407285,0.7195879888272751,1.3733653668845807
2018-09-05,0.9149762886395094,0.7216887381569446,1.3696490787195739
2018-09-06,0.9172139840409639,0.7234537233163485,1.3656505553580436
2018-09-07,0.9151553394317381,0.7218299647022811,1.3623106764937918
2018-09-10,0.918213743553639,0.7194176444717857,1.36536832016152
2018-09-11,0.9182767687133008,0.7193682644529996,1.3699313139160973
2018-09-12,0.9235738649950304,0.7152185755044622,1.3700253444622432
2018-09-13,0.9235423043043907,0.7152430162049377,1.377928360639158
2018-09-14,0.9189074051963885,0.7188325423179943,1.377881273587042
2018-09-17,0.9240467942465371,0.7148121588974362,1.3709662241560454
2018-09-18,0.9233846932944276,0.714299979412661,1.3786339486304666
2018-09-19,0.93119294545451,0.7082597727710535,1.3796217718182988
2018-09-20,0.9299334786568191,0.7092177156681724,1.3912880196542503
2018-09-21,0.9271313860247575,0.7113547435107143,1.3894062602666462
2018-09-24,0.9281074055342894,0.712103608362374,1.3852196758128241
2018-09-25,0.9348593888713855,0.7172841636184555,1.3837614127780908
2018-09-26,0.9322982469734974,0.7153190910674351,1.3736945455751342
2018-09-27,0.9325847828178756,0.7155389397697406,1.3774579207922568
2018-09-28,0.9289529999012174,0.7127524026681944,1.3770345679974716
2018-10-01,0.928573683108292,0.7130434388729957,1.3823971802895036
2018-10-02,0.9292059420759503,0.7125579328579552,1.3818327098964567
2018-10-03,0.9222198374192706,0.7179151998183576,1.3827735895902586
2018-10-04,0.9279414241406339,0.7223692506939495,1.3723774001386628
2018-10-05,0.9279093871785947,0.7223443110634291,1.363862970074671
2018-10-08,0.9290295290917051,0.7232163015289844,1.3639100571267868
2018-10-09,0.9589930378773621,0.7465418227597042,1.3622635894416761
2018-10-10,0.9792508493361944,0.7623118053292054,1.31832720663313
2018-10-11,0.9660432516486,0.7520301623322992,1.2904788042587654
2018-10-12,0.9712551528241389,0.7560874412174957,1.3078840736875041
2018-10-15,0.9926450213735444,0.7394361926424193,1.3008279066582455
2018-10-16,0.9924342922005857,0.7395931679699294,1.3294759275700647
2018-10-17,0.9782095370920623,0.7501939017182377,1.3291936923735412
2018-10-18,0.9773665132134658,0.7508404210464034,1.3101420988177777
2018-10-19,0.9810543809270055,0.7536735446590525,1.309013014473598
2018-10-22,0.9752152144400242,0.7581593564444696,1.3040737549763513
2018-10-23,1.0050481312906867,0.7813522934551449,1.2963119999557842
2018-10-24,0.9866884365703738,0.7670789575518877,1.256656375705292
2018-10-25,1.004534515688225,0.7809529944400594,1.2796123185183543
2018-10-26,1.0101383241503206,0.7853095505666985,1.2564681710549144
2018-10-29,0.9939751973312874,0.7727438874742856,1.249458947519686
2018-10-30,0.983293538338836,0.7644396695052024,1.2694514207692518
2018-10-31,0.9928827901325916,0.7569847191915813,1.2830934585389533
2018-11-01,0.987367179854378,0.7611898809076648,1.2956064119644755
2018-11-02,0.993423514666698,0.7565208774522263,1.2884091273369551
2018-11-05,0.9991554147585541,0.7521558689508779,1.2963119999557842
2018-11-06,1.0206771313373022,0.7359545000792349,1.3037915197798278
2018-11-07,1.0184780382117171,0.737540145953114,1.3318750702986002
2018-11-08,1.0092493061124208,0.7442232163425635,1.3290054877231636
2018-11-09,0.989602247938794,0.7587110111194243,1.3169629741445428
2018-11-12,0.9910443267166302,0.7598166280982912,1.2913256534064217
2018-11-13,0.9979137523943997,0.7650832985334544,1.2894438940188175
2018-11-14,0.9878323339849748,0.7573540485536122,1.2805061111600404
2018-11-15,0.9850300789711426,0.7552056078650553,1.2934424173803478
2018-11-16,0.9685617595552839,0.7678315849194411,1.2971116184932387
2018-11-19,0.9505930199082558,0.7820763821211366,1.275425734064532
2018-11-20,0.9475208814126984,0.7795488578182415,1.2517640597020754
2018-11-21,0.9533772034128641,0.7843669987329182,1.2558095265576357
2018-11-23,0.938428454047725,0.7720682930030445,1.2480477715370686
2018-11-26,0.9354683103952225,0.769632909626748,1.2676168919918491
2018-11-27,0.9573046621072729,0.7516676031411889,1.2716154153533794
2018-11-28,0.9553667368491737,0.7531892458234836,1.3012983465051466
2018-11-29,0.9620456615997298,0.7479237345786878,1.2986640556322036
2018-11-30,0.9737078529022569,0.7388571902133683,1.3077429560892424
2018-12-03,0.9431161977748281,0.7620703791427352,1.323595788379016
2018-12-04,0.9406592042527749,0.764055714554554,1.2820114612468896
2018-12-06,0.9621841150064527,0.7815394440415668,1.2786715823826378
2018-12-07,0.960735064688484,0.7803624447934698,1.2494120040256558
2018-12-10,0.9605545194797943,0.780215795935083,1.2512936198551743
2018-12-11,0.9657535456651707,0.7759928577560948,1.251528767999582
2018-12-12,0.9648509384827308,0.7767181118647404,1.258302699832317
2018-12-13,0.9473764766524816,0.7907852910084817,1.2571266719941072
2018-12-14,0.9717468705783556,0.8111275198136128,1.2343587902733368
2018-12-17,0.9718608984312751,0.8112227000836282,1.2026060386416735
2018-12-18,0.9866125230065699,0.8235360390994347,1.2024649210434117
2018-12-19,1.0035042069946525,0.8376357086261028,1.1842130178041457
2018-12-20,1.0241071575165996,0.8548332120744683,1.1639382375790135
2018-12-21,1.0505603064567408,0.876913938795313,1.140041415072149
2018-12-24,0.9990312689663455,0.8339020993508589,1.1105936320647896
2018-12-26,0.989390682134183,0.8258549982760022,1.1650672501441504
2018-12-27,0.9865023714172493,0.828265902163846,1.1763100734062737
2018-12-28,0.9955234446378273,0.8206918227028976,1.1728760922168333
2018-12-31,0.9959586745025536,0.820333026942837,1.1836014603589828
2019-01-02,1.0208458052137819,0.8408316036317351,1.1841189154789569
2019-01-03,0.984950011926481,0.8112656130783686,1.1545300148733355
2019-01-04,0.978320589154683,0.8058052113684392,1.1951265188176297
2019-01-07,0.9879596086773946,0.7978659200461597,1.2031705808137634
2019-01-08,0.9925495401540742,0.7941591390518513,1.2150249615210496
2019-01-09,0.9964511161484928,0.7910374084909849,1.2206698090096049
2019-01-10,0.9969866723554816,0.7914625623065732,1.2254680944666756
2019-01-11,1.0018113947387213,0.7952926908787386,1.2248094499693971
2019-01-14,0.9909855277032346,0.7866985253791605,1.2188822237262324
2019-01-15,0.9883747742995743,0.784625966501789,1.232053821649033
2019-01-16,0.995638887136545,0.778859316336597,1.2352996699671388
2019-01-17,1.0089627830439445,0.7684364204539114,1.2443785704241774
2019-01-18,0.9955259776314891,0.7786700294898486,1.2610311648094916
2019-01-22,0.9969562412703045,0.7775513209329264,1.2442374528259157
2019-01-23,0.9959776156517125,0.7767880661270129,1.2460250381092883
2019-01-24,0.9871125162568181,0.7698739514855129,1.247248152999614
2019-01-25,0.9791787372471152,0.7760617058659096,1.2583497868844329
2019-01-28,0.9805440711204974,0.777143820187379,1.2482359761874462
2019-01-29,0.9648171780361842,0.7646792526771649,1.2464954779561894
2019-01-30,0.9731310857892321,0.7580899496339004,1.2664879512057552
2019-01-31,0.9736687157929677,0.7576711243508472,1.2774013804401965
2019-02-01,0.9806567028451834,0.752233344620511,1.2781071119895908
2019-02-04,0.9848495825671563,0.7490171080642315,1.2872800429927755
2019-02-05,0.9833802865744411,0.7501345658515265,1.2927839164411548
2019-02-06,0.9741344941058051,0.7571873699539693,1.2908552135595206
2019-02-07,0.9730593434616381,0.7563516634950697,1.278718525876668
2019-02-08,0.9725230080343883,0.7559347740264905,1.280129845417371
2019-02-11,0.9851671235552109,0.7461065987236601,1.2808354334086798
2019-02-12,0.9881674018309774,0.7438343675803001,1.297488027793994
2019-02-13,0.9859171658736686,0.7455282130128753,1.3014394641034084
2019-02-14,0.9970968403904976,0.7370743965533442,1.298475850981826
2019-02-15,0.9984897761247763,0.7360447099429854,1.3131997424855057
2019-02-19,1.0004185653741744,0.7346228875492457,1.3150342712629084
2019-02-20,0.9972753855609136,0.7369309732949759,1.3175745315897056
2019-02-21,1.003026000674251,0.7326815889685664,1.3134348906299136
2019-02-22,1.0045975905808815,0.7315335878307864,1.321008584558189
2019-02-25,1.0038474392604884,0.7320798372862584,1.3230784050380848
2019-02-26,1.0033474473821618,0.7324444683632669,1.322090438292167
2019-02-27,1.0054547818019763,0.7339828242367101,1.3214319373529742
2019-02-28,0.9983170636776421,0.728772284088783,1.3186565288817693
2019-03-01,0.9942504045443706,0.7317409486273286,1.3280176645353317
2019-03-04,0.9929773005506546,0.7326779181470845,1.3226079651911837
2019-03-05,0.9993070997917687,0.7373484218209315,1.3209144104539572
2019-03-06,0.9912484606898231,0.7432945667298212,1.312494154494197
2019-03-07,0.9932541576776798,0.744798552594821,1.3019099039503095
2019-03-08,0.9788337073362863,0.7339852774033561,1.2992756130773664
2019-03-11,0.975375352129386,0.7313920056485411,1.3181390019827526
2019-03-12,0.9821390932191121,0.7263201672526842,1.3227961698415613
2019-03-13,0.9816535417788477,0.7266792465376221,1.331969100844746
2019-03-14,0.9860586482071456,0.7234183206773304,1.3313105999055532
2019-03-15,0.9899782031951792,0.7205427534964115,1.337284769642748
2019-03-18,0.9904291404385902,0.720214544691437,1.3426004384407495
2019-03-19,0.9829716334584143,0.7256374515658067,1.3432119958859123
2019-03-20,0.9719414544354297,0.7174948859778326,1.3330981851889256
2019-03-21,0.9902902232997951,0.7310400925991704,1.348057224837013
2019-03-22,0.9894096835622779,0.7316901140132027,1.3226079651911837
2019-03-25,0.9821893007097419,0.7263504828772209,1.3214319373529742
2019-03-26,0.97739913223449,0.7298929172964802,1.3310753082030597
2019-03-27,0.9812521352851389,0.7270156079719252,1.3245836115668481
2019-03-28,0.9877431207669949,0.7222063977936898,1.329805249818704
2019-03-29,0.9991631493563684,0.7138564356053143,1.3386019150792192
2019-04-01,0.9994061534802566,0.7136828202574825,1.3540784816263236
2019-04-02,1.0012110999784833,0.7123938955267487,1.354407803874963
2019-04-03,1.0036061842161093,0.7106897160682971,1.3568538900975284
2019-04-04,1.008188093708116,0.7074451007927662,1.3600997384156341
2019-04-05,1.0092987729753211,0.7066657376847906,1.366309199855322
2019-04-08,1.004092086533579,0.7103112260315172,1.3678144063840856
2019-04-09,1.0007944760816863,0.70797844226151,1.360758239354827
2019-04-10,1.0008634061843014,0.7080272045477143,1.3652272025632584
2019-04-11,1.0076231706271164,0.7032452362069055,1.3651331720171125
2019-04-12,1.0067954744406111,0.7038229059322099,1.3743531900724129
2019-04-15,1.0075542310286727,0.7032924801602809,1.373224249286319
2019-04-16,1.0048985303448095,0.705146210969997,1.374259159526267
2019-04-17,1.007071338085681,0.7036215325080669,1.370636901907406
2019-04-18,1.0060367178525496,0.7028986630881273,1.3736005150289883
2019-04-22,0.9972945284356258,0.6967906621130382,1.3750116910116057
2019-04-23,0.9951973986509705,0.6982558866876472,1.386960174044081
2019-04-24,0.9945885744990755,0.6986830532463566,1.3840436479746143
2019-04-25,0.9994255161927842,0.6952851766996276,1.3831969423850439
2019-04-26,0.9983430933279537,0.6945321515260215,1.3899237871656631
2019-04-29,0.9988493490035026,0.6941799571292143,1.391429137252512
2019-04-30,0.991626424691765,0.6991997424392531,1.3921347252438208
2019-05-01,0.9898039042597889,0.7004848088563002,1.3820678580408643
2019-05-02,0.9805221725334283,0.6939161218201975,1.379527741272153
2019-05-03,0.9768452861591529,0.6965182564834234,1.39246404749246
2019-05-06,0.9933744436339424,0.7083040122306283,1.3872424092406044
2019-05-07,0.9947108258888033,0.7092568904922525,1.363768939528525
2019-05-08,0.9974593632901616,0.7112166752256167,1.3619342671930368
2019-05-09,0.9930372700440699,0.7080635979457075,1.3581710355339998
2019-05-10,1.0176920302728778,0.7256431377683404,1.3641922923233103
2019-05-13,1.008623416751711,0.7191769604033241,1.3303226331596352
2019-05-14,1.0025784939290459,0.7148667598376088,1.3421770856459643
2019-05-15,0.9937413606099598,0.7085656343892555,1.350221075863055
2019-05-16,0.9880443917202281,0.7126277339812166,1.3621224718434144
2019-05-17,0.9814551996855084,0.7173801935142281,1.3543136297707312
2019-05-20,0.972875446188922,0.7111089493192227,1.3452818163658085
2019-05-21,0.9756746115240357,0.7131549579097581,1.3570420947479058
2019-05-22,0.9634977703744939,0.7220554402374786,1.3531376019325214
2019-05-23,0.9611234121174133,0.7202760709962488,1.3362498594027998
2019-05-24,0.970169039831345,0.7270549602703451,1.3395427947730214
2019-05-28,0.9638406664429435,0.7317975103555137,1.3269356672432677
2019-05-29,0.9616738653179348,0.7301523632643779,1.3182801195810143
2019-05-30,0.9738972526586236,0.7394329889273715,1.3212437327025965
2019-05-31,0.9771282979818676,0.7418861650650022,1.3044500207190208
2019-06-03,0.9557034662444426,0.7256193285731414,1.3001223186669368
2019-06-04,0.9638920586375065,0.7194021271879009,1.3286292219804943
2019-06-05,0.9703212467934772,0.7146036940085317,1.3400130910618366
2019-06-06,0.980167941888443,0.7073519877185881,1.3489510174786994
2019-06-07,0.98466827033408,0.7041042623693232,1.3626399987424311
2019-06-10,0.984499124651467,0.7042252129469717,1.3688964036761493
2019-06-11,0.9822658440178471,0.7058227080492027,1.3686612555317417
2019-06-12,0.9867661724634841,0.7025889256368798,1.3655565248118977
2019-06-13,0.9855142052742296,0.7034803407532239,1.3718129297456159
2019-06-14,0.9804047251913927,0.7071275928887177,1.370072431514359
2019-06-17,0.9712347160904209,0.7005136238862,1.3629691774329848
2019-06-18,0.9738582553384264,0.6986213676111916,1.3757174225610003
2019-06-19,0.983090709475685,0.6919982377045321,1.3794335671679212
2019-06-20,0.9815963076286696,0.6930501482094219,1.3925109909864903
2019-06-21,0.980599938380924,0.6937536287028333,1.3903942270125642
2019-06-24,0.9711018465874411,0.7004733269095873,1.388982907471861
2019-06-25,0.9721978426249878,0.7012638886754802,1.3755292179106227
2019-06-26,0.9682035625221612,0.6983827421901061,1.3739767807716576
2019-06-27,0.9633506560003369,0.6948822529381609,1.3796217718182988
2019-06-28,0.9717503786185278,0.6888233810822807,1.3865368212492957
2019-07-01,0.9747246029607016,0.6867151078955124,1.3986264218800324
2019-07-02,0.9820784247622308,0.681534177285428,1.4029071804380862
2019-07-03,0.980836430010269,0.6823960859172932,1.413491430981974
2019-07-05,0.9757704040347716,0.6859206657463668,1.4117038456986013
2019-07-08,0.974201552809779,0.6848178371790581,1.4044123869668494
2019-07-09,0.9697382836529914,0.6816803690423222,1.4066704120971232
2019-07-10,0.9714492028174927,0.6804776734004988,1.4131150216812187
2019-07-11,0.9764851195475538,0.6769501303339424,1.4156081949559
2019-07-12,0.9763882787841114,0.677017265373813,1.422946597181682
2019-07-15,0.9730955943115414,0.6793003778258941,1.4228054795834202
2019-07-16,0.9667684345637387,0.6837172532411897,1.4180073376844353
2019-07-17,0.9629915462739566,0.6810461651140169,1.408787319629135
2019-07-18,0.9685968522449909,0.6850103454338072,1.4142910495194285
2019-07-19,0.9708003944957795,0.6834519579221278,1.4060588546519603
2019-07-22,0.963865595250007,0.6785697986758064,1.4092576159179502
2019-07-23,0.9684977604143828,0.6753087139369033,1.4193244831209069
2019-07-24,0.9638336183553252,0.6785609008848354,1.4261455020057576
2019-07-25,0.9704144242846449,0.6739278630711439,1.419277396068791
2019-07-26,0.9686574499067272,0.6751480365953099,1.4289678539709925
2019-07-29,0.9662934994730491,0.6767956949022379,1.4263806501501652
2019-07-30,0.9766758512292759,0.6840675341264559,1.422899653687652
2019-07-31,0.9855212641885898,0.6902628954879478,1.4076112917909251
2019-08-01,0.9925007956566111,0.6951513862545394,1.3948630466629097
2019-08-02,1.0223344947895034,0.7160470242228805,1.3849845276684165
2019-08-05,1.0086947853336294,0.7064937190992436,1.343353113484174
2019-08-06,1.0077187907804088,0.7058101287488708,1.361275766253844
2019-08-07,0.9881669900068014,0.6921159720579898,1.3625929116903153
2019-08-08,0.9817415839599969,0.6966163512417962,1.3890299945239768
2019-08-09,0.9698613998417328,0.7050461973925152,1.3799980375609682
2019-08-12,0.9848204477618409,0.6941716334038817,1.363298499681624
2019-08-13,1.0138684099372905,0.7146467072066368,1.3843258831711378
2019-08-14,1.0164953451833039,0.7127950560404618,1.3434942310824358
2019-08-15,1.0014435522379028,0.7022403165162077,1.3469752275449494
2019-08-16,0.9894156805993627,0.6938060354550438,1.3669206137423993
2019-08-19,0.9817444918082644,0.699185288267325,1.3833380599833056
2019-08-20,0.9897857327255973,0.6934584241028449,1.372612691841156
2019-08-21,0.9894156805993627,0.6937176880584769,1.3838554433242367
2019-08-22,0.963845017069645,0.7116462714979583,1.3833380599833056
2019-08-23,0.9531120679144537,0.7037216953335342,1.347586784990112
2019-08-26,0.9567645208146772,0.7064184509760217,1.3625929116903153
2019-08-27,0.9632303068960187,0.7016444961642,1.3573712734384595
2019-08-28,0.9506967117695172,0.6925146671142824,1.36654434799973
2019-08-29,0.9506643743653281,0.6925382226040828,1.3843258831711378
2019-08-30,0.944655532564985,0.6969155325491376,1.384278796119022
2019-09-03,0.9338330512538828,0.6889312937801649,1.3755292179106227
2019-09-04,0.9460521790240122,0.6799166851279684,1.3912880196542503
2019-09-05,0.9466836014783355,0.6794628891623994,1.4094929076204437
2019-09-06,0.9471256839169796,0.6791455934888079,1.41043364375616
2019-09-09,0.9470625705784199,0.6791908495160712,1.4110922882534387
2019-09-10,0.9402110636293709,0.6742772556630825,1.4109982577072926
2019-09-11,0.9431986003751728,0.6721347281433829,1.4212060989504254
2019-09-12,0.9425450974871713,0.6726004222037781,1.4257220056528868
2019-09-13,0.93977542669473,0.6745768599883762,1.4247341824650546
2019-09-16,0.9375036945219359,0.6729461959889484,1.4205475980112323
2019-09-17,0.9368223428552231,0.6724571173699262,1.42398150742163
2019-09-18,0.9369459764014035,0.6725458623264366,1.425016417661578
2019-09-19,0.931780034026353,0.6762540090679395,1.4248283565692863
2019-09-20,0.9322749819618169,0.6758947928222436,1.4169724274444873
2019-09-23,0.944246246045747,0.6845739006116659,1.4177251024879118
2019-09-24,0.9389142345993408,0.680708218445326,1.3995202145217187
2019-09-25,0.940797166070447,0.6820733345335899,1.4074230871405475
2019-09-26,0.9357874066441563,0.6857053855647102,1.404600591617227
2019-09-27,0.9405765870388755,0.6821960769698483,1.3971210717931832
2019-09-30,0.9519509265343705,0.6904458355635408,1.4042712693685877
2019-10-01,0.9349074228632951,0.7028074140914871,1.38728949629272
2019-10-02,0.9271280827574749,0.6969593720614377,1.3624517940920535
2019-10-03,0.9144929932031722,0.6874610683799058,1.3737887196793659
2019-10-04,0.9186017137170934,0.6905497584138022,1.3925109909864903
2019-10-07,0.9043873815810622,0.7012352420962036,1.3862545860527722
2019-10-08,0.9129596259456273,0.6945885772104278,1.3648038497684731
2019-10-09,0.90650704099303,0.6896793877192586,1.3777401559887803
2019-10-10,0.9155429209841139,0.6828048021970891,1.3874777009430976
2019-10-11,0.9149281982634683,0.6832632576294411,1.4013077998050911
2019-10-14,0.9239333139804644,0.67653828761343,1.4003669201112892
2019-10-15,0.9222429671889667,0.677776022314072,1.4141499319211668
2019-10-16,0.924824633787345,0.675878700479975,1.4115627281003396
2019-10-17,0.9207984532096158,0.6788211066371611,1.4155141644097542
2019-10-18,0.9274063003857234,0.6739497407948974,1.409351790022182
2019-10-21,0.9241792405861299,0.6762948576164686,1.4194656007191686
2019-10-22,0.9268531062132533,0.6743381791993748,1.414526341221922
2019-10-23,0.9251935236958434,0.6731307388342088,1.4186188951295982
2019-10-24,0.9288684883647844,0.67045699369934,1.4211590118983095
2019-10-25,0.9340746727360786,0.6666991713962417,1.4268040029449505
2019-10-28,0.9337684101039612,0.6669177674560879,1.4348010496680113
2019-10-29,0.9367083257641736,0.6648180155610759,1.4343306098211102
2019-10-30,0.9339521489915847,0.666774180486794,1.4388465165235715
2019-10-31,0.9430782520625735,0.6602588039733756,1.4346128450176336
2019-11-01,0.9466305995287869,0.6577717689005061,1.4486311485300047
2019-11-04,0.9454975119023631,0.6585591014172484,1.4540877913681824
2019-11-05,0.9459262982789741,0.6582604425976045,1.4523472931369257
2019-11-06,0.9425575962421506,0.6559161972819035,1.4530059376342044
2019-11-07,0.9446556897305135,0.654456155468103,1.4581804888339445
2019-11-08,0.9431049007708708,0.6555305399147363,1.4614263371520502
2019-11-11,0.941493331128571,0.6544103748971826,1.459027194423515
2019-11-12,0.9420084354932444,0.6540523376926142,1.461520367698196
2019-11-13,0.9433417882275101,0.6531265684107725,1.4623199862356508
2019-11-14,0.9503418438432343,0.6482800511038557,1.4643898067155467
2019-11-15,0.9507661344761107,0.6479906193010302,1.475256292455958
2019-11-18,0.9505539891596725,0.6481352060400777,1.4759149369532365
2019-11-19,0.9470387949037303,0.6505320411271202,1.4755856147045974
2019-11-20,0.9484023880558143,0.6514687092354021,1.4701288283083338
2019-11-21,0.946366263541969,0.6500700714571943,1.4680120643344077
2019-11-22,0.9535077851564724,0.6451644766097218,1.4711637385482819
2019-11-25,0.9554142102558454,0.6438745471822124,1.4822655159911864
2019-11-26,0.9600137701727446,0.6407748030848979,1.4852291291127686
2019-11-27,0.9564127655067425,0.6431783447084207,1.492379326688173
2019-11-29,0.9483937564240043,0.648571050843313,1.4867814226936478
2019-12-02,0.9549300314728572,0.6530409651044737,1.4743155563202417
2019-12-03,0.9490087207367088,0.6489916019570464,1.4641546585711391
2019-12-04,0.947008755075721,0.6476239001753642,1.4732335590281778
2019-12-05,0.9554577796914535,0.6418459279602279,1.4763382897480217
2019-12-06,0.9526213326095275,0.6437513622432549,1.4895098876708224
2019-12-09,0.9516255096517993,0.6444243078971535,1.4850880115145069
2019-12-10,0.9492114631531079,0.642789557432425,1.483535574375542
2019-12-11,0.9408052880039829,0.6370970412613114,1.4872989495926647
2019-12-12,0.9411296909257529,0.6368773612230808,1.5004704039573795
2019-12-13,0.9418376345938221,0.6363982845351793,1.5009877872983108
2019-12-16,0.9419261163008421,0.6363384975777548,1.5021168716424904
2019-12-17,0.9419850741015522,0.6362986673642433,1.5022579892407522
2019-12-18,0.9460258887419792,0.6335691496240372,1.502352019786898
2019-12-19,0.9508631287574953,0.6303295701583702,1.5087966293709938
2019-12-20,0.9515414585073452,0.6298799036535735,1.5165114408975309
2019-12-23,0.9516594641206748,0.6298017889653588,1.517593294631509
2019-12-24,0.9565851858432107,0.6265419796850874,1.5177814992818865
2019-12-26,0.9564082224291708,0.6266578867777387,1.5256374284066854
2019-12-27,0.9512465794918847,0.6300398989557242,1.5253551932101619
2019-12-30,0.9533996643666734,0.6286138445485908,1.5171229983426937
2019-12-31,0.9443151223903806,0.6226240492181362,1.5205569077530914
2020-01-02,0.9370515770182691,0.6274131899657882,1.5350456511123634
2020-01-03,0.9333474762067907,0.6249330685262837,1.5232382856781501
2020-01-06,0.9359026592384404,0.6266439194294273,1.5292595424674607
2020-01-07,0.9406658721233949,0.6234546578520177,1.5250729580136384
2020-01-08,0.9470167932705547,0.6192453934488032,1.5328347130342057
2020-01-09,0.9443898770036345,0.62096310934236,1.5431836718756
2020-01-10,0.9510006001519729,0.61661637151601,1.538903056875632
2020-01-13,0.94952838881196,0.6175709341255797,1.5496753685118116
2020-01-14,0.9516645973316554,0.6161815493462095,1.547276369341362
2020-01-15,0.9595744185842263,0.6110601169338592,1.5507573658038754
2020-01-16,0.9627499232069756,0.6090379452413665,1.5636465849720669
2020-01-17,0.9606714190992068,0.6103528120000721,1.568821136171807
2020-01-21,0.9608735166884588,0.6102244113529351,1.5654341702554393
2020-01-22,0.962057117870499,0.6094727387112785,1.5657634925040786
2020-01-23,0.9708041376368717,0.6150140626031209,1.567692195385713
2020-01-24,0.9865614141121961,0.6249964537415018,1.553438743728934
2020-01-27,0.9760541523950693,0.6183399990922515,1.5282246322275126
2020-01-28,0.9767378346680067,0.6187731186020554,1.5445008173120716
2020-01-29,0.9796849876697681,0.6169060679061876,1.5434189635780935
2020-01-30,0.9971001726379138,0.6278723819926286,1.5480759878788166
2020-01-31,0.9899436333068043,0.6233659206360329,1.5205569077530914
2020-02-03,0.9745879283632731,0.6136964578231204,1.5314704805456183
2020-02-04,0.9854360767533802,0.6068653961536732,1.555226185454221
2020-02-05,0.9892093183791463,0.6045417043100092,1.5725374243368138
2020-02-06,0.9838442137352857,0.6078205144111064,1.578558681126124
2020-02-07,0.9911254014773317,0.6033221850850724,1.5699971640100165
2020-02-10,0.9892977502156417,0.6022096492231798,1.5816163247938524
2020-02-11,0.9956416725129179,0.5983479491227711,1.5845328508633187
2020-02-12,0.9944080947203889,0.5990892888663961,1.5946937486124213
2020-02-13,0.9958472837500074,0.598222237665912,1.5927179586786713
2020-02-14,0.9934683240922798,0.59965131880414,1.5950230708610607
2020-02-18,0.9887104047768247,0.5967794682145571,1.591212752149908
2020-02-19,0.9846668543297303,0.5992201301858048,1.5988333895722133
2020-02-20,0.9947901120925976,0.6053806501707076,1.592294605883886
2020-02-21,1.0279884530421732,0.6255835381812914,1.5759243902531812
2020-02-24,1.0588125258855046,0.6443415626449164,1.523332316224296
2020-02-25,1.06289107589431,0.6468235688752463,1.4776554351844933
2020-02-26,1.111125603636484,0.6761767453999002,1.471963500643822
2020-02-27,1.1215408499142605,0.6825149553264797,1.405165062010274
2020-02-28,1.0666217334207644,0.6490938647411534,1.391993607645559
2020-03-02,1.0972046171319934,0.667705113285083,1.4601561352096089
2020-03-03,1.1454233938384573,0.6383615220710619,1.4182895728809588
2020-03-04,1.1054291383578876,0.6606509164906385,1.4806190483060755
2020-03-05,1.0870150332701076,0.6716559596729345,1.4289209104769625
2020-03-06,1.1739908778361996,0.7253974835363735,1.405118118516244
2020-03-09,1.1109764447310209,0.6864614815077908,1.2926897423369232
2020-03-10,1.1650000471602524,0.719842137178611,1.3620753847912985
2020-03-11,1.277114414292149,0.789116508318229,1.295841560108883
2020-03-12,1.161232386349142,0.7175141364055255,1.1711355939855765
2020-03-13,1.2956368313445858,0.8005613286933357,1.2774013804401965
2020-03-16,1.2132431100697956,0.7496510540052649,1.1295511950744073
2020-03-17,1.2807959451355113,0.7913912902264658,1.2013829955303907
2020-03-18,1.2760693721036689,0.7884707869689203,1.1344905263506968
2020-03-19,1.33353094571231,0.8239757314132705,1.1386771825835618
2020-03-20,1.2959755756577225,0.8471808273345319,1.0874023975492337
2020-03-23,1.1735024999544388,0.9272416275142382,1.0567785867036645
2020-03-24,1.181091017281508,0.9212455694257,1.1566469224053473
2020-03-25,1.2522036728029025,0.8657780246974631,1.164126442229391
2020-03-26,1.2134019688866273,0.8926056592917087,1.234217672675075
2020-03-27,1.252155899560867,0.8640974000943338,1.195973296186243
2020-03-30,1.2332561932811832,0.8771398551628671,1.2341705856229592
2020-03-31,1.1778933415429012,0.9165160723833291,1.2155423448619807
2020-04-01,1.1502596525032633,0.8950143631446166,1.160974696236474
2020-04-02,1.1665168989982013,0.9076640888708787,1.188211469386633
2020-04-03,1.0879122326832535,0.8465019806382172,1.1714178291821
2020-04-06,1.08836252468974,0.846151609474161,1.250352740161372
2020-04-07,1.1255676362969678,0.8172263530885685,1.250870267060389
2020-04-08,1.142430665990087,0.8049828309636163,1.2936306220307252
2020-04-09,1.1314615277305513,0.8127119371862156,1.3130115378351284
2020-04-13,1.1658015081186985,0.7880460415280878,1.3004045538634603
2020-04-14,1.140179580680545,0.8053656781500547,1.339871973463575
2020-04-15,1.1341220602515392,0.8010869494910987,1.3104243340143011
2020-04-16,1.1036277267342636,0.7795472815221144,1.317386326939328
2020-04-17,1.0839790417217123,0.7934261272741537,1.3528082796838823
2020-04-20,1.0509753362168486,0.8175834229750273,1.3287232525266404
2020-04-21,1.027181937172193,0.7990738652672653,1.2882678661806077
2020-04-22,1.0274753056038286,0.7993020848631626,1.3174334139914439
2020-04-23,1.0418609241499015,0.7881111055440394,1.3170571482487743
2020-04-24,1.0576044689308606,0.7762019704619,1.3354971843593753
2020-04-27,1.051916297923036,0.7803766592744963,1.3556778622593186
2020-04-28,1.079403188783291,0.8007681372901146,1.3483865470856524
2020-04-29,1.0685038288570756,0.7926823170549456,1.383620295179829
2020-04-30,1.0405031099089315,0.7719096495402575,1.3696490787195739
2020-05-01,1.036466289196645,0.7749044131614355,1.3337566861281185
2020-05-04,1.0273262109793264,0.7817379079128477,1.3389312373278586
2020-05-05,1.0205641385114679,0.7765923481795477,1.350738602762072
2020-05-06,1.0326570807424655,0.7857944022682478,1.3418477633973251
2020-05-07,1.049937750629043,0.7989440275577533,1.3577476827392145
2020-05-08,1.0499020469912308,0.7989168590821222,1.3804684774078693
2020-05-11,1.0285068331067397,0.7826362954571895,1.3804215339138393
2020-05-12,1.0108683625439825,0.769214403823209,1.3522908963429512
2020-05-13,0.9987754203129847,0.7784164579119092,1.3290996618273954
2020-05-14,0.9944438880334686,0.7817923279481336,1.344999581169285
2020-05-15,0.9636921591408512,0.7576165388375667,1.350832633308218
2020-05-18,0.9537635054242234,0.765422052447654,1.3926051650907219
2020-05-19,0.9700398892123054,0.7523597964327752,1.3782575393297114
2020-05-20,0.9629434097230607,0.7578638029414695,1.4017780960939066
2020-05-21,0.9648965956462632,0.7563265901658655,1.3915231677986581
2020-05-22,0.9526567232478134,0.7467324626739092,1.3943456633219786
2020-05-26,0.9665575522448383,0.7358364074455696,1.4120331679472407
2020-05-27,0.9646533954331669,0.7372860344276971,1.4326370550838834
2020-05-28,0.968557013751458,0.7343024931024528,1.4298147031186488
2020-05-29,0.9733175994893659,0.7306932992952302,1.4356006682054658
2020-06-01,0.9652245456223034,0.7246176460504924,1.4426568352347242
2020-06-02,0.9782095001929779,0.7148695234423914,1.4546524053193153
2020-06-03,0.9749319934482088,0.7172647053377318,1.4742215257740956
2020-06-04,1.0003400769499888,0.6985717896794368,1.4692821227187634
2020-06-05,1.0125758354109295,0.690027139831751,1.507573658038754
2020-06-08,1.005115785400275,0.6951108449645768,1.5260136941493547
2020-06-09,0.9991850861260191,0.6992123558985803,1.514770942666274
2020-06-10,0.9413771524017538,0.7396653431280902,1.5058330162494116
2020-06-11,0.9296095819737873,0.7304192466021877,1.418712925675744
2020-06-12,0.9249517028694308,0.7267594257352982,1.4364473737950363
2020-06-15,0.9071694058216627,0.7127873967627597,1.4436448019806423
2020-06-16,0.9030800418732665,0.7160005199837226,1.4713990302507751
2020-06-17,0.9037760736913343,0.7154486761597488,1.464766216016302
2020-06-18,0.9092865321044936,0.719810874154907,1.465895156802396
2020-06-19,0.9158040873262581,0.7146514365564273,1.4569573739436188
2020-06-22,0.912075610309917,0.7117419043838038,1.4674005068892448
2020-06-23,0.8890414746996332,0.7297166855968739,1.4733746766264395
2020-06-24,0.8797229562412404,0.7220681353349987,1.4361651385985128
2020-06-25,0.9007107943980275,0.7392947508905762,1.4512183523508317
2020-06-26,0.9142300967063827,0.7281982376763101,1.416596161701818
2020-06-29,0.902176356833383,0.7185972497362402,1.4378586933357393
2020-06-30,0.9083522406405804,0.7136780639418798,1.456816256345357
2020-07-01,0.9131298648099646,0.7099243598005838,1.466788949444082
2020-07-02,0.9271421546468334,0.6990303278833936,1.474503760970619
2020-07-06,0.9175869952106359,0.7062345588637091,1.497130525093128
2020-07-07,0.9244328487934285,0.7009655452330406,1.4817010455981394
2020-07-08,0.9291229928328782,0.7045219196934738,1.4927555924308424
2020-07-09,0.9197646870534382,0.6974258391921105,1.485182042060653
2020-07-10,0.9279268750867506,0.7036149448610978,1.5001410817087404
2020-07-13,0.9399637838832543,0.6944877720778349,1.4868285097457636
2020-07-14,0.9311856896938949,0.6880021189269526,1.5061153950040207
2020-07-15,0.927958423281488,0.6903865693697075,1.5201806420104218
2020-07-16,0.9306957959286764,0.6883500068863412,1.5149120602645358
2020-07-17,0.9383894407703084,0.6826597260202564,1.5193808799148816
2020-07-20,0.9400895154719723,0.6814229553580682,1.5319409203925194
2020-07-21,0.9456220349906802,0.677412714057673,1.5347163288637242
2020-07-22,0.9341824747638788,0.6856076410518818,1.5437482858267326
2020-07-23,0.9282177477678689,0.6899852252131415,1.5250729580136384
2020-07-24,0.9213886058172551,0.6849088225499324,1.515335413059321
2020-07-27,0.9270674261920919,0.6891301404084836,1.5264841339962558
2020-07-28,0.9382209956194462,0.6808391999133575,1.5170759112905778
2020-07-29,0.9350014266562253,0.6831755457926543,1.5353278863088868
2020-07-30,0.927642386818385,0.6777985314754612,1.5300593045630009
2020-07-31,0.9341224082801193,0.673063787685069,1.542101818141622
2020-08-03,0.9374897948959521,0.6706374825561455,1.5528741297778015
2020-08-04,0.9435737853011082,0.6662852730372542,1.5584720337723268
2020-08-05,0.9499689182917093,0.6617694810587896,1.5685859880273991
2020-08-06,0.9506481124173061,0.661296339321855,1.5792171820653171
2020-08-07,0.9535060818498081,0.6593082590859394,1.5803462664094967
2020-08-10,0.9455263064937012,0.6648259289761252,1.5850973212563657
2020-08-11,0.958712776244546,0.655554154154195,1.571831836345505
2020-08-12,0.9570715703504622,0.6566763873906223,1.5937528689186193
2020-08-13,0.9569866818793291,0.6567346319945597,1.5910245474995304
2020-08-14,0.9539022856194506,0.6546179569341725,1.5908834299012686
2020-08-17,0.9559266042133807,0.6532287629652306,1.5960108940488928
2020-08-18,0.9520466530915429,0.6558801126196,1.5993978599652603
2020-08-19,0.9549706879053667,0.6538656984343637,1.5929061633290489
2020-08-20,0.951624937926487,0.6515748729939249,1.5977984793322655
2020-08-21,0.9418532283090573,0.6448842113696264,1.6033963833267906
2020-08-24,0.9449712701700708,0.6427492970261599,1.6198607730617272
2020-08-25,0.9545717173039571,0.6362192777110418,1.625223385353759
2020-08-26,0.95665046752499,0.6348337967249693,1.6417348621408114
2020-08-27,0.962777204845252,0.6307680903394164,1.6453100327075565
2020-08-28,0.9594129249039283,0.6329722144330036,1.6558471961993284
2020-08-31,0.9684116329459648,0.6270353211427925,1.6500610875544255
2020-09-01,0.9825797547343386,0.6178616263075314,1.6655376541015299
2020-09-02,0.9486090830568783,0.6392229197274937,1.6899049164552953
2020-09-03,0.9408412315342503,0.6444573084962614,1.631479933845563
2020-09-04,0.9664150177320594,0.661974837350968,1.6181202748304704
2020-09-08,0.9474985832321005,0.6490174604253102,1.5741368049698086
2020-09-09,0.9640502087112895,0.6603549907652185,1.6049486769076697
2020-09-10,0.9645103589508021,0.6600397971120061,1.5769122134410134
2020-09-11,0.9516839891713692,0.6512623750466696,1.577664888484438
2020-09-14,0.9565286918977135,0.6479470175962397,1.598645184921836
2020-09-15,0.9527201192116626,0.6505269227617914,1.6067833492431582
2020-09-16,0.944543032893998,0.6561103199128765,1.6003856831530925
2020-09-17,0.9556046013231757,0.6637940452150146,1.5866497583953307
2020-09-18,0.966240243443207,0.6711819082459579,1.5680684611283824
2020-09-21,0.9564497546320619,0.6643811161991389,1.5506162482056136
2020-09-22,0.9829340261067274,0.682777952790757,1.5663279628971256
2020-09-23,0.985514720845087,0.6809853182665314,1.5229560504816266
2020-09-24,0.9694841711679506,0.6699082955260581,1.526954573843157
2020-09-25,0.9533790594784745,0.6587797508401184,1.5517922760438234
2020-09-28,0.9481198512806619,0.6624138351340052,1.5775707143802062
2020-09-29,0.9553690911122821,0.6573490780231995,1.5688682232239226
2020-09-30,0.9615664893043397,0.6530849103569117,1.5808636497504278
2020-10-01,0.9524977820638688,0.6592442721078405,1.5911185780456762
2020-10-02,0.9358670760747021,0.6477338015630046,1.576112451345473
2020-10-05,0.9225799147310461,0.6569301326971286,1.6036315314711984
2020-10-06,0.9386123594212278,0.6455141069961454,1.5808636497504278
2020-10-07,0.9470678790449902,0.6396989724048142,1.6083356428240374
2020-10-08,0.9553860842337868,0.6340804233765319,1.6228243861833094
2020-10-09,0.9709792735349966,0.623731375764193,1.6370778378400883
2020-10-12,0.9646651553497473,0.6277873981014003,1.663797155870273
2020-10-13,0.9586254984756314,0.6317179023322198,1.6529777571819777
2020-10-14,0.9574450467436811,0.6324957999503177,1.6426286547824978
2020-10-15,0.9582960778787522,0.6330579978752953,1.6406059213547175
2020-10-16,0.9439126689538496,0.6425597920147182,1.6391476583199842
2020-10-19,0.9476254125577809,0.6400323762522091,1.6145451042637253
2020-10-20,0.9494680620553578,0.6412769137254613,1.6208956833016752
2020-10-21,0.9440567526004985,0.6376220800716429,1.6177438655297154
2020-10-22,0.9410541844113218,0.6355941259586448,1.6269638835850158
2020-10-23,0.9237769458035814,0.6472632854542112,1.6321384347847558
2020-10-26,0.9269232056809305,0.6494677770410133,1.6021732684364651
2020-10-27,0.9584641771379235,0.6715676063389959,1.5967164820402016
2020-10-28,0.9489052919281981,0.6648699771394011,1.5423840533381454
2020-10-29,0.9590204499650783,0.6719573703175719,1.557766445781018
2020-10-30,0.9480726226929597,0.6642865503421149,1.5411609384478198
2020-11-02,0.965010704854132,0.6524185352777242,1.5587542689688503
2020-11-03,0.9863263522601425,0.6380075827471738,1.5866026713432149
2020-11-04,1.0056105160122903,0.6255335748565649,1.6216483583450998
2020-11-05,1.0055246848237858,0.6255869655971393,1.653354022924647
2020-11-06,1.0180851144245673,0.617772497032475,1.6532129053263853
2020-11-09,1.0167690070956465,0.6185711089554179,1.6738638795151441
2020-11-10,1.0240935595665448,0.6141150756647618,1.6717000284891022
2020-11-11,1.014337007000614,0.6199657579205801,1.683742542067723
2020-11-12,1.0281278000573646,0.6115367846989127,1.6677015051275719
2020-11-13,1.0408885315365077,0.6039466225627211,1.6903753563021964
2020-11-16,1.0355954627194721,0.6070177785397419,1.7113556527395943
2020-11-17,1.0231207769916422,0.6143298577164928,1.7026531615833107
2020-11-18,1.027269488172319,0.6118387763049452,1.6821431614347282
2020-11-19,1.0341648847006943,0.6159456548043394,1.688964180319579
2020-11-20,1.0403704658678727,0.612249628365997,1.6776272547322666
2020-11-23,1.0570155260642906,0.6024541446861664,1.6876939783771376
2020-11-24,1.055507560017648,0.6033136215551851,1.7146956751619318
2020-11-25,1.0583784477241698,0.6016726615801841,1.7122494453812807
2020-11-27,1.0535647262976955,0.6044091917778655,1.7169066132400894
2020-11-30,1.0651640294470817,0.597754901569856,1.7090977711674065
2020-12-01,1.0674258900213855,0.5964855775900935,1.7279142165787624
2020-12-02,1.067222880977313,0.5965990205635511,1.7315834176916534
2020-12-03,1.0763863410848071,0.5914764623589351,1.7312540954430142
2020-12-04,1.0743854542118851,0.5925759537255605,1.7461191045449558
2020-12-07,1.0773722712330256,0.5909285785326374,1.7428732562268499
2020-12-08,1.0867967050419018,0.596097792018873,1.7477184851779506
2020-12-09,1.0862064676999603,0.5964215316609479,1.7324301232812238
2020-12-10,1.0875639055173367,0.5971668827210355,1.7314892435874218
2020-12-11,1.0972378135472143,0.6024786970177631,1.7293253925613798
2020-12-14,1.112174797458878,0.5942769977203416,1.7139430001185072
2020-12-15,1.1139515678196394,0.5933276022134084,1.7372753522323245
2020-12-16,1.1201552378600945,0.5900233215100463,1.7400507607035294
2020-12-17,1.1157283381804008,0.5923551180010348,1.7497412186057308
2020-12-18,1.1120543119706994,0.5943057077230238,1.742826169174734
2020-12-21,1.114192446892497,0.5954483729456014,1.7370871475819472
2020-12-22,1.1132250338635286,0.5949313666459515,1.7337472687176954
2020-12-23,1.1175405392415632,0.5926250678885371,1.7352526188045445
2020-12-24,1.127258024387164,0.587471943601855,1.7419794635851635
2020-12-28,1.1250851677056162,0.588604330606659,1.7571267078836286
2020-12-29,1.1265638854133657,0.5878307183757724,1.7537397419672611
2020-12-30,1.1328712758551276,0.5845395798061236,1.7560447105915649
2020-12-31,1.1172689436685594,0.592590080242237,1.7658764296501137
2021-01-04,1.1098751709347816,0.5886684851755956,1.7415561107903785
2021-01-05,1.1031742853131175,0.5851143916238697,1.7530812410280683
2021-01-06,1.1195047120647557,0.576452870193436,1.763665491571956
2021-01-07,1.12588981535752,0.5731650670426953,1.7897732521569782
2021-01-08,1.1185337510917899,0.5769098731600671,1.7999812369581965
2021-01-11,1.1183572127330688,0.5768188193836047,1.788220958576099
2021-01-12,1.1155334007039306,0.5753623724610439,1.7885031937726226
2021-01-13,1.1193966398822082,0.577354928181559,1.793019100475084
2021-01-14,1.1113218297220349,0.5815196998755291,1.7868096390353958
2021-01-15,1.1026281702266554,0.5769705817664772,1.7739204198672045
2021-01-19,1.0874544887917235,0.5690306723378507,1.787797462223228
2021-01-20,1.0884141299487609,0.5685285223550971,1.8124000162794869
2021-01-21,1.0847166560858235,0.5704598822060036,1.813999396912482
2021-01-22,1.0803982278111564,0.5681887913445697,1.8078370225249096
2021-01-25,1.081994316627169,0.5690281853308836,1.81503430715243
2021-01-26,1.0555953230321469,0.582911595982026,1.812352929227371
2021-01-27,1.0466646144375844,0.5779799583681408,1.7681343112223016
2021-01-28,1.0674570785527737,0.5894617906359927,1.783093350870389
2021-01-29,1.0499878777770473,0.5798151017178768,1.747671398125835
2021-02-01,1.0350834298076785,0.5715846981119759,1.7762724755436239
2021-02-02,1.0358943343115825,0.5711369075351836,1.80148644348696
2021-02-03,1.0476246936050115,0.5646694128214704,1.802897763027663
2021-02-04,1.0517329959777049,0.5624550390074102,1.823313589072014
2021-02-05,1.059652326810766,0.5582198694827714,1.8304637866474185
2021-02-08,1.0587604225893528,0.5586897204381002,1.844246798457296
2021-02-09,1.0583279566841581,0.5589179252807797,1.842694504876417
2021-02-10,1.060111847611422,0.5579758273141745,1.8419418298329924
2021-02-11,1.065409410602291,0.5551875252126187,1.8450465605528366
2021-02-12,1.0645715336873631,0.5556241449816975,1.854266578608137
2021-02-16,1.0647067256802325,0.555553585199598,1.8528083155734036
2021-02-17,1.0692205215470965,0.5579088398591318,1.8530436072758971
2021-02-18,1.0712376349807182,0.5589613499755556,1.845187678151098
2021-02-19,1.0630838206679711,0.5632159307584508,1.8417066816885848
2021-02-22,1.0619619812708267,0.5626215864481149,1.8276883781762137
2021-02-23,1.0503032010875084,0.5564448291644514,1.829617081057848
2021-02-24,1.0251147478212177,0.5697895324464802,1.8497035848535597
2021-02-25,1.01974581077249,0.5727737487376137,1.8053438492502285
2021-02-26,0.9950113988544534,0.5588808533832489,1.7958885394924347
2021-03-01,0.9873521552240164,0.5631829192906114,1.8394486565583112
2021-03-02,0.974171192703302,0.5707013035997962,1.8252892354476784
2021-03-03,0.9862325289905055,0.5777672283508262,1.800921973093913
2021-03-04,0.9680520428228353,0.5671165057327868,1.7786245312200435
2021-03-05,0.97277830696366,0.5698853056383155,1.8114121930916547
2021-03-08,0.9864869029258927,0.5618543623659539,1.8025684407790237
2021-03-09,0.9925288588895574,0.5584131617728801,1.8279706133727371
2021-03-10,1.0027341306393867,0.5526715069952555,1.8391664213617878
2021-03-11,1.004308069929506,0.5518040074529444,1.8580768973192896
2021-03-12,1.0104008481108473,0.5484564097210831,1.8609934233887562
2021-03-15,1.0089792205279724,0.5492280844099177,1.8722834054820383
2021-03-16,1.012279410815455,0.5474316577314438,1.8696491146090952
2021-03-17,0.9975045554296197,0.5554217674681364,1.8757644019445516
2021-03-18,0.9993577070253892,0.5564536231414825,1.8483864394170881
2021-03-19,0.9914587157021512,0.5520553758371595,1.8449525300066905
2021-03-22,0.9991836831335128,0.5563567246791331,1.8595351603540229
2021-03-23,0.9940631667026809,0.559207885880234,1.8450465605528366
2021-03-24,0.9917449248793635,0.5579037644195459,1.8355912507950427
2021-03-25,0.9756941926191239,0.5488744629076,1.8398720093530965
2021-03-26,0.9752031855921782,0.5491506777505677,1.8696491146090952
2021-03-29,0.9727973710275905,0.550505425887371,1.8687082349152933
2021-03-30,0.9766024881935351,0.5483521124550197,1.8640981541086001
2021-03-31,0.9870602486296632,0.5424801890306725,1.871389612840352
2021-04-01,1.00122498476007,0.5346953666307628,1.8914290295839478
2021-04-05,1.0006112634349649,0.5350231190879339,1.9185718439670036
2021-04-06,1.0018632039945148,0.534353711129459,1.917395816128794
2021-04-07,0.9971988619899921,0.5318659378983869,1.9197948152992437
2021-04-08,1.0044222998740746,0.5280132454099483,1.9287327417161062
2021-04-09,1.0048357209138743,0.5277959147264571,1.9427039581763614
2021-04-12,1.0077785810228537,0.5262501600216799,1.9435035767138162
2021-04-13,1.0044222998740746,0.5280027706892236,1.9491955112544874
2021-04-14,1.0152209761901336,0.5223261434226147,1.9427039581763614
2021-04-15,1.01879621462211,0.5204867010294931,1.9635902240676135
2021-04-16,1.01381029750388,0.5230339263874481,1.9705052734986104
2021-04-19,1.006440937579538,0.526835846002667,1.960861759090439
2021-04-20,0.9970285948687534,0.521908821127438,1.9466083074336602
2021-04-21,1.0058845794318034,0.5265446124046507,1.9648131953998533
2021-04-22,1.0164301150459825,0.5210244015612715,1.9473609824770848
2021-04-23,1.0187141790062952,0.5198535851515317,1.9677768085214358
2021-04-26,1.0183982867762151,0.5200147861161524,1.9721986846777513
2021-04-27,1.0180095020432782,0.5202133074730404,1.9715871272325884
2021-04-28,1.0244485869726254,0.5169228689638985,1.9708344521891639
2021-04-29,1.0178151467533627,0.5202700129717543,1.9833003185625702
2021-04-30,1.0156282975145607,0.5191521753315227,1.9704581864464945
2021-05-03,1.0094587807000701,0.5223058075046567,1.9746918579524324
2021-05-04,1.009313620810445,0.5222307000759856,1.9626964314259272
2021-05-05,1.0011141502083605,0.5179881978601325,1.9629786666224507
2021-05-06,1.008372438080958,0.5142326746224534,1.9789255294583705
2021-05-07,0.9985677978936508,0.5192326787447645,1.9932731552193808
2021-05-10,0.9896675477974701,0.5238606075731188,1.9738920958568922
2021-05-11,1.0108235073474414,0.5350590891726269,1.9562987653358617
2021-05-12,0.9988271836076432,0.5287090765275113,1.9144792900593275
2021-05-13,0.983401242576744,0.5205436649619624,1.9372000847279822
2021-05-14,0.9810495645247579,0.5217884784307595,1.9671183075822427
2021-05-17,0.9726069771627113,0.5262788171179745,1.9624141962294037
2021-05-18,0.9699731092272897,0.5277040062581371,1.9455263101415963
2021-05-19,0.9597197556015206,0.5221257734860861,1.9402577283957103
2021-05-20,0.9602723985969527,0.5224264332878329,1.960767728544293
2021-05-21,0.9699309127460434,0.5171718168840479,1.9596386442001135
2021-05-24,0.9678332330026258,0.5182903097889423,1.9793488822531558
2021-05-25,0.9696082306647176,0.5173397699058407,1.9750681236951018
2021-05-26,0.9701153628043029,0.5170691867815359,1.9786903813139627
2021-05-27,0.9719594413043849,0.5160862973160579,1.9797252915539107
2021-05-28,0.9711987782685496,0.5164901904755735,1.9834885232129478
2021-06-01,0.9728123293693501,0.5156320929016863,1.9819362296320686
2021-06-02,0.9691010985251322,0.5175992037921147,1.9852290214442043
2021-06-03,0.9602724689440382,0.5128838117151638,1.9776554710740148
2021-06-04,0.9594576376450424,0.5133190150517682,1.9956721543898304
2021-06-07,0.9595028830249035,0.5132948083406904,1.9939787432106895
2021-06-08,0.9579637111866344,0.5141182023374203,1.9940727737568353
2021-06-09,0.9598198079146789,0.5131220757597188,1.9908740124908455
2021-06-10,0.9614042251328093,0.5122750423424748,1.994731418254114
2021-06-11,0.9637130519671289,0.5110448060553926,1.99802421006625
2021-06-14,0.9618342980106958,0.5120410854451253,2.0028224955233207
2021-06-15,0.9565150301080876,0.514872845256829,1.998918002707936
2021-06-16,0.9568092286925587,0.5150312064508398,1.9878633123171474
2021-06-17,0.9696739427499715,0.5219560238574279,1.9872518984300702
2021-06-18,0.9559932851488819,0.5145920004157246,1.9605324368417996
2021-06-21,0.9514468380489873,0.512144739180459,1.9881926345657868
2021-06-22,0.9508867153450336,0.5124462419913924,1.9976479443235804
2021-06-23,0.9563983036071199,0.5094759694586806,1.9964719164853708
2021-06-24,0.9599158905977945,0.5076021413313512,2.008043990217091
2021-06-25,0.9619547454451087,0.506523997822636,2.0154294794949883
2021-06-28,0.962380444170062,0.5062998431822516,2.019710238053042
2021-06-29,0.9632318416199682,0.5058519305111405,2.0206040306947286
2021-06-30,0.9686762178925542,0.502992755669822,2.0223916159781012
2021-07-01,0.9760474518214052,0.49916518439463786,2.0338225721115593
2021-07-02,0.9735604714611865,0.5004370631416986,2.0492991386586636
2021-07-06,0.9775485423783634,0.4983870841666921,2.0440775004068077
2021-07-07,0.9697068245230104,0.5023850553439378,2.0524508128725376
2021-07-08,0.95940055309539,0.49704558921807906,2.0359864231376013
2021-07-09,0.9558473096889083,0.4952047272789111,2.057625364072278
2021-07-12,0.9524944339659409,0.4969417828642143,2.0652460014945833
2021-07-13,0.9537572355431503,0.4962829455578699,2.0580016298149473
2021-07-14,0.950491465621915,0.4979822730760532,2.0607300947921217
2021-07-15,0.957676199313988,0.5017465046813139,2.0536739277628633
2021-07-16,0.9719771348408295,0.5092390626245994,2.0381502741636432
2021-07-19,0.9578802721188598,0.5018534226736565,2.007714667968451
2021-07-20,0.9501152678802705,0.4977851752447879,2.0368331287271717
2021-07-21,0.9521831283672647,0.4967017800719088,2.053344605514224
2021-07-22,0.9615645590315182,0.4918080015835773,2.0578135687226555
2021-07-23,0.964133010479964,0.49049432486560746,2.0780882771687446
2021-07-26,0.9597361664872033,0.4927311811938593,2.083639094111154
2021-07-27,0.9592137211698178,0.4929994060532878,2.07413684085933
2021-07-28,0.9634800368664995,0.4908066818896522,2.0730077565151506
2021-07-29,0.9586042569883797,0.49329045451807874,2.082227918128537
2021-07-30,0.9605414563260674,0.49428732255284236,2.071690611078679
2021-08-02,0.9528704579331273,0.4903398851653337,2.067504026624857
2021-08-03,0.9483321915839006,0.4926752424869958,2.0840153598538236
2021-08-04,0.9542255052358961,0.489613562457238,2.0740897538072143
2021-08-05,0.9558817033343006,0.4887637664219767,2.086978972975406
2021-08-06,0.9552148788066495,0.4891047287675686,2.0906012305942667
2021-08-09,0.9563333638889581,0.4885320237616577,2.089142824001448
2021-08-10,0.9585917323010422,0.4873783619399386,2.0915890537820987
2021-08-11,0.9608286368268638,0.48624104891409603,2.0965283132793453
2021-08-12,0.9632591101618244,0.4850110731843428,2.101420629282562
2021-08-13,0.965732576908106,0.4837656567138998,2.106736298080564
2021-08-16,0.9591725043672553,0.48705180225428935,2.1121459974247117
2021-08-17,0.9695180975458353,0.4923051219439953,2.0977985152217866
2021-08-18,0.9680895695841673,0.4915797392676434,2.075171751099278
2021-08-19,0.9603762565094555,0.487663047517948,2.0782293947670065
2021-08-20,0.9520084574817599,0.4834140187157417,2.0947878150480888
2021-08-23,0.9536615785011062,0.4825745914300855,2.1130397900663977
2021-08-24,0.9556538095601422,0.4815664769049521,2.116708991179289
2021-08-25,0.950016226422724,0.4844073289191296,2.121130867335604
2021-08-26,0.9583666251990343,0.4801495128375312,2.1086179139100825
2021-08-27,0.9541066321313001,0.4780152214897508,2.127152124124915
2021-08-30,0.9530772793423192,0.47853093565087834,2.1366074338827086
2021-08-31,0.9534974311875569,0.47831998145023286,2.134302321700319
2021-09-01,0.9563542585954252,0.4768868599880846,2.1352432013941214
2021-09-02,0.9559341708563587,0.47709633709450455,2.141640723926101
2021-09-03,0.9590221010109591,0.4786374894153215,2.1406999877903847
2021-09-07,0.9602906616508847,0.479270614219458,2.133784938359388
2021-09-08,0.9645727291706783,0.4814077474982639,2.1309624428360676
2021-09-09,0.9719303336374571,0.48507984778289515,2.1214601895842438
2021-09-10,0.9741888718056495,0.4839526359726222,2.1052780350458304
2021-09-13,0.9793792414471187,0.486531081633786,2.1101702074909614
2021-09-14,0.987522607719712,0.4824856611949265,2.0989274560078806
2021-09-15,0.9893663849709284,0.48338649736737976,2.1163796689306493
2021-09-16,0.9798265836408931,0.48804747152271455,2.112428232621235
2021-09-17,0.963302627092495,0.4962779842967511,2.092059493629
2021-09-20,0.9638534256441083,0.49656174683124477,2.0567786584827075
2021-09-21,0.9543467987803492,0.49166408592519323,2.0556026306444974
2021-09-22,0.9657870614154821,0.48577024704142985,2.075877339090587
2021-09-23,0.9639704605395719,0.48668395845000184,2.1007619847852834
2021-09-24,0.9609427924130549,0.4882125504235167,2.096810548475869
2021-09-27,0.9417602791420264,0.4979583373751672,2.0902248212935115
2021-09-28,0.940138307003012,0.49710071514634663,2.0484993765631234
2021-09-29,0.9517763362209775,0.5032543550991606,2.0520274600777526
2021-09-30,0.9631096475091057,0.4972618355897023,2.026625287484039
2021-10-01,0.9756138428968227,0.503717859747647,2.0507574016933967
2021-10-04,0.9653881855536482,0.4984382644765072,2.024132114209358
2021-10-05,0.9694957616476625,0.4963174874355788,2.0453475587911636
2021-10-06,0.9775332515648857,0.49220282602207716,2.0540501935055326
2021-10-07,0.97609006746653,0.49292949111561096,2.071079053633516
2021-10-08,0.9688074728044729,0.49660723131645795,2.068021409965788
2021-10-11,0.9712498208407762,0.49785917014875114,2.0525919304707996
2021-10-12,0.9677909130193513,0.49608614642133886,2.0474173792710593
2021-10-13,0.9512176009343658,0.48759072616570953,2.0547088380028113
2021-10-14,0.9585186916739188,0.48384821327275684,2.0898954990448724
2021-10-15,0.9613021349158865,0.48244316603573295,2.1059365359850233
2021-10-18,0.9688601448044201,0.47865007114171965,2.112051966878566
2021-10-19,0.9725856031457901,0.47680956721584883,2.1286574742117637
2021-10-20,0.9751120618982003,0.47557097217554695,2.1368425820271164
2021-10-21,0.9739344940185144,0.476145282681208,2.1423933989695256
2021-10-22,0.9790302749418829,0.47365401446641503,2.1398061951486986
2021-10-25,0.9801436130343236,0.4731153824440557,2.1510020031377493
2021-10-26,0.9757757914799253,0.475223730177669,2.1534480893603143
2021-10-27,0.9851537324611729,0.47065647186545434,2.143851662004259
2021-10-28,0.9832910032904878,0.4697665543727547,2.1644556926989873
2021-10-29,0.981264628583924,0.46879845534552367,2.168548246606664
2021-11-01,0.98513073414218,0.4669514262555944,2.173017209815095
2021-11-02,0.9911847243141243,0.4640818382432091,2.181578726931203
2021-11-03,0.995730597518577,0.4619534184427498,2.194985329440325
2021-11-04,0.9992355562566002,0.4603273484248498,2.205052196643282
2021-11-05,1.0002764707230296,0.459847820456426,2.212813951663849
2021-11-08,0.9967927101559302,0.461449377376599,2.2151190638462386
2021-11-09,0.9889118525381088,0.4650976954309801,2.207404252319701
2021-11-10,0.9885082445498178,0.4649078735123431,2.1899520393969327
2021-11-11,0.9812281123728626,0.46148393568689944,2.190845832038619
2021-11-12,0.9809771477096073,0.4613659038459269,2.206980899524916
2021-11-15,0.9848861625430995,0.45952744495214737,2.207545369917963
2021-11-16,0.9825658627924013,0.4606100486646498,2.2163420351784784
2021-11-17,0.9858059382443413,0.4590911567835968,2.2111205404847083
2021-11-18,0.9841963626639535,0.4598407383051352,2.218411855658374
2021-11-19,0.9812489083204611,0.4612178614411765,2.214789741597599
2021-11-22,0.9826076475811595,0.46057921123656315,2.2081569273631256
2021-11-23,0.9800573720083655,0.4593838166000113,2.211214571030854
2021-11-24,1.0022255421020407,0.46977473745375886,2.216953592623641
2021-11-26,0.9894317182478675,0.46377786849598096,2.166807748375407
2021-11-29,1.008244696832324,0.47259610521413525,2.194467946099394
2021-11-30,0.9964796837620797,0.4781107380927008,2.152742501369006
2021-12-01,0.981123464343101,0.47074282731603284,2.1276225639718156
2021-12-02,0.9899250664780541,0.47496583412862875,2.1604102258434272
2021-12-03,1.0018439702334534,0.4692471466685536,2.1410293100390243
2021-12-06,1.0226586422722113,0.45949789852889283,2.166807748375407
2021-12-07,1.0253556088664229,0.4582861056282927,2.211826128476017
2021-12-08,1.018439155995532,0.46137743728294317,2.21765918061495
2021-12-09,1.0282048407039677,0.4569533471862825,2.2027001409668623
2021-12-10,1.0158726835026253,0.4624339871211448,2.2238215550025218
2021-12-13,1.0086951760536917,0.4657012502743956,2.1971493240244526
2021-12-14,0.9928394789908184,0.4583808842000374,2.1816256704252326
2021-12-15,1.0019446329908253,0.4625846136342688,2.215918682383693
2021-12-16,0.992005462060291,0.46717339767817534,2.195596886885488
2021-12-17,1.0031467069145008,0.4724202369466766,2.1738168283525496
2021-12-20,0.9852757491204857,0.4640041178911891,2.1494026225047542
2021-12-21,0.9753395135958397,0.4593247637064464,2.187694014266659
2021-12-22,0.9813192529498705,0.4565086752290196,2.2097563079961207
2021-12-23,0.9953757463860471,0.44996960939735986,2.223304171661591
2021-12-27,0.9946075274235554,0.4503168904997366,2.2551509538394
2021-12-28,0.9956456748568665,0.44984686055208484,2.2534104556081433
2021-12-29,0.9928426641142282,0.45111330062661326,2.255762511284563
2021-12-30,0.9903718681538684,0.45223594468809425,2.249411932246613
2021-12-31,0.9844544151112966,0.4495338435350765,2.2438140282520878
2022-01-03,0.9847826835190986,0.44968374154640667,2.257220774319296
2022-01-04,0.9655871276440725,0.4584490554896808,2.2564680992758714
2022-01-05,0.9663056272728838,0.45879019039793284,2.2124846294152096
2022-01-06,0.9701710242155105,0.4606254339784511,2.210838305288185
2022-01-07,0.9719948978052152,0.4614913870349845,2.2019945529755534
2022-01-10,0.9624043789298068,0.45693792500736347,2.1978549120157616
2022-01-11,0.9598547201376604,0.4557273779405934,2.219540796444468
2022-01-12,0.9466868670537706,0.46197931485680455,2.225420935635517
2022-01-13,0.9470115061733152,0.4618208922957209,2.1948912988941793
2022-01-14,0.9637503276536148,0.4699837682709532,2.195643973937604
2022-01-18,0.9737136147669274,0.4748424781333721,2.156835055276682
2022-01-19,0.9845288581403285,0.48011665412018995,2.1345376134028125
2022-01-20,1.0037051208034555,0.48946817590873476,2.11082885198824
2022-01-21,1.000192043405906,0.4877549839064579,2.0697149647030146
2022-01-24,1.011699930424882,0.49336693541591425,2.0769591928245648
2022-01-25,1.0140412071270524,0.49450868553052124,2.0530623703177007
2022-01-26,1.0087547949866216,0.49708666431517384,2.048311171912746
2022-01-27,1.0334170664207845,0.484933774135548,2.037632890822712
2022-01-28,1.0520942349148368,0.47616946193064535,2.087449412822307
2022-01-31,1.0593602354526106,0.4728809280221409,2.1251763341911647
2022-02-01,1.0695371989101363,0.4683380994703536,2.1398532822008143
2022-02-02,1.0447118925156982,0.47920881703622037,2.1604102258434272
2022-02-03,1.04995175369755,0.4768052953606484,2.110264381595193
2022-02-04,1.0536778914186777,0.47849741329884904,2.1208486321390807
2022-02-07,1.0453047410798195,0.47469498865756554,2.1133220252629212
2022-02-08,1.029884424173696,0.4676922966471125,2.130115737246497
2022-02-09,1.0116849541071935,0.47595706088023704,2.161539166629521
2022-02-10,0.99144587882296,0.4854787313845875,2.123341805413762
2022-02-11,0.9946733784642579,0.4870591327608701,2.080863685639949
2022-02-14,0.9786786617371833,0.4792270413160656,2.0740897538072143
2022-02-15,0.9775645196057218,0.4786814822289612,2.1074418860718724
2022-02-16,0.9570546413217454,0.4887245011196929,2.1098410288004077
2022-02-17,0.9636587733067532,0.49209693250484765,2.0655753237432224
2022-02-18,0.9741114907793023,0.4974346623601269,2.0513218720864437
2022-02-22,0.9918619941254291,0.5064990412554411,2.0290713737066044
2022-02-23,0.976263136229405,0.49853341033520143,1.992097127381171
2022-02-24,0.9547697085458874,0.48755768933825583,2.0234265262180493
2022-02-25,0.9528367909199342,0.48854474291039546,2.0679743229136722
2022-02-28,0.9380681947106915,0.4961169946401235,2.06378773845985
2022-03-01,0.9551823665419504,0.4870658067386965,2.0317998386837792
2022-03-02,0.9505997816001267,0.4894025546831949,2.0688681155553583
2022-03-03,0.9424770603130226,0.4935844203072295,2.0589425095087495
2022-03-04,0.9701682279151981,0.5080865546127696,2.0413491789877187
2022-03-07,0.9774007596312821,0.5118743019487646,1.9813717592390216
2022-03-08,0.9510988924111092,0.49809975779110094,1.966600780683226
2022-03-09,0.9467345263592715,0.5003854188203354,2.019522033402665
2022-03-10,0.9585426471910162,0.5066264624533332,2.0102549282952484
2022-03-11,0.9512969579562288,0.5104560864307471,1.9851820779501743
2022-03-14,0.9303548850842952,0.49921878721461044,1.970175951249971
2022-03-15,0.9097499276888708,0.48816238066860673,2.0135478636654702
2022-03-16,0.9210615064783417,0.4820927047467669,2.058142747413209
2022-03-17,0.9309175899593604,0.47693393314448634,2.0837331246573
2022-03-18,0.9307303941116063,0.4770298385746776,2.106030710089255
2022-03-21,0.9420836001811201,0.471210948278509,2.105607213736384
2022-03-22,0.9302730016808907,0.4771183680849465,2.1312917650847067
2022-03-23,0.9406072277764269,0.4718181507495901,2.104572447054522
2022-03-24,0.9358662866993422,0.46944004649337384,2.1279517426623693
2022-03-25,0.9424327724525523,0.46614623046314074,2.1386772543626047
2022-03-28,0.9544543369241228,0.460200122553386,2.153683237504722
2022-03-29,0.9485259113819102,0.4630585748182341,2.1811553741364174
2022-03-30,0.933910707850435,0.4701935357473493,2.167607510470947
2022-03-31,0.9316463699253189,0.4690535155653474,2.1342082911541733
2022-04-01,0.9234318477508509,0.46491777197313805,2.139382842353913
2022-04-04,0.935326916552542,0.4709065505692186,2.1582462312592994
2022-04-05,0.9262398068021632,0.4754816135033284,2.1304450594951363
2022-04-06,0.9216549698012526,0.47312800520574383,2.1097468546961764
2022-04-07,0.9241088073214381,0.47438767318244307,2.120189987641802
2022-04-08,0.9081350952218309,0.48258771635374803,2.114545140153247
2022-04-11,0.9116094252847199,0.4844339934327097,2.077994103064513
2022-04-12,0.9009406128167269,0.47876453095711025,2.0700441433935683
2022-04-13,0.912070831223342,0.48467918695006557,2.0942704317071574
2022-04-14,0.9124026639157581,0.4845028493301595,2.068397819266543
2022-04-18,0.8976751035592774,0.47668223981355295,2.069150350751882
2022-04-19,0.8968717552298648,0.4771088327751896,2.102549570068656
2022-04-20,0.8838773952717945,0.48402144193709434,2.1006679542391375
2022-04-21,0.8591539780879642,0.4975602699453047,2.0702323480439455
2022-04-22,0.8538517687890536,0.4944896111840618,2.0123247487751446
2022-04-25,0.8787083304889282,0.508884746241023,2.0247436716545204
2022-04-26,0.8760589389679716,0.5073504089813717,1.9658011621457714
2022-04-27,0.8540503508914964,0.4946046156733824,1.9717282448308502
2022-04-28,0.8220095583927136,0.5131603411562988,2.0212625316339214
2022-04-29,0.8272966955639139,0.5098597115142076,1.9454322795954504
2022-05-02,0.8234605594857495,0.5074955158820602,1.9579452330209726
2022-05-03,0.7986671466443052,0.4922154327068521,1.9670241334780112
2022-05-04,0.7703168578385035,0.5096876046004165,2.0262488781832837
2022-05-05,0.7661634682695132,0.5124357350078583,1.9543231189601973
2022-05-06,0.7908054078867025,0.5289170878296973,1.9437858119103397
2022-05-09,0.7892432982768817,0.5278722967123665,1.881268275392931
2022-05-10,0.801691201863697,0.5361978706766589,1.8849844199998522
2022-05-11,0.8028702241020587,0.5369864401560549,1.8552545453540548
2022-05-12,0.7832984531985941,0.5238961856298573,1.8525260803768802
2022-05-13,0.7799975510888347,0.5261039392866899,1.8976855780757518
2022-05-16,0.7961524525749172,0.5152075495496298,1.8896885313526912
2022-05-17,0.7641727635160377,0.5359023011416109,1.9288267722622523
2022-05-18,0.7593962148827559,0.5392520193287821,1.8513500525386704
2022-05-19,0.7590079118000492,0.5389762828721638,1.8397779788069504
2022-05-20,0.744828647411349,0.5289074982188405,1.840718714942667
2022-05-23,0.7501727157972471,0.5327023547272728,1.8751057574472731
2022-05-24,0.7568072186533188,0.5279911526008155,1.8616520678860347
2022-05-25,0.7716116332557196,0.5176627628380818,1.8781164576209712
2022-05-26,0.7909275190559729,0.5047040224833854,1.9148555558019968
2022-05-27,0.7864160478581204,0.5075828673914394,1.9627904619720733
2022-05-31,0.780046952883463,0.5116937238505999,1.9515946539830227
2022-06-01,0.7947376377790504,0.5020569561761008,1.9357889087453648
2022-06-02,0.8077791840775667,0.510295648704569,1.9722457717298671
2022-06-03,0.8053502634511357,0.5087612347816206,1.939881462653041
2022-06-06,0.8128270346393743,0.5040379590660242,1.9457145147919739
2022-06-07,0.8216278043940511,0.5094953587787754,1.9637782851599055
2022-06-08,0.8434150723616968,0.5230057485813351,1.942515753525984
2022-06-09,0.8682985039060114,0.5384360843300963,1.8910056767891625
2022-06-10,0.9016834714695867,0.5591382635110529,1.8352149850523731
2022-06-13,0.9040871274281423,0.5606287821478805,1.7646533147597883
2022-06-14,0.8912071868019967,0.5526418689308831,1.7599492034069493
2022-06-15,0.9204944765231212,0.5708030583457508,1.7850220537520234
2022-06-16,0.9188139302525488,0.5697609435092147,1.7263617794397976
2022-06-17,0.8954474618570586,0.5552712839153148,1.7295135972117575
2022-06-21,0.8939035699267641,0.556228658737265,1.7734970670724193
2022-06-22,0.9028578531897151,0.550656884401793,1.7704392798466053
2022-06-23,0.931050624534298,0.5334619920093601,1.7881738715239832
2022-06-24,0.9276779092569021,0.535394449131399,1.8440116503128885
2022-06-27,0.90874812707814,0.5463194697669492,1.8373317490262993
2022-06-28,0.9081068683031487,0.5467049804970379,1.799839975801849
2022-06-29,0.9156835360718659,0.5512663401225509,1.7985699174174934
2022-06-30,0.9061680529497333,0.5455377610353496,1.78356379071729
2022-07-01,0.9042283926936707,0.5443700329193372,1.8020980009321226
2022-07-05,0.9010016247767217,0.542427431059712,1.8059554066953911
2022-07-06,0.9143548006352841,0.5343884567912212,1.8124000162794869
2022-07-07,0.9136298517543281,0.5348121482439017,1.8392604519079336
2022-07-08,0.9032232883585452,0.5409038455706124,1.8378021888732003
2022-07-11,0.9113381054986419,0.5457634808941851,1.8168689794879183
2022-07-12,0.9160048487992026,0.5485582044471524,1.8005457073512434
2022-07-13,0.9182178446855724,0.5498834780540196,1.7913255457378574
2022-07-14,0.9006936810328315,0.5393889661959357,1.7869978436857734
2022-07-15,0.8934114358335619,0.5437500079044943,1.8211026509938562
2022-07-18,0.9174218852120597,0.5291367160708528,1.8063787594901763
2022-07-19,0.9230987760574091,0.5258624848498409,1.8549252231054154
2022-07-20,0.9325214463939315,0.5204946640211233,1.8664032662909895
2022-07-21,0.9242154949109456,0.5251307004825155,1.885454859846753
2022-07-22,0.9251694062663157,0.5245886968686375,1.8686611478631774
2022-07-25,0.9361509246718485,0.5308154272284816,1.8705898507448115
2022-07-26,0.9119448396179107,0.5170901153788577,1.8483864394170881
2022-07-27,0.9003614384707532,0.5105221060262605,1.8961802279889026
2022-07-28,0.9137496470897551,0.5029307364184051,1.9202652551461445
2022-07-29,0.9108161847825651,0.5045453234807472,1.9488192455118178
2022-08-01,0.905015359155947,0.5077586825439002,1.9425628405780997
2022-08-02,0.8908993212552019,0.4998388823607223,1.9301910047508395
2022-08-03,0.8917544620927913,0.5003186589531206,1.960297288697392
2022-08-04,0.8901907838093023,0.5011959603349306,1.9584156728678734
2022-08-05,0.8909618698438341,0.5016300978396173,1.9549816198993901
2022-08-08,0.8872282954351715,0.5037321780287922,1.9532882087202492
2022-08-09,0.8686464664452107,0.49318217050870927,1.945102957346811
2022-08-10,0.8689551047729456,0.4930069382062084,1.9858405788893672
2022-08-11,0.8832559543114372,0.48489326466197885,1.9865461668806759
2022-08-12,0.8871449856264477,0.48275824923241606,2.0192397982061414
2022-08-15,0.8852930928648548,0.48175050357433574,2.028130637570888
2022-08-16,0.8786335185316791,0.48537444836104593,2.032364309076826
2022-08-17,0.8760516953130246,0.48394819840120556,2.0170759471800994
2022-08-18,0.8876427578095288,0.4903513294524327,2.023003029865178
2022-08-19,0.9062590633035978,0.5006353430020235,1.9962366247828773
2022-08-22,0.9082658578627887,0.5017439358130159,1.9543700624542275
2022-08-23,0.9054394889346311,0.500182593990248,1.9500423604021435
2022-08-24,0.8926797314735577,0.49313385283905786,1.956110560685484
2022-08-25,0.9231844105628189,0.5099852379422851,1.9836767278633252
2022-08-26,0.9176309508250489,0.5130530784012058,1.915890466041945
2022-08-29,0.928148435179073,0.5189334682464012,1.9043653358042552
2022-08-30,0.935129458784848,0.522836601252229,1.8825383337772867
2022-08-31,0.9319274070020271,0.5210463145112475,1.868378912666654
2022-09-01,0.9418888155671968,0.5266157989809871,1.8747765787567194
2022-09-02,0.945639379490344,0.5287127622152602,1.854737018455038
2022-09-06,0.9285185749756728,0.519140415671086,1.84735152917714
2022-09-07,0.9226663000392873,0.5158683729516647,1.88079783554603
2022-09-08,0.9373889974829577,0.5076368227417973,1.8926521444742734
2022-09-09,0.947502239514856,0.5021600632892361,1.9228526025250576
2022-09-12,0.9061549401789086,0.5240734283299451,1.9435977508180478
2022-09-13,0.9026921798801253,0.5220707458075611,1.858782628868684
2022-09-14,0.9131152685637447,0.5280989244092613,1.8658857393919726
2022-09-15,0.9200322818818137,0.5320993692809614,1.8443409725615278
2022-09-16,0.91286780836013,0.5279558061504148,1.8303697561012724
2022-09-19,0.9235997978293508,0.5341626370846753,1.8446232077580513
2022-09-20,0.9393537751916455,0.5432739276156965,1.8229371797712588
2022-09-21,0.947294549321254,0.5478664631051305,1.7918430726368741
2022-09-22,0.963020478995225,0.5569615322952697,1.7766958283384091
2022-09-23,0.9774106063406246,0.5652840420975327,1.7472011018370195
2022-09-26,0.9799217943813994,0.566736384150041,1.7210931976939117
2022-09-27,0.9608835073865677,0.5777471505129557,1.7166713215375962
2022-09-28,0.9806425342771083,0.5896275932462974,1.7500234538022543
2022-09-29,0.9960369865325265,0.5988837630690743,1.714037030664653
2022-09-30,0.9696814537491222,0.6147304644109226,1.6871295079840907
2022-10-03,0.9399962826303287,0.5959115224197985,1.731771622342031
2022-10-04,0.9377912525759213,0.5973094032848445,1.7847869056076158
2022-10-05,0.9285253479254022,0.6032111559003582,1.7806001775957079
2022-10-06,0.9026352223798487,0.6200305271664547,1.7630068470746774
2022-10-07,0.9093492833406713,0.6246424929459318,1.7138488260142755
2022-10-10,0.9155855769428154,0.6289262748257342,1.701100724444346
2022-10-11,0.9185428709755281,0.6309576741469956,1.68943462016648
2022-10-12,0.8940897949084876,0.614160574644592,1.6839778337702165
2022-10-13,0.9145742657492432,0.6282315935226639,1.7288080092204487
2022-10-14,0.9381078015489481,0.6443970502278769,1.6891993284639866
2022-10-17,0.9488558161337204,0.6370141152572928,1.7326652714256316
2022-10-18,0.9426159035001691,0.6412032790458871,1.7525166270769357
2022-10-19,0.9345931142708056,0.646660686184744,1.7409916403973316
2022-10-20,0.9120274213244903,0.6622742684614377,1.7261737183475057
2022-10-21,0.9232393695446899,0.6704158929695875,1.767852076025778
2022-10-24,0.938067346590498,0.681183318839869,1.7895850475066006
2022-10-25,0.9309809669464485,0.676037501088044,1.8183272425226515
2022-10-26,0.9260302105940582,0.6724424792006005,1.804591174206804
2022-10-27,0.947750379315032,0.688214712046025,1.7949947468507483
2022-10-28,0.9543998730595983,0.693043282440242,1.8370966008818916
2022-10-31,0.9506097187817738,0.6957955260603482,1.8242073817137003
2022-11-01,0.9262445914966521,0.6779615546397694,1.8169630100340641
2022-11-02,0.9355476428276109,0.671152218098285,1.7703923363525753
2022-11-03,0.9223143559216748,0.6806456414720068,1.7526108011811672
2022-11-04,0.9133069923336984,0.687292857497592,1.7774014163297178
2022-11-07,0.9182621784774874,0.6910217942875041,1.7947595987063407
2022-11-08,0.8995186736911615,0.6769167046820947,1.804497143660658
2022-11-09,0.9487831445601327,0.7139898019438651,1.7676638713754005
2022-11-10,0.9579274829113434,0.7208712103728856,1.8644745634093551
2022-11-11,0.9498842726855244,0.7148184362389314,1.8824443032311409
2022-11-14,0.9579513712479056,0.7208891871137126,1.8666384144353971
2022-11-15,0.9509135896951955,0.7261853438653941,1.8824912467251709
2022-11-16,0.954121274619088,0.7286349605337346,1.8686611478631774
2022-11-17,0.9495904519802066,0.7251749016685922,1.8623576558773434
2022-11-18,0.9532190081140672,0.7279459255685105,1.8712014081899744
2022-11-21,0.940084784344681,0.7179156968413829,1.86405121061457
2022-11-22,0.9457011284095749,0.7136266565014098,1.8897356184048069
2022-11-23,0.945630926786852,0.7136796306893426,1.9010254569400034
2022-11-25,0.9306539854752385,0.7023763434962647,1.9008843393417416
2022-11-28,0.9322452698674152,0.7035773059702706,1.8707780553951892
2022-11-29,0.9033393563796085,0.681761647156305,1.8675792941291993
2022-11-30,0.902964149163647,0.6820448207917414,1.9254868933980005
2022-12-01,0.9019930959165221,0.6827782960227659,1.92468713130246
2022-12-02,0.9182360459592194,0.6950736603695038,1.9226173108225642
2022-12-05,0.9313684587631148,0.7050144531288988,1.8879951201735503
2022-12-06,0.9331576469210334,0.7063688081092842,1.8609934233887562
2022-12-07,0.9258313347612733,0.7008230373542552,1.8574183963800968
2022-12-08,0.9326712551056215,0.7060006259397866,1.8720011702855148
2022-12-09,0.94575188124744,0.6960990339337562,1.8581710714235213
2022-12-12,0.9423045748702497,0.69356172294721,1.8842317449564276
2022-12-13,0.9366555675791534,0.6977195455177877,1.8910998508933943
2022-12-14,0.9134501515118183,0.7150053791929118,1.879762925306082
2022-12-15,0.9246075328446626,0.7237388471960501,1.833192251624593
2022-12-16,0.9322938095970152,0.7297552994510547,1.8108006356464919
2022-12-19,0.9312192259462986,0.7289141664243826,1.795747421894173
2022-12-20,0.9173305843192131,0.7180427976292565,1.7978172423740688
2022-12-21,0.9048434638065678,0.7278171222844055,1.8246307345084856
2022-12-22,0.9001371657723594,0.7240315787855771,1.799793032307819
2022-12-23,0.9036011479539835,0.7268178569031953,1.8091541679613812
2022-12-27,0.8926336973954015,0.7356396019051021,1.8021920314782687
2022-12-28,0.8771848594876699,0.7229078654699874,1.7803179423991844
2022-12-29,0.8790075756028998,0.7244100070105838,1.8111299578951312
2022-12-30,0.8828511151302724,0.7275775547920232,1.8073665826780085
2023-01-03,0.8897287614084095,0.7219095310720406,1.7994637100591797
2023-01-04,0.8796200321390534,0.7301115678309998,1.8134820135715508
2023-01-05,0.8595411139871254,0.7134454507842964,1.7928779828768222
2023-01-06,0.8589458117641837,0.7139395698623582,1.83380366551167
2023-01-09,0.8651195405937194,0.7088080828178465,1.8325336071273144
2023-01-10,0.8543374848691474,0.6999741496001038,1.8457050614920294
2023-01-11,0.8510040357247225,0.6972429944401949,1.8687082349152933
2023-01-12,0.8543542930214232,0.694498068057199,1.8759995500889595
2023-01-13,0.8559333669811167,0.6957816851974,1.8833850393668572
2023-01-17,0.8424398959736773,0.7067504245396128,1.8799040429043437
2023-01-18,0.8364428413234777,0.7117815501312104,1.8502680552466066
2023-01-19,0.8210860020984048,0.6987134547531175,1.8370966008818916
2023-01-20,0.8113411521782362,0.690420952218218,1.870825142447305
2023-01-23,0.8107967509300753,0.6908842173036077,1.8930285537750287
2023-01-24,0.8109378965520556,0.6907639463695471,1.8917583518325871
2023-01-25,0.8020264640500901,0.6831731107346158,1.8920876740812265
2023-01-26,0.8040184718601806,0.6814763011738004,1.9128799094263325
2023-01-27,0.793801840294411,0.6901357941252346,1.9176309642732017
2023-01-30,0.8053202139030519,0.680121655187887,1.8932637019194363
2023-01-31,0.7967208434900039,0.6728591800408271,1.9207356949930456
2023-02-01,0.8082854106180778,0.6630924904670523,1.9412456951416284
2023-02-02,0.7999643192409743,0.669918857901333,1.9694232762065464
2023-02-03,0.7950411295901962,0.6740417137697176,1.9491485677604572
2023-02-06,0.7847700641267328,0.6653338289703458,1.9371529976758664
2023-02-07,0.7933304166724331,0.6725913587831128,1.9621789045269105
2023-02-08,0.7866002704934563,0.6782972261848867,1.9407752552947273
2023-02-09,0.7848889209798411,0.6768215037987377,1.9243108655597907
2023-02-10,0.7756607757298782,0.668863935564043,1.928497450013613
2023-02-13,0.776072189775913,0.6692187040744375,1.9511713011882375
2023-02-14,0.778543294032618,0.6670878337635422,1.9501363909482894
2023-02-15,0.7890267198940328,0.6760704631200786,1.9563458523879775
2023-02-16,0.7912190713178882,0.6779489597604039,1.9300028001004619
2023-02-17,0.8069026979361953,0.6913873344616629,1.92464018780843
2023-02-21,0.808270894645506,0.6925596615319393,1.8864897700867012
2023-02-22,0.8040110227289426,0.6889096285142361,1.8832910088207113
2023-02-23,0.812701210400815,0.6963557378230718,1.8932166148673204
2023-02-24,0.8098636362910814,0.6939243879154758,1.8727537017708535
2023-02-27,0.8067620333500994,0.6965819685573658,1.879292485459181
2023-02-28,0.8038833919529352,0.6990674718511694,1.8720952008316607
2023-03-01,0.7975584975702251,0.6935672612856727,1.8654152995450717
2023-03-02,0.7847671237396682,0.6824437159372522,1.8800922475547213
2023-03-03,0.7856561360827432,0.6816706192203165,1.910245474995304
2023-03-06,0.7732685269825368,0.6924186663342865,1.9124094695794316
2023-03-07,0.7746212718487376,0.6912073590542651,1.8822560985807633
2023-03-08,0.7889607094943911,0.7040026761796524,1.8855488903928992
2023-03-09,0.8000507980020652,0.7138985453839316,1.8506444645473616
2023-03-10,0.8017215188048259,0.7153893571596489,1.8246307345084856
2023-03-13,0.7882376777647725,0.7033575030214853,1.8208204157973327
2023-03-14,0.7930842700062756,0.7076821973532933,1.8514440830848164
2023-03-15,0.7794390460563422,0.6955063385782979,1.8400602140034739
2023-03-16,0.7886852023141216,0.7037568365708069,1.8717189350889913
2023-03-17,0.796508452740716,0.6967760209605142,1.8495155237612677
2023-03-20,0.7861576670927655,0.687721278085184,1.8678615293257228
2023-03-21,0.7729843114360877,0.6992451712787514,1.8921347611333423
2023-03-22,0.7717138998026254,0.7003943914984793,1.8604289529957092
2023-03-23,0.766612629557456,0.6957645655096659,1.857371309327981
2023-03-24,0.7652817336717819,0.6945566670718731,1.8696491146090952
2023-03-27,0.7638593085369763,0.695847635897236,1.8728949629272011
2023-03-28,0.7749116263315047,0.6857793823293928,1.869413822906602
2023-03-29,0.7792172648040133,0.681968988999525,1.896462463185426
2023-03-30,0.7901542000986382,0.67239701075607,1.9069997702352839
2023-03-31,0.7929605699819063,0.6700088759839586,1.933766031759499
2023-04-03,0.7889048193841254,0.6734357663012822,1.9406341376964655
2023-04-04,0.787040339079379,0.6750273495847519,1.9307083880917706
2023-04-05,0.7840609834349438,0.6724720211672963,1.9261453943371933
2023-04-06,0.783164388192579,0.6717030309643142,1.9334368530689452
2023-04-10,0.783183439645292,0.6717193709801837,1.935647791147103
2023-04-11,0.7802522194209333,0.6742334146966883,1.9356007040949872
2023-04-12,0.7904162573512687,0.6654504419215994,1.9283563324153512
2023-04-13,0.7923576832189093,0.6670849258907282,1.9534762698125412
2023-04-14,0.7952841920616164,0.6646211018175836,1.948678127913556
2023-04-17,0.7948251501639592,0.6642374792901314,1.9558754125410764
2023-04-18,0.7947678361288429,0.6642853767808007,1.9570043533271704
2023-04-19,0.7992193816701323,0.6680060817121373,1.9568632357289086
2023-04-20,0.798774984733897,0.6676346444535974,1.9459027194423515
2023-04-21,0.7977714470747187,0.6667958644203137,1.9469847167344154
2023-04-24,0.8104384910870566,0.6773832733741288,1.9494308029569807
2023-04-25,0.8137371845985514,0.6801403978607474,1.9184776698627721
2023-04-26,0.7975894644213498,0.6666437591010427,1.9106689713481748
2023-04-27,0.7909850998203122,0.6611236781063623,1.9485840973674102
2023-04-28,0.7904169103570284,0.6615985840279943,1.9647191648537075
2023-05-01,0.781572666555945,0.6690014357369135,1.9633078453130044
2023-05-02,0.7871974012478617,0.6738160303940082,1.9413397256877742
2023-05-03,0.7926923662312831,0.6785195462928333,1.927368509227519
2023-05-04,0.7781968804317917,0.6661118697881053,1.9139146761081949
2023-05-05,0.7777836429983214,0.665758151639913,1.948913276057964
2023-05-08,0.7746126107432046,0.6684724547651609,1.9499481862979118
2023-05-09,0.7713477267443244,0.6656549367038929,1.941998226626967
2023-05-10,0.7701941656670969,0.6666504327677589,1.9501834780004053
2023-05-11,0.7711989039650661,0.6675200955762007,1.947266951930939
2023-05-12,0.7737545720027367,0.6653080076647737,1.9447266916041417
2023-05-15,0.768587274471434,0.6697510759837935,1.9511713011882375
2023-05-16,0.7592599856161383,0.6616232264157115,1.9381409644217842
2023-05-17,0.7666156691419475,0.6552134443133537,1.9616615211859794
2023-05-18,0.7655050543883264,0.6561626679560688,1.980666027689627
2023-05-19,0.7657235323356567,0.6559753967264564,1.9777965886722766
2023-05-22,0.7573481924488459,0.6631503321606744,1.9783610590653236
2023-05-23,0.7630288413357385,0.6681244302489662,1.956722118130647
2023-05-24,0.7563012079080673,0.6622335700254942,1.942045313679083
2023-05-25,0.7463680336347595,0.6535358694375326,1.959168347911298
2023-05-26,0.7465095182157098,0.6534119825017899,1.9848998427536508
2023-05-30,0.7419104866082236,0.6574374668216934,1.9852761084963202
2023-05-31,0.7342690236894291,0.6506660515164437,1.9730453902673217
2023-06-01,0.7238029678136636,0.6413916479505443,1.9933671857655266
2023-06-02,0.7225567098601091,0.6424960084991288,2.021780058532938
2023-06-05,0.7240892335071478,0.6411332914795282,2.0182989185123392
2023-06-06,0.7287204676492034,0.6452339440672306,2.022579677070393
2023-06-07,0.7245072224521182,0.641503393140608,2.009643370850086
2023-06-08,0.7230571020852479,0.6402194071333173,2.0212625316339214
2023-06-09,0.7296236368113058,0.6344051734343286,2.0253081420475674
2023-06-12,0.7343931808287085,0.6302580717686166,2.0437012346641383
2023-06-13,0.7352496497047663,0.6295230480286836,2.057060893679231
2023-06-14,0.7443353130404822,0.6217438746842842,2.0594598928496803
2023-06-15,0.7416818534557691,0.6239603115704755,2.0849091524955097
2023-06-16,0.7381718737431954,0.6269131787936104,2.077476719723582
2023-06-20,0.7420681382932321,0.6302221908020172,2.0676451442231185
2023-06-21,0.739386518763165,0.627944750162909,2.0567315714305914
2023-06-22,0.745014477591003,0.632724452132571,2.0641640042025196
2023-06-23,0.748162468077712,0.6353979713941859,2.0484522895110073
2023-06-26,0.7398805770522153,0.6283643430294418,2.039796741848754
2023-06-27,0.7396443388871081,0.628163711138269,2.0623765624772328
2023-06-28,0.7425957653743802,0.6256571293692715,2.0630350634164256
2023-06-29,0.7517030139556328,0.6179840247415793,2.0712672582838936
2023-06-30,0.7527824174902846,0.6170966342053166,2.0966694308776073
2023-07-03,0.7514837568958571,0.6181612168299588,2.099680131051305
2023-07-05,0.7576395789898375,0.6232249197261094,2.096057873432444
2023-07-06,0.7595768460634906,0.6248184915905509,2.0788878957061994
2023-07-07,0.7575607046526432,0.6231600386747105,2.0735722269081975
2023-07-10,0.7524699604587821,0.6189724556477052,2.079076100356577
2023-07-11,0.7468214530229149,0.6143260634964606,2.093047316816832
2023-07-12,0.7531854742333187,0.609091098589694,2.108759031508344
2023-07-13,0.752435766971678,0.6096973769039142,2.1267287713301295
2023-07-14,0.7552345859567127,0.6074294988091867,2.1246118637981177
2023-07-17,0.7497535273133042,0.6030211245548591,2.1325147364169466
2023-07-18,0.7511327709381965,0.6019118092780134,2.147991302964051
2023-07-19,0.7464531639305646,0.6056617597922955,2.1519427392734656
2023-07-20,0.7464367783659746,0.6056750548124847,2.1385359932062573
2023-07-21,0.7497370916399541,0.6029971087612576,2.138489049712227
2023-07-24,0.7477174580595259,0.6013727617423693,2.1479442159119353
2023-07-25,0.747782797671069,0.6013202105250327,2.1537303245568378
2023-07-26,0.7429487130468075,0.6052074793857366,2.1539185292072154
2023-07-27,0.7499712011823193,0.5994869467717424,2.1399943997990762
2023-07-28,0.751539002982711,0.5982337296975689,2.1602220211930496
2023-07-31,0.7494485839690151,0.5998977273852881,2.164737927895511
2023-08-01,0.7599170264002603,0.6082772145950835,2.1587166711062005
2023-08-02,0.7621002412322122,0.6100247735925877,2.1285633001075324
2023-08-03,0.7656473392384147,0.6128640558038697,2.1224480127720757
2023-08-04,0.7724157395505821,0.6074462752487316,2.1125693502194967
2023-08-07,0.775655012932922,0.6099937175778583,2.131244678032591
2023-08-08,0.7808987445866807,0.6141175139978184,2.122306895173814
2023-08-09,0.7805501933682779,0.6138434049545779,2.1079592694128038
2023-08-10,0.7800801169078453,0.6142130843647076,2.108900149106606
2023-08-11,0.7759015000797904,0.6109229593189476,2.10763009072225
2023-08-14,0.7846864711407223,0.617839997780046,2.1189199292574465
2023-08-15,0.7905538880218114,0.6224598363603093,2.0949289326463503
2023-08-16,0.7966349777268419,0.6272479148961791,2.079264305006954
2023-08-17,0.796489644937543,0.6271334839565362,2.063270211560833
2023-08-18,0.7911154569461306,0.6229019998940458,2.0636466208615882
2023-08-21,0.7933724230331602,0.6246790713403941,2.077570750269728
2023-08-22,0.8021277949217641,0.6177853384328359,2.071643667584649
2023-08-23,0.7913546718985832,0.6260826166159259,2.0945055798515653
2023-08-24,0.7970114782455192,0.6216072173478805,2.066374942280677
2023-08-25,0.7922014445471421,0.6178557636433748,2.0811459208364727
2023-08-28,0.8036462944975541,0.608929667188277,2.093705817756025
2023-08-29,0.8071704776440461,0.6062593634922392,2.123953362858925
2023-08-30,0.8057465729430268,0.6073288470544146,2.133267411460371
2023-08-31,0.8074552694479465,0.6060409226459886,2.129504179801334
2023-09-01,0.8039844813697806,0.6086459457213083,2.1340200865037957
2023-09-05,0.7983955440653902,0.6128769776753233,2.124847155500611
2023-09-06,0.800602612647515,0.6145712024642633,2.1100761769448155
2023-09-07,0.799618257696327,0.6138155763940426,2.1042431248058824
2023-09-08,0.7942085576245698,0.6096628971177702,2.10683032862671
2023-09-11,0.7899107735353675,0.6129620299133756,2.1210837802834885
2023-09-12,0.7906505789537291,0.6123879490852964,2.1096057370979144
2023-09-13,0.7835874072634925,0.6069172628674413,2.1115815270316647
2023-09-14,0.7734830301431926,0.6147434745293276,2.1304450594951363
2023-09-15,0.7748153130121421,0.6136846119971241,2.102972922863441
2023-09-18,0.7765455066174742,0.6150549942979596,2.106595180482302
2023-09-19,0.7838970037987367,0.6208776730957525,2.101891069129463
2023-09-20,0.7710561051689312,0.6310481766480011,2.081992626426043
2023-09-21,0.7728981250723067,0.6325557236262067,2.0478878191179604
2023-09-22,0.7696947384353706,0.6299340061107295,2.042995503114744
2023-09-25,0.7844144155965789,0.6419808926747008,2.0514629896847056
2023-09-26,0.7842127275161122,0.6418158270010398,2.0122307182289987
2023-09-27,0.7796306538929002,0.638065763697201,2.0127481015699296
2023-09-28,0.7813335019686702,0.6394594095890105,2.024508379952027
2023-09-29,0.7810605930931541,0.6396827638263105,2.020086503795712
2023-10-02,0.7914679439099642,0.6482063060373475,2.019380915804403
2023-10-03,0.7858621174735302,0.6436151762580462,1.9924733931238405
2023-10-04,0.7862306049487687,0.643916964734741,2.0065857271823573
2023-10-05,0.7769918791204559,0.6363505176186671,2.0056448474885555
2023-10-06,0.7821073347994568,0.632160997809435,2.0292124913048664
2023-10-09,0.7861961373615055,0.6288561042322213,2.0425721503199585
2023-10-10,0.7895283487417942,0.6261907623823884,2.0532505749680783
2023-10-11,0.7847911886536733,0.6299478990220482,2.0619530661243615
2023-10-12,0.7806663814981887,0.6332588607645293,2.049581373855187
2023-10-13,0.7725428657175127,0.626669249029487,2.038808918660922
2023-10-16,0.7723135755149435,0.6264832540181675,2.060024506800813
2023-10-17,0.7824335903645413,0.6346923805111998,2.0606359206878904
2023-10-18,0.7895283286770539,0.640447471299895,2.0336343674611816
2023-10-19,0.7992410427234301,0.6483262046201848,2.015194331350581
2023-10-20,0.8006388272132962,0.6494600556923267,1.9904035726439444
2023-10-23,0.7946110191327722,0.6445704345065723,1.986922576181431
2023-10-24,0.8059076329909624,0.653733991426502,2.0018816158295185
2023-10-25,0.7961870290471742,0.6616191248526053,1.9734217995680767
2023-10-26,0.7998371068582318,0.6646522831419158,1.9496190076073583
2023-10-27,0.7903371154224177,0.6567579369763012,1.9406810811904955
2023-10-30,0.7856229421280834,0.6528405317742426,1.9637313416658753
2023-10-31,0.7942098983750865,0.6457049037496454,1.975444532995857
2023-11-01,0.8095130128085111,0.6332632355552287,1.9970363868784178
2023-11-02,0.8167717184183244,0.6275849186811544,2.0355159832907
2023-11-03,0.8187360906372708,0.6260755491088652,2.053767958309009
2023-11-06,0.8209061661463868,0.6244161240126539,2.0587073613643416
2023-11-07,0.8202326491566199,0.6239038183612282,2.0641640042025196
2023-11-08,0.8140504648876804,0.6286062505006583,2.065857558939746
2023-11-09,0.8267884023778065,0.6187700702266445,2.0502869618464956
2023-11-10,0.82583584144861,0.6194829687038835,2.0823690357267983
2023-11-13,0.8420290352532344,0.6073359931581264,2.079969892998263
2023-11-14,0.8437286770883057,0.6061100809642486,2.120754458034849
2023-11-15,0.8447746017562542,0.605358719178893,2.1250352165929027
2023-11-16,0.8438780704700328,0.6047162720338172,2.127669507465846
2023-11-17,0.8370939180200846,0.5998548026794154,2.1299275325961196
2023-11-20,0.8351681393168954,0.6012348002867784,2.1470505668283346
2023-11-21,0.8383410538082808,0.5989506295662389,2.142111163773002
2023-11-22,0.838964621702379,0.5985051230733256,2.1502493280943247
2023-11-24,0.837405673981859,0.59961725363664,2.1518487087273197
2023-11-27,0.8366903703568187,0.5991050665229278,2.1478501853657894
2023-11-28,0.8370749021916042,0.5993804072924901,2.1496848577012777
2023-11-29,0.8400987305039624,0.597215220592114,2.14869689095536
2023-11-30,0.8450650502858248,0.5936847286911482,2.1564587895340126
2023-12-01,0.8408867334062546,0.5966201274775425,2.169206891103942
2023-12-04,0.841070004201912,0.5967501605023532,2.1584815229617926
2023-12-05,0.8445534437103583,0.5992217063610574,2.158011083114892
2023-12-06,0.8510421490221368,0.5946178851370079,2.1490733002561146
2023-12-07,0.8547209907790881,0.5920475011580408,2.1655846334850812
2023-12-08,0.8580485290714788,0.5897425844047717,2.1749459126967294
2023-12-11,0.862300446240829,0.5868202128428263,2.1834132557086052
2023-12-12,0.8741132579533653,0.5787812552919603,2.1942327979549865
2023-12-13,0.8768492727471341,0.5769696432812438,2.224291994849423
2023-12-14,0.8753703229601648,0.57794279700052,2.2312541313325354
2023-12-15,0.8802322681305257,0.5747328113328319,2.227490756115413
2023-12-18,0.8853160416648905,0.5714134471588845,2.239862591942673
2023-12-19,0.8691219505147791,0.5818656710113842,2.2527988981629803
2023-12-20,0.8603039345486277,0.575962125744699,2.211590980331609
2023-12-21,0.8586554543630569,0.5748584900250419,2.2340295398037404
2023-12-22,0.8623548221338847,0.5723818121445492,2.238310298361794
2023-12-26,0.8639969968973098,0.5712918304539251,2.2479536692118796
2023-12-27,0.8635999870086639,0.5710293196965875,2.2522344277699333
2023-12-28,0.861129991673789,0.5726625292576631,2.2532693380098814
2023-12-29,0.8660699823435387,0.575947686642496,2.2468247284257856
2024-01-02,0.8731460539742255,0.580653365362803,2.2339355092575945
2024-01-03,0.8758340487313089,0.58244091647716,2.2156835342392855
2024-01-04,0.8747895284749564,0.5817462970612214,2.2088625153544346
2024-01-05,0.8627502845034669,0.573740044846428,2.2114968062273777
2024-01-08,0.8619357020875955,0.5742817526385988,2.2419324124225692
2024-01-09,0.8667690568223928,0.5710614342070723,2.2398156484486433
2024-01-10,0.8662983723745649,0.5713715395733403,2.2523755453681953
2024-01-11,0.8670405842943499,0.5708820098907035,2.2511524304778696
2024-01-12,0.8640355513671664,0.5728606015141331,2.2530811333595038
2024-01-16,0.8688870263483119,0.5760771576749673,2.245272291286821
2024-01-17,0.8614360622137666,0.5711371250695704,2.232665307315153
2024-01-18,0.8506566568075914,0.5639903165208071,2.2518110749751483
2024-01-19,0.8524995326826723,0.5627684790852475,2.2799886560400666
2024-01-22,0.8551496810659409,0.5610190118799001,2.284928059095399
2024-01-23,0.8557990555278084,0.5605929912346221,2.2920311696186877
2024-01-24,0.8605729004974391,0.5574658739353806,2.2937716678499442
2024-01-25,0.8596778413888718,0.5580456794438888,2.30656685647199
2024-01-26,0.8664349458086869,0.5536594166539384,2.30416785730154
2024-01-29,0.8657855177857452,0.5540744067718694,2.3222787147215875
2024-01-30,0.8515693375095235,0.563172297059125,2.320538072932245
2024-01-31,0.8402665582955607,0.555697377692376,2.2824348858207175
2024-02-01,0.8316014134029087,0.5499668172569606,2.3127293744176476
2024-02-02,0.8288222033700681,0.5518048051098137,2.336579109872396
2024-02-05,0.8310657020839578,0.5503111513858324,2.328770267799713
2024-02-06,0.82431860067966,0.5458433877264666,2.3350739033436327
2024-02-07,0.8248621722039678,0.5454834481083927,2.3540314663532507
2024-02-08,0.8296391971961442,0.5423243893562258,2.3555837599341296
2024-02-09,0.8291944568580741,0.5426151103504617,2.3692256541457457
2024-02-12,0.818059007353544,0.5499020176756717,2.3679555957613903
2024-02-13,0.8107616865719313,0.5449967340893237,2.336155757077611
2024-02-14,0.8054218432901014,0.5414072734656341,2.356994935916747
2024-02-15,0.8015891725562881,0.5439836076306089,2.3725185895159675
2024-02-16,0.797133667851516,0.5470072531663736,2.361228750980771
2024-02-20,0.796415069502393,0.5465141382410649,2.3481042401100862
2024-02-21,0.7797729376120007,0.5350940123332834,2.350221004084012
2024-02-22,0.7802163075177326,0.534789764044631,2.399331938092298
2024-02-23,0.777281005586846,0.5368017309977607,2.4006961705808854
2024-02-26,0.7786569312829354,0.5358514964106856,2.3916643571759626
2024-02-27,0.7796353963637531,0.536524850691213,2.3958980286819007
2024-02-28,0.7769225515523055,0.5346579412817648,2.3928873285082024
2024-02-29,0.7844414059154539,0.5294836607996675,2.4012136974799025
2024-03-01,0.7835129871390561,0.5301103265630696,2.424452019047574
2024-03-04,0.7755983424820472,0.5354652280549743,2.4215825800302233
2024-03-05,0.7713974658282454,0.5325649854264763,2.3971210000141405
2024-03-06,0.7637338312708598,0.5272740898672257,2.410104536844649
2024-03-07,0.7590991261868033,0.5304738432432579,2.434048302845544
2024-03-08,0.7587301227263925,0.5307317103347371,2.419277324289748
2024-03-11,0.7508186200677454,0.5251976143346291,2.4181012964515385
2024-03-12,0.7496187889997122,0.5260368961500943,2.443315551511046
2024-03-13,0.7479853106267758,0.5271831719716682,2.4394110586956614
2024-03-14,0.7418995140549898,0.5314724668215899,2.4340953898976596
2024-03-15,0.736666630707314,0.5277238009056654,2.414290977740386
2024-03-18,0.7409283528673483,0.5246708429964171,2.431319837868369
2024-03-19,0.7478124926010057,0.519796002691838,2.445385371990942
2024-03-20,0.7477412449648206,0.5198455261176388,2.4681060231015106
2024-03-21,0.746743517077878,0.5205391676437717,2.4678708749571032
2024-03-22,0.7444060900489948,0.5221685387627928,2.4645779395868814
2024-03-25,0.7459739730123192,0.5232683405602986,2.4568634151765156
2024-03-26,0.7394758236319897,0.5187101710182337,2.45168872041869
2024-03-27,0.7394899033323861,0.5187002947199598,2.473045282598757
2024-03-28,0.7382943307243347,0.5195389050395338,2.4730923696508733
2024-04-01,0.7334697153391083,0.5229339946266612,2.4690939898474284
2024-04-02,0.7326538653826016,0.5223523268797184,2.4529589223611312
2024-04-03,0.7416642091338888,0.5287763345139553,2.455687387338306
2024-04-04,0.7494029209119916,0.5232589486168202,2.4254867857294364
2024-04-05,0.7492015209072383,0.5231183241919644,2.450794927777004
2024-04-08,0.7501360272205948,0.5224658196748915,2.4514535722742825
2024-04-09,0.742861443990313,0.5275325288480063,2.4545113595000965
2024-04-10,0.737297665416511,0.5235814903269838,2.4307082804232065
2024-04-11,0.7476081752762012,0.5309033528142575,2.448913455505571
2024-04-12,0.7568711490465927,0.5374813223902517,2.4146673870411406
2024-04-15,0.7583193508826949,0.5385097424045919,2.3847493077449657
2024-04-16,0.7627255738451687,0.5416387592096319,2.3801863139903885
2024-04-17,0.7644844090149678,0.5428877710845341,2.3663562151283952
2024-04-18,0.7711105184692268,0.54759320882815,2.3608994287321314
2024-04-19,0.7639965867172386,0.5425413509917546,2.340436515635665
2024-04-22,0.7547912306593587,0.5360042978179154,2.3620283695182254
2024-04-23,0.7544941500447949,0.5362152654070135,2.390488329337753
2024-04-24,0.7513007374148536,0.5384848079883793,2.389547449643951
2024-04-25,0.7439484681498453,0.5332151668097087,2.379433638946964
2024-04-26,0.746599395951994,0.5313151495763396,2.402718904008666
2024-04-29,0.734728694249386,0.5397628977059172,2.4112805646828592
2024-04-30,0.7324273623016933,0.5414535538765447,2.3729419423107525
2024-05-01,0.7257273455274132,0.5365005058608808,2.365509365980739
2024-05-02,0.7166031461157117,0.5297553588988411,2.3871483069154156
2024-05-03,0.724064241274037,0.5242396768022699,2.4171607038739076
2024-05-06,0.72499860184575,0.523563177596523,2.442327584765128
2024-05-07,0.7249288886902219,0.5236135214746157,2.445479258979002
2024-05-08,0.7209543025067866,0.5207426922106957,2.445244110834594
2024-05-09,0.7199472872573058,0.5200153287283106,2.458650713343717
2024-05-10,0.7201948755471627,0.5198364965996006,2.4620849098702857
2024-05-13,0.7234824517608656,0.5174635248397875,2.462931615459856
2024-05-14,0.7145139458648447,0.5110488914755559,2.474174510501023
2024-05-15,0.712836620021449,0.5122485818635064,2.5048451212825364
2024-05-16,0.7140443273889642,0.5113807162559607,2.4989649820914877
2024-05-17,0.7132123803226941,0.5107848965423696,2.503198797155511
2024-05-20,0.7114720379703454,0.5095385068092154,2.5061153232249778
2024-05-21,0.7134969569733683,0.5109887032331722,2.5122306105604344
2024-05-22,0.7187088951957191,0.5147213632361914,2.5050805565431156
2024-05-23,0.7139368855655812,0.5113037691050768,2.4867814944726905
2024-05-24,0.7133868621952085,0.5109098561023263,2.503292971259743
2024-05-28,0.7082832077417072,0.5145649659741435,2.5052215305832917
2024-05-29,0.7128778294247954,0.5179029405642237,2.487298877813622
2024-05-30,0.706581165439112,0.5133284389324902,2.4711638103273246
2024-05-31,0.706141244079012,0.5130088377938258,2.492990955912379
2024-06-03,0.7071799415482013,0.5122542281658566,2.4945431059351724
2024-06-04,0.715648983307548,0.5061195767216417,2.498212450606149
2024-06-05,0.7156223250313435,0.5061384299245155,2.528130529902324
2024-06-06,0.7147168376679447,0.5067788542606443,2.528036355798092
2024-06-07,0.7168474678834997,0.505268104432761,2.524837594532102
2024-06-10,0.717220358649434,0.5055309355354786,2.5323643449663473
2024-06-11,0.7112484656151526,0.5013216620031112,2.5310470559717904
2024-06-12,0.7127429271463781,0.5002682946148447,2.5521216700715055
2024-06-13,0.7129920174042731,0.5000934602478153,2.5574841388054517
2024-06-14,0.7071581203233657,0.4960015578047247,2.558377931447138
2024-06-17,0.708873449953392,0.4947984235350474,2.579311284390506
2024-06-18,0.7066809357876758,0.4963288131311677,2.5855678328823095
2024-06-20,0.7054815196262921,0.49717120857398,2.577570786159249
2024-06-21,0.7072871380491978,0.49844367492294267,2.5731959970550493
2024-06-24,0.7046037385598278,0.4965526133853937,2.566610126314606
2024-06-25,0.7035230234145434,0.4957910052639083,2.5763476712689237
2024-06-26,0.7024969718380029,0.49506791998360483,2.5802992511364238
2024-06-27,0.6998241444924655,0.4969515310559321,2.584062482795461
2024-06-28,0.7013331761506518,0.4958799538620766,2.5742307637369115
2024-07-01,0.6968572070094409,0.49271520499989674,2.579781580679321
2024-07-02,0.6938015907918862,0.49055472139451867,2.5962459704142575
2024-07-03,0.6980945828751128,0.4875193470695154,2.6076301266117716
2024-07-05,0.6989080795509902,0.4869512358450541,2.623765194098069
2024-07-08,0.6995589380051619,0.48649776229410774,2.626822694207711
2024-07-09,0.706217479723586,0.48186717940799306,2.6292689239883624
2024-07-10,0.700222324720658,0.48595780094359325,2.6542948308394063
2024-07-11,0.7047030115482391,0.4828481818403793,2.6317622408211294
2024-07-12,0.7066680387802414,0.4815017851162407,2.6486027527406493
2024-07-15,0.7108609575565472,0.4786448597073551,2.655988242018547
2024-07-16,0.7009357480896146,0.4853278128817643,2.671747187320261
2024-07-17,0.7064804204277244,0.489166943224788,2.634443618746188
2024-07-18,0.71108347259604,0.4923540958953686,2.6136041527908804
2024-07-19,0.7037017958054127,0.4872430239291301,2.596575292662897
2024-07-22,0.7048752326995865,0.48805551146876025,2.623530045953661
2024-07-23,0.6889617904576236,0.4990739766273167,2.6191552568494614
2024-07-24,0.6925951615730153,0.501705938219725,2.5600245426903343
2024-07-25,0.6848547543148897,0.4960988989259178,2.54652376607698
2024-07-26,0.6843793197185459,0.4957545009666843,2.574983582338422
2024-07-29,0.6806935989316778,0.49842438390550214,2.5767711676217946
2024-07-30,0.6913134284407585,0.4906482244285327,2.5628939817076852
2024-07-31,0.6822303263290455,0.4970948052991905,2.6028789282068168
2024-08-01,0.669386619235138,0.506453140498858,2.5686799467945023
2024-08-02,0.6888646694994988,0.5211900943663432,2.5203218313877267
2024-08-05,0.6823227163351312,0.516240499274532,2.446984609065851
2024-08-06,0.6870394188316675,0.5198091227329739,2.4702229306335224
2024-08-07,0.702954293663978,0.5077680419765649,2.4531469834534234
2024-08-08,0.7059580484796397,0.5055983266549947,2.5099727289882465
2024-08-09,0.7063005995575334,0.5053529958564439,2.52069795357231
2024-08-12,0.7180523530387194,0.4969447008160544,2.521921068462636
2024-08-13,0.7203973805233705,0.495321770431057,2.563881948453603
2024-08-14,0.7327287368612366,0.48684313153227227,2.572255117361247
2024-08-15,0.7343887426011515,0.4857401825797805,2.616285530715939
2024-08-16,0.7412131481010952,0.4812263770415856,2.6222127569591036
2024-08-19,0.740106531215186,0.48194483870965427,2.6465800193128692
2024-08-20,0.7429917601414545,0.48006602649700186,2.6426287265615405
2024-08-21,0.7367074756720771,0.48412646382138963,2.652930741908905
2024-08-22,0.7446648728827067,0.47889726946675126,2.630492038878688
2024-08-23,0.7425569775878932,0.4802528662429228,2.658904768088014
2024-08-26,0.7439139140760284,0.47937526000204767,2.6513783047699397
2024-08-27,0.7482614983784881,0.4821768265757298,2.656223390162955
2024-08-28,0.7481414976097742,0.482099498542722,2.6406998801218204
2024-08-29,0.7410791755534287,0.4775485654200585,2.6411233764746913
2024-08-30,0.7260549276663399,0.48723013287152084,2.666055109221504
2024-09-03,0.7275717819645254,0.4882480408741937,2.6120049157159713
2024-09-04,0.7295938801542176,0.4896050004265648,2.606547985761622
2024-09-05,0.741728253922636,0.4977479553439043,2.5993037576400715
2024-09-06,0.7334014705503735,0.49216014151017706,2.5560729628228342
2024-09-09,0.7306919021463291,0.49034184467997666,2.584767927228684
2024-09-10,0.7385751763754307,0.4850516543600055,2.5943174110907092
2024-09-11,0.7448287473113171,0.4809446859360255,2.6223069310633353
2024-09-12,0.7486445156631086,0.4784807994142155,2.644510198832973
2024-09-13,0.7498899411788535,0.4776848112196628,2.6580580624984433
2024-09-16,0.7501682029280697,0.4775075566602337,2.6624799386547586
2024-09-17,0.7479290894220986,0.47893282850613167,2.663467905400677
2024-09-18,0.7607542793786338,0.4707202792298923,2.655517945729732
2024-09-19,0.7591643624209647,0.4717040478060975,2.7010537091712727
2024-09-20,0.76127101654152,0.4703950858405696,2.695408718124632
2024-09-23,0.7634836058237936,0.4690279102844932,2.7028883815067615
2024-09-24,0.7587271170626352,0.47194994550164854,2.710744167073474
2024-09-25,0.755481053454589,0.4699308011894705,2.693856280985667
2024-09-26,0.7541149083420381,0.47078058248358307,2.7053814112233567
2024-09-27,0.7577273876067305,0.46852537565286173,2.7004892387782258
2024-09-30,0.7648866807304474,0.47295217948107354,2.7134255449985334
2024-10-01,0.7645788084254992,0.47276181287998686,2.6877880807023264
2024-10-02,0.7660367594466915,0.47366330735024104,2.6888699344363043
2024-10-03,0.7590814655247791,0.4693626422946559,2.683742613846766
2024-10-04,0.7522777344194818,0.47356959155383316,2.7081098762005316
2024-10-07,0.7594111053753521,0.46907903252834193,2.6838367879509977
2024-10-08,0.764566637227784,0.4658945230098612,2.709285904038741
2024-10-09,0.7632217613628116,0.46671403339536616,2.7276788530972262
2024-10-10,0.7678630357335147,0.4638758702410852,2.722880854756327
2024-10-11,0.7741921852473009,0.46005235015746904,2.739439131479324
2024-10-14,0.7680476533646706,0.46370364810013504,2.762019095665888
2024-10-15,0.7714627576271385,0.46164180167926355,2.7400977759766025
2024-10-16,0.771238625062723,0.46150768119213853,2.752281550711571
2024-10-17,0.7741509775745552,0.45976493515884637,2.7530811692490254
2024-10-18,0.7730045036950319,0.4604458210637273,2.763477358700621
2024-10-21,0.7723982897459674,0.46080691686353575,2.759384804792945
2024-10-22,0.779435342236031,0.46500516860075747,2.7572208102088176
2024-10-23,0.7777711609962992,0.46401233079108917,2.7321007292535415
2024-10-24,0.7779448875113424,0.4641159747023164,2.737934068508646
2024-10-25,0.780284470766242,0.4627201972119359,2.7373225110634833
2024-10-28,0.781487636052706,0.46200670245522946,2.7455547059309517
2024-10-29,0.7789742486567302,0.46349258882020455,2.749788233878804
2024-10-30,0.7636934375322252,0.4725847285405901,2.740944481566173
2024-10-31,0.7603779399452733,0.47053304988250216,2.6871765232571634
2024-11-01,0.7619020402550352,0.47147618556464826,2.6988426275350292
2024-11-04,0.7711102576438872,0.4657780052462273,2.6934330717489674
2024-11-05,0.7519618890955918,0.454211710001503,2.7259854419180853
2024-11-06,0.7578243313222643,0.45067058651216696,2.7936776731933195
2024-11-07,0.7611417295534615,0.4486977628052012,2.815457731726258
2024-11-08,0.7617242024246476,0.4483543914407783,2.8277824805014022
2024-11-11,0.759394388221696,0.449725730864955,2.82994647508553
2024-11-12,0.7599641868788878,0.4493882868154256,2.821290783865191
2024-11-13,0.7649909810816602,0.4523607721956053,2.8234076913972026
2024-11-14,0.7747036549146611,0.4581041505410179,2.8047322200260227
2024-11-15,0.7714793259336474,0.45619751375217404,2.769122062631091
2024-11-18,0.7687907475517686,0.4546076814234119,2.7806471928687806
2024-11-19,0.7684407829155528,0.4544007374502217,2.7903376507709825
2024-11-20,0.7723772265084479,0.4520730071796391,2.791607852713424
2024-11-21,0.774928205082702,0.4505799173839611,2.8059082478642323
2024-11-22,0.777220110392204,0.4492472952155667,2.8151754965297346
2024-11-25,0.7818040790790936,0.44659767832274233,2.823501578385263
2024-11-26,0.7792919852047351,0.44803268655823114,2.840154316328663
2024-11-27,0.7835003845950713,0.4456131820326366,2.8310283288195084
2024-11-29,0.7856240266401873,0.4444053678339091,2.846316690716235
2024-12-02,0.7859477496702132,0.44422224684046113,2.8540315022427722
2024-12-03,0.7907906335539693,0.4414850206559822,2.855207530080982
2024-12-04,0.7895345470998186,0.44218627245465897,2.872800860602012
2024-12-05,0.7909589758522981,0.44138850769217985,2.8682377232893495
2024-12-06,0.7868800340603951,0.4436647294501432,2.873412418047175
2024-12-09,0.7846010112835822,0.44494970553279706,2.8585943524392636
2024-12-10,0.7785538081782603,0.44152031759891186,2.8503150705196796
2024-12-11,0.7826851469549145,0.44386321283571667,2.8722834772610812
2024-12-12,0.7825434100577203,0.44394359227668445,2.857041915300299
2024-12-13,0.7858811488104618,0.4420500644379364,2.8565245319593675
2024-12-16,0.7797211783106457,0.4455149844967788,2.868708306694336
2024-12-17,0.8026469247935089,0.458614235707345,2.8462225166120034
2024-12-18,0.803234624097327,0.4589500337509439,2.7625364790068194
2024-12-19,0.7943376268330694,0.45386649144311336,2.760513745579039
2024-12-20,0.78856749362939,0.4505695682912359,2.7910904693724925
2024-12-23,0.7974342868907874,0.44550328386512045,2.811365177818582
2024-12-24,0.7970516698627684,0.4457170408420243,2.8429766682938977
2024-12-26,0.7884223713636586,0.450542606783349,2.841612579363396
2024-12-27,0.7970649579725606,0.45548139802209936,2.8108477944776507
2024-12-30,0.800166991432452,0.4572540497023546,2.780035635423618
2024-12-31,0.8018388501391269,0.45820943048204504,2.7692162367353226
2025-01-02,0.8116118427579688,0.4526246706749993,2.7634302716485055
2025-01-03,0.8166485050324519,0.4498157939642526,2.7971115826037174
2025-01-06,0.8074624301522296,0.45487554922027684,2.8144697649803403
2025-01-07,0.8083086913855723,0.45439881676942095,2.7828111874529085
2025-01-08,0.8204021126451204,0.46119725450688126,2.785727713522375
2025-01-10,0.8192066971067966,0.4605252397036864,2.7440493558441026
2025-01-13,0.818070822148805,0.4598866962333389,2.748047735647547
2025-01-14,0.8329501973115069,0.45152210663996173,2.7518580543586997
2025-01-15,0.8315377637089898,0.45228775265067883,2.801909868060788
2025-01-16,0.8394249609215951,0.44799776985291573,2.797158669655833
2025-01-17,0.8470324539454496,0.4439376810212509,2.823689926593726
2025-01-21,0.8520667879280253,0.44129913919997726,2.8492803038378174
2025-01-22,0.8568215030755848,0.4388365954986068,2.866214989861569
2025-01-23,0.8542903380717992,0.44013297733416923,2.88220908330769
2025-01-24,0.8423756395316394,0.4462714662164804,2.8736946532436987
2025-01-27,0.8352156561390394,0.4424782697649806,2.8336155326403354
2025-01-28,0.8387628267940035,0.44435748014906895,2.8577005597975775
2025-01-29,0.8429642386588204,0.44213166764322104,2.8455638721147247
2025-01-30,0.8384161790017568,0.4445171083398723,2.8598174673295893
2025-01-31,0.8328975732310497,0.44744299972973456,2.844387844276515
2025-02-03,0.827337329102485,0.44445596699957135,2.8256655729693905
2025-02-04,0.8239442179067351,0.4426331452017442,2.8445291054328625
2025-02-05,0.8269704376714686,0.44100742207216304,2.8561952097107284
2025-02-06,0.8193710537692857,0.4450600272819394,2.866685573266556
2025-02-07,0.8247313149980197,0.44214847945788066,2.8403423774209546
2025-02-10,0.825382659997058,0.44179928548926317,2.8589236746879028
2025-02-11,0.8281237920854575,0.44326652033290637,2.8611815562600906
2025-02-12,0.8192990495797525,0.43854293559748064,2.8516794465663526
2025-02-13,0.8193124352387401,0.43853577070916505,2.8820678221513427
2025-02-14,0.8217194868801957,0.437247399873667,2.882114909203459
2025-02-18,0.8235515265242943,0.4362725482562508,2.8905822522153346
2025-02-19,0.8267475158472903,0.4379656085703125,2.8970268617994304
2025-02-20,0.8410194782929623,0.4455261135590762,2.8857842538744354
2025-02-21,0.8450231968653077,0.44764706464446824,2.835967588316755
2025-02-24,0.8491356190211948,0.44982560094204066,2.822466811703401
2025-02-25,0.8488511722395774,0.44967491659714814,2.808730886945639
2025-02-26,0.8623525212563343,0.45682719274591177,2.809671766639441
2025-02-27,0.8759381140570569,0.44963028884876605,2.7649827087874703
2025-02-28,0.8909762455047197,0.45734955494536367,2.8085425387371754
2025-03-03,0.8802261084878091,0.46286773840434076,2.760325397370576
2025-03-04,0.8705843667770439,0.4577976193327676,2.7270204957161193
2025-03-05,0.8862117165027515,0.4660152760860064,2.756891487960178
2025-03-06,0.8816384861011531,0.4636104385189563,2.7074041446511368
2025-03-07,0.9046048967398217,0.47568734745074026,2.721375504669478
2025-03-10,0.9123112939480362,0.4797397637703832,2.6504845121282536
2025-03-11,0.9076733646476656,0.4773009042257262,2.6279048350578607
2025-03-12,0.8956784207708295,0.4836084569000002,2.6412643505148674
2025-03-13,0.9142690100287649,0.47357074026487744,2.6063599246693303
2025-03-14,0.9208161108599592,0.47017948960100564,2.6604572052269786
2025-03-17,0.9084008422217503,0.4765188711590898,2.6795087987827424
2025-03-18,0.9182296335607516,0.4713629924588191,2.643381258046879
2025-03-19,0.916176554303793,0.4724169179116085,2.6719823354646683
2025-03-20,0.9159179460409859,0.4725502665744704,2.6660080221693883
2025-03-21,0.8995259710219398,0.46409314200516355,2.665255490684049
2025-03-24,0.9014601130302045,0.46309525859699474,2.7129549615935464
2025-03-25,0.891259434560471,0.46833551910938387,2.718788300848651
2025-03-26,0.8884519441846411,0.4698107881630094,2.688023228846734
2025-03-27,0.9063888098945981,0.47929575026087795,2.679555885834858
2025-03-28,0.9002500291919969,0.4760495809895667,2.6254586052772098
2025-03-31,0.897237972994993,0.4744568144869233,2.6432402840067035
2025-04-01,0.8917951790425129,0.4715786809723749,2.6520840363193345
2025-04-02,0.8491393133140388,0.4941349779435762,2.6681720167535157
2025-04-03,0.9001754389907477,0.5238341503174967,2.5405494527817
2025-04-04,0.9023566376282021,0.5251034432635536,2.387853894906724
2025-04-07,0.9158640405043063,0.5329637320496298,2.382067929819907
2025-04-08,0.8287394194829685,0.48226377974298223,2.3464106853728595
2025-04-09,0.7996254396510823,0.49920591816068416,2.5696208264883045
2025-04-10,0.8146754732954647,0.4898101867453962,2.479348918142677
2025-04-11,0.8215633622420757,0.4856689571615795,2.526013622370312
2025-04-14,0.8195455359886394,0.4868617995122476,2.5473704716665506
2025-04-15,0.8012639801290115,0.4977221981025042,2.541113923174747
2025-04-16,0.8004599424364509,0.4972227529538104,2.4844294387962713
2025-04-17,0.8190682149359786,0.508781678003535,2.4869224685128666
2025-04-21,0.7984479610657998,0.4959729678453116,2.429109043348297
2025-04-22,0.7856729586557745,0.4880375028325715,2.490262490935204
2025-04-23,0.8022818609688974,0.4777205291854767,2.530106176277988
2025-04-24,0.8080811483600974,0.47426733053272774,2.583591899390474
2025-04-25,0.8084317179353483,0.47406157929480114,2.6022673707616537
2025-04-28,0.8135736427939121,0.47104637224021983,2.6033963115477476
2025-04-29,0.81209825486633,0.4701921457825535,2.6199548753869157
2025-04-30,0.8166829556731344,0.467537675960454,2.6247060737918706
2025-05-01,0.8286615958616734,0.46068009976639723,2.639523852283611
2025-05-02,0.8240476682423861,0.4632451331245053,2.6782388839564724
2025-05-05,0.817308800335576,0.46703344280719294,2.663326644244329
2025-05-06,0.814063025114622,0.4651787147345257,2.641546585711391
2025-05-07,0.8089225205089334,0.4622412845211532,2.6520369492672184
2025-05-08,0.8082951468935584,0.4625997836091291,2.6687835741986783
2025-05-09,0.8351294889909425,0.44724207560450846,2.6667137537187826
2025-05-12,0.8411607694792141,0.44401210655218004,2.755245163833153
2025-05-13,0.8416455937837299,0.44375618893385244,2.775143462978487
2025-05-14,0.8457804810895023,0.44157607672744076,2.776742987169568
2025-05-15,0.8402767548884278,0.438702619751794,2.790384737823098
2025-05-16,0.8413323082673633,0.4381515227115238,2.8085425387371754
2025-05-19,0.8444567050364584,0.4397786552826635,2.8120706222518046
2025-05-20,0.8304194938040792,0.4470889955794203,2.8016276328642644
2025-05-21,0.8302918450292938,0.44702027084098195,2.7550568156246897
2025-05-22,0.8356215114346157,0.4498897063705036,2.7554803119775606
2025-05-23,0.8184783449627586,0.4406600084453707,2.7377928073522986
2025-05-27,0.8136551739427997,0.44325675226329686,2.793959908389843
2025-05-28,0.8168798452900061,0.4415000408279688,2.7774955186549066
2025-05-29,0.8160116677776593,0.441969265781133,2.7885032655516655
2025-05-30,0.8207521592302245,0.4394017148385859,2.7855396524300833
2025-06-02,0.8253547953308485,0.4369376260480197,2.801721806968496
2025-06-03,0.8251343445209415,0.4370543313171793,2.8174333781019225
2025-06-04,0.8212895343635692,0.43909083718259384,2.8166808466165834
2025-06-05,0.8295854154329152,0.43465556166586744,2.803556192187813
2025-06-06,0.8303709133778684,0.43424400543054853,2.831875034409079
2025-06-09,0.8351389927227074,0.4317505295156819,2.8345564123341376
2025-06-10,0.832768704941711,0.43297592195151263,2.850832740976782
2025-06-11,0.8358004292618563,0.43139965758803656,2.84274152014949
2025-06-12,0.8450609613570795,0.4361794952563308,2.85309062254897
2025-06-13,0.8394674720353603,0.43329240727021545,2.8214788449574826
2025-06-16,0.8464194683456263,0.43688069069626095,2.840154316328663
2025-06-17,0.8466173959332377,0.43698285132041637,2.8166337595644677
2025-06-18,0.8493894194406337,0.4384136354526676,2.815975115067189
2025-06-20,0.8583152540687927,0.43380655238897986,2.8067549534538028
2025-06-23,0.8489481150827526,0.4290722473069956,2.8362498235132785
2025-06-24,0.8495749087511131,0.42875545554657685,2.867202956607487
2025-06-25,0.856260509518897,0.42538142957986425,2.869319864139499
2025-06-26,0.8600211865170336,0.42351316385947696,2.8918995412098916
2025-06-27,0.8648125493194836,0.42115368103338263,2.9046006992857913
2025-06-30,0.864492138993151,0.4213097171460435,2.920782853824204
2025-07-01,0.8683224408406551,0.4194430218747187,2.9197007129740546
2025-07-02,0.8617064649222387,0.41624717572201037,2.9326370191943623
2025-07-03,0.8557530180740156,0.419122987308973,2.9549815481203474
2025-07-07,0.8550671316990172,0.4194589145454213,2.9345658656340823
2025-07-08,0.8499915557787554,0.41696905674679957,2.9322138099576627
2025-07-09,0.8524586449218522,0.41575880962620926,2.949619079386401
2025-07-10,0.8491917251145151,0.4173521428610048,2.9581803093863375
2025-07-11,0.8474294831244817,0.416486054027319,2.9468435273571107
2025-07-14,0.8511418976828122,0.41831059391069886,2.952958814692567
2025-07-15,0.8542196893766831,0.41679795204110975,2.9400225084722598
2025-07-16,0.8492080955936391,0.4143526536580218,2.9506538460682634
2025-07-17,0.848858132205521,0.41452341069543386,2.9679649413927702
2025-07-18,0.8502848491448278,0.4138267011401613,2.966741826502445
2025-07-21,0.8502983219137601,0.4138201440534061,2.9717281730518073
2025-07-22,0.8578222883052093,0.4101584070186266,2.9717752601039233
2025-07-23,0.8581587789243952,0.40999751768499243,2.9980713688974086
2025-07-24,0.8614967395783895,0.40840275967997247,2.999247396735618
2025-07-25,0.8613082851153981,0.4084920987560522,3.010913501013484
2025-07-28,0.8592624780134485,0.40946236230879796,3.0102548565162057
2025-07-29,0.8580645516928995,0.41003320736910814,3.003104802498887
2025-07-30,0.8615774940409527,0.41171189577947676,2.998918074486979
2025-07-31,0.847667950846227,0.418358685462048,2.9866404127639505
2025-08-01,0.8347490948546746,0.41198270344585425,2.9384232713973506
2025-08-04,0.838763751205666,0.413964099996126,2.9832062162373814
2025-08-05,0.8449701975456552,0.41090096574692325,2.9688587340344568
2025-08-06,0.8454353180260114,0.41112714941011297,2.9908268536596867
2025-08-07,0.8518348865140356,0.40801510015709697,2.989180529532662
2025-08-08,0.8501451607143121,0.4088244514202667,3.0118072936551705
2025-08-11,0.8591391664176076,0.4044993436414598,3.00583298035989
2025-08-12,0.8622923792589793,0.40301475002199405,3.037632819043669
2025-08-13,0.862319014690655,0.4030023012608816,3.0487815399806037
2025-08-14,0.8603764959067649,0.4039101318048144,3.0488757140848355
2025-08-15,0.8599773704595502,0.4040975042083587,3.042007608147869
2025-08-18,0.864527562968965,0.40623560865143205,3.0405964321652514
2025-08-19,0.8668403630602523,0.40732237764876345,3.02450845173107
2025-08-20,0.870260475458796,0.4089294651511068,3.016417230903778
2025-08-21,0.8569075055618189,0.4026549956191302,3.0045159784815043
2025-08-22,0.8531284108608925,0.40443076645830395,3.050616212316092
2025-08-25,0.8565903900134806,0.40278959396384795,3.037162522754854
2025-08-26,0.8545555114783515,0.401832744682691,3.049487271529998
2025-08-27,0.8514781293855324,0.40038568492333654,3.0567314996515487
2025-08-28,0.8464904693468852,0.4027310037422469,3.0677392465483075
2025-08-29,0.8400926659176958,0.4057748582097059,3.0497695067265216
2025-09-02,0.8355750271120194,0.40359278435025425,3.026719246251142
2025-09-03,0.8286902430087288,0.40026735085148013,3.0429955748937867
2025-09-04,0.8264793547046299,0.4013352364842315,3.0680685687969467
2025-09-05,0.8285758559643378,0.4003171834329788,3.0598831738654226
2025-09-08,0.8304817380002399,0.3993963777842553,3.067645072444076
2025-09-09,0.832857731400955,0.39825371188991554,3.074701239473334
2025-09-10,0.839795169929833,0.39493638584374147,3.0834979047338495
2025-09-11,0.8395028819499618,0.39507384216943764,3.109182456082172
2025-09-12,0.8438864261426448,0.3930109265037997,3.1081003152320226
2025-09-15,0.8402398447179948,0.3947091957256712,3.1243295568225515
2025-09-16,0.8393123402766948,0.39514489814368775,3.110828780209197
2025-09-17,0.8353353935577357,0.3932725675096977,3.1073948707987995
2025-09-18,0.8393251462669772,0.3913942078666213,3.1221187623024793
2025-09-19,0.8433652922946094,0.38951020646241746,3.137030714898451
2025-09-22,0.8388594689863598,0.39159123135532525,3.152131015702886
2025-09-23,0.8360402086434603,0.39290730117393413,3.1352902166671943
2025-09-24,0.8398664135251804,0.3947054728626553,3.1247530531754224
2025-09-25,0.8352048080347236,0.3925146944605437,3.110452370908442
2025-09-26,0.8328558046229304,0.39141075163406935,3.1277166662970046
2025-09-29,0.8360285135627354,0.38991969834014717,3.13651333155752
2025-09-30,0.839201298742092,0.38843992651423087,3.1484616710319093
2025-10-01,0.8400256770135354,0.3880583477015439,3.16041029762247
2025-10-02,0.8399257269613887,0.38810452063786016,3.1635148847842283
2025-10-03,0.843011065375061,0.38667887817019125,3.163138475483473
2025-10-06,0.8399257269613887,0.388094085212632,3.1747577798253945
2025-10-07,0.8449221622150008,0.38578544421399297,3.163138475483473
2025-10-08,0.8472954232167356,0.3868690582919925,3.181954920894829
2025-10-09,0.8242828247620673,0.3973764469182756,3.173017281594138
2025-10-10,0.8116837232423387,0.39130257755466546,3.086837927156187
2025-10-13,0.8125974659592358,0.39174308149740233,3.134020014724753
2025-10-14,0.8091784110679168,0.39009479786984635,3.130491931210124
2025-10-15,0.8039717513957467,0.3926048634185696,3.14366367269101
2025-10-16,0.8084639845214614,0.39041116373981377,3.123435764180865
2025-10-17,0.8001091773344571,0.38637658698791205,3.1408881206617196
2025-10-20,0.7999193660257248,0.38646824778585964,3.173346603842777
2025-10-21,0.7960409027623231,0.3883420652794349,3.172593785241267
2025-10-22,0.8005598163111383,0.3861375501417372,3.1572112492403086
2025-10-23,0.7939770848368282,0.3829624722113416,3.1751339020099785
2025-10-24,0.8034041402794138,0.37841547894552474,3.201241949711172
2025-10-27,0.8054342948594373,0.3774592454893891,3.239250962718468
2025-10-28,0.8058659759799291,0.3772569421716972,3.2474363576499914
2025-10-29,0.7971388535187548,0.38134244476368473,3.2491768558812484
2025-10-30,0.7948054112626879,0.38022615169790897,3.213989907723016
2025-10-31,0.7931119165273353,0.37941600247519436,3.223398130428694
2025-11-03,0.784010683434335,0.3837699321108262,3.2302662363656607
2025-11-04,0.781585257615258,0.3825826963733619,3.1931978159359953
2025-11-05,0.7900678456612628,0.38673488754539964,3.203076334930489
2025-11-06,0.7891059419296961,0.38626403971441925,3.1683131702412988
2025-11-07,0.7768423738040415,0.38026107469562287,3.1721705760045675
2025-11-10,0.7783623969014027,0.37951702978245166,3.2214695711051453
2025-11-11,0.7789069437566796,0.3792515174633639,3.2277729195328937
2025-11-12,0.7662132899987812,0.385432085615214,3.230031088221253
2025-11-13,0.7663721190497672,0.385511982183411,3.1773920706983376
2025-11-14,0.77354434724568,0.38911986383743885,3.176733426201059
2025-11-17,0.7799501511433073,0.3923422072613026,3.147003407997176
2025-11-18,0.7770111574859376,0.3908637906509986,3.1209427344642697
2025-11-19,0.7888888776559436,0.3968386993575372,3.132703012846367
2025-11-20,0.7967203950241883,0.39289917218909154,3.0848151937284065
2025-11-21,0.7849551298310449,0.3870971832054521,3.115439004573976
2025-11-24,0.7923367954378908,0.38345694715222745,3.161445064304332
2025-11-25,0.7978029506498828,0.38081156301467484,3.1911750825082152
2025-11-26,0.8022646569797202,0.3786818775330734,3.2131902891855613
2025-11-28,0.7985037123611375,0.3804571041457282,3.231160029007347
2025-12-01,0.7971371200920881,0.37980597412694217,3.216012641150796
2025-12-02,0.7999656137548637,0.37845830286208093,3.221516658157261
2025-12-03,0.8006523296452611,0.37813342223476454,3.2329476142907194
2025-12-04,0.8021189717765835,0.37744075403437805,3.235722879203838
2025-12-05,0.7997328010119679,0.3785635776108564,3.241650105447003
2025-12-08,0.79909261925236,0.3788666156967417,3.2320067345969172
2025-12-09,0.7939594428372061,0.37643286880767235,3.2294195307760902
2025-12-10,0.7958785466308886,0.3755229813403553,3.2501645355109945
2025-12-11,0.7873519240083469,0.3795461363324523,3.2580206081938794
2025-12-12,0.7861798553183305,0.3801111367207758,3.2231158952321706
2025-12-15,0.7812270918364617,0.38250575487877986,3.2183178968912713
2025-12-16,0.789765217018106,0.3866862064427126,3.198043188445182
2025-12-17,0.7837868313238279,0.38375905893740686,3.1630913884313574
2025-12-18,0.7907165368079039,0.38036612459735075,3.1870354415484234
2025-12-19,0.7957374311206834,0.3779508746021065,3.2152130226133413
2025-12-22,0.7993699835827609,0.3762255235926075,3.235628992215778
2025-12-23,0.8021696862773158,0.3749078363716769,3.2503996836554023
2025-12-24,0.8020308662143273,0.37497271632207935,3.261783839852916
2025-12-26,0.7993005735512667,0.3762492074140674,3.261219369459869
2025-12-29,0.8004458743761261,0.37678832691662134,3.250117448458879
2025-12-30,0.8062236528423626,0.3795080604442442,3.2454604241581557
2025-12-31,0.8047523129257848,0.378815466824563,3.2220340414981923
2026-01-02,0.7993575374568702,0.37627602163770707,3.227914180689241
2026-01-05,0.8041019536776723,0.3740427155426192,3.249552978065832
2026-01-06,0.8014867509411802,0.37525922487800645,3.268840006882175
2026-01-07,0.8013941580172431,0.37530257724637067,3.258208669286171
2026-01-08,0.7961521696003032,0.3728476906676606,3.257832259985416
2026-01-09,0.7974655709554292,0.3722326089271632,3.279142022229539
2026-01-12,0.795912298358703,0.3729576292065488,3.2845515780156007
2026-01-13,0.792051911954363,0.3747665729358427,3.278154055483621
2026-01-14,0.7899618045911261,0.37377761960871103,3.2622541361417317
2026-01-15,0.7892119314590639,0.37413242890794773,3.270862740309955
2026-01-16,0.7732381914157193,0.38170491219531,3.2677578660320252
2026-01-20,0.7644673662715641,0.377375241107284,3.2016180718957554
2026-01-21,0.7604246646475065,0.37537958299627233,3.2379339608400817
2026-01-22,0.760732333826027,0.37522770374602815,3.2550569950722967
2026-01-23,0.7647435028284009,0.3732492131953134,3.256373996950683
2026-01-26,0.7677765964086716,0.3717688478333368,3.2735441182350136
2026-01-27,0.7678315301468901,0.37174224810021106,3.286527511507437
2026-01-28,0.7660622479164526,0.3725988382870464,3.286762659651844
2026-01-29,0.7683260679391797,0.37369991944964537,3.2791891092816545
2026-01-30,0.7644459692483687,0.3718127095413548,3.269498651379453
2026-02-02,0.7709791959556254,0.3749903529874462,3.2860098410503342
2026-02-03,0.7673278187327135,0.37676631690565915,3.2579264340896477
2026-02-04,0.777090666500271,0.38155998149867265,3.2424968110365735
2026-02-05,0.7619489667253441,0.3741252419823699,3.201241949711172
2026-02-06,0.7583137378154113,0.37234030499185866,3.2636185121884043
2026-02-09,0.7562033497076515,0.37337652853959263,3.2791891092816545
2026-02-10,0.7560945271149625,0.3734302598565732,3.2700631217725
2026-02-11,0.7444330476216633,0.37918979012868254,3.2695925383675135
2026-02-12,0.7439652897415573,0.37895152959879996,3.219164602480842
2026-02-13,0.7427918929080499,0.3783538397186196,3.221187335908622
2026-02-17,0.7389904795180081,0.3764175243573288,3.226267856562216
2026-02-18,0.7372002401399415,0.37732941360810557,3.242779046233097
2026-02-19,0.7423673390736537,0.37468467978335446,3.234923260666384
2026-02-20,0.7498821438340688,0.3784775220422879,3.257597111841008
2026-02-23,0.7553737236701151,0.37570583379029493,3.2246212453190193
2026-02-24,0.7490945419988145,0.37258271061111614,3.248235976187446
2026-02-25,0.7449630616992662,0.37463761562315206,3.2752375294141545
2026-02-26,0.7417031224715704,0.3762770202086016,3.257173615488137
2026-02-27,0.7416278016752009,0.37623880884888233,3.2429203073894444
2026-03-02,0.7481679563327578,0.3795567265327778,3.2432496296380835
2026-03-03,0.742792346832796,0.3768295999194903,3.2146485522202943
2026-03-04,0.7469149017297811,0.37892103330474397,3.23774589974779
2026-03-05,0.7370282071546238,0.38393670043859146,3.2197761599260044
2026-03-06,0.7305353411695079,0.38055440174429955,3.17715692255393
2026-03-09,0.731854111601102,0.3812413827352944,3.205146155410385
2026-03-10,0.7310686043210947,0.38165057341528325,3.1993601903235676
2026-03-11,0.7198344709817973,0.3875152944625619,3.19592628091317
2026-03-12,0.7238697190824377,0.3896876277127553,3.146815346904884
2026-03-13,0.7165679490136624,0.385756796817091,3.1291749293317377
2026-03-16,0.7166532843773973,0.3857108574241627,3.160739332754938
2026-03-17,0.7069057857356754,0.3909570708174435,3.161115742055693
2026-03-18,0.7089533788226379,0.39208950035990625,3.118120095382863
2026-03-19,0.7192831029619651,0.397802395590578,3.1090882819779404
2026-03-20,0.7115082200558439,0.39350246551748863,3.063787666680807
2026-03-23,0.7092277642311837,0.39476368072795676,3.0969047943591432
2026-03-24,0.7054342825973126,0.3926521886966426,3.0869789011963626
2026-03-25,0.6928918712241388,0.3996334276280394,3.103490377983415
2026-03-26,0.7046751490113076,0.406429569834846,3.0483112436917885
2026-03-27,0.7069540373907479,0.407743945153824,2.996471844706328
2026-03-30,0.68660039106104,0.3960047434323496,2.986781386804126
2026-03-31,0.6916982845744994,0.3930644741882217,3.0727726801497854
2026-04-01,0.692644315856741,0.39252688244220685,3.0955875053645863
2026-04-02,0.6895961140180633,0.3907994429218077,3.09982132042861
2026-04-06,0.6890543023722466,0.3904923940782173,3.11346307108214
2026-04-07,0.7063331782206488,0.38070032170628143,3.1159093008627914
2026-04-08,0.7105150854841664,0.37844635220625367,3.1940445215255657
2026-04-09,0.7101093647958712,0.3786624539015404,3.2129551410411534
2026-04-10,0.7173080180786331,0.3748238061495556,3.211120468705665
2026-04-13,0.7088297890476372,0.37039357256131605,3.243672838874783
2026-04-14,0.7144176057371696,0.367473701784956,3.2820114612468894
2026-04-15,0.71599234167501,0.3666637076865954,3.307884073687504
2026-04-16,0.7247499694167389,0.3621788772332289,3.3151753888611704
2026-04-17,0.7234597339113777,0.36282364586574667,3.355724805753349
2026-04-20,0.7185220887638125,0.3652999335296713,3.3497507795742396
2026-04-21,0.7259691418236647,0.36151381751417583,3.326888580191152
2026-04-22,0.7288341752765507,0.36294052991996323,3.36136979679999
2026-04-23,0.7231610785607298,0.3601154747864742,3.348104168331043
2026-04-24,0.7219311051982353,0.3595029799294627,3.374165128980121
2026-04-27,0.7183742224568884,0.36127421535008186,3.3799040070148223
2026-04-28,0.7184445640921637,0.36130959053239786,3.3632515561875937
2026-04-29,0.7112288713248317,0.3576807802810924,3.3629222339389546
2026-04-30,0.7112288713248317,0.3576807802810924,3.3966977189983982
2026-05-01,0.7112288713248317,0.3576807802810924,3.3966977189983982
2026-05-04,0.7112288713248317,0.3576807802810924,3.3966977189983982
2026-05-05,0.7112288713248317,0.3576807802810924,3.3966977189983982
2026-05-06,0.7112288713248317,0.3576807802810924,3.3966977189983982
2026-05-07,0.7112288713248317,0.3576807802810924,3.3966977189983982
2026-05-08,0.7112288713248317,0.3576807802810924,3.3966977189983982
2026-05-11,0.7112288713248317,0.3576807802810924,3.3966977189983982
2026-05-12,0.7112288713248317,0.3576807802810924,3.3966977189983982
2026-05-13,0.7112288713248317,0.3576807802810924,3.3966977189983982
2026-05-14,0.7112288713248317,0.3576807802810924,3.3966977189983982
2026-05-15,0.7112288713248317,0.3576807802810924,3.3966977189983982
2026-05-18,0.7112288713248317,0.3576807802810924,3.3966977189983982
2026-05-19,0.7112288713248317,0.3576807802810924,3.3966977189983982
