,MLP,LSTM,BuyAndHold
2015-05-29,0.9982595017687432,0.9982595017687432,1.0
2015-06-01,0.999056413202718,0.999056413202718,1.0017404982312568
2015-06-02,0.9962392313758687,0.9962392313758687,1.0009408079147593
2015-06-03,0.9882088037122274,1.00426965903951,1.0037633034380797
2015-06-04,0.9904031689017687,1.0064996881309636,0.9956722261688733
2015-06-05,0.9964997034306707,1.0126953065363689,0.9934612880907155
2015-06-08,0.9968320064114988,1.013033010268617,0.9873459289762162
2015-06-09,0.9850023339558989,1.001011076160252,0.9870166785066198
2015-06-10,0.981661921865093,0.9976163740498446,0.9987298698366015
2015-06-11,0.9741968346507899,1.0052027875317384,1.002116835752969
2015-06-12,0.9701416908238053,1.0093869952131238,0.9944961983306635
2015-06-15,0.9647502311341518,1.003777433901177,0.9903565573708715
2015-06-16,0.9634286165154577,1.0024023557848447,0.995860359040208
2015-06-17,0.9731087566328718,0.9923306233371222,0.9972245915287953
2015-06-18,0.9673370517093999,0.9982163370411533,1.0072442999005933
2015-06-19,0.9742449288480125,0.991087946991531,1.0012701301633986
2015-06-22,0.9746994254726482,0.9906255929024443,1.0084203277388029
2015-06-23,0.9624742013423021,1.0030505719123752,1.008890767585704
2015-06-24,0.9655191345573053,1.0062238746341359,0.9962366965619203
2015-06-25,0.9652447335782826,1.0059379053493922,0.9930849505690033
2015-06-26,0.9855397045059867,1.027088479741504,0.9933671857655267
2015-06-29,0.9832037112833307,1.0246540047865385,0.9724809198742747
2015-06-30,0.9755172659494018,1.016643511230017,0.9747859602776212
2015-07-01,0.9743494852523903,1.0178605236905816,0.9824065976999267
2015-07-02,0.9717803534638295,1.0205443839145723,0.981230569861717
2015-07-06,0.9658012507215074,1.0142652492286577,0.9786432942618469
2015-07-07,0.9820887141925323,1.0313700191638804,0.9846646228302003
2015-07-08,0.9803229188368978,1.029515616029559,0.9680590437179591
2015-07-09,0.9678169086558004,1.0163820530695702,0.9697996137282587
2015-07-10,0.9784782521829328,1.0051857223114757,0.9821713777764762
2015-07-13,0.9825573921449636,1.0009952426150737,0.9929908482438145
2015-07-14,0.9821865548093255,1.0013730387740822,0.9971304892036065
2015-07-15,0.9898812703813419,0.9935280110885341,0.9967541516818942
2015-07-16,0.9909473835150582,0.9924579703745315,1.0045629937545772
2015-07-17,0.9913182208506964,0.9920865677394479,1.0056449192675982
2015-07-20,0.9874708630646882,0.9959369075198579,1.0060212567893105
2015-07-21,0.989371377886088,0.9978537163338882,1.002116835752969
2015-07-22,0.9947225728444842,1.0032507895618117,1.0001881328713347
2015-07-23,1.0051651193675297,1.013782864866309,0.994778433527187
2015-07-24,1.0112177001506417,1.0198873372240436,0.9843353005815609
2015-07-27,0.9986255078768335,1.0071871862614623,0.9784081461174393
2015-07-28,0.9919389013095496,1.0004432523232452,0.990591777294322
2015-07-29,0.9922664066196287,1.000112939158658,0.9972245915287953
2015-07-30,0.9908626390370114,1.0015278072964697,0.9975538419983917
2015-07-31,0.9874936253981641,1.0049330833756505,0.9961425942367315
2015-08-03,0.9895524036009395,1.0070282202697924,0.9927556283203639
2015-08-04,0.985840439059319,1.003250701229416,0.9906858796195108
2015-08-05,0.9937685612159656,1.0113188365969181,0.9944020960054747
2015-08-06,0.9961856133648055,1.0137785746713124,0.986405121061457
2015-08-07,0.9835653767829058,1.0009354606146876,0.9840059783329217
2015-08-10,0.9924338725358238,1.0099605768814284,0.9964719164853707
2015-08-11,0.9914883516346679,1.0089983577742299,0.987487046574478
2015-08-12,0.9924792334473991,1.0100067388814267,0.9884278544892372
2015-08-13,0.9890749828298111,1.0065423680928691,0.987440031301405
2015-08-14,0.9832522448943685,1.000616798715352,0.9908269972177726
2015-08-17,0.9860366993173136,1.0034504275072758,0.9966600493567055
2015-08-18,0.9781024950015298,1.0115247524468196,0.9938376256124277
2015-08-19,0.9988715358488244,1.03300348193476,0.9858406506684101
2015-08-20,1.0295992908341633,1.0647812198647126,0.9649072977250422
2015-08-21,1.0725315946078042,1.1091805421939496,0.9352243665732749
2015-08-24,1.0851416964849685,1.0961395467514343,0.8962273150410185
2015-08-25,1.0424922276997985,1.1392212655120342,0.8856900797702038
2015-08-26,1.0168667107080525,1.1672244804243892,0.9205004750695952
2015-08-27,1.0169174793108113,1.1671662049834162,0.9431273109711468
2015-08-28,1.0081422252607344,1.1570944143260906,0.9430802239190309
2015-08-31,1.0386781774786862,1.1220468001480592,0.9349421313767514
2015-09-01,1.0181449890384557,1.1442280675374674,0.9066233609345287
2015-09-02,1.0172642608130051,1.145217861688873,0.9245460137041984
2015-09-03,1.0330370176328294,1.1274611749222492,0.9253457757997388
2015-09-04,1.0063122955124648,1.1566286549708744,0.9109982218177712
2015-09-08,1.0202923450084838,1.1405603569712237,0.9345657938550392
2015-09-09,1.0257607236309034,1.1466733263609812,0.921582472361659
2015-09-10,1.0207611222089203,1.1522622609545494,0.9265218036379486
2015-09-11,1.0247323754048303,1.147779404890792,0.9310377103404099
2015-09-14,1.0375707740683013,1.1621594029579831,0.927415524500592
2015-09-15,1.028266793520395,1.172580579757606,0.9390346852844277
2015-09-16,1.025663019642097,1.1696113749724164,0.9474550848022735
2015-09-17,1.0085601733008172,1.1501082016668736,0.9450559420737382
2015-09-18,1.003250652710129,1.156162895615658,0.9292972121091533
2015-09-21,1.0158803252919637,1.1416082488945751,0.934189456333327
2015-09-22,1.017589960529557,1.1396870248672506,0.9224291779512295
2015-09-23,1.0212286501848518,1.1356117415522502,0.9208768125913074
2015-09-24,1.0275635110270058,1.1285673422865736,0.9175839490001287
2015-09-25,1.0532195293561453,1.1003894787203268,0.9118920144594576
2015-09-28,1.053052367295246,1.1005641273742186,0.8891240609596441
2015-09-29,1.0326084587820281,1.1219304269351404,0.8892651785579059
2015-09-30,1.0354483799256078,1.1250160049332487,0.9065293303883828
2015-10-01,1.0506125319016628,1.141491875681656,0.909022503663064
2015-10-02,1.031590440178967,1.162159402957983,0.9223351474050835
2015-10-05,1.027714611859865,1.1577930089416582,0.9390346852844277
2015-10-06,1.0361897532968112,1.167340853637308,0.9355066017697984
2015-10-07,1.0266809945582946,1.1780531411382553,0.9432213415172926
2015-10-08,1.0259199573545623,1.1771798978687957,0.951876960958589
2015-10-09,1.0268318490990642,1.1782262374228367,0.9525825489498977
2015-10-12,1.0334686522568277,1.1706109149920527,0.9534292545394681
2015-10-13,1.0386521338433428,1.1764822494631895,0.947266880151896
2015-10-14,1.022737511164529,1.1584557413779013,0.9425157535259839
2015-10-15,1.0182127451190586,1.1533305346200124,0.9569573380540974
2015-10-16,1.0190100718286241,1.1524274019057361,0.9611910813390783
2015-10-19,1.0205050403997449,1.1541181042785356,0.9619437563825027
2015-10-20,1.0264524593478963,1.1608442091090438,0.9605325086208425
2015-10-21,1.0095640482383357,1.141744625821922,0.9549346046263172
2015-10-22,0.9982128995141426,1.1289072896713648,0.9706463193178292
2015-10-23,0.9959165650463394,1.1315042794733283,0.9815598921103562
2015-10-26,0.9940030259866728,1.1336783347214718,0.9793018669800827
2015-10-27,0.9828564821218665,1.1209655009008606,0.9774202511505642
2015-10-28,0.9833710450299019,1.1215523691552223,0.9883808392161643
2015-10-29,0.9789224760214822,1.1266260421456569,0.9878633840961902
2015-10-30,0.9669815276127369,1.112883397784394,0.9833944926668018
2015-11-02,0.964559509586014,1.110095936417134,0.9953899909723498
2015-11-03,0.9620586343601477,1.1129741532592574,0.997883164247031
2015-11-04,0.9608764339724785,1.1143418022033615,0.995295888647161
2015-11-05,0.9612402039491524,1.1147636713189548,0.9940728455358783
2015-11-06,0.9704776418864991,1.1254764569331137,0.993696508014166
2015-11-09,0.9681118933539915,1.1227328653639297,0.9841471677102263
2015-11-10,0.9718510134450555,1.1270691750845305,0.9865462386597187
2015-11-11,0.9581740984954349,1.1429304841089738,0.982735919948566
2015-11-12,0.9688737311487033,1.155693233955156,0.9689058210865725
2015-11-13,0.9538888970992094,1.1378190045626337,0.9580863506192342
2015-11-16,0.955134202526871,1.1393044314151606,0.9729043444481028
2015-11-17,0.9704866011081245,1.1209917632160737,0.9716342142847042
2015-11-18,0.9695617697218027,1.1220600194550023,0.9872518266510274
2015-11-19,0.9739547717269148,1.1169760608365265,0.9863110187362683
2015-11-20,0.9721051089542714,1.1190973390494765,0.9907799101656567
2015-11-23,0.9734923913138099,1.1175002854152867,0.9888982943361383
2015-11-24,0.973446174440533,1.1174472317196043,0.9903095420977985
2015-11-25,0.9742784930473465,1.1164917889354904,0.9903565573708715
2015-11-27,0.9703944571379047,1.1209427690523341,0.9912033347394847
2015-11-30,0.9608694642418941,1.1099400558427506,0.9872518266510274
2015-12-01,0.9707986478571515,1.121409666467839,0.996942284553229
2015-12-02,0.9845918707061949,1.1373427886129972,0.9866403409849075
2015-12-03,0.9653533348356489,1.1595660170255415,0.9726220374725364
2015-12-04,0.9713066662547325,1.1667170575332486,0.99162668753427
2015-12-07,0.9649549460157795,1.159087479146805,0.9855113284197707
2015-12-08,0.972558489403938,1.1682207262219695,0.979066718835675
2015-12-09,0.9701093649127281,1.165278879512593,0.9713519790881807
2015-12-10,0.9894168667369762,1.1884707225209028,0.9737980653107462
2015-12-11,0.9831260632517533,1.1809143163035958,0.9544171495063433
2015-12-14,0.9734478721514414,1.1692890376608163,0.9604854215687266
2015-12-15,0.9875167914280568,1.152389690964908,0.9699407313265205
2015-12-16,0.9729285460017046,1.1694135469484437,0.9839589630598488
2015-12-17,0.9547050175271959,1.1913173559782733,0.9694232762065464
2015-12-18,0.9464902417146116,1.1810666452128158,0.9512654035134263
2015-12-21,0.9377195713858035,1.1701222680550043,0.9594505831078215
2015-12-22,0.9495179205907887,1.1553998376479693,0.9683413506935256
2015-12-23,0.9421837984751422,1.1643242015993476,0.9805249818704083
2015-12-24,0.9399516501758829,1.167082627599235,0.9729513597211757
2015-12-28,0.9300665411520429,1.1548088696761658,0.9706463193178292
2015-12-29,0.9231973441506304,1.1633379471924459,0.9808542323400047
2015-12-30,0.9138301892681294,1.1751416712836023,0.9736099324394115
2015-12-31,0.9266319086201402,1.1916040666512513,0.9637312698868324
2016-01-04,0.9247052566156514,1.1891264848388687,0.9502304932734782
2016-01-05,0.9368110925421652,1.204694007590948,0.9522062114281855
2016-01-06,0.9592266493475601,1.2335193355308585,0.9397403450547792
2016-01-07,0.9698524917857063,1.2471836578395359,0.9172546985305322
2016-01-08,0.9688465926166954,1.248477195790565,0.9070938007814298
2016-01-11,0.961368030972592,1.2581142361033761,0.9080346086961889
2016-01-12,0.9379910967317533,1.2275215256976666,0.9150437604523745
2016-01-13,0.9231148521397884,1.2469896320814127,0.8927932620725352
2016-01-14,0.9425538769668941,1.2207304267821102,0.906952683183168
2016-01-15,0.9420545299518722,1.2213771464123149,0.8878540025752885
2016-01-19,0.9529796610710282,1.2072126739255928,0.8883243706431467
2016-01-20,0.9480271217473097,1.2134864366132334,0.8780223552957824
2016-01-21,0.9284723040660829,1.238516845007961,0.8825853490503597
2016-01-22,0.9143141895430449,1.2196309145892046,0.9007903087955957
2016-01-25,0.9267267790435237,1.236188437219861,0.8870543122587911
2016-01-26,0.9366665722557393,1.222929451167921,0.899096825837412
2016-01-27,0.9417689914258726,1.2295912653718082,0.8894533832082835
2016-01-28,0.9641106513301534,1.2587609557335804,0.8942986121593842
2016-01-29,0.9640116295365343,1.2588902404452498,0.9155141285202327
2016-02-01,0.9466237049336471,1.2815969048811302,0.9154200979740867
2016-02-02,0.9415707966603235,1.2884378402707566,0.8989086211870344
2016-02-03,0.9395122988763804,1.291254671940083,0.9037068348650622
2016-02-04,0.9574700114437338,1.2665738026447222,0.9056825530197694
2016-02-05,0.9445921616583307,1.2495385462109556,0.8883714576952625
2016-02-08,0.9449470216081429,1.2490691254346722,0.8764229746627874
2016-02-09,0.9454037236468238,1.248465438240581,0.876093724193191
2016-02-10,0.9336211332122091,1.232905782018986,0.8756702996193629
2016-02-11,0.9147282880801316,1.2578549794755447,0.8647567986058787
2016-02-12,0.8995112913010076,1.2787800732118038,0.8822560985807633
2016-02-16,0.9144190324344675,1.2575866513143468,0.8969329030323272
2016-02-17,0.9107392835703759,1.2626473542169872,0.9117979121342688
2016-02-18,0.9101731185244806,1.263432284449103,0.9081287110213777
2016-02-19,0.8970108789845199,1.2817030925316333,0.9075641688492879
2016-02-22,0.8861029990611407,1.2972889273952928,0.9206886797199727
2016-02-23,0.8820698192710374,1.3031936579846701,0.9094928717309222
2016-02-24,0.8717149737425008,1.3184921850710543,0.9136325126907142
2016-02-25,0.8732676738001897,1.3208406853876575,0.9243578808328637
2016-02-26,0.8659663304578706,1.3097972085318705,0.922711413147753
2016-02-29,0.8451307466212202,1.3413115856935633,0.9149966734002587
2016-03-01,0.8413970291930053,1.3353857825392081,0.9370119518566475
2016-03-02,0.8443829075315163,1.3306468788548633,0.9411515928164396
2016-03-03,0.8473267538409769,1.3352860299657778,0.9444914716806913
2016-03-04,0.8481678436192461,1.3339605726663608,0.9477843352718699
2016-03-07,0.857840472325897,1.3491732518851987,0.9487251431866291
2016-03-08,0.8534088612430982,1.3561430922326225,0.9379057444983337
2016-03-09,0.8529404440288835,1.3568874491267082,0.9427509734494345
2016-03-10,0.8388183841539382,1.3344215830345614,0.9432684285694085
2016-03-11,0.8376661661013752,1.3362545717562533,0.9588860409357317
2016-03-14,0.8362670531505737,1.3384864526087572,0.9575688954992602
2016-03-15,0.8309174334544319,1.347048781428144,0.9559695148662652
2016-03-16,0.8256764893507003,1.3555451820140776,0.9620848739807645
2016-03-17,0.8287255258532873,1.3605509037394439,0.968153146043148
2016-03-18,0.8299290284560994,1.3625267407359245,0.971728316609893
2016-03-21,0.8294476274149746,1.3617364059373323,0.9731394925925104
2016-03-22,0.8392766197046646,1.37787304457751,0.9725750221994635
2016-03-23,0.839769629499939,1.377063651236063,0.9610499637408165
2016-03-24,0.8392349338579131,1.37618685132899,0.9604854215687266
2016-03-28,0.8312250196127141,1.3893215984895295,0.9610969790138895
2016-03-29,0.827718889431903,1.3834614014641964,0.9702699817961169
2016-03-30,0.8258007020560884,1.3802553151598995,0.974362607482836
2016-03-31,0.8310756258753702,1.3714387306976925,0.9721045823525625
2016-04-01,0.833793027503038,1.37592297945077,0.9783140437922505
2016-04-04,0.8256276607085057,1.3893974454605018,0.9751152107472176
2016-04-05,0.8166980374810331,1.374370337853026,0.9655658704432779
2016-04-06,0.8265780626884415,1.390996817848232,0.976009003388904
2016-04-07,0.8241181265039252,1.386857144223647,0.9642017097337335
2016-04-08,0.8264432068527932,1.3907698773489343,0.967071220530127
2016-04-11,0.8345867132371296,1.3770656768891545,0.9643428273319953
2016-04-12,0.8262013308785126,1.3632298201105881,0.9738451523628621
2016-04-13,0.8262803119842829,1.3630995015131866,0.9836297125902522
2016-04-14,0.8249764002480262,1.3652505408299052,0.9837237431363982
2016-04-15,0.8309822802872001,1.355311431093946,0.9821713777764762
2016-04-18,0.8284534982113775,1.3511870504237307,0.9893216471309235
2016-04-19,0.8290818726864605,1.3501621872836966,0.9923322755255787
2016-04-20,0.8249582475907237,1.3568775224782263,0.9930849505690033
2016-04-21,0.8250760603141657,1.3570712988745073,0.9881456192927137
2016-04-22,0.8265295389381662,1.3594619561957337,0.988004501694452
2016-04-25,0.8251497918883157,1.3571925713339965,0.9862640034631952
2016-04-26,0.8236174461732432,1.3546721947409748,0.9879103993692632
2016-04-27,0.8164930295360343,1.3663903160204829,0.9897449999257087
2016-04-28,0.8208772859281629,1.373727311267778,0.981183554588644
2016-04-29,0.8144672929079281,1.3630002724912378,0.9759149728427581
2016-05-02,0.8215960313061611,1.3749301221781653,0.9835356102650635
2016-05-03,0.8262738469847725,1.3827583850195706,0.974927077875883
2016-05-04,0.826514478904629,1.3831610793637026,0.9693762609334735
2016-05-05,0.8233048574150086,1.3777898201332341,0.9690939539579072
2016-05-06,0.822508675117732,1.376457419559767,0.9728572573959869
2016-05-09,0.8324816467695361,1.359767783036213,0.9737980653107462
2016-05-10,0.8247337628559922,1.3724231045958222,0.9856054307449595
2016-05-11,0.8251310544815289,1.3730842297136552,0.976432427962732
2016-05-12,0.8175023641183903,1.360389477317533,0.9769027960305903
2016-05-13,0.809237934401463,1.3741421509688962,0.9678709108466245
2016-05-16,0.8163635028404097,1.3620424414455008,0.9776554710740147
2016-05-17,0.8164427783643805,1.3621747068246368,0.9690469386848343
2016-05-18,0.8193357605289959,1.3573479789309457,0.969141041010023
2016-05-19,0.8143468680639173,1.3656127995707847,0.9657069880415396
2016-05-20,0.813242887544918,1.3674641113229948,0.9715871272325884
2016-05-23,0.8238096355784588,1.3496961739323814,0.9702699817961169
2016-05-24,0.8293690047249789,1.3405879298156842,0.9828770375468278
2016-05-25,0.8296843761626135,1.3400781649941236,0.989509851781301
2016-05-26,0.8331146572117569,1.334537690970723,0.9898861175239704
2016-05-27,0.8344157900010972,1.3366219307968998,0.9939787432106895
2016-05-31,0.8359978216700522,1.3340877287248876,0.9924263778507675
2016-06-01,0.833268765743061,1.3297326934259561,0.994307993680286
2016-06-02,0.8360586068742135,1.3341847299285483,0.9975538419983917
2016-06-03,0.8314303267184292,1.3267989071418356,0.99421396313414
2016-06-06,0.8324083879714919,1.3283597001030487,0.9997177648034765
2016-06-07,0.8350686859256841,1.3326050112311925,1.0008937926416863
2016-06-08,0.8340906246726214,1.3310442182699793,1.0040925539076762
2016-06-09,0.8419542156566414,1.3435929593833662,1.0029165260694666
2016-06-10,0.8486120213398081,1.3542175048449845,0.9934612880907155
2016-06-13,0.8501511426893055,1.3566736391220824,0.9856054307449595
2016-06-14,0.8516551676132051,1.3590737664222499,0.983817845461587
2016-06-15,0.8488812093605032,1.3546470758627793,0.9820773472303302
2016-06-16,0.8520829781162449,1.349537684071881,0.9852761084963202
2016-06-17,0.8577182970464196,1.3406124086546354,0.9815598921103562
2016-06-20,0.8560031945623909,1.3379317060508542,0.9880515169675249
2016-06-21,0.8545739736477257,1.3356978359101483,0.9860757988128177
2016-06-22,0.8434257763461817,1.3531224515305043,0.9844294029067497
2016-06-23,0.8124338841995397,1.3034016269421165,0.9972716068018682
2016-06-24,0.8266766475187757,1.2805517172528693,0.9606266109460313
2016-06-27,0.811225133025686,1.3044866662775836,0.9437858836893825
2016-06-28,0.7976504759982482,1.326315328101136,0.9614263012625288
2016-06-29,0.8080145463511383,1.3090821842816533,0.977514353475753
2016-06-30,0.8104328509097358,1.3051642357396092,0.9902154397726097
2016-07-01,0.8047133919424214,1.3143751571423379,0.9931790528941921
2016-07-05,0.8001071449602044,1.3068515634483473,0.9861699011380065
2016-07-06,0.8007901910066589,1.307967213770106,0.9918148204056048
2016-07-07,0.788625916237568,1.2880987479023347,0.9909681148160343
2016-07-08,0.791612847243708,1.283220056992156,1.0060212567893105
2016-07-11,0.797181073176882,1.2741938528013173,1.0098315755004632
2016-07-12,0.7971073620846877,1.2743116707271531,1.0169347578027947
2016-07-13,0.8014955915946502,1.2672963396132242,1.0168407272566489
2016-07-14,0.8003155389034293,1.269162196982645,1.022438631251174
2016-07-15,0.8025281095654639,1.265653442115465,1.020933281164325
2016-07-18,0.8016430700470483,1.2670492228981436,1.0237557766876455
2016-07-19,0.7982505029618021,1.2616870490709082,1.0226267641225086
2016-07-20,0.7953618925223158,1.2662526865090162,1.0269545379536356
2016-07-21,0.7988355563500247,1.2607224540510384,1.0232383215676715
2016-07-22,0.8008831874150419,1.2639540258567237,1.02770721299706
2016-07-25,0.8012139503572393,1.2634320157072236,1.025072922124117
2016-07-26,0.8020225193807391,1.264707045916999,1.0254962749189023
2016-07-27,0.8029800060671498,1.2631971878651198,1.0244613646789542
2016-07-28,0.8017647020841108,1.261285348763054,1.025684407790237
2016-07-29,0.8008468050286409,1.262729326160322,1.027236773150159
2016-08-01,0.7961104808729723,1.2701972905350447,1.0260607453119492
2016-08-02,0.7937606666519292,1.2664481530364946,1.0199924732495658
2016-08-03,0.793030682239946,1.2652834601395777,1.023003101644221
2016-08-04,0.7993335246326658,1.255227251205959,1.0239439095589802
2016-08-05,0.7988963499625268,1.2559137650860666,1.0320820021012598
2016-08-08,0.799406405608321,1.2551119265164663,1.0315175317082128
2016-08-09,0.7974390640007994,1.2582007608037689,1.0321761044264486
2016-08-10,0.8011187471888933,1.2523949501835208,1.0296359158786943
2016-08-11,0.8017745091941019,1.2534201078480083,1.0343870425046062
2016-08-12,0.799366053220428,1.249654950547979,1.0335403369150358
2016-08-15,0.8034287028382955,1.256006121187333,1.036644995855837
2016-08-16,0.8048944568971127,1.2537146968661383,1.031376414109951
2016-08-17,0.8030255561699475,1.2508036713415456,1.0332580299394694
2016-08-18,0.8042656803695701,1.2527353058827995,1.0356571726680048
2016-08-19,0.8045218194213745,1.2531342715992817,1.0340577920350098
2016-08-22,0.8028376991101733,1.250511062596721,1.0337284697863705
2016-08-23,0.799046054580845,1.2564169803614382,1.0358923925914554
2016-08-24,0.798243978070034,1.2576781624196622,1.0310000765882388
2016-08-25,0.7996658308609771,1.2599183712461266,1.0299651663482907
2016-08-26,0.7958606546783845,1.2539231027311335,1.0281305657918451
2016-08-29,0.7946284058422702,1.255864579891531,1.0330228817950617
2016-08-30,0.7924176796509432,1.2593585057304688,1.031423429383024
2016-08-31,0.792345181413536,1.2592432871099435,1.0285539185866304
2016-09-01,0.7888666214820103,1.2537149475108196,1.0286480209118192
2016-09-02,0.7915245169568683,1.2494908579182207,1.0331639993933235
2016-09-06,0.7913808691500471,1.2497176185776038,1.036644995855837
2016-09-07,0.7895131188224389,1.252667096613411,1.0364568629845023
2016-09-08,0.8084419098491032,1.2827001297986471,1.034010704982894
2016-09-09,0.7967979508910925,1.2642254472211467,1.0092200180553004
2016-09-12,0.8083675156858592,1.282582093608679,1.0237557766876455
2016-09-13,0.8088197941127868,1.2832996932158462,1.008890767585704
2016-09-14,0.8006316092643857,1.2703080538167708,1.008326297192657
2016-09-15,0.8039595963515859,1.2755883459648072,1.0185342102148325
2016-09-16,0.8035494486459029,1.2749375923251125,1.0143004669298517
2016-09-19,0.8036239604079429,1.274819369549084,1.0148179220498257
2016-09-20,0.8126007237337459,1.2605791871660421,1.0149120243750145
2016-09-21,0.817591931909819,1.2528363769988777,1.0262489499623269
2016-09-22,0.8133084433835722,1.2594001773945147,1.0325524419481606
2016-09-23,0.8025065113206283,1.276126863643681,1.027142742604013
2016-09-26,0.7976270423697043,1.2683676475865524,1.0135007766133541
2016-09-27,0.7934321061983072,1.2616969593565206,1.0196631510009264
2016-09-28,0.7862952535507935,1.2730458135488323,1.0250258350720012
2016-09-29,0.7921940886763773,1.2634953459254714,1.0158058170167008
2016-09-30,0.7897544463026935,1.267386408518506,1.0234264544390062
2016-10-03,0.7932136390545934,1.272937670557901,1.0202747084460893
2016-10-04,0.7897240098618252,1.2673375645624374,1.0158058170167008
2016-10-05,0.7904886709556508,1.2661104475997227,1.0202747084460893
2016-10-06,0.7873936908719014,1.2710676174658146,1.0212626034129644
2016-10-07,0.7913625058523802,1.2646608704218882,1.017264080051434
2016-10-10,0.7816043124443198,1.280255247559949,1.0223915441990583
2016-10-11,0.7806212481854992,1.2786450041720794,1.0097845602273903
2016-10-12,0.7830183122935552,1.2825713564889942,1.011054618611746
2016-10-13,0.782945265374072,1.2824517068139638,1.0079499596709447
2016-10-14,0.780351189749331,1.2867007608151577,1.0080439902170908
2016-10-17,0.7851740072878969,1.2787485425349001,1.004704111352839
2016-10-18,0.7871104487826261,1.275594819008516,1.0109135010134842
2016-10-19,0.785758608126088,1.2777856182035616,1.0134066742881653
2016-10-20,0.7853932186645673,1.2771914288505648,1.0116661760569088
2016-10-21,0.7819254683940609,1.2715522396932968,1.0121366159038097
2016-10-24,0.7794289134883838,1.275612089525725,1.0166055073331983
2016-10-25,0.777800742309186,1.2782767518240565,1.0133596590150924
2016-10-26,0.7799354568598916,1.2817850487869087,1.0112428232621236
2016-10-27,0.7776434373855525,1.285551868551155,1.0084674147909187
2016-10-28,0.7778617143806382,1.2859127105327162,1.0055038016693365
2016-10-31,0.7831763445106433,1.2946985272268765,1.005221566472813
2016-11-01,0.7880843499444046,1.302812137209163,0.9983535323148892
2016-11-02,0.7913726670182625,1.3082481789160139,0.9920970556021282
2016-11-03,0.7926915188322663,1.3104284228842968,0.987957486421379
2016-11-04,0.7751114031644655,1.2813660667200517,0.9863110187362683
2016-11-07,0.7786918095356014,1.2754471611145972,1.0081851795943952
2016-11-08,0.7872993536808587,1.2613485567504594,1.0128422038951184
2016-11-09,0.7888544685319471,1.2588570751255468,1.024038011884169
2016-11-10,0.7874439937101243,1.2611079164144887,1.0260607453119492
2016-11-11,0.7872270060736986,1.260760406206466,1.0242261447555037
2016-11-14,0.7934803299693122,1.2507455780642054,1.0245083799520271
2016-11-15,0.7924682421437683,1.2523409098255618,1.0326465442733495
2016-11-16,0.7960466758288519,1.2466858959605203,1.0313293988368781
2016-11-17,0.7976371153131779,1.2491766776366369,1.0359864231376013
2016-11-18,0.8034436774491994,1.2400830411215933,1.0339166026577051
2016-11-21,0.8021009327976302,1.2380105686910998,1.0414432095338648
2016-11-22,0.8029690272903791,1.2366706997136416,1.0431837077651214
2016-11-23,0.8000392842645611,1.2321585364363783,1.0443127203302582
2016-11-25,0.7965204337235906,1.2375779974775771,1.048123039041411
2016-11-28,0.7978130805248848,1.23556957286967,1.0435130300137607
2016-11-29,0.8001829421254942,1.2392397670004793,1.0452065129719446
2016-11-30,0.7972932712042088,1.24371498751654,1.0421017822521006
2016-12-01,0.7979434733415451,1.242700723164479,1.0383384788140206
2016-12-02,0.7933200219138439,1.2355002551806262,1.039185256182634
2016-12-05,0.7961763990306271,1.231051792316719,1.0452065129719446
2016-12-06,0.80645928037784,1.2151523515293772,1.0489698164100243
2016-12-07,0.8083873580860351,1.212247173031156,1.0625176082964514
2016-12-08,0.8135288260000726,1.2045370945871052,1.0650578686232486
2016-12-09,0.8125291021813278,1.2060173180107068,1.0718318004559835
2016-12-12,0.8178133644348164,1.198174015200372,1.0705146550195122
2016-12-13,0.811636487737387,1.2072237244321005,1.0774767197235817
2016-12-14,0.8143500160338568,1.2031876371123345,1.0693386271813023
2016-12-15,0.815599698047719,1.2050340200186966,1.0729137259690045
2016-12-16,0.8140955027893033,1.202811598328889,1.0712672582838938
2016-12-19,0.810884047933382,1.19806673100684,1.073242976438601
2016-12-20,0.8042638271818169,1.2078479891960785,1.0774767197235817
2016-12-21,0.8054320474128464,1.209602428982251,1.0686799826840236
2016-12-22,0.8048994933555645,1.2088026362705981,1.0671276891031445
2016-12-23,0.8026301753622787,1.2053945616035557,1.0678332770944532
2016-12-27,0.7960368063899579,1.2152965206201023,1.0708439054891086
2016-12-28,0.7959662738264526,1.215404201544314,1.0620472402285932
2016-12-29,0.7986459194332511,1.21949589818555,1.0619531379034044
2016-12-30,0.7930019172279676,1.210877764202498,1.0583780391157023
2017-01-03,0.7977967302994792,1.203556303300996,1.065857558939746
2017-01-04,0.7970617862394002,1.2046650400537147,1.0723021685238416
2017-01-05,0.8002116533046222,1.1999043868649668,1.0713143453360094
2017-01-06,0.797621725817218,1.2037879410983559,1.0755480168419476
2017-01-09,0.7972717702565656,1.2043161015912287,1.0720669486003913
2017-01-10,0.7951368437422667,1.2010911957651302,1.071596580532533
2017-01-11,0.7966685724182847,1.203404943193067,1.0744660913289266
2017-01-12,0.7952008383309913,1.2011878625687111,1.0723962708490304
2017-01-13,0.7925895128336312,1.2051323912229173,1.0743719890037378
2017-01-17,0.7910575267081048,1.202803006247616,1.0708439054891086
2017-01-18,0.7935893953949628,1.2066527127040476,1.0729137259690045
2017-01-19,0.7909714405651078,1.202672112263175,1.069479744779564
2017-01-20,0.7891335892422633,1.2054665652852612,1.0730078282941933
2017-01-23,0.7843135550897175,1.1981035660495978,1.0705146550195122
2017-01-24,0.7779420332151702,1.1883705415091959,1.0770533669287965
2017-01-25,0.7777060846907158,1.1887309723174082,1.0858030169162387
2017-01-26,0.7765264449230755,1.190534062656516,1.0854736946675996
2017-01-27,0.7811437950363291,1.1976131681074371,1.0838272269824887
2017-01-30,0.7814848820015448,1.1981361067054364,1.077382617398393
2017-01-31,0.7810752096234836,1.197508016157072,1.076912177551492
2017-02-01,0.7813480210014742,1.1970897544992734,1.0774767197235817
2017-02-02,0.7870086879860669,1.1884171447674372,1.077853057245294
2017-02-03,0.7856106012198587,1.190528316229961,1.0856618275389343
2017-02-06,0.7855764672767037,1.1905800434161873,1.0837331964363428
2017-02-07,0.7865312810829458,1.1891329758037485,1.083686109384227
2017-02-08,0.7819276736337105,1.182172920231637,1.0850032548206985
2017-02-09,0.7849947298686731,1.1775359302029416,1.0913538338586481
2017-02-10,0.7893424947360392,1.171014040115534,1.0956345924167021
2017-02-13,0.7925106581938789,1.166313971494812,1.1017028644790854
2017-02-14,0.7965551013926141,1.1603618867362901,1.1061247406354011
2017-02-15,0.7961506725011062,1.1609510284928117,1.1117696599029991
2017-02-16,0.7970606889348845,1.159624037822288,1.1112051895099522
2017-02-17,0.7922410732181308,1.1526120971811276,1.1124753196733508
2017-02-21,0.7917748943867648,1.1532903293236487,1.11920216445397
2017-02-22,0.792407576545693,1.1523687716680568,1.1185435917357343
2017-02-23,0.7933732145500645,1.1509644803489048,1.1194373843774206
2017-02-24,0.7921411305738476,1.1491770682363887,1.120801545086965
2017-02-27,0.790149388112863,1.1520665341076257,1.1225421150972645
2017-02-28,0.779560056977787,1.1366269043327528,1.119719619573944
2017-03-01,0.7750679419047836,1.143176571422071,1.1347257462741474
2017-03-02,0.7755203833757184,1.142509248647449,1.1281870343648628
2017-03-03,0.7777825907303924,1.145841969334716,1.1288456070830986
2017-03-06,0.7800580344976237,1.1491941901203553,1.1255527434919197
2017-03-07,0.7816275378510923,1.1515064080008393,1.122259879900741
2017-03-08,0.782382642742888,1.150393975186604,1.1200018547704675
2017-03-09,0.7796578732401459,1.1463875488569788,1.1210838520625312
2017-03-10,0.7801142881645613,1.1457164488727154,1.12498820131983
2017-03-13,0.7773432153182874,1.1497861906902511,1.1256467740380658
2017-03-14,0.7709859896762522,1.140383072337541,1.1216483224555782
2017-03-15,0.7699917562425966,1.1418536658280516,1.1308213252378059
2017-03-16,0.7684201959819655,1.1441841996683464,1.1293630622030726
2017-03-17,0.76742596254831,1.1456646216972302,1.127058021799726
2017-03-20,0.7771118104984808,1.1601243010268187,1.1255997587649929
2017-03-21,0.7754014004797106,1.1575708869611874,1.111393322381287
2017-03-22,0.7762528241884569,1.158841949016406,1.1138394803828953
2017-03-23,0.7799614723610633,1.1643784661698893,1.1126164372716125
2017-03-24,0.7810880454737111,1.1660602895924774,1.1073007684736107
2017-03-27,0.7753391453930598,1.1574779484188689,1.105701387840616
2017-03-28,0.774193045914298,1.1557669747356187,1.1138394803828953
2017-03-29,0.7761519238716831,1.152842631172174,1.115485948068006
2017-03-30,0.777653725323918,1.1550733036532215,1.1183083718122837
2017-03-31,0.7789647574989116,1.1570206205839477,1.1161445207862417
2017-04-03,0.7786030122355453,1.1564833090751996,1.1142628331776805
2017-04-04,0.7809028676760175,1.1598993560059134,1.1147802882976545
2017-04-05,0.778853790447906,1.156855797766249,1.1114874247064757
2017-04-06,0.7795770863071819,1.1579301316381077,1.1144039507759422
2017-04-07,0.7790170957007607,1.157098360145591,1.1133690405359942
2017-04-10,0.7780303635915811,1.1585639840859845,1.1141688026315346
2017-04-11,0.7811878963034999,1.1632658618658123,1.1127575548698743
2017-04-12,0.7863606592814689,1.1709686163660649,1.10824157638837
2017-04-13,0.7795396910861313,1.1608115216593313,1.100903174162588
2017-04-17,0.7818842921421743,1.164302863986952,1.1104525144665278
2017-04-18,0.783246414151141,1.166331198066659,1.107112635602276
2017-04-19,0.7892139199319745,1.1574449931111312,1.1051839327206419
2017-04-20,0.7912141781799192,1.1603785309461108,1.1136042604594447
2017-04-21,0.7996245589019623,1.1480440385974127,1.110781836715167
2017-04-24,0.804349138013796,1.14126082412027,1.1225891303703375
2017-04-25,0.8040140418999187,1.141736279428182,1.1292219446048108
2017-04-26,0.8044831457822539,1.141070130712648,1.1287515047579098
2017-04-27,0.8027072488613782,1.1435890435603067,1.1294100774761455
2017-04-28,0.8049187605045969,1.1404383799921398,1.1269169042014642
2017-05-01,0.8052203163299935,1.140011124654251,1.1300216349213084
2017-05-02,0.8044161674622693,1.1411496188483146,1.1304449877160936
2017-05-03,0.8038800852599494,1.140389129408155,1.1293160469299997
2017-05-04,0.8073267635317914,1.135499650857999,1.1300686501943813
2017-05-05,0.8070256093667694,1.1359232221610749,1.134913879145482
2017-05-08,0.8064233010367251,1.1367709970161195,1.1344905263506968
2017-05-09,0.8077283534788751,1.134931335682036,1.1336438207611264
2017-05-10,0.809200730810611,1.1370001589003096,1.1354784213175717
2017-05-11,0.8104433651436013,1.138746172442153,1.1334086008376758
2017-05-12,0.8063334200203546,1.132971328104677,1.131668102606419
2017-05-15,0.8056664601471272,1.1339084670035506,1.1374070524201632
2017-05-16,0.791493346576496,1.1538559443735368,1.136466244505404
2017-05-17,0.7886587035080591,1.1497235410263191,1.1164737712558381
2017-05-18,0.7831292582027077,1.1416625972896919,1.1204722946173686
2017-05-19,0.786851291364115,1.1362365376683174,1.1283281519631245
2017-05-22,0.7885490757346576,1.1337848868213722,1.1336908360341993
2017-05-23,0.7905080117138267,1.1309683062485483,1.1361369940358075
2017-05-24,0.7942627261906211,1.1255964908977325,1.1389594177800852
2017-05-25,0.7941321005672295,1.1257816081624141,1.1443691889032759
2017-05-26,0.7936423790272068,1.126475849715532,1.1441809842528983
2017-05-30,0.7942300946943125,1.1273100384168782,1.1434753962615896
2017-05-31,0.7877232100051698,1.118074331437385,1.1426286188929762
2017-06-01,0.7902321860505747,1.1145131545177154,1.1519898263255812
2017-06-02,0.789717511712531,1.1152390314563772,1.1556590274384722
2017-06-05,0.787594565961682,1.1182370553420031,1.1549063523950478
2017-06-06,0.7863079291986191,1.116410271654808,1.1518016934542465
2017-06-07,0.7860834753183533,1.1160915891029268,1.153683309283765
2017-06-08,0.7848658185842884,1.117820434043668,1.1540126315324044
2017-06-09,0.7849619442323438,1.1179573379718144,1.1522250462490318
2017-06-12,0.7811158296454335,1.1124796303495401,1.15208392865077
2017-06-13,0.7802588770195016,1.11370011814961,1.1577288479183683
2017-06-14,0.7787989338795557,1.1157839635185476,1.1564587177549697
2017-06-15,0.7794337423011841,1.116693452509796,1.154294866728928
2017-06-16,0.7724080719571195,1.1066277860561649,1.1533539870351257
2017-06-19,0.767381282392628,1.1138296592740722,1.1637501047076788
2017-06-20,0.767069040500106,1.1142828685049184,1.1561764825584462
2017-06-21,0.7673187768444149,1.1146456480142113,1.1557060427115453
2017-06-22,0.7665377113336499,1.1135110331726867,1.1553297769688757
2017-06-23,0.766070044157442,1.1128316764328152,1.1565058048070855
2017-06-26,0.756852269872895,1.1262218765695842,1.1572113927983942
2017-06-27,0.750437171864857,1.1166759929082937,1.143287191611212
2017-06-28,0.7567750356079945,1.1261069493609146,1.1529777212924563
2017-06-29,0.7579583389457146,1.1243461538151975,1.143240176338139
2017-06-30,0.7593907137617647,1.1222213864863129,1.1450277616215117
2017-07-03,0.7610099634584464,1.1198284725268097,1.1471916126475534
2017-07-05,0.7541593574542246,1.1299091600683069,1.1496377706491618
2017-07-06,0.7494261916179339,1.122817757725173,1.1392887400287246
2017-07-07,0.7487189378432444,1.1217581242264756,1.1464390093831718
2017-07-10,0.7483506398364073,1.1223099217841759,1.1475209348961928
2017-07-11,0.7539673717743485,1.1138864453462702,1.1469564645031458
2017-07-12,0.7551337112405577,1.1121633340145085,1.1555649251132836
2017-07-13,0.7584178579129182,1.1073264323398044,1.157352510396656
2017-07-14,0.7585712841934875,1.1071024226146673,1.1623859439981343
2017-07-17,0.7592158525388714,1.106161702616976,1.162621092142542
2017-07-18,0.7630831221109177,1.1005271713041904,1.163608987109417
2017-07-19,0.7634514669511737,1.0999959401796044,1.1695361415735388
2017-07-20,0.762868297218069,1.1008361826398259,1.1701006837456285
2017-07-21,0.7630524462214876,1.1011019138108542,1.1692068911039424
2017-07-24,0.7612714014864252,1.0985318260323915,1.168924655907419
2017-07-25,0.7614853291219322,1.0982231236226945,1.1716530491055506
2017-07-26,0.7607823574083945,1.0992369577197347,1.171982299575147
2017-07-27,0.7597125793174286,1.1007826555171367,1.170900374062126
2017-07-28,0.76001819688784,1.1012254789346883,1.1692539063770153
2017-07-31,0.7583969753402697,1.0988764161326487,1.1687835383091572
2017-08-01,0.7587929098577607,1.0983027283177567,1.1712767115838383
2017-08-02,0.7574527093945176,1.1002425801615865,1.1718881972499582
2017-08-03,0.7586101636994352,1.0985613128097544,1.1698183767700623
2017-08-04,0.760011295041001,1.0965323013890491,1.1716059620534347
2017-08-07,0.7583360444619471,1.0989493264843855,1.1737698848585196
2017-08-08,0.7581837405044618,1.0991700390994876,1.1711826092586495
2017-08-09,0.7686920628979559,1.1144043847060576,1.170947389335199
2017-08-10,0.7679091850930557,1.113269414669837,1.1547182195237131
2017-08-11,0.7602526038190092,1.1021693550289342,1.1558942473619227
2017-08-14,0.7601913220349976,1.1022581977425532,1.1674193058205697
2017-08-15,0.761569905081579,1.1002592871784396,1.167325203495381
2017-08-16,0.7499288435675584,1.1170774229240277,1.169442111027393
2017-08-17,0.7516137420455873,1.1195872104403621,1.151566473530796
2017-08-18,0.7505674946768923,1.1180287434946143,1.148979197930926
2017-08-21,0.7431719738546396,1.1070125392078154,1.150578578563921
2017-08-22,0.7406144810864688,1.1108221238839084,1.1619155041512332
2017-08-23,0.7392304618248223,1.1128979666536354,1.157916980789703
2017-08-24,0.7407047412161176,1.1106784659409594,1.155753129763661
2017-08-25,0.7408551900690472,1.1104528695705351,1.1580580983879647
2017-08-28,0.741787908682449,1.1090548364938453,1.1582933183114152
2017-08-29,0.7382074371712275,1.1037016362057712,1.1597515813461485
2017-08-30,0.7424090890008775,1.0974197027469026,1.1653494853406738
2017-08-31,0.7436904641303211,1.09552559027644,1.171982299575147
2017-09-01,0.7383564406238795,1.1033831056437726,1.1740051047819702
2017-09-05,0.7358831288121593,1.0996870446116032,1.1655847052641242
2017-09-06,0.7358831288121593,1.0996870446116032,1.1694891263004659
2017-09-07,0.7346399384099226,1.1015448401307528,1.1694891263004659
2017-09-08,0.7266183906599482,1.0895170506357086,1.1675134081457585
2017-09-11,0.7292248602489981,1.085608818892972,1.1802615097156883
2017-09-12,0.7295434272813203,1.0851345630103908,1.1844952530006692
2017-09-13,0.7292827935794702,1.0855222337474388,1.185012708120643
2017-09-14,0.7283560812428314,1.084142841754969,1.1845893553258577
2017-09-15,0.7267095027469453,1.0816919439926322,1.186094633633664
2017-09-18,0.7273996344364445,1.080664697361064,1.188776011558723
2017-09-19,0.727831010621558,1.0800238212972542,1.1899049523448169
2017-09-20,0.7257030021941903,1.0831815595083751,1.1906106121151683
2017-09-21,0.7257317430548605,1.0831386610083162,1.187129543873612
2017-09-22,0.7271120503130355,1.0851987392255187,1.187176559146685
2017-09-25,0.7304028014169753,1.090110112854333,1.1849186057954544
2017-09-26,0.7275481987259635,1.0858496811369076,1.1795559217243796
2017-09-27,0.7283285631060984,1.0846850044669305,1.1841659307520298
2017-09-28,0.7310164211586816,1.0806820318094543,1.1854360609154282
2017-09-29,0.7340222462743206,1.0762384364274464,1.189810850019628
2017-10-02,0.7357563795411001,1.0736958147493316,1.1947031660228444
2017-10-03,0.7367101043269038,1.0723040357047806,1.1975256615461651
2017-10-04,0.7409876212914022,1.0660779792452755,1.1990779551270443
2017-10-05,0.7402072128104263,1.0672007730308648,1.2060400916101568
2017-10-06,0.7389644511132124,1.0689925365006157,1.2047698896677155
2017-10-09,0.7408719888865017,1.0662330754200895,1.2027471562399352
2017-10-10,0.7419413460772059,1.064694099695173,1.2058518869597792
2017-10-11,0.7408719888865017,1.066228639180577,1.207592385191036
2017-10-12,0.7417101694690869,1.0650223685219975,1.2058518869597792
2017-10-13,0.7429240010146553,1.0632794266009324,1.2072161194483666
2017-10-16,0.7433864424325753,1.0626175763376335,1.209191765824031
2017-10-17,0.7427505965081456,1.0617086802150049,1.2099444408674556
2017-10-18,0.7430391393941884,1.0612962288643546,1.2109793511074034
2017-10-19,0.7392305846206451,1.0558564012640475,1.2114497909543045
2017-10-20,0.7364032575895605,1.059894723549873,1.2176592523939926
2017-10-23,0.7375170715736319,1.0582916269413687,1.2130020845351837
2017-10-24,0.7409725966639643,1.0632500928681055,1.214836756870672
2017-10-25,0.7400789626446885,1.0619677830252545,1.2091448223300008
2017-10-26,0.7460030381063438,1.0534670991765924,1.210603085364734
2017-10-27,0.7434435622869058,1.057081459211587,1.2202935432669355
2017-10-30,0.7442775596367933,1.0558956218725886,1.2161068152550276
2017-10-31,0.7454854208939229,1.0541820468806795,1.217471047743615
2017-11-01,0.7458879828053124,1.053612788880656,1.219446837677365
2017-11-02,0.7482173480226875,1.0503224168146392,1.220105338616558
2017-11-03,0.7494826930495926,1.0485461679074526,1.2239156573277108
2017-11-06,0.7491088291423506,1.0490692134305755,1.2259854778076067
2017-11-07,0.7504029599348836,1.0472568829389521,1.225373920362444
2017-11-08,0.7531349748251287,1.0510696629396457,1.2274908278944558
2017-11-09,0.7536563748191092,1.0517973249580734,1.2230218646860245
2017-11-10,0.7528151185522749,1.050623273864466,1.222175159096454
2017-11-13,0.7543202264180229,1.05272379139455,1.2235393915850414
2017-11-14,0.7583885050512293,1.0584014513023796,1.22109316180439
2017-11-15,0.7520436216571491,1.0495465784398417,1.2145074346220328
2017-11-16,0.7499926707747131,1.052408870492084,1.2246683323711354
2017-11-17,0.7511770475254343,1.0507469227864137,1.2213284535068836
2017-11-20,0.7462951408859527,1.0439181087329703,1.223257156388518
2017-11-21,0.7457533692402649,1.0446759392490048,1.2312071160594626
2017-11-22,0.7473216006245543,1.0424791089537409,1.2303133234177763
2017-11-24,0.747093527466291,1.0427972604732527,1.2329005272386035
2017-11-27,0.7546211599355354,1.0322901496120471,1.2325242614959342
2017-11-28,0.7541364718426216,1.0329531826284972,1.2449430408172244
2017-11-29,0.7610083395958519,1.0235406718544755,1.2441434222797698
2017-11-30,0.7592119480356883,1.0259567818085138,1.2554803478670822
2017-12-01,0.7600103346160264,1.027035677008625,1.2525167347455
2017-12-04,0.7571814528508949,1.0308584704187924,1.2511995893090284
2017-12-05,0.7573528896608036,1.030625069181915,1.2465424214502194
2017-12-06,0.7550669201939892,1.027514263806975,1.246824656646743
2017-12-07,0.7509486836566287,1.0219100628140592,1.2505880318638656
2017-12-08,0.7535333559501368,1.0183927750375479,1.2574089071906307
2017-12-11,0.7546852142532277,1.0168360500903746,1.2617367528008003
2017-12-12,0.7545166579879595,1.0170631568148156,1.2636654556824345
2017-12-13,0.7515948731639153,1.0210016247932436,1.263383220485911
2017-12-14,0.7579441116078082,1.0123765223625614,1.2584909044826946
2017-12-15,0.7532243647090247,1.006072415135333,1.269122242078698
2017-12-18,0.7467317789827802,1.0147444811333566,1.277025114697527
2017-12-19,0.7463432924312456,1.0152724010575644,1.266017511358854
2017-12-20,0.7448449773638083,1.0132341996675547,1.2653588668615754
2017-12-21,0.7450384422992854,1.0134973756236518,1.2678991271883726
2017-12-22,0.7459785089140047,1.0147761754718705,1.2675698049397333
2017-12-26,0.7455072456648306,1.0141351024222813,1.2659704243067382
2017-12-27,0.7441230367784833,1.0122521229758807,1.2667701864022787
2017-12-28,0.7415303630354825,1.0157790121740684,1.269122242078698
2017-12-29,0.7470466758210582,1.008222538384866,1.2647003659223826
2018-01-02,0.7513770015590759,1.002378282398024,1.2741085886280605
2018-01-03,0.7546316059012249,0.998036461043898,1.2814940779059585
2018-01-04,0.7594031625905059,0.9917258486674748,1.287044894848368
2018-01-05,0.7610856817596783,0.9895285997842139,1.2951829156116044
2018-01-08,0.7628233337546951,0.9872693845778974,1.2980524981870407
2018-01-09,0.7616097382080882,0.9888400572034025,1.3010161113086232
2018-01-10,0.7562037752464548,0.9818211964194027,1.298946290828727
2018-01-11,0.761152879592798,0.9753955004501548,1.3081663088840276
2018-01-12,0.7584063831065547,0.9789150566214682,1.3167278260001352
2018-01-16,0.7659659702897287,0.969157499353636,1.3119766275951803
2018-01-17,0.7648239203548821,0.9706025064452358,1.3250540514137492
2018-01-18,0.7681685781498285,0.9663579566180414,1.3230784050380848
2018-01-19,0.7742598154167714,0.9586951651865875,1.328864370124902
2018-01-22,0.7760545483001404,0.956472911488504,1.3394016771747597
2018-01-23,0.7756465903376564,0.9569757121498708,1.3425064078946036
2018-01-24,0.7759457539777612,0.9566066106272121,1.3418006763452093
2018-01-25,0.7849465547358866,0.945510183509695,1.342318203244226
2018-01-26,0.7797527254035049,0.9517664292318392,1.3578888003374763
2018-01-29,0.7713229496128029,0.962055816292833,1.3489039304265835
2018-01-30,0.7699633110331978,0.9603599660601623,1.3343211565211655
2018-01-31,0.7709387659660368,0.9615766316502895,1.336673212197585
2018-02-01,0.7879445944248719,0.9827876641859002,1.3349798010184442
2018-02-02,0.8205378731349288,1.0234406142515042,1.3055320180110845
2018-02-05,0.8044693877202395,1.043482517399827,1.251528767999582
2018-02-06,0.8094221069981561,1.0499067220482359,1.276037291509695
2018-02-07,0.839356227345564,1.088734465817058,1.268181362384896
2018-02-08,0.8524500111594288,1.1057184986527886,1.2212813664547677
2018-02-09,0.8411021835840835,1.0909991571015867,1.2403331035686171
2018-02-12,0.8435576768636857,1.0878141206689156,1.2568444367975837
2018-02-13,0.8551740747826109,1.0728341352641264,1.2605136379104747
2018-02-14,0.8445650833557201,1.059524929011135,1.2778718202870976
2018-02-15,0.8447800704256649,1.059255223141794,1.2937246525768713
2018-02-16,0.8396209430496994,1.065724164362308,1.2940539748255104
2018-02-20,0.8439509550778871,1.0712202140840525,1.2861511022066816
2018-02-21,0.8428029487083116,1.0697630587581568,1.2795182879722082
2018-02-22,0.8293425895033091,1.0526779322084745,1.281258786203465
2018-02-23,0.8196321895355132,1.0403525990007123,1.3017216992999319
2018-02-26,0.8094439337196816,1.0532844708239644,1.3169629741445428
2018-02-27,0.8002509877273062,1.0652467412809143,1.300592758513838
2018-02-28,0.8109076824483784,1.079432302434281,1.2858217799580423
2018-03-01,0.8063976288012956,1.0734287860072644,1.2686988892839128
2018-03-02,0.7974773014505833,1.061554574307143,1.2757550563131714
2018-03-05,0.7952960179003975,1.0586509787736416,1.2898673903716884
2018-03-06,0.7950067491156708,1.0590360362556193,1.2933954738863176
2018-03-07,0.7913043381795125,1.0541040195063525,1.2929250340394165
2018-03-08,0.7778642222474091,1.0362003135071474,1.298946290828727
2018-03-09,0.7772270977109728,1.0370490331493631,1.321008584558189
2018-03-12,0.772185724073718,1.0437757050212746,1.319926587266125
2018-03-13,0.7682246810156932,1.049129909821511,1.3113650701500175
2018-03-14,0.7690279972515636,1.0502269626901881,1.3046382253693982
2018-03-15,0.7683340538919394,1.049279275441529,1.303273992880811
2018-03-16,0.7786413158616721,1.063355439730491,1.3044500207190208
2018-03-19,0.7772751472661347,1.0614897246983441,1.2869507207441362
2018-03-20,0.7786932220566737,1.0634263256874603,1.2892087458744097
2018-03-21,0.8017215353005697,1.0948750578018307,1.2868566901979903
2018-03-22,0.8187544248258303,1.1181361092796487,1.2488004465804932
2018-03-23,0.7961608808801802,1.1489910965093078,1.2222691896426
2018-03-26,0.8101160385253593,1.1691306842104368,1.2559977312080133
2018-03-27,0.8079542090794694,1.1660108087617045,1.2339825245306673
2018-03-28,0.7963731818621465,1.149297481743646,1.2306895891604457
2018-03-29,0.8148593023992862,1.175975994110003,1.248330006733592
2018-04-02,0.8042652976895707,1.1912648853129766,1.2193526635731335
2018-04-03,0.7949232914060281,1.1774276551403864,1.2352054958629073
2018-04-04,0.789386970531522,1.1692273452792366,1.2495531216239175
2018-04-05,0.7719453685611183,1.195061566935493,1.2582557563382868
2018-04-06,0.7752802388111977,1.189898798391373,1.230454441016038
2018-04-09,0.7878818297834577,1.2092396988878233,1.23577010981404
2018-04-10,0.7836025539634763,1.2158075241737987,1.2558566136097515
2018-04-11,0.7903018352825294,1.2054131774567494,1.2490355947249008
2018-04-12,0.7878818297834577,1.2091043070832626,1.25971401937302
2018-04-13,0.7944334970715105,1.199049945074764,1.2558566136097515
2018-04-16,0.802932967073684,1.1862215723074543,1.2662997465553776
2018-04-17,0.8032870966465292,1.1856983952105766,1.2798476102208476
2018-04-18,0.7989488292522311,1.1921019297736086,1.2804120806138946
2018-04-19,0.7922200971777558,1.2021417898963391,1.273497031182898
2018-04-20,0.7922200971777558,1.2021417898963391,1.2627716630407484
2018-04-23,0.7817433737060392,1.218039527345068,1.2627716630407484
2018-04-24,0.7833075060284203,1.2156024424157437,1.2460721251614042
2018-04-25,0.7752507880557755,1.2030993501179834,1.2485652984360853
2018-04-26,0.7759447141469066,1.2020224572697176,1.261407430552161
2018-04-27,0.7699311585818323,1.2113381065749722,1.2625365148963406
2018-04-30,0.7714345033582826,1.2089728836654474,1.2527518828899076
2018-05-01,0.7768119232441382,1.2174002417856524,1.255197969112473
2018-05-02,0.7751408341255598,1.2200191309094273,1.2464483909040736
2018-05-03,0.7651143888824009,1.2042381857274216,1.2437670129790148
2018-05-04,0.767885510795989,1.1998766276726538,1.2598551369712818
2018-05-07,0.7675712149174776,1.2003677377059827,1.264418130725859
2018-05-08,0.7754560746269287,1.1880369845099026,1.2639006038268423
2018-05-09,0.782483835090431,1.1772701085744295,1.2768839970992654
2018-05-10,0.7841122451927434,1.1748201173388515,1.2884560708309853
2018-05-11,0.7851121507213558,1.173321978344525,1.291137448756044
2018-05-14,0.7793699083517927,1.1819035538188052,1.2927839164411548
2018-05-15,0.7830552345877304,1.1763148081813866,1.2833286066833611
2018-05-16,0.7836837391614304,1.1772589551641244,1.2893969505247873
2018-05-17,0.7817665541936563,1.1801389730325993,1.2883620402848392
2018-05-18,0.7874893797025629,1.1714999114320528,1.2852102225128794
2018-05-21,0.7853719622077514,1.17464986427151,1.2946184452185574
2018-05-22,0.7876038606632896,1.171311701790517,1.291137448756044
2018-05-23,0.7890345670405163,1.1734394251361855,1.294806649868935
2018-05-24,0.7868232915244888,1.1767279982592584,1.2924545941925156
2018-05-25,0.7955824175558919,1.189827647128909,1.2888324801317403
2018-05-29,0.7849523487383763,1.1739299230328706,1.27448485437073
2018-05-30,0.779748942682867,1.1817118400881803,1.2915137144987134
2018-05-31,0.7877542498846541,1.1695797732317044,1.2829523409406915
2018-06-01,0.7914138313556575,1.1641463877975975,1.2961237953054066
2018-06-04,0.7921285940433637,1.1630949929797936,1.302145052094717
2018-06-05,0.798933148790535,1.153103757193829,1.303321079932927
2018-06-06,0.7984185405956996,1.1538464934839001,1.3145168879219773
2018-06-07,0.8006485966912906,1.1506236945691226,1.3136701823324068
2018-06-08,0.8019923540342303,1.1486925614291568,1.3173393834452978
2018-06-11,0.8030788072797523,1.1471364359184908,1.3195503215234556
2018-06-12,0.8003055245614002,1.1510978574184563,1.3213379068068283
2018-06-13,0.8025641118336124,1.1478492793566457,1.3167749130522508
2018-06-14,0.8014205089835434,1.149484891624833,1.320491057659172
2018-06-15,0.7996765299061667,1.1519862970396968,1.3186094418296535
2018-06-18,0.8026213486894639,1.156228500929339,1.315740002812303
2018-06-19,0.8009508797390099,1.1538220812476472,1.3108947738612022
2018-06-20,0.7954152330727365,1.161796542003109,1.313623095280291
2018-06-21,0.7970501403880121,1.1594085695499725,1.3045441948232523
2018-06-22,0.7861795560432546,1.1752211866071531,1.307225572748311
2018-06-25,0.784372562434916,1.177922372559216,1.2893969505247873
2018-06-26,0.7911129006838074,1.1880445971272695,1.286433337403205
2018-06-27,0.7960734407122956,1.1805951638357821,1.2753786470124162
2018-06-28,0.7954023706362772,1.1795999515276898,1.2833756937354768
2018-06-29,0.7976454594038067,1.1762733994590386,1.284457547469455
2018-07-02,0.8008206496982683,1.1809557954252705,1.2880798050883158
2018-07-03,0.8076916111330738,1.1708233122910827,1.2829523409406915
2018-07-05,0.8139752741440531,1.161714564548222,1.2939599442793646
2018-07-06,0.821609705608001,1.1508186190503202,1.3040266679242356
2018-07-09,0.8246047125075342,1.1466235496875303,1.316257386153234
2018-07-10,0.8184678292979322,1.155156965399422,1.321055528052219
2018-07-11,0.8255150519472122,1.1452107609932949,1.3112239525517557
2018-07-12,0.8263665181698542,1.1440295489990475,1.3225139346450379
2018-07-13,0.8260728689579412,1.14443607971887,1.3238780235755394
2018-07-16,0.829420308677265,1.1397985580988816,1.3234075837286385
2018-07-17,0.8312408083383042,1.1372968073375804,1.328770339578756
2018-07-18,0.8278053724254806,1.1419971423744004,1.3316868656482226
2018-07-19,0.8269244247897415,1.1432124518131976,1.326183135757929
2018-07-20,0.825397484731457,1.1411014766920466,1.3247718162172257
2018-07-23,0.8212726239296841,1.13539890933617,1.3272180459978768
2018-07-24,0.8288901555962077,1.1248677691349778,1.3338507166742646
2018-07-25,0.8260227533304613,1.1287590548115012,1.3462225525015248
2018-07-26,0.8207223019042051,1.136002115027279,1.3415655282008017
2018-07-27,0.8161170452627855,1.1423764773088425,1.3329569240325783
2018-07-30,0.8117434612890144,1.136254463950376,1.3254774042085344
2018-07-31,0.8105972722483978,1.137858865434391,1.332580658289909
2018-08-01,0.8144657367780197,1.1324285897458986,1.3306990424603904
2018-08-02,0.8106833216888467,1.1271695410323084,1.33704962149834
2018-08-03,0.8138062656216007,1.1228274173137411,1.3432589393799426
2018-08-06,0.8161342862478486,1.1196153931531427,1.3484334905796824
2018-08-07,0.8158503665012087,1.12000488900464,1.3522908963429512
2018-08-08,0.8151121924879734,1.1210182592716722,1.35182045649605
2018-08-09,0.809320645529203,1.1289833344478808,1.3505973416057244
2018-08-10,0.8120461711287752,1.1327853787878173,1.3410010578077547
2018-08-13,0.80684420690626,1.1255287606031006,1.3364850075472074
2018-08-14,0.8004104509032129,1.134503699455173,1.345046524663315
2018-08-15,0.7934969468752033,1.1247044822071668,1.3343211565211655
2018-08-16,0.7961040389807561,1.121009183582277,1.3458462867588554
2018-08-17,0.7980454347221062,1.1182754674491353,1.350268162915171
2018-08-20,0.7994045048454379,1.116371046082457,1.3535609547273066
2018-08-21,0.7993767428101604,1.1164098158569282,1.3558660669096962
2018-08-22,0.7980177573271802,1.1183077754191149,1.3558189798575804
2018-08-23,0.7930532621528701,1.1113507453236238,1.3535140112332766
2018-08-24,0.7993260544153155,1.1025603239372916,1.3619342671930368
2018-08-27,0.7995452372577325,1.102257991360489,1.372706722387302
2018-08-28,0.8040649011558872,1.096027154857615,1.3730831316880572
2018-08-29,0.8006409006885334,1.1006944366716453,1.3808448867086245
2018-08-30,0.8010517640258636,1.1001295954435208,1.3749647475175757
2018-08-31,0.8023939454590627,1.1019728889526648,1.3756703355088844
2018-09-04,0.8045652009713136,1.1049547966839357,1.3733653668845807
2018-09-05,0.806914030902967,1.1081805773869067,1.3696490787195739
2018-09-06,0.8049406160301013,1.1108907794028375,1.3656505553580436
2018-09-07,0.803133963832501,1.1083974361326219,1.3623106764937918
2018-09-10,0.8058179980282139,1.10469322643039,1.36536832016152
2018-09-11,0.8057626875862383,1.1046174015285501,1.3699313139160973
2018-09-12,0.810410744339705,1.0982453959091882,1.3700253444622432
2018-09-13,0.8103830506989875,1.0982829255367583,1.377928360639158
2018-09-14,0.8063160538095988,1.103794779761713,1.377881273587042
2018-09-17,0.8108257267913096,1.0976213277113334,1.3709662241560454
2018-09-18,0.810244751359063,1.0968348565816695,1.3786339486304666
2018-09-19,0.8170962785458772,1.0875598889540365,1.3796217718182988
2018-09-20,0.8159911309624801,1.0890308468015208,1.3912880196542503
2018-09-21,0.8135323715045454,1.0923123345444055,1.3894062602666462
2018-09-24,0.8143888018640316,1.0934622450803748,1.3852196758128241
2018-09-25,0.8203134821190482,1.101417185224696,1.3837614127780908
2018-09-26,0.8180661503240559,1.0983997413890634,1.3736945455751342
2018-09-27,0.818317577671368,1.0987373274548802,1.3774579207922568
2018-09-28,0.8151307877368293,1.0944584934772463,1.3770345679974716
2018-10-01,0.8147979476509994,1.0949053906677177,1.3823971802895036
2018-10-02,0.8153527375600861,1.0941598776679633,1.3818327098964567
2018-10-03,0.8092226222661834,1.1023861653727653,1.3827735895902586
2018-10-04,0.8142431577419128,1.1092255303372642,1.3723774001386628
2018-10-05,0.8142150461861006,1.1091872345835845,1.363862970074671
2018-10-08,0.8151979400032344,1.1105262091948036,1.3639100571267868
2018-10-09,0.7889057825717936,1.1463434365098961,1.3622635894416761
2018-10-10,0.7722409018365847,1.1705588460975276,1.31832720663313
2018-10-11,0.7618253406386786,1.1547709912088737,1.2904788042587654
2018-10-12,0.7659354655028129,1.1610010976521294,1.3078840736875041
2018-10-15,0.7828035962682404,1.1354324705078769,1.3008279066582455
2018-10-16,0.782637414450089,1.135673512109163,1.3294759275700647
2018-10-17,0.7714197190854569,1.15195134301439,1.3291936923735412
2018-10-18,0.7707549072849684,1.152944098096322,1.3101420988177777
2018-10-19,0.7678466409394366,1.157294467438224,1.309013014473598
2018-10-22,0.7632764718845081,1.1641826024908892,1.3040737549763513
2018-10-23,0.7866259471414878,1.1997962416803079,1.2963119999557842
2018-10-24,0.7722562748850477,1.2217134932407292,1.256656375705292
2018-10-25,0.786223953100432,1.2438104337253109,1.2796123185183543
2018-10-26,0.7906099133364204,1.2507490459132427,1.2564681710549144
2018-10-29,0.8032603870271303,1.2307359299225338,1.249458947519686
2018-10-30,0.7946282264265389,1.2175099444568136,1.2694514207692518
2018-10-31,0.8023775808649931,1.2056365730132044,1.2830934585389533
2018-11-01,0.7979202551101212,1.2123340619212495,1.2956064119644755
2018-11-02,0.8028145561534183,1.2048978202340812,1.2884091273369551
2018-11-05,0.8074466720236604,1.197945746093986,1.2963119999557842
2018-11-06,0.8248389997547231,1.1721421038944568,1.3037915197798278
2018-11-07,0.8230618483731705,1.174667534869388,1.3318750702986002
2018-11-08,0.8156038404291556,1.185311546402602,1.3290054877231636
2018-11-09,0.7997264789065903,1.2083860085449116,1.3169629741445428
2018-11-12,0.8008918648843475,1.210146905735663,1.2913256534064217
2018-11-13,0.806443248403166,1.2185350413659586,1.2894438940188175
2018-11-14,0.8145903370579727,1.2062247975507185,1.2805061111600404
2018-11-15,0.8169011440418172,1.202803012931552,1.2934424173803478
2018-11-16,0.8032437042758026,1.2229121899345563,1.2971116184932387
2018-11-19,0.7883419420981658,1.2002247458605713,1.275425734064532
2018-11-20,0.7857941686796149,1.2041036473124616,1.2517640597020754
2018-11-21,0.7906509098532546,1.2115458249135738,1.2558095265576357
2018-11-23,0.8030481459570815,1.192549047125957,1.2480477715370686
2018-11-26,0.8055812510240212,1.1887873149694763,1.2676168919918491
2018-11-27,0.8243856886885769,1.1610378149254499,1.2716154153533794
2018-11-28,0.8227168387270523,1.1633881685758745,1.3012983465051466
2018-11-29,0.8284684141639317,1.1552549755999164,1.2986640556322036
2018-11-30,0.8385113440577322,1.141250646006829,1.3077429560892424
2018-12-03,0.812167251441663,1.1771061092985489,1.323595788379016
2018-12-04,0.8100514043378554,1.1801726901632814,1.2820114612468896
2018-12-06,0.8285876437170411,1.207178338664719,1.2786715823826378
2018-12-07,0.8298354976047402,1.2053603267809172,1.2494120040256558
2018-12-10,0.8296795515707087,1.2051338106062262,1.2512936198551743
2018-12-11,0.8341702136066581,1.198610992680579,1.251528767999582
2018-12-12,0.8333905861027693,1.1997312317889943,1.258302699832317
2018-12-13,0.8182970090478069,1.2214596219270837,1.2571266719941072
2018-12-14,0.8393469516528045,1.1900386896108262,1.2343587902733368
2018-12-17,0.8394454432802533,1.1898990467050696,1.2026060386416735
2018-12-18,0.8521871679969288,1.1718378776140739,1.2024649210434117
2018-12-19,0.8375969656582876,1.1517749707967126,1.1842130178041457
2018-12-20,0.8547936736745628,1.1281278723886157,1.1639382375790135
2018-12-21,0.8327139682483882,1.098987821552347,1.140041415072149
2018-12-24,0.7918700975777292,1.152892185071711,1.1105936320647896
2018-12-26,0.7995115925665595,1.141766850396446,1.1650672501441504
2018-12-27,0.7971775925170123,1.145099990165992,1.1763100734062737
2018-12-28,0.8044673848583815,1.1555713596785964,1.1728760922168333
2018-12-31,0.8048190875058425,1.155066158953025,1.1836014603589828
2019-01-02,0.8249300000792517,1.1262032319923878,1.1841189154789569
2019-01-03,0.8539368457831793,1.1658036870352755,1.1545300148733355
2019-01-04,0.8596844556136921,1.1579569888102954,1.1951265188176297
2019-01-07,0.8681545985738766,1.1465480803754367,1.2031705808137634
2019-01-08,0.8721879316004694,1.1412213675448517,1.2150249615210496
2019-01-09,0.8756163826337808,1.1367353830052391,1.2206698090096049
2019-01-10,0.8751457706980211,1.1373463368997214,1.2254680944666756
2019-01-11,0.8709106735742967,1.1428503024804961,1.2248094499693971
2019-01-14,0.8614993580298569,1.1305003277436383,1.2188822237262324
2019-01-15,0.8637689798541436,1.12752202231335,1.232053821649033
2019-01-16,0.8701172957945034,1.1192352393953442,1.2352996699671388
2019-01-17,0.8817614294519747,1.1042573452830666,1.2443785704241774
2019-01-18,0.8700186209491573,1.1189632306964803,1.2610311648094916
2019-01-22,0.8712685692444258,1.1173556258142407,1.2442374528259157
2019-01-23,0.8721238181583101,1.116258814544865,1.2460250381092883
2019-01-24,0.8798865070090723,1.106323103956739,1.247248152999614
2019-01-25,0.8728145420757323,1.1152150214185954,1.2583497868844329
2019-01-28,0.8715975188560219,1.1167700397078284,1.2482359761874462
2019-01-29,0.8576180136044759,1.0988582257144206,1.2464954779561894
2019-01-30,0.8650081774767369,1.089389275399022,1.2664879512057552
2019-01-31,0.865486072342577,1.0887874157228128,1.2774013804401965
2019-02-01,0.8716976362649913,1.0809732257008091,1.2781071119895908
2019-02-04,0.8754246523881495,1.076351434298286,1.2872800429927755
2019-02-05,0.874118607326603,1.0779572418014434,1.2927839164411548
2019-02-06,0.8659000988343615,1.088092251709439,1.2908552135595206
2019-02-07,0.8649444063148182,1.086891326075025,1.278718525876668
2019-02-08,0.8644676621873142,1.08629224820001,1.280129845417371
2019-02-11,0.8757069119473828,1.072168978557911,1.2808354334086798
2019-02-12,0.8783738345040074,1.0689037403892747,1.297488027793994
2019-02-13,0.8763736183638091,1.0713378275966334,1.3014394641034084
2019-02-14,0.8863111386216708,1.0591895370255047,1.298475850981826
2019-02-15,0.8875493076807482,1.057709858326574,1.3131997424855057
2019-02-19,0.8892637924996208,1.055666673255976,1.3150342712629084
2019-02-20,0.8864698459476562,1.0589834351512026,1.3175745315897056
2019-02-21,0.8915815201827094,1.0528769912991573,1.3134348906299136
2019-02-22,0.8929784934586917,1.0512272924365786,1.321008584558189
2019-02-25,0.892311690151346,1.0520122630047428,1.3230784050380848
2019-02-26,0.891867251504035,1.0525362446047655,1.322090438292167
2019-02-27,0.8937404436488933,1.0547468904405077,1.3214319373529742
2019-02-28,0.9000851022835167,1.0472592479002933,1.3186565288817693
2019-03-01,0.8964185924790676,1.0515252737355003,1.3280176645353317
2019-03-04,0.8952707588096919,1.0528717162608112,1.3226079651911837
2019-03-05,0.8895637963579192,1.0595833164020052,1.3209144104539572
2019-03-06,0.8823901521453453,1.0681280365857262,1.312494154494197
2019-03-07,0.8841755846987949,1.0702892920838023,1.3019099039503095
2019-03-08,0.8713387795229346,1.0547504156863392,1.2992756130773664
2019-03-11,0.8744173402453046,1.0510238362227082,1.3181390019827526
2019-03-12,0.8804809879280908,1.0437355106649406,1.3227961698415613
2019-03-13,0.8800456943787702,1.0442515142371,1.331969100844746
2019-03-14,0.8839948421997814,1.0395655034783653,1.3313105999055532
2019-03-15,0.8875086964714719,1.0354332602675231,1.337284769642748
2019-03-18,0.8879129586297685,1.0349616181458943,1.3426004384407495
2019-03-19,0.8812273545654152,1.0427544355988614,1.3432119958859123
2019-03-20,0.8911158347106757,1.0310534182854727,1.3330981851889256
2019-03-21,0.8742929299895472,1.0505181306635687,1.348057224837013
2019-03-22,0.8735155319611987,1.0495840378721149,1.3226079651911837
2019-03-25,0.867140906087629,1.057243553152036,1.3214319373529742
2019-03-26,0.8629118322940733,1.0520873426992114,1.3310753082030597
2019-03-27,0.8663135152019238,1.0562347739862656,1.3245836115668481
2019-03-28,0.8720441814065658,1.06322176982234,1.329805249818704
2019-03-29,0.8821265290063413,1.0755144628848714,1.3386019150792192
2019-04-01,0.882341068928553,1.0757760362324782,1.3540784816263236
2019-04-02,0.8839345936602733,1.0777189081897023,1.354407803874963
2019-04-03,0.886049130557051,1.0802970134161145,1.3568538900975284
2019-04-04,0.8900943397093388,1.08522905072099,1.3600997384156341
2019-04-05,0.8910749199553678,1.0864246028350517,1.366309199855322
2019-04-08,0.8864781168792766,1.080820046086329,1.3678144063840856
2019-04-09,0.8835667708555397,1.0843696443038529,1.360758239354827
2019-04-10,0.883627626855086,1.0842949579295362,1.3652272025632584
2019-04-11,0.8895955886926319,1.091618213487534,1.3651331720171125
2019-04-12,0.8888648444047306,1.0907215208957382,1.3743531900724129
2019-04-15,0.8895347243095476,1.0915435271132174,1.373224249286319
2019-04-16,0.8871900981813271,1.0886664483395405,1.374259159526267
2019-04-17,0.8891083948597903,1.0910203804180039,1.370636901907406
2019-04-18,0.8900218252196669,1.0921412461577487,1.3736005150289883
2019-04-22,0.8822877741227297,1.1016316608459187,1.3750116910116057
2019-04-23,0.8804324827148319,1.0993151289671133,1.386960174044081
2019-04-24,0.8798938674006075,1.0986426095232662,1.3840436479746143
2019-04-25,0.8841730190442025,1.103985592924382,1.3831969423850439
2019-04-26,0.8851306182617266,1.1051812590634427,1.3899237871656631
2019-04-29,0.8855794643569135,1.1057416919333152,1.391429137252512
2019-04-30,0.8791756223266207,1.0977458029064715,1.3921347252438208
2019-05-01,0.8775597763839478,1.0957282445749306,1.3820678580408643
2019-05-02,0.8693305964593322,1.106003265280922,1.379527741272153
2019-05-03,0.8725905225623833,1.1018558339938678,1.39246404749246
2019-05-06,0.8873555896234662,1.0832113783644501,1.3872424092406044
2019-05-07,0.8885493451819305,1.0817541388777827,1.363768939528525
2019-05-08,0.8910045422549118,1.0787650875551302,1.3619342671930368
2019-05-09,0.8870544012130293,1.0835476380863736,1.3581710355339998
2019-05-10,0.9090778581683209,1.0566457200825055,1.3641922923233103
2019-05-13,0.9009771012485992,1.0660614483963589,1.3303226331596352
2019-05-14,0.8955773286956514,1.0724506111629029,1.3421770856459643
2019-05-15,0.9034713103630805,1.081903625651415,1.350221075863055
2019-05-16,0.8982918460155924,1.0757012358331621,1.3621224718434144
2019-05-17,0.9042824852279807,1.0685274670487965,1.3543136297707312
2019-05-20,0.8963773655475075,1.0778683949633343,1.3452818163658085
2019-05-21,0.8989564299679841,1.0747671430417085,1.3570420947479058
2019-05-22,0.9101757950296419,1.0613535842394322,1.3531376019325214
2019-05-23,0.9079328387086494,1.0639690896655023,1.3362498594027998
2019-05-24,0.9164778625262654,1.0539555282821187,1.3395427947730214
2019-05-28,0.9104997145147823,1.0470806190200188,1.3269356672432677
2019-05-29,0.9084528286814508,1.0494345510984822,1.3182801195810143
2019-05-30,0.9199997482829798,1.0360956786705227,1.3212437327025965
2019-05-31,0.9230519808218444,1.0326582810519722,1.3044500207190208
2019-06-03,0.9028128439399731,1.0553006811948118,1.3001223186669368
2019-06-04,0.9105482625581539,1.0643426355620849,1.3286292219804943
2019-06-05,0.9166216460377871,1.0714418319971328,1.3400130910618366
2019-06-06,0.9259234044974787,1.0823146857726544,1.3489510174786994
2019-06-07,0.9301746753844992,1.0872840092521892,1.3626399987424311
2019-06-10,0.9300148905766026,1.087097236303898,1.3688964036761493
2019-06-11,0.9279052043492653,1.08463121765146,1.3686612555317417
2019-06-12,0.9321564752362858,1.0896005411309948,1.3655565248118977
2019-06-13,0.9309737945214276,1.088218102043643,1.3718129297456159
2019-06-14,0.9358005053240657,1.0825761450952625,1.370072431514359
2019-06-17,0.9270476923989337,1.0927017930526206,1.3629691774329848
2019-06-18,0.9295518718372181,1.0956534441756152,1.3757174225610003
2019-06-19,0.9383642888166868,1.1060405514555813,1.3794335671679212
2019-06-20,0.9369378758592,1.104359252845964,1.3925109909864903
2019-06-21,0.935986837148786,1.1032382730812202,1.3903942270125642
2019-06-24,0.9269208678897941,1.0925523062789886,1.388982907471861
2019-06-25,0.9279670007973738,1.0913192399402702,1.3755292179106227
2019-06-26,0.9241544433477947,1.095802930949248,1.3739767807716576
2019-06-27,0.9195223233072399,1.1012954011239962,1.3796217718182988
2019-06-28,0.9275398944885197,1.1108979023861405,1.3865368212492957
2019-07-01,0.9303788043497611,1.114298013830032,1.3986264218800324
2019-07-02,0.9373980587261521,1.122704848953116,1.4029071804380862
2019-07-03,0.936212569420938,1.1212850096661064,1.413491430981974
2019-07-05,0.9313770259499191,1.1154935659440937,1.4117038456986013
2019-07-08,0.9298795507425861,1.1172870651526845,1.4044123869668494
2019-07-09,0.925619341234208,1.1224058754058515,1.4066704120971232
2019-07-10,0.9272524208977075,1.1243861475627335,1.4131150216812187
2019-07-11,0.9320592249651207,1.130214877459405,1.4156081949559
2019-07-12,0.9319667900420355,1.1301027908854304,1.422946597181682
2019-07-15,0.9288239086236476,1.1262917333452986,1.4228054795834202
2019-07-16,0.9227846075706015,1.1189684777873008,1.4180073376844353
2019-07-17,0.9191795515367879,1.123339968197305,1.408787319629135
2019-07-18,0.9245298400711133,1.1168013186571286,1.4142910495194285
2019-07-19,0.9266331305783967,1.1193420236838831,1.4060588546519603
2019-07-22,0.9200138350244632,1.1273379127107268,1.4092576159179502
2019-07-23,0.9244352564947863,1.1327556965111583,1.4193244831209069
2019-07-24,0.919983312941661,1.1273005125110689,1.4261455020057576
2019-07-25,0.9262647203603112,1.134997427990648,1.419277396068791
2019-07-26,0.9245876807985365,1.1329424694594494,1.4289678539709925
2019-07-29,0.9223312799943021,1.130177591284746,1.4263806501501652
2019-07-30,0.9322412791714608,1.118034384995847,1.422899653687652
2019-07-31,0.940684263690441,1.1079087370384888,1.4076112917909251
2019-08-01,0.9473462563419192,1.1000624488102764,1.3948630466629097
2019-08-02,0.9758226498219655,1.0669955411878131,1.3849845276684165
2019-08-05,0.9628034887823361,1.0812311062075686,1.343353113484174
2019-08-06,0.9618718978050292,1.082277285572997,1.361275766253844
2019-08-07,0.9432096203049228,1.1032756732808777,1.3625929116903153
2019-08-08,0.9370765427390858,1.110449556090242,1.3890299945239768
2019-08-09,0.9257368561631729,1.0970118598614815,1.3799980375609682
2019-08-12,0.9114583809140138,1.1139320641125967,1.363298499681624
2019-08-13,0.938342478044062,1.0810758652614247,1.3843258831711378
2019-08-14,0.9359112306511604,1.0838769351697426,1.3434942310824358
2019-08-15,0.922052690003838,1.099926483535878,1.3469752275449494
2019-08-16,0.9331270350076613,1.1131371877500458,1.3669206137423993
2019-08-19,0.9258922662527479,1.10450675497537,1.3833380599833056
2019-08-20,0.9334760345738925,1.113553513053146,1.372612691841156
2019-08-21,0.9331270350076611,1.1131371877500456,1.3838554433242367
2019-08-22,0.909011106879041,1.0843690399952717,1.3833380599833056
2019-08-23,0.8988887637441468,1.0964440910310875,1.347586784990112
2019-08-26,0.9023334256917179,1.092242370651046,1.3625929116903153
2019-08-27,0.9084313680564692,1.0996237119988561,1.3573712734384595
2019-08-28,0.8966108191327913,1.1139320641125965,1.36654434799973
2019-08-29,0.8965803214292654,1.113894174351382,1.3843258831711378
2019-08-30,0.8909133274216632,1.1068536098193729,1.384278796119022
2019-09-03,0.8807065456864707,1.1195343194467968,1.3755292179106227
2019-09-04,0.8922305175519797,1.1341833328587734,1.3912880196542503
2019-09-05,0.8928260178802978,1.1349403194601098,1.4094929076204437
2019-09-06,0.8932429498971333,1.1354703140468534,1.41043364375616
2019-09-09,0.8931834271266391,1.1353946500419891,1.4110922882534387
2019-09-10,0.8867217078613576,1.1436086419959997,1.4109982577072926
2019-09-11,0.88953928126377,1.1399748059639165,1.4212060989504254
2019-09-12,0.8889229566752206,1.140764646860256,1.4257220056528868
2019-09-13,0.8863108546586723,1.1441167862240718,1.4247341824650546
2019-09-16,0.8841683631373668,1.1413510968488554,1.4205475980112323
2019-09-17,0.8835257741092931,1.1405215945474922,1.42398150742163
2019-09-18,0.8834091741739607,1.140672110523445,1.425016417661578
2019-09-19,0.8785384121425129,1.1469613166678843,1.4248283565692863
2019-09-20,0.8780717453784305,1.1463520675801047,1.4169724274444873
2019-09-23,0.8893469902921604,1.1610722773891058,1.4177251024879118
2019-09-24,0.8843249863901876,1.1545158831232356,1.3995202145217187
2019-09-25,0.8860984426721348,1.1568311896870482,1.4074230871405475
2019-09-26,0.8908169305523012,1.1629913336226092,1.404600591617227
2019-09-27,0.8953759606790095,1.1570393671239494,1.3971210717931832
2019-09-30,0.9062036915551632,1.1710313787821947,1.4042712693685877
2019-10-01,0.9224281475783223,1.1919972469240312,1.38728949629272
2019-10-02,0.9147526471943204,1.1820786691458982,1.3624517940920535
2019-10-03,0.9022862125858898,1.1659690612905655,1.3737887196793659
2019-10-04,0.8982323358491259,1.1712076372406577,1.3925109909864903
2019-10-07,0.8843331970097064,1.1893307629733867,1.3862545860527722
2019-10-08,0.8759510364235961,1.2006038458780586,1.3648038497684731
2019-10-09,0.8697600195196619,1.1921182589038055,1.3777401559887803
2019-10-10,0.8784296125862676,1.180235463695911,1.3874777009430976
2019-10-11,0.8778398088436268,1.1810279088545343,1.4013077998050911
2019-10-14,0.8864798847256756,1.1694037256624294,1.4003669201112892
2019-10-15,0.8848580594205379,1.1715431634397329,1.4141499319211668
2019-10-16,0.88733507315508,1.1682636221895244,1.4115627281003396
2019-10-17,0.8834721016176065,1.1733496029619706,1.4155141644097542
2019-10-18,0.877132116345591,1.164929394572726,1.409351790022182
2019-10-21,0.8801842390133083,1.1689829542876284,1.4194656007191686
2019-10-22,0.882730816861931,1.172365094031625,1.414526341221922
2019-10-23,0.8811502377804967,1.1744642795455256,1.4186188951295982
2019-10-24,0.8846502579481009,1.169799185571433,1.4211590118983095
2019-10-25,0.8796919108788632,1.1632426166773842,1.4268040029449505
2019-10-28,0.8794034791635604,1.1636240184603177,1.4348010496680113
2019-10-29,0.8821722299930627,1.1599604157538501,1.4343306098211102
2019-10-30,0.8847679393967837,1.163373490952488,1.4388465165235715
2019-10-31,0.8761224392846424,1.1520055997816696,1.4346128450176336
2019-11-01,0.8794225804134181,1.1476662735757073,1.4486311485300047
2019-11-04,0.8783699387126743,1.1490399947025123,1.4540877913681824
2019-11-05,0.8787682825037509,1.1485189011092374,1.4523472931369257
2019-11-06,0.8756387485130455,1.1444287114522458,1.4530059376342044
2019-11-07,0.8775878834664297,1.1418812613685942,1.4581804888339445
2019-11-08,0.8790285709206959,1.1437558246328652,1.4614263371520502
2019-11-11,0.8775264943664842,1.1418013843964978,1.459027194423515
2019-11-12,0.8770463871661253,1.141176688652782,1.461520367698196
2019-11-13,0.8758049840593755,1.139561425985523,1.4623199862356508
2019-11-14,0.8693060844309987,1.131105325069628,1.4643898067155467
2019-11-15,0.8696941957523259,1.1306003305801895,1.475256292455958
2019-11-18,0.8695001400916623,1.130852602465145,1.4759149369532365
2019-11-19,0.8662846868582346,1.135034549643145,1.4755856147045974
2019-11-20,0.8675320062638511,1.136668828352318,1.4701288283083338
2019-11-21,0.865669502323809,1.13422851473156,1.4680120643344077
2019-11-22,0.8591369390869035,1.1256693365721175,1.4711637385482819
2019-11-25,0.8608546809343965,1.1234186949829843,1.4822655159911864
2019-11-26,0.8649990118876075,1.1180103270271056,1.4852291291127686
2019-11-27,0.8617544068885209,1.1222039756281448,1.492379326688173
2019-11-29,0.8545290574733367,1.1316130552617476,1.4867814226936478
2019-12-02,0.860418422432827,1.1394120671468035,1.4743155563202417
2019-12-03,0.8550831573616539,1.1323468239522971,1.4641546585711391
2019-12-04,0.8532811328758464,1.129960486804125,1.4732335590281778
2019-12-05,0.8608939382033237,1.1198792030602913,1.4763382897480217
2019-12-06,0.8583382207757538,1.1232037645062778,1.4895098876708224
2019-12-09,0.857440956693495,1.1243779058535415,1.4850880115145069
2019-12-10,0.855265833897451,1.1215256278100232,1.483535574375542
2019-12-11,0.8476916371268788,1.1115934459648038,1.4872989495926647
2019-12-12,0.8479839331496056,1.1112101528793064,1.5004704039573795
2019-12-13,0.8486218100138528,1.110374270004491,1.5009877872983108
2019-12-16,0.8487015344839807,1.1102699549853916,1.5021168716424904
2019-12-17,0.8487546570963241,1.1102004600710798,1.5022579892407522
2019-12-18,0.8523955430708674,1.1054380552345247,1.502352019786898
2019-12-19,0.8480370557619491,1.0997857054848095,1.5087966293709938
2019-12-20,0.8486420311222305,1.0990011368755872,1.5165114408975309
2019-12-23,0.848747275641515,1.0988648440193511,1.517593294631509
2019-12-24,0.8531403311936221,1.0931771977168805,1.5177814992818865
2019-12-26,0.8532981578335257,1.0933794299612447,1.5256374284066854
2019-12-27,0.8486929899705875,1.0992802932956263,1.5253551932101619
2019-12-30,0.8467720284875818,1.0967921437204526,1.5171229983426937
2019-12-31,0.8387034961347242,1.0863412754840813,1.5205569077530914
2020-01-02,0.8322523012385731,1.0946972669926174,1.5350456511123634
2020-01-03,0.8289624647984254,1.090370003547959,1.5232382856781501
2020-01-06,0.8312318777211836,1.093355060027255,1.5292595424674607
2020-01-07,0.8270013796546771,1.087790503864983,1.5250729580136384
2020-01-08,0.8214178662027399,1.0804462683405445,1.5328347130342057
2020-01-09,0.8191393469937882,1.0834433027099508,1.5431836718756
2020-01-10,0.8248733172265778,1.0758592064637462,1.538903056875632
2020-01-13,0.8261502752553118,1.077524707120381,1.5496753685118116
2020-01-14,0.8242916375596477,1.0751005379363372,1.547276369341362
2020-01-15,0.8174404848201563,1.0661647709576527,1.5507573658038754
2020-01-16,0.8201456278378273,1.0626365285480817,1.5636465849720669
2020-01-17,0.8183749955943563,1.0649306802653782,1.568821136171807
2020-01-21,0.8182028330729931,1.0647066495313278,1.5654341702554393
2020-01-22,0.8192106929250488,1.0633951470005323,1.5657634925040786
2020-01-23,0.826658953522819,1.0730635317538901,1.567692195385713
2020-01-24,0.840076586572024,1.0904805967311706,1.553438743728934
2020-01-27,0.8311294450851596,1.0788665554120966,1.5282246322275126
2020-01-28,0.8317116140833926,1.0796222531743471,1.5445008173120716
2020-01-29,0.8342211732435318,1.0763646625996024,1.5434189635780935
2020-01-30,0.8490505482153129,1.0954984555312814,1.5480759878788166
2020-01-31,0.8429566132134487,1.087635677046911,1.5205569077530914
2020-02-03,0.8298809262781579,1.070764602794935,1.5314704805456183
2020-02-04,0.8391183395195717,1.0588459108391448,1.555226185454221
2020-02-05,0.8423313295067562,1.0547915824455534,1.5725374243368138
2020-02-06,0.8377628366269977,1.0605123809784223,1.578558681126124
2020-02-07,0.8315627610341036,1.0526637910890215,1.5699971640100165
2020-02-10,0.8300293458606927,1.0507226620421304,1.5816163247938524
2020-02-11,0.8353519513891612,1.0439848493638648,1.5845328508633187
2020-02-12,0.8343169689807023,1.0452783232726672,1.5946937486124213
2020-02-13,0.8331094769707753,1.0437655106721473,1.5927179586786713
2020-02-14,0.831119278404665,1.0462589412237335,1.5950230708610607
2020-02-18,0.8271388812724446,1.041248197041261,1.591212752149908
2020-02-19,0.8237561133992438,1.0455066124400882,1.5988333895722133
2020-02-20,0.8322250645302888,1.0562553574435114,1.592294605883886
2020-02-21,0.8599982511585123,1.0915049292476202,1.5759243902531812
2020-02-24,0.8857851640955198,1.1242335336871134,1.523332316224296
2020-02-25,0.8891972120270458,1.1285640856749493,1.4776554351844933
2020-02-26,0.9295494254988684,1.1797788873925268,1.471963500643822
2020-02-27,0.9382626494244541,1.1687201127361788,1.405165062010274
2020-02-28,0.8923182188233064,1.225949482513086,1.391993607645559
2020-03-02,0.9179033568948545,1.2611007168117676,1.4601561352096089
2020-03-03,0.9582423933089732,1.205679209356524,1.4182895728809588
2020-03-04,0.9917009303848421,1.2477773912043943,1.4806190483060755
2020-03-05,0.9751812960509012,1.2685627162971684,1.4289209104769625
2020-03-06,1.0532089352583596,1.3700648209213142,1.405118118516244
2020-03-09,0.9966775215569711,1.4436036018757523,1.2926897423369232
2020-03-10,1.0451430947292104,1.5138019102404487,1.3620753847912985
2020-03-11,0.9445632218670087,1.3681204198891284,1.295841560108883
2020-03-12,0.858856020973033,1.4922600952015104,1.1711355939855765
2020-03-13,0.759449504080411,1.3195415315081758,1.2774013804401965
2020-03-16,0.7111536628016931,1.4034554296988941,1.1295511950744073
2020-03-17,0.7507503814567521,1.325311657541739,1.2013829955303907
2020-03-18,0.7535209059264119,1.3302025087059035,1.1344905263506968
2020-03-19,0.7195897592755361,1.2703033127535743,1.1386771825835618
2020-03-20,0.699324418014446,1.2345285816568423,1.0874023975492337
2020-03-23,0.7654124014590187,1.351194755988401,1.0567785867036645
2020-03-24,0.7703619821127036,1.359932329890852,1.1566469224053473
2020-03-25,0.8167449326721373,1.4418128944645523,1.164126442229391
2020-03-26,0.7914366735278995,1.4864899691679474,1.234217672675075
2020-03-27,0.816713772762454,1.533965851596213,1.195973296186243
2020-03-30,0.8043865134929046,1.5571191219265297,1.2341705856229592
2020-03-31,0.7682763106580036,1.487217543036662,1.2155423448619807
2020-04-01,0.7502523454003054,1.522108059579303,1.160974696236474
2020-04-02,0.7608560706427184,1.50059527691092,1.188211469386633
2020-04-03,0.8121256558479865,1.6017115068743846,1.1714178291821
2020-04-06,0.8124617984890052,1.601048550923918,1.250352740161372
2020-04-07,0.8402353860608572,1.5463175319165376,1.250870267060389
2020-04-08,0.8528236249257987,1.5231509112579282,1.2936306220307252
2020-04-09,0.8446351715418884,1.537775565018641,1.3130115378351284
2020-04-13,0.8702699408336596,1.4911039094210965,1.3004045538634603
2020-04-14,0.8511431914510573,1.5238753168209611,1.339871973463575
2020-04-15,0.8466212570491566,1.5157793063158518,1.3104243340143011
2020-04-16,0.869385253871109,1.475022952722722,1.317386326939328
2020-04-17,0.8539069575270888,1.501283856361029,1.3528082796838823
2020-04-20,0.8279082133908405,1.5469931628766305,1.3287232525266404
2020-04-21,0.8091649091336114,1.5119702423805372,1.2882678661806077
2020-04-22,0.8089338074838097,1.5124020688395459,1.3174334139914439
2020-04-23,0.8202596399588253,1.4912270205128797,1.3170571482487743
2020-04-24,0.8326545710617862,1.4686931113971533,1.3354971843593753
2020-04-27,0.8281762601905831,1.4765922625647783,1.3556778622593186
2020-04-28,0.849816756228014,1.4380084603683945,1.3483865470856524
2020-04-29,0.8412356636449001,1.4525288656714073,1.383620295179829
2020-04-30,0.8191906295039629,1.49059316776683,1.3696490787195739
2020-05-01,0.8160124307374239,1.4848101409638055,1.3337566861281185
2020-05-04,0.8088164249232597,1.4717163423832498,1.3389312373278586
2020-05-05,0.8034926288202558,1.4814034821183883,1.350738602762072
2020-05-06,0.8130134316553701,1.4638499290842932,1.3418477633973251
2020-05-07,0.8266185450931133,1.4393536002838285,1.3577476827392145
2020-05-08,0.8265904355322129,1.4394025461947624,1.3804684774078693
2020-05-11,0.8097459315960909,1.4687351162473432,1.3804215339138393
2020-05-12,0.7958591208156244,1.4939233213992367,1.3522908963429512
2020-05-13,0.7863383179805102,1.4760516290081958,1.3290996618273954
2020-05-14,0.7829280920801915,1.4696502247012317,1.344999581169285
2020-05-15,0.8071390030423734,1.4242034319552286,1.350832633308218
2020-05-18,0.7988232731836431,1.4388766059182945,1.3926051650907219
2020-05-19,0.8124555353736351,1.4143215587515419,1.3782575393297114
2020-05-20,0.8065118890279327,1.4246682507221444,1.4017780960939066
2020-05-21,0.8081477771316768,1.4217785253816446,1.3915231677986581
2020-05-22,0.7978962893392908,1.4037430303782947,1.3943456633219786
2020-05-26,0.8095389089784544,1.383260109988535,1.4120331679472407
2020-05-27,0.8079440851376347,1.38598518740853,1.4326370550838834
2020-05-28,0.811213555131551,1.3803765851975582,1.4298147031186488
2020-05-29,0.8152007769740721,1.3735918518353156,1.4356006682054658
2020-06-01,0.8219791027784998,1.362170551271046,1.4426568352347242
2020-06-02,0.8330370077561868,1.3438455689589133,1.4546524053193153
2020-06-03,0.8302459037942803,1.3483481452631936,1.4742215257740956
2020-06-04,0.8518832665974085,1.3132083175679836,1.4692821227187634
2020-06-05,0.8623031609185317,1.2971456803180081,1.507573658038754
2020-06-08,0.8559502296319706,1.306702269867027,1.5260136941493547
2020-06-09,0.850899683735255,1.3144124842683287,1.514770942666274
2020-06-10,0.8016708139228786,1.390457924529581,1.5058330162494116
2020-06-11,0.7916496255619605,1.3730766746104806,1.418712925675744
2020-06-12,0.7876830052512626,1.3661967701050128,1.4364473737950363
2020-06-15,0.7725397138389607,1.3399314886677849,1.4436448019806423
2020-06-16,0.7690572374302508,1.3459716697937298,1.4713990302507751
2020-06-17,0.7696499737131348,1.3449342876515546,1.464766216016302
2020-06-18,0.7649573022690755,1.3531345539301982,1.465895156802396
2020-06-19,0.7704403390059023,1.3434355989073998,1.4569573739436188
2020-06-22,0.773577002334008,1.3379661226047939,1.4674005068892448
2020-06-23,0.7540405983612017,1.371755967176531,1.4733746766264395
2020-06-24,0.76194410054211,1.3573778603453914,1.4361651385985128
2020-06-25,0.7801220500354631,1.3897612676992888,1.4512183523508317
2020-06-26,0.7918313643874598,1.4106210184997958,1.416596161701818
2020-06-29,0.8022713283790129,1.3920225727937985,1.4378586933357393
2020-06-30,0.8077633083764778,1.3824934274094687,1.456816256345357
2020-07-01,0.8120118689376536,1.3752219816890856,1.466788949444082
2020-07-02,0.8244724685708721,1.3541187303991162,1.474503760970619
2020-07-06,0.8159754265062161,1.3680743253417638,1.497130525093128
2020-07-07,0.822063185297671,1.3578675149024795,1.4817010455981394
2020-07-08,0.8178924175089589,1.3647567056529972,1.4927555924308424
2020-07-09,0.8261303875051562,1.3510106131931594,1.485182042060653
2020-07-10,0.8187991302197167,1.3629997695666336,1.5001410817087404
2020-07-13,0.8294204525649607,1.345319169557721,1.4868285097457636
2020-07-14,0.837166209348395,1.3327555595680458,1.5061153950040207
2020-07-15,0.8342647919201265,1.3373745709005291,1.5201806420104218
2020-07-16,0.8367257789262456,1.3334294668122635,1.5149120602645358
2020-07-17,0.8436426157713857,1.3224066032902642,1.5193808799148816
2020-07-20,0.845171038200288,1.3200108069248218,1.5319409203925194
2020-07-21,0.8501449531185309,1.3122424131346297,1.5347163288637242
2020-07-22,0.8398604165565138,1.328117123707935,1.5437482858267326
2020-07-23,0.8344979330644305,1.3365971115857274,1.5250729580136384
2020-07-24,0.8283583124246666,1.3267634153137595,1.515335413059321
2020-07-27,0.8334637565690407,1.3349406936824115,1.5264841339962558
2020-07-28,0.8434911781043434,1.3188799916366662,1.5170759112905778
2020-07-29,0.8405966809331493,1.3234058177555788,1.5353278863088868
2020-07-30,0.8339806648649536,1.3129897950021998,1.5300593045630009
2020-07-31,0.8398064148347578,1.3038179393695204,1.542101818141622
2020-08-03,0.8428338048814348,1.2991178497029003,1.5528741297778015
2020-08-04,0.8483035100557818,1.2906870160279198,1.5584720337723268
2020-08-05,0.8540529425301793,1.2819393004328892,1.5685859880273991
2020-08-06,0.8546635601307617,1.2810227592435295,1.5792171820653171
2020-08-07,0.8572329675676692,1.277171571995129,1.5803462664094967
2020-08-10,0.8500588900874624,1.2878600641083158,1.5850973212563657
2020-08-11,0.8619139551063749,1.2698993498880409,1.571831836345505
2020-08-12,0.8604384576494047,1.2720732713685636,1.5937528689186193
2020-08-13,0.8603621401539981,1.2721860992473986,1.5910245474995304
2020-08-14,0.8631351126702099,1.2680858059824156,1.5908834299012686
2020-08-17,0.8649668101972975,1.2653947445241844,1.5960108940488928
2020-08-18,0.8614560501339357,1.270530776659857,1.5993978599652603
2020-08-19,0.8641018527035798,1.266628576897982,1.5929061633290489
2020-08-20,0.8610744626569028,1.2621909301847616,1.5977984793322655
2020-08-21,0.8699163595773443,1.2492301903386693,1.6033963833267906
2020-08-24,0.8727962516276293,1.2450945650517964,1.6198607730617272
2020-08-25,0.881663435781172,1.232445011646519,1.625223385353759
2020-08-26,0.8835834152115107,1.229761142751255,1.6417348621408114
2020-08-27,0.889242204570122,1.221885305395742,1.6453100327075565
2020-08-28,0.8861348816123723,1.2261549995709398,1.6558471961993284
2020-08-31,0.8944462863042497,1.2146544135677575,1.6500610875544255
2020-09-01,0.9075322752436498,1.1968836938895338,1.6655376541015299
2020-09-02,0.876156215630722,1.2382634829655057,1.6899049164552953
2020-09-03,0.8689816570952762,1.2484032202433444,1.631479933845563
2020-09-04,0.8926021685732146,1.2823371040625056,1.6181202748304704
2020-09-08,0.875130533564933,1.2572368672172718,1.5741368049698086
2020-09-09,0.8598430881868523,1.279199236484173,1.6049486769076697
2020-09-10,0.8602534993868055,1.278588662647112,1.5769122134410134
2020-09-11,0.8716934278279982,1.2615855783041485,1.577664888484438
2020-09-14,0.8761309255419314,1.2551632709413352,1.598645184921836
2020-09-15,0.8726424694812946,1.260160905189773,1.6067833492431582
2020-09-16,0.8651526803464614,1.270976720126493,1.6003856831530925
2020-09-17,0.875284506258106,1.2858611620968026,1.5866497583953307
2020-09-18,0.8850262056480834,1.3001724777991055,1.5680684611283824
2020-09-21,0.8760586230797043,1.2869984000448091,1.5506162482056136
2020-09-22,0.8518003969794842,1.3226356249478144,1.5663279628971256
2020-09-23,0.8540368001807493,1.3191630431596049,1.5229560504816266
2020-09-24,0.8401448926710774,1.2977053132563126,1.526954573843157
2020-09-25,0.8541014148446268,1.2761477781963626,1.5517922760438234
2020-09-28,0.8493898605913045,1.2831875036759446,1.5775707143802062
2020-09-29,0.8558842197186403,1.2733763664547164,1.5688682232239226
2020-09-30,0.8614362679953116,1.2651160820633849,1.5808636497504278
2020-10-01,0.853311906957704,1.2770476203408312,1.5911185780456762
2020-10-02,0.8384129962107211,1.2547502419028105,1.576112451345473
2020-10-05,0.8265094587981273,1.2725648112325507,1.6036315314711984
2020-10-06,0.8408724066279162,1.2504503855605966,1.5808636497504278
2020-10-07,0.8484474327438165,1.2391856630502638,1.6083356428240374
2020-10-08,0.8558994433057073,1.22830175405035,1.6228243861833094
2020-10-09,0.8698688764621151,1.2082542129714198,1.6370778378400883
2020-10-12,0.8642122625246664,1.2161112909816971,1.663797155870273
2020-10-13,0.8588015295847377,1.2237252230051923,1.6529777571819777
2020-10-14,0.8577440011186037,1.2252321186189903,1.6426286547824978
2020-10-15,0.8585064123435142,1.2263211740004767,1.6406059213547175
2020-10-16,0.8456207822356238,1.2447274675522144,1.6391476583199842
2020-10-19,0.8489469089567284,1.2398315125599861,1.6145451042637253
2020-10-20,0.8505976789493106,1.242242354316047,1.6208956833016752
2020-10-21,0.8554454957915283,1.2351624344474572,1.6177438655297154
2020-10-22,0.8581662362832019,1.2312340059669427,1.6269638835850158
2020-10-23,0.842410774934665,1.2538387869194465,1.6321384347847558
2020-10-26,0.8452799125911779,1.2581091929799886,1.6021732684364651
2020-10-27,0.8740427587825432,1.3009196285180777,1.5967164820402016
2020-10-28,0.8653258191212795,1.287945391511937,1.5423840533381454
2020-10-29,0.8745500351608154,1.3016746554214491,1.557766445781018
2020-10-30,0.8645664912998742,1.2868152128594397,1.5411609384478198
2020-11-02,0.8800126690640183,1.263825221080383,1.5587542689688503
2020-11-03,0.8994508366120417,1.2359092066156059,1.5866026713432149
2020-11-04,0.9170364533609879,1.2117453226551411,1.6216483583450998
2020-11-05,0.9169581821740417,1.2118487479272042,1.653354022924647
2020-11-06,0.928412290529498,1.1967110381177206,1.6532129053263853
2020-11-09,0.9272121057880517,1.1982580602139599,1.6738638795151441
2020-11-10,0.9338915124901658,1.1896261054882902,1.6717000284891022
2020-11-11,0.9249943159914947,1.2009596887567102,1.683742542067723
2020-11-12,0.9375704175262598,1.1846315981686346,1.6677015051275719
2020-11-13,0.9492071851928603,1.1699284010319608,1.6903753563021964
2020-11-16,0.9443803292898234,1.175877656259632,1.7113556527395943
2020-11-17,0.9330044124965047,1.1900421681219149,1.7026531615833107
2020-11-18,0.9367877056567966,1.1852165978086218,1.6821431614347282
2020-11-19,0.9430757564241792,1.1931721912609716,1.688964180319579
2020-11-20,0.9487347506908257,1.1860124752535643,1.6776272547322666
2020-11-23,0.9639137158323523,1.167037264314805,1.6876939783771376
2020-11-24,0.9625385712677493,1.1687021902561543,1.7146956751619318
2020-11-25,0.9651565915036816,1.165523423113515,1.7122494453812807
2020-11-27,0.9607668621262415,1.1708244617797534,1.7169066132400894
2020-11-30,0.950189224311004,1.1579341784132782,1.7090977711674065
2020-12-01,0.9522069375318617,1.1554753217551619,1.7279142165787624
2020-12-02,0.9520258414745572,1.155695076534123,1.7315834176916534
2020-12-03,0.9602001890969271,1.14577197057471,1.7312540954430142
2020-12-04,0.9584152798311658,1.1479018378981602,1.7461191045449558
2020-12-07,0.9610796970195209,1.1447106435883418,1.7428732562268499
2020-12-08,0.9694868485969873,1.1547241273013276,1.7477184851779506
2020-12-09,0.9689603220277508,1.155351255904508,1.7324301232812238
2020-12-10,0.9701712367329843,1.1567951043198457,1.7314892435874218
2020-12-11,0.9788009340498726,1.1670848255875623,1.7293253925613798
2020-12-14,0.992125605897773,1.1511969961233273,1.7139430001185072
2020-12-15,0.9937105899980594,1.1493578853047914,1.7372753522323245
2020-12-16,0.9992446300713815,1.142957035137865,1.7400507607035294
2020-12-17,0.9952955740983458,1.1474740484604302,1.7497412186057308
2020-12-18,0.9920181257262798,1.1512526113818233,1.742826169174734
2020-12-21,0.9939254683576958,1.1534661124543062,1.7370871475819472
2020-12-22,0.9947884579162722,1.1524645995210834,1.7337472687176954
2020-12-23,0.9986448344884422,1.147996978846073,1.7352526188045445
2020-12-24,1.007328471460984,1.1380146621448801,1.7419794635851635
2020-12-28,1.0053867861037942,1.140208252883509,1.7571267078836286
2020-12-29,1.0067081822846546,1.138709658659305,1.7537397419672611
2020-12-30,1.0123445262583972,1.1323342666287552,1.7560447105915649
2020-12-31,0.9984021341061954,1.1479292029209127,1.7658764296501137
2021-01-04,0.991794988603465,1.1403325291845112,1.7415561107903785
2021-01-05,0.985807013601579,1.133447756870619,1.7530812410280683
2021-01-06,1.0004000379688052,1.1166691881378183,1.763665491571956
2021-01-07,1.0061058268839185,1.1103002572764582,1.7897732521569782
2021-01-08,0.9995323780261957,1.117554466289965,1.7999812369581965
2021-01-11,0.9993746216729938,1.117378082491919,1.788220958576099
2021-01-12,1.0018980069081989,1.114556742731678,1.7885031937726226
2021-01-13,0.9984283020741854,1.1184165996146878,1.793019100475084
2021-01-14,0.991226101611406,1.1264843402171838,1.7868096390353958
2021-01-15,0.9834719281758878,1.1176720672834513,1.7739204198672045
2021-01-19,0.9970058556967778,1.1022913611164804,1.787797462223228
2021-01-20,0.9978856790482792,1.1013186269302897,1.8124000162794869
2021-01-21,0.99449574123421,1.1050599389233935,1.813999396912482
2021-01-22,0.9905364966666202,1.1006605208277325,1.8078370225249096
2021-01-25,0.9890731619595788,1.1022865434389313,1.81503430715243
2021-01-26,0.9649413013145323,1.1291806360907604,1.812352929227371
2021-01-27,0.9567775577047707,1.1196273698044128,1.7681343112223016
2021-01-28,0.9757843749415268,1.1418692719265662,1.783093350870389
2021-01-29,0.9917533291057364,1.123182297085421,1.747671398125835
2021-02-01,1.0058311448643327,1.107238863393151,1.7762724755436239
2021-02-02,1.0066191325588985,1.106371430918273,1.80148644348696
2021-02-03,1.0180179825240379,1.0938429963407432,1.802897763027663
2021-02-04,1.0220101809884097,1.0895534470349162,1.823313589072014
2021-02-05,1.0297057052031653,1.0813493360672362,1.8304637866474185
2021-02-08,1.0288390069078401,1.082259502556054,1.844246798457296
2021-02-09,1.0284187628347439,1.0827015669980586,1.842694504876417
2021-02-10,1.030152239578755,1.080876592527618,1.8419418298329924
2021-02-11,1.0353000892058009,1.075475264500606,1.8450465605528366
2021-02-12,1.0344858913621024,1.0763210575710762,1.854266578608137
2021-02-16,1.0346172627212107,1.0761843734835013,1.8528083155734036
2021-02-17,1.039003495109546,1.0807468285331863,1.8530436072758971
2021-02-18,1.0409636033054988,1.082785686656695,1.845187678151098
2021-02-19,1.0330402223015873,1.091027399924786,1.8417066816885848
2021-02-22,1.0319500869823568,1.0898760725347871,1.8276883781762137
2021-02-23,1.020620793244472,1.077910836696932,1.829617081057848
2021-02-24,0.9961441857975705,1.1037613784331244,1.8497035848535597
2021-02-25,0.9909269792005817,1.1095422194269933,1.8053438492502285
2021-02-26,0.9668915815305725,1.08262975358909,1.7958885394924347
2021-03-01,0.9594487942462386,1.0909634521314842,1.8394486565583112
2021-03-02,0.9466403362603086,1.105527605658603,1.8252892354476784
2021-03-03,0.9349198629757486,1.1192152822461578,1.800921973093913
2021-03-04,0.9176852888392527,1.0985833548260096,1.7786245312200435
2021-03-05,0.9132049273696813,1.1039469043935315,1.8114121930916547
2021-03-08,0.9260740027699191,1.088389853040973,1.8025684407790237
2021-03-09,0.9317459466418906,1.0817237700510531,1.8279706133727371
2021-03-10,0.9413262429749572,1.0706013881346506,1.8391664213617878
2021-03-11,0.9428037935173865,1.0689209211620474,1.8580768973192896
2021-03-12,0.9485234472316415,1.0624361599010008,1.8609934233887562
2021-03-15,0.9471888807592268,1.0639310008374303,1.8722834054820383
2021-03-16,0.9502869659140999,1.0604510731203085,1.8696491146090952
2021-03-17,0.9364169292953421,1.0759290242489248,1.8757644019445516
2021-03-18,0.9381565930566588,1.0779278718505407,1.8483864394170881
2021-03-19,0.9307413395030033,1.0694078565977765,1.8449525300066905
2021-03-22,0.9234894525400744,1.0777401660850248,1.8595351603540229
2021-03-23,0.9187568463183617,1.0832632609090909,1.8450465605528366
2021-03-24,0.9208994672482362,1.0807369967025289,1.8355912507950427
2021-03-25,0.9059953216190597,1.0632459869250726,1.8398720093530965
2021-03-26,0.9055393897577654,1.0637810533986678,1.8696491146090952
2021-03-29,0.9033054349421191,1.066405388500942,1.8687082349152933
2021-03-30,0.9068387329535627,1.0622341216261615,1.8640981541086001
2021-03-31,0.9165494415971299,1.0508593912672461,1.871389612840352
2021-04-01,0.92970231753223,1.0357791101920784,1.8914290295839478
2021-04-05,0.9291324374883296,1.0364140121748486,1.9185718439670036
2021-04-06,0.9302949454733905,1.0351172760838783,1.917395816128794
2021-04-07,0.9346260894593816,1.0302981141751517,1.9197948152992437
2021-04-08,0.941396267163536,1.0228349142924524,1.9287327417161062
2021-04-09,0.9417837466367447,1.0224139146055047,1.9427039581763614
2021-04-12,0.944541946570901,1.0194195732803162,1.9435035767138162
2021-04-13,0.9413962671635361,1.0228146233051187,1.9491955112544874
2021-04-14,0.9515173423084424,1.0118182086996401,1.9427039581763614
2021-04-15,0.9548682397491942,1.0082549535751333,1.9635902240676135
2021-04-16,0.9501951816499498,1.0131892825021747,1.9705052734986104
2021-04-19,0.9432882383004941,1.020554128285087,1.960861759090439
2021-04-20,0.9344665063513853,1.0110097975135,1.9466083074336602
2021-04-21,0.9427667908141639,1.019989968399221,1.9648131953998533
2021-04-22,0.9526506094666101,1.0092965541071606,1.9473609824770848
2021-04-23,0.9547913517484876,1.0070285202793754,1.9677768085214358
2021-04-26,0.9544952812945952,1.0073407889132877,1.9721986846777513
2021-04-27,0.9541308922359664,1.00772535232495,1.9715871272325884
2021-04-28,0.9601659339880226,1.0013513164087304,1.9708344521891639
2021-04-29,0.9539487324567053,1.0078351987434278,1.9833003185625702
2021-04-30,0.9518991048145116,1.0056697921425923,1.9704581864464945
2021-05-03,0.9461167161717142,1.0117788152050973,1.9746918579524324
2021-05-04,0.945980664853208,1.011633321695161,1.9626964314259272
2021-05-05,0.9536656306474631,1.0034150062872425,1.9629786666224507
2021-05-06,0.9605799067867035,0.9961400367247792,1.9789255294583705
2021-05-07,0.9512399645178287,1.0058257384232951,1.9932731552193808
2021-05-10,0.9427615481263235,1.0147906786547207,1.9738920958568922
2021-05-11,0.962914805876178,1.0364836912194821,1.9562987653358617
2021-05-12,0.9514870564608044,1.024182835708594,1.9144792900593275
2021-05-13,0.9367922389132738,1.0083653006156506,1.9372000847279822
2021-05-14,0.9345520203207582,1.0107766770133746,1.9671183075822427
2021-05-17,0.9265095754115071,1.019475086051799,1.9624141962294037
2021-05-18,0.924000541526457,1.0222358751507483,1.9455263101415963
2021-05-19,0.9142331529127455,1.0114300643327372,1.9402577283957103
2021-05-20,0.9137067028264572,1.0120124840830451,1.960767728544293
2021-05-21,0.9228968546315726,1.001833563069743,1.9596386442001135
2021-05-24,0.9209008959382432,1.0040002390091431,1.9793488822531558
2021-05-25,0.9225898201057233,1.0021589113751954,1.9750681236951018
2021-05-26,0.9230723603056029,1.0016347543220092,1.9786903813139627
2021-05-27,0.9248270154310912,0.999730761058733,1.9797252915539107
2021-05-28,0.924103238599173,1.0005131581459041,1.9834885232129478
2021-06-01,0.9256385451000247,0.9988509040905914,1.9819362296320686
2021-06-02,0.9221072799058436,1.0026614708074413,1.9852290214442043
2021-06-03,0.9137067697622595,0.993527102128605,1.9776554710740148
2021-06-04,0.9129314514039968,0.9943701513728525,1.9956721543898304
2021-06-07,0.9129745027370471,0.9943232596149925,1.9939787432106895
2021-06-08,0.9115099686866224,0.9959182880264869,1.9940727737568353
2021-06-09,0.9132760592500776,0.9939886526402821,1.9908740124908455
2021-06-10,0.9147836446335528,0.9923478313914572,1.994731418254114
2021-06-11,0.9169805114364159,0.9899646930171913,1.99802421006625
2021-06-14,0.9151928623428224,0.9918946244215017,2.0028224955233207
2021-06-15,0.9101315373022985,0.997380136062506,1.998918002707936
2021-06-16,0.9098516050466321,0.9976869036667495,1.9878633123171474
2021-06-17,0.9220849535372162,1.01110123575052,1.9872518984300702
2021-06-18,0.9090757058176331,0.9968361006401419,1.9605324368417996
2021-06-21,0.9133990255213438,0.9920954160880325,1.9881926345657868
2021-06-22,0.9128613018025779,0.9926794688640961,1.9976479443235804
2021-06-23,0.9181524848160058,0.986925638864883,1.9964719164853708
2021-06-24,0.9215294055234802,0.9832957738024494,2.008043990217091
2021-06-25,0.9234867277366005,0.9812072602416286,2.0154294794949883
2021-06-28,0.9238954030140708,0.9807730416034053,2.019710238053042
2021-06-29,0.9247127535690113,0.9799053726148921,2.0206040306947286
2021-06-30,0.9299394123617913,0.9743667542578913,2.0223916159781012
2021-07-01,0.9370158748799795,0.9669522176506482,2.0338225721115593
2021-07-02,0.9346283474358056,0.9694160232474759,2.0492991386586636
2021-07-06,0.9384569376878148,0.9654449295534643,2.0440775004068077
2021-07-07,0.930928805625092,0.973189554412727,2.0524508128725376
2021-07-08,0.9210346760717787,0.9628462677154965,2.0359864231376013
2021-07-09,0.9244458273154738,0.9592802627333465,2.057625364072278
2021-07-12,0.9212031002185974,0.9626451804056966,2.0652460014945833
2021-07-13,0.9224244162561542,0.961368921134503,2.0580016298149473
2021-07-14,0.9192659333624368,0.9646607543063515,2.0607300947921217
2021-07-15,0.9262146342843146,0.9719525931850419,2.0536739277628633
2021-07-16,0.9123835128902511,0.9864667174581966,2.0381502741636432
2021-07-19,0.8991509535326604,0.9721597081702904,2.007714667968451
2021-07-20,0.9064398717498282,0.9642789484613239,2.0368331287271717
2021-07-21,0.9084126757431894,0.962180261698388,2.053344605514224
2021-07-22,0.9173628558903918,0.9527003337909119,2.0578135687226555
2021-07-23,0.9198132394177706,0.9501555597252738,2.0780882771687446
2021-07-26,0.9156185118519314,0.9544886607803725,2.083639094111154
2021-07-27,0.9151200825744568,0.9550082495473015,2.07413684085933
2021-07-28,0.9191902820372778,0.9507606386180758,2.0730077565151506
2021-07-29,0.9145386345616366,0.9555720508044238,2.082227918128537
2021-07-30,0.9163867837058189,0.9575031224958294,2.071690611078679
2021-08-02,0.923705157627967,0.9498563885984771,2.067504026624857
2021-08-03,0.9193057977794488,0.954380299744096,2.0840153598538236
2021-08-04,0.9250187298685342,0.9484494007409908,2.0740897538072143
2021-08-05,0.9266242353313315,0.9468032279177736,2.086978972975406
2021-08-06,0.9259778208577837,0.9474637192871893,2.0906012305942667
2021-08-09,0.9270620715349422,0.9485731283422234,2.089142824001448
2021-08-10,0.9292513161827312,0.9508131710621475,2.0915890537820987
2021-08-11,0.931419753907314,0.9530319240660506,2.0965283132793453
2021-08-12,0.9337758357191587,0.9554426751511331,2.101420629282562
2021-08-13,0.9361735950071498,0.9578960707744224,2.106736298080564
2021-08-16,0.9298143120742512,0.9513892304118506,2.1121459974247117
2021-08-17,0.9398432490595614,0.9616508735339252,2.0977985152217866
2021-08-18,0.9412280528752561,0.9630678096031776,2.075171751099278
2021-08-19,0.9337287605838964,0.9553945077093899,2.0782293947670065
2021-08-20,0.9418643788501612,0.9470701148701365,2.0947878150480888
2021-08-23,0.9434998851209451,0.9487146606736768,2.1130397900663977
2021-08-24,0.945470888061306,0.9506965574552664,2.116708991179289
2021-08-25,0.9398933759098004,0.945088218088547,2.121130867335604
2021-08-26,0.9481547974284756,0.9533953009365407,2.1086179139100825
2021-08-27,0.9523693983525692,0.9576331961908298,2.127152124124915
2021-08-30,0.9513419198052874,0.9566000387133289,2.1366074338827086
2021-08-31,0.9517613066396204,0.9570217435216706,2.134302321700319
2021-09-01,0.9546129323468551,0.9598891303204095,2.1352432013941214
2021-09-02,0.9541936095019689,0.9594674898551878,2.141640723926101
2021-09-03,0.9511113018390169,0.9625668336014507,2.1406999877903847
2021-09-07,0.9498532053254647,0.963840083088733,2.133784938359388
2021-09-08,0.9540887307986622,0.9595421882128482,2.1309624428360676
2021-09-09,0.9468110965725078,0.9522229558972843,2.1214601895842438
2021-09-10,0.9490112635244684,0.9544356987411816,2.1052780350458304
2021-09-13,0.9439550373714435,0.9493505718023996,2.1101702074909614
2021-09-14,0.9518038576127393,0.957244254964256,2.0989274560078806
2021-09-15,0.9500267698918428,0.9554570096218571,2.1163796689306493
2021-09-16,0.9408662942776954,0.9462441738214473,2.112428232621235
2021-09-17,0.9249993704525352,0.9302865565517663,2.092059493629
2021-09-20,0.9255282679133738,0.9297546359761103,2.0567786584827075
2021-09-21,0.9163996476679939,0.9389249415058835,2.0556026306444974
2021-09-22,0.9273850176209957,0.9501803341359334,2.075877339090587
2021-09-23,0.9256406492165907,0.9483930887935345,2.1007619847852834
2021-09-24,0.9227333685425824,0.9454143465562028,2.096810548475869
2021-09-27,0.9043135986796533,0.9265418149210005,2.0902248212935115
2021-09-28,0.9027561200999382,0.9281375766479687,2.0484993765631234
2021-09-29,0.9139313929551762,0.9166481052001406,2.0520274600777526
2021-09-30,0.9248140642069952,0.9275631258016762,2.026625287484039
2021-10-01,0.912807066056721,0.9155204361770183,2.0507574016933967
2021-10-04,0.9223744295642021,0.9251162392082898,2.024132114209358
2021-10-05,0.926298988838185,0.9290524644544865,2.0453475587911636
2021-10-06,0.9339783610207595,0.9367546640009122,2.0540501935055326
2021-10-07,0.9325994793134871,0.9353716834905487,2.071079053633516
2021-10-08,0.9256413673356509,0.9283928881352099,2.068021409965788
2021-10-11,0.9233078403560447,0.9260524246159813,2.0525919304707996
2021-10-12,0.9200196681041046,0.9227544780878874,2.0474173792710593
2021-10-13,0.9357749029163881,0.9069524099578442,2.0547088380028113
2021-10-14,0.9429574629019033,0.8999910776243655,2.0898954990448724
2021-10-15,0.9456957178784376,0.8973775927704917,2.1059365359850233
2021-10-18,0.9531310260169081,0.8903221744232711,2.112051966878566
2021-10-19,0.9567960027943461,0.8868987100677614,2.1286574742117637
2021-10-20,0.9592814453381306,0.8845948377902935,2.1368425820271164
2021-10-21,0.958122994877155,0.8856630949765394,2.1423933989695256
2021-10-22,0.9631360475100796,0.8810291641201721,2.1398061951486986
2021-10-25,0.9642313109328164,0.880027271375819,2.1510020031377493
2021-10-26,0.959934399493196,0.8839489437034832,2.1534480893603143
2021-10-27,0.9691600927548245,0.8754535279564756,2.143851662004259
2021-10-28,0.9709925811435435,0.8737982199874038,2.1644556926989873
2021-10-29,0.9729936111540958,0.8719974889670877,2.168548246606664
2021-11-01,0.9768271295533669,0.8685618873559852,2.173017209815095
2021-11-02,0.982830091025434,0.8632242555599807,2.181578726931203
2021-11-03,0.9873376473524486,0.8592652478023711,2.194985329440325
2021-11-04,0.9908130630151702,0.8562406453184563,2.205052196643282
2021-11-05,0.9918452036794632,0.8553486901944856,2.212813951663849
2021-11-08,0.9883908075096246,0.8583276966244436,2.2151190638462386
2021-11-09,0.9805763771417216,0.8651138200557353,2.207404252319701
2021-11-10,0.9801761711396113,0.8647607381833123,2.1899520393969327
2021-11-11,0.9873949395433569,0.8583919774672265,2.190845832038619
2021-11-12,0.9876474814705375,0.8581724300950613,2.206980899524916
2021-11-15,0.9915830763662428,0.8615920905497089,2.207545369917963
2021-11-16,0.9892469993124763,0.859562260109464,2.2163420351784784
2021-11-17,0.9925091062508025,0.8567277971143018,2.2111205404847083
2021-11-18,0.9908885860664963,0.8553289739912331,2.218411855658374
2021-11-19,0.9879210899674318,0.8578904984950236,2.214789741597599
2021-11-22,0.9892890682245575,0.8567025741143682,2.2081569273631256
2021-11-23,0.9867214515859777,0.8589260736498052,2.211214571030854
2021-11-24,0.9644025449601222,0.8394978035888981,2.216953592623641
2021-11-26,0.9520915473189546,0.8502143405098741,2.166807748375407
2021-11-29,0.9339885518723638,0.8340484304372366,2.194467946099394
2021-11-30,0.923090019447884,0.8243160800304954,2.152742501369006
2021-12-01,0.9373152697094794,0.8370191775464935,2.1276225639718156
2021-12-02,0.9289066683674224,0.8295103266751891,2.1604102258434272
2021-12-03,0.9400908979146246,0.8394978035888981,2.1410293100390243
2021-12-06,0.9596225658270987,0.856939513054783,2.166807748375407
2021-12-07,0.9621532929887417,0.8546795827667705,2.211826128476017
2021-12-08,0.9556631661995724,0.8604447543841124,2.21765918061495
2021-12-09,0.9648268998537911,0.8521940580799932,2.2027001409668623
2021-12-10,0.9532548895596803,0.8624151644921135,2.2238215550025218
2021-12-13,0.9465197994429183,0.8685084391393587,2.1971493240244526
2021-12-14,0.9316414382092568,0.8548563398387374,2.1816256704252326
2021-12-15,0.9230975205395994,0.8626960750495346,2.215918682383693
2021-12-16,0.9139405035347692,0.8712539169388845,2.195596886885488
2021-12-17,0.9242049983601432,0.8614688365234547,2.1738168283525496
2021-12-20,0.9077403791724737,0.8768158172913257,2.1494026225047542
2021-12-21,0.9168946917704854,0.8679733704127554,2.187694014266659
2021-12-22,0.922516109948929,0.8732948553407808,2.2097563079961207
2021-12-23,0.935730302583267,0.8858039988891663,2.223304171661591
2021-12-27,0.9350081172529205,0.886487651702155,2.2551509538394
2021-12-28,0.9359840562542728,0.8855623571966322,2.2534104556081433
2021-12-29,0.9333490090373037,0.8830692606431267,2.255762511284563
2021-12-30,0.931026269448758,0.8852668736595471,2.249411932246613
2021-12-31,0.936589133669784,0.8799774209565037,2.2438140282520878
2022-01-03,0.9362768260413605,0.8802708512895338,2.257220774319296
2022-01-04,0.9180267548027546,0.897429244297322,2.2564680992758714
2022-01-05,0.9173436451550796,0.8967614613904753,2.2124846294152096
2022-01-06,0.9210131853308186,0.9003486691157443,2.210838305288185
2022-01-07,0.9192817260493449,0.8986560581037283,2.2019945529755534
2022-01-10,0.9102113196455646,0.9075229543263369,2.1978549120157616
2022-01-11,0.9126227054877883,0.9099272179916226,2.219540796444468
2022-01-12,0.9001028090339148,0.8974442998247693,2.225420935635517
2022-01-13,0.9004114734863263,0.897752052617667,2.1948912988941793
2022-01-14,0.9163266200450026,0.8818839124267817,2.195643973937604
2022-01-18,0.9257996390864666,0.8727669633913283,2.156835055276682
2022-01-19,0.9360826917827398,0.8630729558575004,2.1345376134028125
2022-01-20,0.9178500443355746,0.846262363093133,2.11082885198824
2022-01-21,0.9146374690699288,0.8492243736663176,2.0697149647030146
2022-01-24,0.9251609927539773,0.8394534719576479,2.0769591928245648
2022-01-25,0.9273020009847301,0.8375108081327872,2.0530623703177007
2022-01-26,0.9224677787446498,0.8331446864478521,2.048311171912746
2022-01-27,0.9450204851721533,0.853513601176411,2.037632890822712
2022-01-28,0.9621000432764363,0.8380878666311616,2.087449412822307
2022-01-31,0.9687445235899366,0.8322998424337507,2.1251763341911647
2022-02-01,0.9780509684481777,0.8243041816578542,2.1398532822008143
2022-02-02,0.9553491727688458,0.8434373206386446,2.1604102258434272
2022-02-03,0.960140825933099,0.8476676682659674,2.110264381595193
2022-02-04,0.9635482367369812,0.8506759269431715,2.1208486321390807
2022-02-07,0.9712051633087989,0.8574359031028236,2.1133220252629212
2022-02-08,0.956877962053006,0.8700847822601833,2.130115737246497
2022-02-09,0.9399686162867062,0.8854603735191425,2.161539166629521
2022-02-10,0.9211642488671747,0.8677464606175964,2.123341805413762
2022-02-11,0.924162957466705,0.8649216454156756,2.080863685639949
2022-02-14,0.9093020744528679,0.8788299061664544,2.0740897538072143
2022-02-15,0.9103372372606225,0.8798303790112495,2.1074418860718724
2022-02-16,0.8912378268798968,0.8613710204500942,2.1098410288004077
2022-02-17,0.8850878622022086,0.8554271509347059,2.0655753237432224
2022-02-18,0.8946883282782199,0.846148411847025,2.0513218720864437
2022-02-22,0.9109915628824417,0.8307296837466157,2.0290713737066044
2022-02-23,0.9253185841999689,0.8437944390891153,1.992097127381171
2022-02-24,0.9049467527380837,0.8623714334293529,2.0234265262180493
2022-02-25,0.9031147009739148,0.8641172920682206,2.0679743229136722
2022-02-28,0.8891167776397018,0.8507238132630427,2.06378773845985
2022-03-01,0.905337876911993,0.8662444690141077,2.0317998386837792
2022-03-02,0.9009944259990333,0.8704003653106583,2.0688681155553583
2022-03-03,0.8932955744473263,0.8629629350561392,2.0589425095087495
2022-03-04,0.9195417278148013,0.8376079929834184,2.0413491789877187
2022-03-07,0.9263968427519034,0.8313636879231339,1.9813717592390216
2022-03-08,0.9014674916017775,0.8537356956343581,1.966600780683226
2022-03-09,0.8973308722149036,0.8498181060787412,2.019522033402665
2022-03-10,0.9085228073035237,0.8392187726835902,2.0102549282952484
2022-03-11,0.9016552214493847,0.8328750607531045,1.9851820779501743
2022-03-14,0.8818059733307743,0.8512101663892881,1.970175951249971
2022-03-15,0.8622762489182828,0.8700622727136552,2.0135478636654702
2022-03-16,0.8729975531262502,0.8808803861863859,2.058142747413209
2022-03-17,0.8823393144546937,0.8903065000365243,2.0837331246573
2022-03-18,0.8821618870886653,0.8901274705694342,2.106030710089255
2022-03-21,0.8929226463312476,0.8792695457982592,2.105607213736384
2022-03-22,0.8817283628668573,0.8902926647411067,2.1312917650847067
2022-03-23,0.8915233157895465,0.90018275686676,2.104572447054522
2022-03-24,0.8870297722740483,0.9047199465490057,2.1279517426623693
2022-03-25,0.8932535976699321,0.8983719984242672,2.1386772543626047
2022-03-28,0.9046478382223976,0.8869124681381908,2.153683237504722
2022-03-29,0.8990287770024458,0.892421369220627,2.1811553741364174
2022-03-30,0.885176241822462,0.9061720952582478,2.167607510470947
2022-03-31,0.8873224193080844,0.9039750117204672,2.1342082911541733
2022-04-01,0.8794987107373172,0.8960044737366848,2.139382842353913
2022-04-04,0.8681695610001711,0.8844627071323815,2.1582462312592994
2022-04-05,0.8597349143080553,0.8758697654051693,2.1304450594951363
2022-04-06,0.8554792729318731,0.8802052734225506,2.1097468546961764
2022-04-07,0.857756922601699,0.877861792623163,2.120189987641802
2022-04-08,0.8429301381099473,0.893036100483352,2.114545140153247
2022-04-11,0.8397052682253239,0.8964526650313794,2.077994103064513
2022-04-12,0.829877969618485,0.8859612362413961,2.0700441433935683
2022-04-13,0.8196256589541737,0.8969063994617907,2.0942704317071574
2022-04-14,0.8199238579315703,0.8965800839441906,2.068397819266543
2022-04-18,0.8066890455148886,0.8821079239835466,2.069150350751882
2022-04-19,0.8059671225223712,0.8828973409165596,2.102549570068656
2022-04-20,0.7942898377340442,0.8956892320503733,2.1006679542391375
2022-04-21,0.7720723230332218,0.920743044569514,2.0702323480439455
2022-04-22,0.7673075321400588,0.9264253465285744,2.0123247487751446
2022-04-25,0.7896446961685024,0.8994560883645099,2.0247436716545204
2022-04-26,0.7872638402120862,0.9021680364038095,1.9658011621457714
2022-04-27,0.7674859864672878,0.92483254424202,1.9717282448308502
2022-04-28,0.7386927669428734,0.9595288213587595,2.0212625316339214
2022-04-29,0.7434440133807337,0.9657004776934663,1.9454322795954504
2022-05-02,0.739996698267404,0.9701783856351335,1.9579452330209726
2022-05-03,0.7622771140445812,0.9993892967926995,1.9670241334780112
2022-05-04,0.735218562276154,1.0348646200391163,2.0262488781832837
2022-05-05,0.7312544154755058,1.0292848435167015,1.9543231189601973
2022-05-06,0.7547735832474306,0.9961801915550075,1.9437858119103397
2022-05-09,0.7532826487446173,0.9981479862043887,1.881268275392931
2022-05-10,0.7414019146216088,0.982405248920749,1.8849844199998522
2022-05-11,0.7403115579570092,0.9809604561715355,1.8552545453540548
2022-05-12,0.7222647955107789,1.0048735777909354,1.8525260803768802
2022-05-13,0.7192210956572035,1.0006389347893736,1.8976855780757518
2022-05-16,0.7341172269730454,1.0213636452607013,1.8896885313526912
2022-05-17,0.7046293561821736,0.9803377190252893,1.9288267722622523
2022-05-18,0.7002249903778281,0.9742100067911872,1.8513500525386704
2022-05-19,0.6998669433965249,0.9747081508975534,1.8397779788069504
2022-05-20,0.7129413768418841,0.9929169789723764,1.840718714942667
2022-05-23,0.7078260963190135,0.9857929025078239,1.8751057574472731
2022-05-24,0.7140860870634648,0.9945112225552716,1.8616520678860347
2022-05-25,0.7280548049008885,1.0139655249225872,1.8781164576209712
2022-05-26,0.746280325177785,1.0393482970850019,1.9148555558019968
2022-05-27,0.7420235227383122,1.0334198272899027,1.9627904619720733
2022-05-31,0.7360139578233771,1.0250502765328575,1.9515946539830227
2022-06-01,0.7498753659003762,1.0443551280664916,1.9357889087453648
2022-06-02,0.7375700039323233,1.0614928664940235,1.9722457717298671
2022-06-03,0.7397878117581511,1.0646846817438569,1.939881462653041
2022-06-06,0.7466559093392715,1.0745690812583104,1.9457145147919739
2022-06-07,0.7547402205937307,1.0629343365135755,1.9637782851599055
2022-06-08,0.7347266239942792,1.0347482952211777,1.942515753525984
2022-06-09,0.7130498479310379,1.0042199240626761,1.8910056767891625
2022-06-10,0.7404657031205878,0.9656089516370487,1.8352149850523731
2022-06-13,0.7424395940210289,0.9630348868086736,1.7646533147597883
2022-06-14,0.7318625405497632,0.9767546177800543,1.7599492034069493
2022-06-15,0.7078117131119439,0.9446560262280471,1.7850220537520234
2022-06-16,0.7091039645757776,0.9463806842269172,1.7263617794397976
2022-06-17,0.6910706557285528,0.9704482060830698,1.7295135972117575
2022-06-21,0.6898791414811061,0.9687750011012464,1.7734970670724193
2022-06-22,0.6967897003577525,0.9784792757789244,1.7704392798466053
2022-06-23,0.7185477574295767,1.0090334127230616,1.7881738715239832
2022-06-24,0.7159448302254481,1.0053782061029102,1.8440116503128885
2022-06-27,0.7013355789401235,0.9848629062785912,1.8373317490262993
2022-06-28,0.7008406809801629,0.9841679370544507,1.799839975801849
2022-06-29,0.7066880511344162,0.9759566639675961,1.7985699174174934
2022-06-30,0.6993443805776328,0.9860984856757321,1.78356379071729
2022-07-01,0.6978474281129199,0.9882092376880135,1.8020980009321226
2022-07-05,0.6953571372636665,0.9917356939342116,1.8059554066953911
2022-07-06,0.705662586092007,1.0064335821090509,1.8124000162794869
2022-07-07,0.705103099444412,1.0056356282965926,1.8392604519079336
2022-07-08,0.6970717286536682,0.9941810869428579,1.8378021888732003
2022-07-11,0.690809036266899,0.9852490788462271,1.8168689794879183
2022-07-12,0.6943465032316996,0.9802038552235702,1.8005457073512434
2022-07-13,0.6960239899364712,0.9778357595718308,1.7913255457378574
2022-07-14,0.6827403902150379,0.9964977295775507,1.7869978436857734
2022-07-15,0.6772203304725406,0.9884408940960605,1.8211026509938562
2022-07-18,0.6954206397709428,1.015005261977906,1.8063787594901763
2022-07-19,0.6997238149264714,1.0087245375123326,1.8549252231054154
2022-07-20,0.7068663515711695,1.019021245756206,1.8664032662909895
2022-07-21,0.7005703058943549,1.0280976493714933,1.885454859846753
2022-07-22,0.7012933861431795,1.029158780706734,1.8686611478631774
2022-07-25,0.6929692174282958,1.0169429356777067,1.8705898507448115
2022-07-26,0.6750510897260668,1.0432380624006168,1.8483864394170881
2022-07-27,0.6836254982071751,1.0564891324695398,1.8961802279889026
2022-07-28,0.6937908833471831,1.0721989311179967,1.9202652551461445
2022-07-29,0.6915635671322296,1.0756410721467364,1.9488192455118178
2022-08-01,0.6871591222731236,1.0824916380464207,1.9425628405780997
2022-08-02,0.6764411116717381,1.0993758741373463,1.9301910047508395
2022-08-03,0.6770904021190581,1.0983206244773611,1.960297288697392
2022-08-04,0.6759031340954502,1.1002465134768655,1.9584156728678734
2022-08-05,0.6764886034991741,1.0992934765138744,1.9549816198993901
2022-08-08,0.6736537789985261,1.0946868888130548,1.9532882087202492
2022-08-09,0.6595449871755019,1.071760112615617,1.945102957346811
2022-08-10,0.6597793297645426,1.0713793060830765,1.9858405788893672
2022-08-11,0.6706376639543566,1.0537470553824477,1.9865461668806759
2022-08-12,0.6735905236134543,1.0491073410658007,2.0192397982061414
2022-08-15,0.6749966268267599,1.0469173559759546,2.028130637570888
2022-08-16,0.6699189974549448,1.0547927409857392,2.032364309076826
2022-08-17,0.6679504720279414,1.0516932821873812,2.0170759471800994
2022-08-18,0.6767881418906531,1.0656082630340673,2.023003029865178
2022-08-19,0.6909822472256546,1.0432595323233016,1.9962366247828773
2022-08-22,0.6925123388632213,1.0409493677819854,1.9543700624542275
2022-08-23,0.6903573582042165,1.0441886252344315,1.9500423604021435
2022-08-24,0.6806286103863829,1.0589036821371074,1.956110560685484
2022-08-25,0.6573701486931465,1.0227187931213024,1.9836767278633252
2022-08-26,0.6534157072924802,1.0165665795703853,1.915890466041945
2022-08-29,0.6609048721598415,1.0049151383391994,1.9043653358042552
2022-08-30,0.6658758362199483,0.9973567176850796,1.8825383337772867
2022-08-31,0.6635957573619086,1.0007718468161004,1.868378912666654
2022-09-01,0.6706889584111838,0.9900745573365208,1.8747765787567194
2022-09-02,0.6680183015677267,0.9861321196999339,1.854737018455038
2022-09-06,0.6559238277107604,1.0039860454280696,1.84735152917714
2022-09-07,0.651789665314289,1.0103139773924823,1.88079783554603
2022-09-08,0.6621900690560587,1.026435241398361,1.8926521444742734
2022-09-09,0.6693342626165396,1.0375091798104878,1.9228526025250576
2022-09-12,0.6401257151767129,0.9922341389373577,1.9435977508180478
2022-09-13,0.6376795530310797,0.996025840368386,1.858782628868684
2022-09-14,0.6450426283751647,0.9845250587102189,1.8658857393919726
2022-09-15,0.6499289429564675,0.9770671033156249,1.8443409725615278
2022-09-16,0.6448678176084923,0.9846757182832377,1.8303697561012724
2022-09-19,0.6524491065577062,0.9730995302060215,1.8446232077580513
2022-09-20,0.6635780267663469,0.9565012286406093,1.8229371797712588
2022-09-21,0.6579685073636619,0.9484154994809233,1.7918430726368741
2022-09-22,0.6688913681379611,0.9326709610401314,1.7766958283384091
2022-09-23,0.6788864120416864,0.9187343374755662,1.7472011018370195
2022-09-26,0.6806306241751584,0.9163739019882173,1.7210931976939117
2022-09-27,0.6674070779342074,0.9341775567703204,1.7166713215375962
2022-09-28,0.6811312331501777,0.9149676948850146,1.7500234538022543
2022-09-29,0.691823857508078,0.9006042280744091,1.714037030664653
2022-09-30,0.6735179244921057,0.9244345723074266,1.6871295079840907
2022-10-03,0.6528993030233532,0.9527345860500577,1.731771622342031
2022-10-04,0.6513677410243636,0.9504996746627113,1.7847869056076158
2022-10-05,0.6449318616491002,0.9411082036593484,1.7806001775957079
2022-10-06,0.6269491895511015,0.9148672296254889,1.7630068470746774
2022-10-07,0.6316126183356399,0.9080621834690032,1.7138488260142755
2022-10-10,0.635944201153069,0.9018347167641165,1.701100724444346
2022-10-11,0.6379982680131957,0.8989218372981851,1.68943462016648
2022-10-12,0.6210137366741219,0.9228525701581889,1.6839778337702165
2022-10-13,0.6352417681907009,0.9017091160315744,1.7288080092204487
2022-10-14,0.6515876084937152,0.9249116098669603,1.6891993284639866
2022-10-17,0.6590529265603425,0.9355084340870141,1.7326652714256316
2022-10-18,0.6547188300488412,0.9293562971686368,1.7525166270769357
2022-10-19,0.6491463893988662,0.9214463630549861,1.7409916403973316
2022-10-20,0.6334727899717901,0.9436946285062259,1.7261737183475057
2022-10-21,0.6256852345167638,0.9552958754239189,1.767852076025778
2022-10-24,0.6357342495407776,0.9706387060916868,1.7895850475066006
2022-10-25,0.6309317646644573,0.9633062747970953,1.8183272425226515
2022-10-26,0.627576605372552,0.9581836194168339,1.804591174206804
2022-10-27,0.6128567079025944,0.9806579508601417,1.7949947468507483
2022-10-28,0.6171565604106557,0.9737775749171466,1.8370966008818916
2022-10-31,0.6196074393803157,0.969910467067069,1.8242073817137003
2022-11-01,0.6037262487833411,0.9450506412959355,1.8169630100340641
2022-11-02,0.6097899778823725,0.9355587050330467,1.7703923363525753
2022-11-03,0.6011645211335399,0.9487921484134708,1.7526108011811672
2022-11-04,0.5952935213130608,0.9580580953168313,1.7774014163297178
2022-11-07,0.5985233117702218,0.9632560804836022,1.7947595987063407
2022-11-08,0.5863062948639028,0.9435941632467,1.804497143660658
2022-11-09,0.6184168782552313,0.9952725425032918,1.7676638713754005
2022-11-10,0.6243771582299426,0.9856801409808772,1.8644745634093551
2022-11-11,0.6191345935959476,0.993956375592321,1.8824443032311409
2022-11-14,0.624392728648334,1.0023977660639631,1.8666384144353971
2022-11-15,0.6198055024495728,1.0097620819553772,1.8824912467251709
2022-11-16,0.6218962715662393,1.0063558853859866,1.8686611478631774
2022-11-17,0.6189430812525937,1.011134753806145,1.8623576558773434
2022-11-18,0.616577988270344,1.0072710258111637,1.8712014081899744
2022-11-21,0.6080822772109905,1.0211500220720522,1.86405121061457
2022-11-22,0.6044494141485788,1.0272506738019156,1.8897356184048069
2022-11-23,0.6044045444445546,1.027174418564317,1.9010254569400034
2022-11-25,0.5948319605387208,1.0109059880933495,1.9008843393417416
2022-11-28,0.5958490375937229,1.0091774843251209,1.8707780553951892
2022-11-29,0.5773736842836154,1.0404688171949492,1.8675792941291993
2022-11-30,0.5771338687911102,1.040900981924004,1.9254868933980005
2022-12-01,0.5765132154486331,1.042020373296706,1.92468713130246
2022-12-02,0.5868949749098537,1.0607849125637532,1.9226173108225642
2022-12-05,0.5952886195690509,1.0456137967823216,1.8879951201735503
2022-12-06,0.5964321877655637,1.0436051397300485,1.8609934233887562
2022-12-07,0.5917495401935089,1.0517985859825865,1.8574183963800968
2022-12-08,0.5873777722842147,1.044028036125064,1.8720011702855148
2022-12-09,0.5956156899869469,1.0586704305886765,1.8581710714235213
2022-12-12,0.5934446451207835,1.0625293299459768,1.8842317449564276
2022-12-13,0.5898870128896008,1.0688990707834285,1.8910998508933943
2022-12-14,0.5752727042358876,1.0953807877881387,1.879762925306082
2022-12-15,0.5822994006800375,1.082001205844016,1.833192251624593
2022-12-16,0.5871400646237822,1.07300651304835,1.8108006356464919
2022-12-19,0.5864633132524542,1.0742432854522477,1.795747421894173
2022-12-20,0.5777165234974215,1.0902650551883566,1.7978172423740688
2022-12-21,0.5698523838138934,1.0754238721213312,1.8246307345084856
2022-12-22,0.5668884510885025,1.0810173979164044,1.799793032307819
2022-12-23,0.5690699980440203,1.076857337486953,1.8091541679613812
2022-12-27,0.5621629162169862,1.0637869915336788,1.8021920314782687
2022-12-28,0.5524335459324954,1.0821979845854879,1.7803179423991844
2022-12-29,0.5535814562228678,1.0799492684966974,1.8111299578951312
2022-12-30,0.5560020408317703,1.0752270933798593,1.8073665826780085
2023-01-03,0.5603334454154288,1.0836033999735766,1.7994637100591797
2023-01-04,0.5539671691456769,1.0712919474491611,1.8134820135715508
2023-01-05,0.5413218665812476,1.0957461237340538,1.7928779828768222
2023-01-06,0.5409469571030867,1.094987230305195,1.83380366551167
2023-01-09,0.5448350485037045,1.102857522166592,1.8325336071273144
2023-01-10,0.5516253723584116,1.1166025258363772,1.8457050614920294
2023-01-11,0.5537777011021432,1.1209592792275527,1.8687082349152933
2023-01-12,0.5559578291696765,1.116546254321815,1.8759995500889595
2023-01-13,0.5549302712374456,1.1186099287592168,1.8833850393668572
2023-01-17,0.5461820020205287,1.1362443980118675,1.8799040429043437
2023-01-18,0.542293910619911,1.1281558450083506,1.8502680552466066
2023-01-19,0.5323375573741242,1.1074432426920862,1.8370966008818916
2023-01-20,0.5386554699803828,1.094299834854711,1.870825142447305
2023-01-23,0.5382940379127517,1.0950340983570095,1.8930285537750287
2023-01-24,0.5383877455487311,1.094843471953136,1.8917583518325871
2023-01-25,0.5324713787409371,1.0828121884947957,1.8920876740812265
2023-01-26,0.5337938876513605,1.080122788041037,1.9128799094263325
2023-01-27,0.5270109894057813,1.0938478664533227,1.9176309642732017
2023-01-30,0.5346581239470464,1.0779757082429675,1.8932637019194363
2023-01-31,0.528948937498239,1.066464867894727,1.9207356949930456
2023-02-01,0.536626740263165,1.0509849106985831,1.9412456951416284
2023-02-02,0.5311023053513528,1.0618045312966988,1.9694232762065464
2023-02-03,0.5278337628547437,1.068339154096612,1.9491485677604572
2023-02-06,0.5210147255366344,1.054537375823124,1.9371529976758664
2023-02-07,0.5266980077309646,1.0660403779409593,1.9621789045269105
2023-02-08,0.522229813256494,1.075084034184883,1.9407752552947273
2023-02-09,0.523365991021029,1.0727450513393222,1.9243108655597907
2023-02-10,0.5172126395658913,1.0601325059391657,1.928497450013613
2023-02-13,0.5169383076009882,1.060694805100408,1.9511713011882375
2023-02-14,0.5185842993904062,1.0573174292808911,1.9501363909482894
2023-02-15,0.5116013350553164,1.071554670763551,1.9563458523879775
2023-02-16,0.5130228457431996,1.074532040666186,1.9300028001004619
2023-02-17,0.5231920378809672,1.095831526391607,1.92464018780843
2023-02-21,0.5240791704018984,1.0976896352964387,1.8864897700867012
2023-02-22,0.5213170888338988,1.0919044248162904,1.8832910088207113
2023-02-23,0.5156824106883878,1.1037063206898006,1.8932166148673204
2023-02-24,0.5138818878902334,1.0998526922710683,1.8727537017708535
2023-02-27,0.5119138311663916,1.0956404938315663,1.879292485459181
2023-02-28,0.5100872499872335,1.0995498945613653,1.8720952008316607
2023-03-01,0.5060739216681865,1.0908987182573924,1.8654152995450717
2023-03-02,0.4979574252134751,1.1083947305988282,1.8800922475547213
2023-03-03,0.49852152924376514,1.109650359901705,1.910245474995304
2023-03-06,0.49066123318205584,1.092154264262584,1.9124094695794316
2023-03-07,0.49151958890334824,1.0940648632621912,1.8822560985807633
2023-03-08,0.5006183765984957,1.0738120307397814,1.8855488903928992
2023-03-09,0.5076553583369189,1.0587179071437647,1.8506444645473616
2023-03-10,0.5087154789816636,1.056507019989927,1.8246307345084856
2023-03-13,0.5001595920654321,1.0742759988449309,1.8208204157973327
2023-03-14,0.4970842891881431,1.0808813386657818,1.8514440830848164
2023-03-15,0.4885318229440301,1.062284490276289,1.8400602140034739
2023-03-16,0.49432706965984813,1.0748859225973997,1.8717189350889913
2023-03-17,0.4992304765543182,1.0642237449277454,1.8495155237612677
2023-03-20,0.4927428772903589,1.050393945849904,1.8678615293257228
2023-03-21,0.48448616563880836,1.0679950119051043,1.8921347611333423
2023-03-22,0.48368990515593313,1.0662397456370436,1.8604289529957092
2023-03-23,0.48049256360008996,1.0732879238414614,1.857371309327981
2023-03-24,0.4796583931842418,1.075151230584541,1.8696491146090952
2023-03-27,0.47876685465069785,1.0731528526450036,1.8728949629272011
2023-03-28,0.48569415574914376,1.0886803538968433,1.869413822906602
2023-03-29,0.4883928163083692,1.0826313234568261,1.896462463185426
2023-03-30,0.4952477987010755,1.0674357300486648,1.9069997702352839
2023-03-31,0.4970067572775863,1.0636445466508433,1.933766031759499
2023-04-03,0.4944647198431453,1.0690847629354991,1.9406341376964655
2023-04-04,0.4932961127958982,1.0716114143586122,1.9307083880917706
2023-04-05,0.49142873130976555,1.0675548096873129,1.9261453943371933
2023-04-06,0.4908667690749871,1.0663340314780263,1.9334368530689452
2023-04-10,0.49087871002273753,1.0663599713862797,1.935647791147103
2023-04-11,0.48904149854750834,1.070351036258629,1.9356007040949872
2023-04-12,0.4954120492707526,1.05640799545654,1.9283563324153512
2023-04-13,0.4941952147754474,1.0590027520674863,1.9534762698125412
2023-04-14,0.49602048472195504,1.0550914112879202,1.948678127913556
2023-04-17,0.49630679015447393,1.0544824074016692,1.9558754125410764
2023-04-18,0.496271001975409,1.0545584450581462,1.9570043533271704
2023-04-19,0.49905064763504625,1.060465094435143,1.9568632357289086
2023-04-20,0.49877315614282064,1.0598754347625177,1.9459027194423515
2023-04-21,0.4981465245442569,1.0585438646293137,1.9469847167344154
2023-04-24,0.4902369359344702,1.0753514625590423,1.9494308029569807
2023-04-25,0.49223232659945826,1.0797284201334068,1.9184776698627721
2023-04-26,0.48246451701358783,1.0583023961963447,1.9106689713481748
2023-04-27,0.48645951910370816,1.0495392226660833,1.9485840973674102
2023-04-28,0.4861100799383793,1.0502931396839352,1.9647191648537075
2023-05-01,0.48067082882317075,1.0620452270548573,1.9633078453130044
2023-05-02,0.4841300668466649,1.0696884352792744,1.9413397256877742
2023-05-03,0.4875094958952451,1.0771553050704004,1.927368509227519
2023-05-04,0.478594704639636,1.0574580175807675,1.9139146761081949
2023-05-05,0.478848847585195,1.0568964871401094,1.948913276057964
2023-05-08,0.47689657569739263,1.0525875088256245,1.9499481862979118
2023-05-09,0.478906628177201,1.0570240182076351,1.941998226626967
2023-05-10,0.47819041676341584,1.05544322432853,1.9501834780004053
2023-05-11,0.47881422858498157,1.0540663712230585,1.947266951930939
2023-05-12,0.4804009660838097,1.0575594308224276,1.9447266916041417
2023-05-15,0.4771927462995246,1.0504968241072905,1.9511713011882375
2023-05-16,0.4829837797087733,1.0632452622423845,1.9381409644217842
2023-05-17,0.487662909254569,1.0735459442321305,1.9616615211859794
2023-05-18,0.48695642014455887,1.071990672128589,1.980666027689627
2023-05-19,0.48709539929107476,1.0722966221941845,1.9777965886722766
2023-05-22,0.48176764148543333,1.06056804354784,1.9783610590653236
2023-05-23,0.48538124067749844,1.052613030601188,1.956722118130647
2023-05-24,0.4811016291044549,1.0618939309124762,1.942045313679083
2023-05-25,0.4874203633271401,1.0758407253446804,1.959168347911298
2023-05-26,0.48751276072727545,1.0756367845710473,1.9848998427536508
2023-05-30,0.48450933405832075,1.0690100940202811,1.9852761084963202
2023-05-31,0.4894996397311014,1.080020588063327,1.9730453902673217
2023-06-01,0.496476824407708,1.0954148855986523,1.9933671857655266
2023-06-02,0.4956219810059981,1.0973009921419055,2.021780058532938
2023-06-05,0.4966731821027686,1.0949736457960357,2.0182989185123392
2023-06-06,0.4934964882756051,1.1019770358457672,2.022579677070393
2023-06-07,0.49634973832320295,1.095605732088439,2.009643370850086
2023-06-08,0.495356281194926,1.0934128482400431,2.0212625316339214
2023-06-09,0.4998549220531053,1.083482880859625,2.0253081420475674
2023-06-12,0.5031224697760202,1.0764001617265844,2.0437012346641383
2023-06-13,0.5037092245927277,1.0751448352056299,2.057060893679231
2023-06-14,0.5099336851355947,1.0618590022729184,2.0594598928496803
2023-06-15,0.5081158371836226,1.0656443929400434,2.0849091524955097
2023-06-16,0.5057111993030515,1.0706875124158801,2.077476719723582
2023-06-20,0.5083804755088889,1.0763388816256536,2.0676451442231185
2023-06-21,0.5065433355732422,1.0724493043523635,2.0567315714305914
2023-06-22,0.5103989712452189,1.0806124238800703,2.0641640042025196
2023-06-23,0.5125556153833319,1.0851784527728154,2.0484522895110073
2023-06-26,0.5068818079788816,1.0731659152925899,2.039796741848754
2023-06-27,0.506719964524739,1.0728232616880118,2.0623765624772328
2023-06-28,0.5087419454232586,1.0685423406774193,2.0630350634164256
2023-06-29,0.5149811937151523,1.0554376595441561,2.0712672582838936
2023-06-30,0.5157206779402457,1.053922110026373,2.0966694308776073
2023-07-03,0.514830983778146,1.055740280964066,2.099680131051305
2023-07-05,0.5190482511715201,1.0643884377438062,2.096057873432444
2023-07-06,0.5203754456773464,1.0671100546328915,2.0788878957061994
2023-07-07,0.5189942154691647,1.0642776292078318,2.0735722269081975
2023-07-10,0.5155066180095543,1.0571257730882218,2.079076100356577
2023-07-11,0.5193763312447384,1.049190329676906,2.093047316816832
2023-07-12,0.5238021842713811,1.0402496792914793,2.108759031508344
2023-07-13,0.5232808010070381,1.0412851250948891,2.1267287713301295
2023-07-14,0.5252272372407343,1.0374118794241267,2.1246118637981177
2023-07-17,0.5214154397648745,1.0298829401326492,2.1325147364169466
2023-07-18,0.5204562459831618,1.0279883715473523,2.147991302964051
2023-07-19,0.5172137690335453,1.034392807318739,2.1519427392734656
2023-07-20,0.5172024155554855,1.034415513512476,2.1385359932062573
2023-07-21,0.514915644529641,1.0298419242293637,2.138489049712227
2023-07-24,0.5135285703960869,1.0270677473133507,2.1479442159119353
2023-07-25,0.5134836954811784,1.0269779965566783,2.1537303245568378
2023-07-26,0.516803140171355,1.0203390386158548,2.1539185292072154
2023-07-27,0.5119182216614822,1.010694606009606,2.1399943997990762
2023-07-28,0.5108480654897399,1.0085817664493002,2.1602220211930496
2023-07-31,0.5094271325707946,1.0057763784480322,2.164737927895511
2023-08-01,0.5165429090554055,1.0198252569724657,2.1587166711062005
2023-08-02,0.5180269186264653,1.0227551789898317,2.1285633001075324
2023-08-03,0.5204380085996796,1.0275154620339133,2.1224480127720757
2023-08-04,0.5158372836975678,1.0184321208955442,2.1125693502194967
2023-08-07,0.5180005461702775,1.0227031111045948,2.131244678032591
2023-08-08,0.5215024327246447,1.0296169846523449,2.122306895173814
2023-08-09,0.52126966207469,1.0291574189826898,2.1079592694128038
2023-08-10,0.5209557340278318,1.0297772159936363,2.108900149106606
2023-08-11,0.5181651560478299,1.0242610589853596,2.10763009072225
2023-08-14,0.5240319650438111,1.035858025560499,2.1189199292574465
2023-08-15,0.520113566917922,1.0436035533465837,2.0949289326463503
2023-08-16,0.5241143786338008,1.0516311488344374,2.079264305006954
2023-08-17,0.5240187626908808,1.051439296238899,2.063270211560833
2023-08-18,0.5204830289125101,1.0443448757709601,2.0636466208615882
2023-08-21,0.5189981476163404,1.047324277762266,2.077570750269728
2023-08-22,0.5247256239691298,1.0357663848061243,2.071643667584649
2023-08-23,0.5176782011816098,1.0496774333415764,2.0945055798515653
2023-08-24,0.5213786978591474,1.0421740695806518,2.066374942280677
2023-08-25,0.518232132000599,1.035884458287609,2.0811459208364727
2023-08-28,0.5257189764529206,1.0209191457743976,2.093705817756025
2023-08-29,0.5280243811680195,1.016442168686214,2.123953362858925
2023-08-30,0.5270929095403747,1.01823524316353,2.133267411460371
2023-08-31,0.5282106826002215,1.01607593518804,2.129504179801334
2023-09-01,0.5259402071828252,1.0117084062662547,2.1340200865037957
2023-09-05,0.5295963061647295,1.0187413465579793,2.124847155500611
2023-09-06,0.5310603115405533,1.0215575346442138,2.1100761769448155
2023-09-07,0.5304073635751255,1.0203015117418839,2.1042431248058824
2023-09-08,0.5268189703322556,1.0133988114744017,2.10683032862671
2023-09-11,0.5239681395689157,1.0079149001690417,2.1210837802834885
2023-09-12,0.5234774076005859,1.0088588813494164,2.1096057370979144
2023-09-13,0.5188009918687013,1.0178713878597139,2.1115815270316647
2023-09-14,0.5121110414896695,1.0047459135762316,2.1304450594951363
2023-09-15,0.511228957796831,1.0064765343088633,2.102972922863441
2023-09-18,0.51237055252113,1.0042290319243166,2.106595180482302
2023-09-19,0.5172211255275055,1.0137359917027475,2.101891069129463
2023-09-20,0.5256936468025043,1.030341848140212,2.081992626426043
2023-09-21,0.5269495063359375,1.0328032905421747,2.0478878191179604
2023-09-22,0.5247654888669099,1.02852268983662,2.042995503114744
2023-09-25,0.5348011279270997,1.0481922045044065,2.0514629896847056
2023-09-26,0.5346636202388441,1.0479226940651754,2.0122307182289987
2023-09-27,0.5315396361645903,1.041799790461137,2.0127481015699296
2023-09-28,0.5327006105851302,1.0440752612365178,2.024508379952027
2023-09-29,0.5325145457046979,1.0444399421375419,2.020086503795712
2023-10-02,0.5396101100453022,1.0583567278274555,2.019380915804403
2023-10-03,0.5357881477743917,1.0508605756842324,1.9924733931238405
2023-10-04,0.5360393766063283,1.0513533198333034,2.0065857271823573
2023-10-05,0.5297405619806012,1.0389992280318792,2.0056448474885555
2023-10-06,0.5262529266024188,1.032158803254815,2.0292124913048664
2023-10-09,0.5290041401748237,1.0267627490670972,2.0425721503199585
2023-10-10,0.5312462697559054,1.0224109208721888,2.0532505749680783
2023-10-11,0.5280587988689368,1.0285453734421734,2.0619530661243615
2023-10-12,0.5308342386847531,1.0339513354069008,2.049581373855187
2023-10-13,0.5253104446325447,1.0231921683815324,2.038808918660922
2023-10-16,0.5251545328461487,1.0228884856346372,2.060024506800813
2023-10-17,0.5320358979279332,1.0362919100884973,2.0606359206878904
2023-10-18,0.5368601482095484,1.0268953044110414,2.0336343674611816
2023-10-19,0.5434645586063125,1.0142625209059537,2.015194331350581
2023-10-20,0.5444150182176248,1.0160363542610875,1.9904035726439444
2023-10-23,0.5403162546622864,1.008386872449622,1.986922576181431
2023-10-24,0.5479976785832444,1.0227226378032963,2.0018816158295185
2023-10-25,0.5546074539192262,1.0350583960210669,1.9734217995680767
2023-10-26,0.5571500227975718,1.0398035671261359,1.9496190076073583
2023-10-27,0.5505325248099737,1.0274533962001724,1.9406810811904955
2023-10-30,0.547248728977186,1.021324880574342,1.9637313416658753
2023-10-31,0.5532302254941106,1.032488088257294,1.975444532995857
2023-11-01,0.563890059205686,1.0523824302921587,1.9970363868784178
2023-11-02,0.5689463237391909,1.0618188866919493,2.0355159832907
2023-11-03,0.5703146648891381,1.0592651651617655,2.053767958309009
2023-11-06,0.5718262947060211,1.0564575627867585,2.0587073613643416
2023-11-07,0.5722954527420582,1.0573243392185216,2.0641640042025196
2023-11-08,0.5679819985668734,1.0493551686377058,2.065857558939746
2023-11-09,0.5768695546894044,1.0657750604252403,2.0502869618464956
2023-11-10,0.5762049307088795,1.0670029630892754,2.0823690357267983
2023-11-13,0.5649065616555551,1.0460809046071622,2.079969892998263
2023-11-14,0.5660468297281487,1.0439693825646892,2.120754458034849
2023-11-15,0.5667485272744142,1.0426752303573996,2.1250352165929027
2023-11-16,0.567349998702491,1.0415686736931247,2.127669507465846
2023-11-17,0.5719110709928655,1.0331952357324858,2.1299275325961196
2023-11-20,0.5705953594138814,1.0355721558586246,2.1470505668283346
2023-11-21,0.5727631268362383,1.031637879937986,2.142111163773002
2023-11-22,0.5731891547579248,1.0308705356008065,2.1502493280943247
2023-11-24,0.5721240658338846,1.0327860791530068,2.1518487087273197
2023-11-27,0.571635363128638,1.0319038835227856,2.1478501853657894
2023-11-28,0.5718980791856167,1.0323781329078767,2.1496848577012777
2023-11-29,0.5739639894155103,1.028648796119528,2.14869689095536
2023-11-30,0.5773570295561624,1.0225678455368594,2.1564587895340126
2023-12-01,0.5802116981066096,1.0276238024576516,2.169206891103942
2023-12-04,0.5803381549233689,1.027847772493604,2.1584815229617926
2023-12-05,0.5827417275713284,1.0321047850151361,2.158011083114892
2023-12-06,0.5872189330948474,1.024175122480794,2.1490733002561146
2023-12-07,0.5897573332598968,1.0286023746578363,2.1655846334850812
2023-12-08,0.5920533340962068,1.0326068554489283,2.1749459126967294
2023-12-11,0.5949871561949858,1.0377237674522892,2.1834132557086052
2023-12-12,0.6031379941983165,1.0235077995399706,2.1942327979549865
2023-12-13,0.6050258439246488,1.0203041729439895,2.224291994849423
2023-12-14,0.604005368831843,1.0220250828952422,2.2312541313325354
2023-12-15,0.6073601101439924,1.0163485940019852,2.227490756115413
2023-12-18,0.6108679129882765,1.0104786818538543,2.239862591942673
2023-12-19,0.5996939929438513,1.0289622324833139,2.2527988981629803
2023-12-20,0.5936095634786286,1.0185224945509899,2.211590980331609
2023-12-21,0.5924721124406146,1.016570842253007,2.2340295398037404
2023-12-22,0.5950246755516274,1.0121911234828238,2.238310298361794
2023-12-26,0.5961577758494703,1.010263616758117,2.2479536692118796
2023-12-27,0.5964317126027869,1.0107278367119275,2.2522344277699333
2023-12-28,0.5947258492750174,1.007837038797312,2.2532693380098814
2023-12-29,0.5913141226194784,1.0020554429680808,2.2468247284257856
2024-01-02,0.5961453500874596,0.993868326179695,2.2339355092575945
2024-01-03,0.5979805935363661,0.9908086858848754,2.2156835342392855
2024-01-04,0.5972674414914563,0.9919903249683021,2.2088625153544346
2024-01-05,0.5890475803588263,1.0056425386161618,2.2114968062273777
2024-01-08,0.5884914196600813,1.0046930417068904,2.2419324124225692
2024-01-09,0.591791419628423,1.010326916552068,2.2398156484486433
2024-01-10,0.591470057190084,1.0097782754081555,2.2523755453681953
2024-01-11,0.5919768065280047,1.0106434155218251,2.2511524304778696
2024-01-12,0.5899251034959102,1.0071406766693456,2.2530811333595038
2024-01-16,0.593237475163756,1.0014856804280174,2.245272291286821
2024-01-17,0.5881502877427512,1.0100737173762624,2.232665307315153
2024-01-18,0.5807905884343139,1.0227130699263989,2.2518110749751483
2024-01-19,0.5820488222414958,1.0249286915036995,2.2799886560400666
2024-01-22,0.5838582258670821,1.0281148669919213,2.284928059095399
2024-01-23,0.5843015899115577,1.028895585915489,2.2920311696186877
2024-01-24,0.5875609592550143,1.0346350033469192,2.2937716678499442
2024-01-25,0.5869498526443881,1.033558906849745,2.30656685647199
2024-01-26,0.5915633034658094,1.0416827238441795,2.30416785730154
2024-01-29,0.591119902852211,1.0409019405261115,2.3222787147215875
2024-01-30,0.5814137262863317,1.057993528837999,2.320538072932245
2024-01-31,0.5891307619882051,1.0720361519568984,2.2824348858207175
2024-02-01,0.5830554239148903,1.0830913921008245,2.3127293744176476
2024-02-02,0.5811068540138176,1.07947170313097,2.336579109872396
2024-02-05,0.5826798240359906,1.0823936728463173,2.328770267799713
2024-02-06,0.587410376444965,1.0911812089601909,2.3350739033436327
2024-02-07,0.5877977261340963,1.091900754816079,2.3540314663532507
2024-02-08,0.5912018396002097,1.098224280576505,2.3555837599341296
2024-02-09,0.5908849171272841,1.0976355612398692,2.3692256541457457
2024-02-12,0.5829497830905819,1.082895152321946,2.3679555957613903
2024-02-13,0.5777497039660389,1.092554887412341,2.336155757077611
2024-02-14,0.5739445255438237,1.0997506786938047,2.356994935916747
2024-02-15,0.5712133600009347,1.0945174182901596,2.3725185895159675
2024-02-16,0.568038362258891,1.0884337189668576,2.361228750980771
2024-02-20,0.5675262882544673,1.0894149178612507,2.3481042401100862
2024-02-21,0.5556670860594399,1.1121796638343973,2.350221004084012
2024-02-22,0.555983031960716,1.1115472912949997,2.399331938092298
2024-02-23,0.5538913324518366,1.107365467768662,2.4006961705808854
2024-02-26,0.554871818674559,1.1093257017009381,2.3916643571759626
2024-02-27,0.5555690740088284,1.1079317162129012,2.3958980286819007
2024-02-28,0.5536358976973691,1.1117869116308938,2.3928873285082024
2024-02-29,0.5589938419051673,1.1225464961669651,2.4012136974799025
2024-03-01,0.5583322496245944,1.121217916063261,2.424452019047574
2024-03-04,0.5526922648012889,1.1325438819813447,2.4215825800302233
2024-03-05,0.5556858143033552,1.138678084303124,2.3971210000141405
2024-03-06,0.5612064093249783,1.1499905569299733,2.410104536844649
2024-03-07,0.5578007382757131,1.1430118598203385,2.434048302845544
2024-03-08,0.5575295873870572,1.142456233661627,2.419277324289748
2024-03-11,0.5517160620230751,1.154368961599096,2.4181012964515385
2024-03-12,0.550834402918925,1.1562136784282746,2.443315551511046
2024-03-13,0.5496340913773239,1.158733159084204,2.4394110586956614
2024-03-14,0.5451621302017255,1.1681609034355742,2.4340953898976596
2024-03-15,0.5413169061803164,1.1599214456340952,2.414290977740386
2024-03-18,0.5444485021539996,1.1532111336385438,2.431319837868369
2024-03-19,0.5495071013452761,1.1424963775414743,2.445385371990942
2024-03-20,0.5494547472024595,1.1426052285797428,2.4681060231015106
2024-03-21,0.5487215974296089,1.1441298323220093,2.4678708749571032
2024-03-22,0.5470040107832823,1.1405485223628868,2.4645779395868814
2024-03-25,0.548156121547611,1.142950768423152,2.4568634151765156
2024-03-26,0.552931087552356,1.132994570088799,2.45168872041869
2024-03-27,0.5529416154206159,1.132972997748517,2.473045282598757
2024-03-28,0.5520476453389833,1.1348047353769362,2.4730923696508733
2024-04-01,0.5484401172133544,1.1273889986474455,2.4690939898474284
2024-04-02,0.5478300786031465,1.1261349860464105,2.4529589223611312
2024-04-03,0.5545674174185656,1.1399844500485288,2.455687387338306
2024-04-04,0.5603539139921847,1.1518793358766408,2.4254867857294364
2024-04-05,0.5602033203958798,1.1521889003275485,2.450794927777004
2024-04-08,0.5609020823778887,1.1536260674601397,2.4514535722742825
2024-04-09,0.5554626304195355,1.1424385647408581,2.4545113595000965
2024-04-10,0.5513024049741613,1.1338820899637485,2.4307082804232065
2024-04-11,0.5590119219695066,1.1497385113477672,2.448913455505571
2024-04-12,0.5520856831430964,1.163983938331613,2.4146673870411406
2024-04-15,0.5510293190565267,1.1617567644212208,2.3847493077449657
2024-04-16,0.5542310809999573,1.1550063639121957,2.3801863139903885
2024-04-17,0.5555091306037541,1.1523429343854403,2.3663562151283952
2024-04-18,0.5603239630042781,1.1423550911776,2.3608994287321314
2024-04-19,0.5551546567422795,1.1528939646082288,2.340436515635665
2024-04-22,0.5484656264882816,1.1667851254140655,2.3620283695182254
2024-04-23,0.5482497542062972,1.1663258868484305,2.390488329337753
2024-04-24,0.5459292753936508,1.1613893875827064,2.389547449643951
2024-04-25,0.5405867822581374,1.1727548063475175,2.379433638946964
2024-04-26,0.5425130669296095,1.176933709126875,2.402718904008666
2024-04-29,0.5338872753441815,1.1582208236617395,2.4112805646828592
2024-04-30,0.5355595277726393,1.1545930211751374,2.3729419423107525
2024-05-01,0.5306603964670776,1.1651548775550382,2.365509365980739
2024-05-02,0.5239886742189109,1.1798037749871761,2.3871483069154156
2024-05-03,0.5294443150173407,1.1920876008132901,2.4171607038739076
2024-05-06,0.5301275304900442,1.1936259168752297,2.442327584765128
2024-05-07,0.5300765554083148,1.1935111422688045,2.445479258979002
2024-05-08,0.5271702911027283,1.2000548363743166,2.445244110834594
2024-05-09,0.5264339496725324,1.201731050131888,2.458650713343717
2024-05-10,0.5266149891508788,1.2021443227989794,2.4620849098702857
2024-05-13,0.529018903661929,1.2076319223574592,2.462931615459856
2024-05-14,0.522461026349147,1.1926617541252853,2.474174510501023
2024-05-15,0.5212345459050155,1.1954615348632283,2.5048451212825364
2024-05-16,0.5221176357794863,1.1934361511179432,2.4989649820914877
2024-05-17,0.5227259652888363,1.1920456552248746,2.503198797155511
2024-05-20,0.5240014929733849,1.1891368897617984,2.5061153232249778
2024-05-21,0.5254928524704653,1.185752489874287,2.5122306105604344
2024-05-22,0.5216542428497866,1.1944141508159665,2.5050805565431156
2024-05-23,0.5251178692041029,1.202344699426353,2.4867814944726905
2024-05-24,0.5247133136949226,1.2032709965505088,2.503292971259743
2024-05-28,0.5209594522458765,1.1946626527391062,2.5052215305832917
2024-05-29,0.5243389077647084,1.186912895483457,2.487298877813622
2024-05-30,0.51970755891286,1.1973965876038364,2.4711638103273246
2024-05-31,0.5193839860986468,1.1981420933732556,2.492990955912379
2024-06-03,0.5201479732420429,1.1999044987992962,2.4945431059351724
2024-06-04,0.526377158556296,1.2142743086744348,2.498212450606149
2024-06-05,0.5263575507485468,1.214229076359901,2.528130529902324
2024-06-06,0.5256915428639948,1.2157654581166706,2.528036355798092
2024-06-07,0.5272586729863834,1.2121411603758427,2.524837594532102
2024-06-10,0.5275329431752646,1.2127716937402802,2.5323643449663473
2024-06-11,0.5231404712233604,1.2026736217284102,2.5310470559717904
2024-06-12,0.5242396838719167,1.200146587155846,2.5521216700715055
2024-06-13,0.524422895788978,1.199727158478941,2.5574841388054517
2024-06-14,0.5201319232027175,1.1899106604019827,2.558377931447138
2024-06-17,0.5213935896868472,1.18702433419825,2.579311284390506
2024-06-18,0.5197809424204315,1.1906957478588274,2.5855678328823095
2024-06-20,0.5206631420541649,1.1927166594908651,2.577570786159249
2024-06-21,0.5219957339580874,1.195769313761418,2.5731959970550493
2024-06-24,0.5200153175040008,1.1912326459877018,2.566610126314606
2024-06-25,0.5192177224890281,1.1894055436156545,2.5763476712689237
2024-06-26,0.518460470565499,1.1876708577666404,2.5802992511364238
2024-06-27,0.5204330845109826,1.1921896518303796,2.584062482795461
2024-06-28,0.5193108740147098,1.1896189318268868,2.5742307637369115
2024-07-01,0.5159965869884736,1.1820266806547939,2.579781580679321
2024-07-02,0.5137340179520261,1.1768436677524934,2.5962459704142575
2024-07-03,0.5169128173396652,1.1841255486474196,2.6076301266117716
2024-07-05,0.5175151810722304,1.1827456751728558,2.623765194098069
2024-07-08,0.5179971173105115,1.1816442427465548,2.626822694207711
2024-07-09,0.5229275173501005,1.1703971167944516,2.6292689239883624
2024-07-10,0.5184883302557267,1.1803327419122396,2.6542948308394063
2024-07-11,0.5218061105515179,1.1727798530908804,2.6317622408211294
2024-07-12,0.5203510816950268,1.1695096182391744,2.6486027527406493
2024-07-15,0.5234385141257845,1.1625704918484447,2.655988242018547
2024-07-16,0.5307468869384032,1.1788025770811645,2.671747187320261
2024-07-17,0.5349452996895945,1.1881273604996854,2.634443618746188
2024-07-18,0.5384307198802568,1.1958685689816868,2.6136041527908804
2024-07-19,0.532841331712099,1.1834543931493262,2.596575292662897
2024-07-22,0.5337298553468243,1.1854278271461858,2.623530045953661
2024-07-23,0.5457794760908301,1.2121903467868016,2.6191552568494614
2024-07-24,0.548657748022986,1.2185830632674155,2.5600245426903343
2024-07-25,0.5425259777614402,1.2049642427632101,2.54652376607698
2024-07-26,0.5421493495528779,1.2041277417609795,2.574983582338422
2024-07-29,0.5392296074308397,1.2106125646069974,2.5767711676217946
2024-07-30,0.5308168259588947,1.1917252134436325,2.5628939817076852
2024-07-31,0.5238424736109666,1.2073831789300344,2.6028789282068168
2024-08-01,0.533704361942155,1.184652914235221,2.5686799467945023
2024-08-02,0.5492342815573634,1.2191243666757565,2.5203218313877267
2024-08-05,0.5440183587421842,1.2307020463876899,2.446984609065851
2024-08-06,0.54777900262727,1.222194553854145,2.4702229306335224
2024-08-07,0.5604679896396977,1.2505059910325205,2.4531469834534234
2024-08-08,0.5580730851088076,1.255849458490411,2.5099727289882465
2024-08-09,0.5583438781640878,1.2564588326403403,2.52069795357231
2024-08-12,0.5490538965075181,1.277364371259022,2.521921068462636
2024-08-13,0.5508470059826368,1.2731927331523571,2.563881948453603
2024-08-14,0.5602760945691106,1.294986528776485,2.572255117361247
2024-08-15,0.5615454067799377,1.292052721266642,2.616285530715939
2024-08-16,0.566763642491073,1.280046148744849,2.6222127569591036
2024-08-19,0.5659174753410342,1.2819572328730422,2.6465800193128692
2024-08-20,0.5681236462108601,1.2769596549102433,2.6426287265615405
2024-08-21,0.572928882013057,1.287760283070435,2.652930741908905
2024-08-22,0.5667405062490392,1.2738508001035138,2.630492038878688
2024-08-23,0.5683447576243967,1.2774566424167655,2.658904768088014
2024-08-26,0.5673061737005528,1.2751222390208985,2.6513783047699397
2024-08-27,0.5706216264280803,1.2825743128767426,2.656223390162955
2024-08-28,0.5705301142575832,1.2823686228822535,2.6406998801218204
2024-08-29,0.5651444119237282,1.2944739535432064,2.6411233764746913
2024-08-30,0.5766018513132566,1.3207174349457016,2.666055109221504
2024-09-03,0.5778064722905115,1.3179582278367783,2.6120049157159713
2024-09-04,0.5794123364135761,1.314295302730746,2.606547985761622
2024-09-05,0.5890489384291917,1.2924363605449365,2.5993037576400715
2024-09-06,0.5824361622810249,1.3069454985476738,2.5560729628228342
2024-09-09,0.5802843386400043,1.3117740384004988,2.584767927228684
2024-09-10,0.5740237785340078,1.3259264799985944,2.5943174110907092
2024-09-11,0.5788840805489828,1.3146997619018213,2.6223069310633353
2024-09-12,0.5818497119936449,1.3079645361715018,2.644510198832973
2024-09-13,0.5828176620186362,1.310140431904331,2.6580580624984433
2024-09-16,0.5830339282374528,1.3106265858694415,2.6624799386547586
2024-09-17,0.581293679666452,1.3067146076247618,2.663467905400677
2024-09-18,0.5713258873079331,1.3291216289571128,2.655517945729732
2024-09-19,0.570131860877575,1.3318993892326247,2.7010537091712727
2024-09-20,0.5685497652294766,1.328203415771036,2.695408718124632
2024-09-23,0.5668973088904702,1.3243430709285842,2.7028883815067615
2024-09-24,0.5704290686530902,1.3325937037971094,2.710744167073474
2024-09-25,0.5679886009288114,1.3268924657249106,2.693856280985667
2024-09-26,0.5669615005831504,1.329291900692395,2.7053814112233567
2024-09-27,0.5642455528647338,1.32292411857477,2.7004892387782258
2024-09-30,0.5695767569003585,1.335423602822299,2.7134255449985334
2024-10-01,0.5693474982226882,1.3359611202782058,2.6877880807023264
2024-10-02,0.5704331688655306,1.3334136184927536,2.6888699344363043
2024-10-03,0.5652538738730378,1.3455204573901411,2.683742613846766
2024-10-04,0.5601874409027623,1.3334604087596158,2.7081098762005316
2024-10-07,0.5548755399412607,1.34610476511291,2.6838367879509977
2024-10-08,0.5511085703775372,1.3552432751295893,2.709285904038741
2024-10-09,0.5501391681316224,1.3528593966249027,2.7276788530972262
2024-10-10,0.553484652957435,1.3610863523572814,2.722880854756327
2024-10-11,0.5489225279961685,1.3723051747570523,2.739439131479324
2024-10-14,0.5445658940251228,1.3831967505952916,2.762019095665888
2024-10-15,0.5421444956942606,1.3893470995978512,2.7400977759766025
2024-10-16,0.5419869868127205,1.3897507456912204,2.752281550711571
2024-10-17,0.544033638926774,1.3949987246480644,2.7530811692490254
2024-10-18,0.5448393220230683,1.3929328103159686,2.763477358700621
2024-10-21,0.5452666018066018,1.394025191143877,2.759384804792945
2024-10-22,0.550234336392412,1.3813247119056633,2.7572208102088176
2024-10-23,0.5490595248199042,1.3842739939653355,2.7321007292535415
2024-10-24,0.5491821652604112,1.3839647962103963,2.737934068508646
2024-10-25,0.5475305606051727,1.3881269173510626,2.7373225110634833
2024-10-28,0.5483748293154693,1.3859864850052503,2.7455547059309517
2024-10-29,0.5501384891875993,1.3815289340451349,2.749788233878804
2024-10-30,0.5609303251951342,1.354428060376222,2.740944481566173
2024-10-31,0.5584951030912987,1.3485479483506584,2.6871765232571634
2024-11-01,0.5596145497702532,1.3512509756714641,2.6988426275350292
2024-11-04,0.5528511442981742,1.334919988125196,2.6934330717489674
2024-11-05,0.5391226309520877,1.3017709803643471,2.7259854419180853
2024-11-06,0.5433257366185857,1.2916221187326447,2.7936776731933195
2024-11-07,0.5457041609619655,1.2859680050351041,2.815457731726258
2024-11-08,0.5461217676403435,1.2849839025387324,2.8277824805014022
2024-11-11,0.5444513963343781,1.288914161991129,2.82994647508553
2024-11-12,0.544042876493635,1.2879470471821064,2.821290783865191
2024-11-13,0.5476414560383494,1.2964661917181695,2.8234076913972026
2024-11-14,0.5545945613317076,1.3129267168316379,2.8047322200260227
2024-11-15,0.5522863299125447,1.3074622948734198,2.769122062631091
2024-11-18,0.550361631430945,1.3029058346508933,2.7806471928687806
2024-11-19,0.5501110988786942,1.3023127331237234,2.7903376507709825
2024-11-20,0.5472930791188041,1.2956414570433465,2.791607852713424
2024-11-21,0.5491006582016065,1.2913622609673903,2.8059082478642323
2024-11-22,0.5507246624715878,1.2875429651887758,2.8151754965297346
2024-11-25,0.5539727830157071,1.2799491618935008,2.823501578385263
2024-11-26,0.5521927569554513,1.2840618961898866,2.840154316328663
2024-11-27,0.5492107582876363,1.2771275950502954,2.8310283288195084
2024-11-29,0.5477221475851255,1.27366599897306,2.846316690716235
2024-12-02,0.5479478411321862,1.273141174117344,2.8540315022427722
2024-12-03,0.5445714744843123,1.2652962825498493,2.855207530080982
2024-12-04,0.5437064808647718,1.2673060705437402,2.872800860602012
2024-12-05,0.5446874020253443,1.2650196763489514,2.8682377232893495
2024-12-06,0.5474963317871568,1.2715433290072695,2.873412418047175
2024-12-09,0.5490820329821992,1.2752260710811265,2.8585943524392636
2024-12-10,0.5448500596260925,1.265397443605343,2.8503150705196796
2024-12-11,0.5477412665730634,1.2586827047244447,2.8722834772610812
2024-12-12,0.5476420757964257,1.2584547691595322,2.857041915300299
2024-12-13,0.5453062486007398,1.2530871522355251,2.8565245319593675
2024-12-16,0.5410319758181056,1.2629092225360445,2.868708306694336
2024-12-17,0.5569396646968432,1.3000419021042222,2.8462225166120034
2024-12-18,0.5573474567696719,1.2990900094385924,2.7625364790068194
2024-12-19,0.5511740192093908,1.3134793297109704,2.760513745579039
2024-12-20,0.5471702462521344,1.3230205505177048,2.7910904693724925
2024-12-23,0.5533227258959197,1.3081442719533567,2.811365177818582
2024-12-24,0.5530572360613364,1.3075166111143597,2.8429766682938977
2024-12-26,0.5470695489922062,1.3216724702091571,2.841612579363396
2024-12-27,0.5530664563986771,1.3071844632635556,2.8108477944776507
2024-12-30,0.555218891574922,1.302097136436884,2.780035635423618
2024-12-31,0.5563789588457904,1.2993765512867874,2.7692162367353226
2025-01-02,0.5631602309893582,1.3152136455391035,2.7634302716485055
2025-01-03,0.5666550640369818,1.323375535992626,2.7971115826037174
2025-01-06,0.5602810416547404,1.3084895395163336,2.8144697649803403
2025-01-07,0.5608682443624129,1.3098609023564824,2.7828111874529085
2025-01-08,0.5692596126879854,1.290263563057241,2.785727713522375
2025-01-10,0.5684301392189893,1.2921436180790873,2.7440493558441026
2025-01-13,0.5676419796949195,1.2939352459833613,2.748047735647547
2025-01-14,0.5779664623011983,1.3174698195679053,2.7518580543586997
2025-01-15,0.5769864046037309,1.315235786069305,2.801909868060788
2025-01-16,0.582459163341474,1.3277108948118528,2.797158669655833
2025-01-17,0.5877378412794466,1.3156781916636315,2.823689926593726
2025-01-21,0.5912310587747344,1.3078584636241997,2.8492803038378174
2025-01-22,0.5945302546953966,1.3005603333180302,2.866214989861569
2025-01-23,0.5927739330239924,1.3044023620126763,2.88220908330769
2025-01-24,0.5845065765999611,1.3225947261608322,2.8736946532436987
2025-01-27,0.5795384160965922,1.3113529999877946,2.8336155326403354
2025-01-28,0.58199972252433,1.3169223315079421,2.8577005597975775
2025-01-29,0.5849149930411223,1.3103257908269628,2.8455638721147247
2025-01-30,0.5817591909789915,1.317395414416632,2.8598174673295893
2025-01-31,0.5779299475687307,1.3260667474829366,2.844387844276515
2025-02-03,0.5740718121857389,1.3172142125689807,2.8256655729693905
2025-02-04,0.5717174043467924,1.3118119973725295,2.8445291054328625
2025-02-05,0.5738172340091352,1.3166300800870958,2.8561952097107284
2025-02-06,0.5685441828185719,1.3045310049811987,2.866685573266556
2025-02-07,0.5722635543120671,1.2959968653682425,2.8403423774209546
2025-02-10,0.5727155087819104,1.294973330719229,2.8589236746879028
2025-02-11,0.5746175221567149,1.2992739940630273,2.8611815562600906
2025-02-12,0.568494220639765,1.285428529711507,2.8516794465663526
2025-02-13,0.5685035086644219,1.285407528456885,2.8820678221513427
2025-02-14,0.5701737107080479,1.2816311396603328,2.882114909203459
2025-02-18,0.5714449241315069,1.2787737180043324,2.8905822522153346
2025-02-19,0.5736625532869193,1.283736306279189,2.8970268617994304
2025-02-20,0.5835655651013648,1.3058971667621935,2.8857842538744354
2025-02-21,0.5863436604386094,1.3121139606356853,2.835967588316755
2025-02-24,0.5891971828852081,1.3184995445377414,2.822466811703401
2025-02-25,0.5889998113009104,1.3180578683865982,2.808730886945639
2025-02-26,0.579631511788292,1.3390221550452583,2.809671766639441
2025-02-27,0.588763087912347,1.360117251657359,2.7649827087874703
2025-02-28,0.598870990018067,1.3834677848587544,2.8085425387371754
2025-03-03,0.5916452696572507,1.3667754562801306,2.760325397370576
2025-03-04,0.5851645588269035,1.3817467185489876,2.7270204957161193
2025-03-05,0.5956685048622903,1.3569437930346546,2.756891487960178
2025-03-06,0.5925946013412885,1.363946201705187,2.7074041446511368
2025-03-07,0.6080315079319345,1.3284158238334802,2.721375504669478
2025-03-10,0.6132113741167412,1.3170989494355707,2.6504845121282536
2025-03-11,0.6100939831360497,1.32379470323101,2.6279048350578607
2025-03-12,0.6020315640188456,1.3063006973604372,2.6412643505148674
2025-03-13,0.5895358721863297,1.3334141112250726,2.6063599246693303
2025-03-14,0.5853141926188592,1.3429627195013754,2.6604572052269786
2025-03-17,0.5774224617364218,1.324855691684347,2.6795087987827424
2025-03-18,0.5711748179352788,1.339190476002694,2.643381258046879
2025-03-19,0.5724519136942695,1.3421847860172116,2.6719823354646683
2025-03-20,0.5726134991378673,1.342563643208271,2.6660080221693883
2025-03-21,0.5623655656695821,1.3185360872508025,2.665255490684049
2025-03-24,0.5635747523963726,1.315700998417439,2.7129549615935464
2025-03-25,0.5571974931480064,1.3305891145450062,2.718788300848651
2025-03-26,0.5554423065673213,1.33478050482758,2.688023228846734
2025-03-27,0.566656074658819,1.3617282523383731,2.679555885834858
2025-03-28,0.5628182322912242,1.3709509512799165,2.6254586052772098
2025-03-31,0.560935155268854,1.3663640241211388,2.6432402840067035
2025-04-01,0.5575324298351102,1.3580754339463954,2.6520840363193345
2025-04-02,0.5308648395350031,1.4230341651897664,2.6681720167535157
2025-04-03,0.562771599995915,1.3375050307378133,2.5405494527817
2025-04-04,0.5641352415639246,1.334264146767568,2.387853894906724
2025-04-07,0.5725797984792935,1.3142915077665385,2.382067929819907
2025-04-08,0.6270483612143405,1.4393178702631715,2.3464106853728595
2025-04-09,0.6050198768526325,1.4898817392687733,2.5696208264883045
2025-04-10,0.6164071702660654,1.5179233312320433,2.479348918142677
2025-04-11,0.6216187474816072,1.5050896475411581,2.526013622370312
2025-04-14,0.6200920014192298,1.5087862697910788,2.5473704716665506
2025-04-15,0.6062596442599917,1.5424426796672561,2.541113923174747
2025-04-16,0.6056512859441906,1.5408948975582102,2.4844294387962713
2025-04-17,0.619730846420677,1.5050737519558226,2.4869224685128666
2025-04-21,0.6041289622902155,1.5429643724105515,2.429109043348297
2025-04-22,0.5944630237124255,1.5182772612432607,2.490262490935204
2025-04-23,0.6070298025239249,1.4861813128738917,2.530106176277988
2025-04-24,0.6114177121241845,1.475438464296488,2.583591899390474
2025-04-25,0.6116829632664432,1.4747983753193017,2.6022673707616537
2025-04-28,0.6155734932451683,1.4654181119535956,2.6033963115477476
2025-04-29,0.6144571718051637,1.462760626413858,2.6199548753869157
2025-04-30,0.610988253759298,1.4545026111011847,2.6247060737918706
2025-05-01,0.6199498812799482,1.4331687956828,2.639523852283611
2025-05-02,0.6164980453385985,1.4411485755139457,2.6782388839564724
2025-05-05,0.6215396212721906,1.4529339494173636,2.663326644244329
2025-05-06,0.6190713034212901,1.447163918544375,2.641546585711391
2025-05-07,0.6151620988654897,1.4380256177507524,2.6520369492672184
2025-05-08,0.6146849994397448,1.4391409029702102,2.6687835741986783
2025-05-09,0.6350917377710199,1.3913633065500668,2.6667137537187826
2025-05-12,0.63967835153185,1.381314921870187,2.755245163833153
2025-05-13,0.640047046344005,1.3805187660452696,2.775143462978487
2025-05-14,0.6431915081300249,1.3737364700726395,2.776742987169568
2025-05-15,0.6390060840929936,1.3647971890502504,2.790384737823098
2025-05-16,0.6398088018015351,1.363082734525497,2.8085425387371754
2025-05-19,0.6421848148626573,1.3681447192489071,2.8120706222518046
2025-05-20,0.652859706592085,1.3908870769162929,2.8016276328642644
2025-05-21,0.6527593516000899,1.3906732752984865,2.7550568156246897
2025-05-22,0.6569494320011084,1.3996000456630393,2.7554803119775606
2025-05-23,0.6434718068774423,1.370886595556151,2.7377928073522986
2025-05-27,0.6472636904259716,1.378965026146318,2.793959908389843
2025-05-28,0.6498289204441002,1.3734999235438656,2.7774955186549066
2025-05-29,0.6491382841664946,1.3749596752487292,2.7885032655516655
2025-05-30,0.6453672173924071,1.3669720632506195,2.7855396524300833
2025-06-02,0.6417481097001221,1.359306320436415,2.801721806968496
2025-06-03,0.6415766999120648,1.3596693887567877,2.8174333781019225
2025-06-04,0.638587198106771,1.3660049275830082,2.8166808466165834
2025-06-05,0.6321368012293702,1.3522068527930369,2.803556192187813
2025-06-06,0.6327353437652655,1.3509265075937829,2.831875034409079
2025-06-09,0.6363685783532693,1.343169341882076,2.8345564123341376
2025-06-10,0.6381747168267744,1.3469815191443213,2.850832740976782
2025-06-11,0.6358514188953985,1.3420777846426004,2.84274152014949
2025-06-12,0.6428965486492495,1.3569477870544742,2.85309062254897
2025-06-13,0.6386411929479698,1.3479661001654824,2.8214788449574826
2025-06-16,0.643930059241018,1.3591291954215656,2.840154316328663
2025-06-17,0.6440806364996734,1.3594470155721676,2.8166337595644677
2025-06-18,0.646189507252403,1.3638981632834326,2.815975115067189
2025-06-20,0.639399005100887,1.3495655978234873,2.8067549534538028
2025-06-23,0.6324209870359351,1.3348372465962846,2.8362498235132785
2025-06-24,0.6328879148297188,1.333851712239598,2.867202956607487
2025-06-25,0.637868330194771,1.3233551686863427,2.869319864139499
2025-06-26,0.6406698336280557,1.3175430223968447,2.8918995412098916
2025-06-27,0.6442391429167362,1.310202707149838,2.9046006992857913
2025-06-30,0.6440004543429169,1.3106881331271671,2.920782853824204
2025-07-01,0.64114708411686,1.3048808724808578,2.9197007129740546
2025-07-02,0.6362620166935496,1.2949386436235941,2.9326370191943623
2025-07-03,0.6318661437923638,1.3038852498060358,2.9549815481203474
2025-07-07,0.6313597028337034,1.3049303143381086,2.9345658656340823
2025-07-08,0.6276120273753344,1.2971844045311047,2.9322138099576627
2025-07-09,0.6294336629060497,1.293419344114615,2.949619079386401
2025-07-10,0.6270214528674725,1.298376179615847,2.9581803093863375
2025-07-11,0.6257202584490438,1.295681790404424,2.9468435273571107
2025-07-14,0.6284614104188146,1.3013579062788991,2.952958814692567
2025-07-15,0.6307339730951103,1.2966521003896547,2.9400225084722598
2025-07-16,0.6344344057796163,1.2890448142478128,2.9506538460682634
2025-07-17,0.6341729518258241,1.2895760367985292,2.9679649413927702
2025-07-18,0.6352388369937841,1.2874085839504965,2.966741826502445
2025-07-21,0.6352489023572635,1.28738818495316,2.9717281730518073
2025-07-22,0.640869978241294,1.275996576635581,2.9717752601039233
2025-07-23,0.6411213668316069,1.2754960523614922,2.9980713688974086
2025-07-24,0.6436151220077775,1.2705347844217247,2.999247396735618
2025-07-25,0.643474329667402,1.2708127169309378,3.010913501013484
2025-07-28,0.6419459287727335,1.2738311921116299,3.0102548565162057
2025-07-29,0.6410509706614193,1.2756070824268857,3.003104802498887
2025-07-30,0.6436754528144859,1.280829456583344,2.998918074486979
2025-07-31,0.6332837798933242,1.3015075183649534,2.9866404127639505
2025-08-01,0.6236322389260617,1.2816719351216632,2.9384232713973506
2025-08-04,0.6266315463156952,1.2878360297052214,2.9832062162373814
2025-08-05,0.6312683168742254,1.2783066655647457,2.9688587340344568
2025-08-06,0.6316158034762748,1.2776030116227994,2.9908268536596867
2025-08-07,0.6363968535534145,1.2679321263415027,2.989180529532662
2025-08-08,0.6351344772416005,1.2704472353844594,3.0118072936551705
2025-08-11,0.6418538039808962,1.2838877749638213,3.00583298035989
2025-08-12,0.6442095360160623,1.279175649644501,3.037632819043669
2025-08-13,0.6442294350659602,1.2791361370656626,3.0487815399806037
2025-08-14,0.6456806703482988,1.2820176066042812,3.0488757140848355
2025-08-15,0.6453811414937373,1.2826123297900114,3.042007608147869
2025-08-18,0.6487958923193003,1.2893987095436725,3.0405964321652514
2025-08-19,0.6505315630639434,1.2928481327672618,3.02450845173107
2025-08-20,0.6530982306526842,1.2979490557477071,3.016417230903778
2025-08-21,0.6430773216724427,1.2780337830702113,3.0045159784815043
2025-08-22,0.6402412511714323,1.2836701098217655,3.050616212316092
2025-08-25,0.6428393382072932,1.2784610004984471,3.037162522754854
2025-08-26,0.6413122372893925,1.2754239446567712,3.049487271529998
2025-08-27,0.6436216984869757,1.270830952445827,3.0567314996515487
2025-08-28,0.6398515884691572,1.278275034141694,3.0677392465483075
2025-08-29,0.6446876082887762,1.2879362798296563,3.0497695067265216
2025-09-02,0.6412207695995435,1.2810103404029134,3.026719246251142
2025-09-03,0.6359373822100269,1.2704553580954128,3.0429955748937867
2025-09-04,0.6342407452189086,1.2738448451996593,3.0680685687969467
2025-09-05,0.6358496015245628,1.2706135275539958,3.0598831738654226
2025-09-08,0.6373121765252195,1.26769087481278,3.067645072444076
2025-09-09,0.639135515265052,1.26406403389036,3.074701239473334
2025-09-10,0.6444593096918814,1.2535347847748728,3.0834979047338495
2025-09-11,0.6442350077233968,1.2539710734831906,3.109182456082172
2025-09-12,0.6475989421273733,1.2474233441839275,3.1081003152320226
2025-09-15,0.644800553387103,1.252813679488132,3.1243295568225515
2025-09-16,0.6440887859307286,1.2541966063502075,3.110828780209197
2025-09-17,0.6410368746683718,1.2482537971727448,3.1073948707987995
2025-09-18,0.6440986132552392,1.2422918518182209,3.1221187623024793
2025-09-19,0.6471990237044203,1.2363119994182228,3.137030714898451
2025-09-22,0.6437412522348954,1.2429172077118806,3.152131015702886
2025-09-23,0.6415777501816763,1.2470944356299771,3.1352902166671943
2025-09-24,0.6445139820690532,1.2528018630577988,3.1247530531754224
2025-09-25,0.6409366632608411,1.2458482952650685,3.110452370908442
2025-09-26,0.6391340366544572,1.242344362016599,3.1277166662970046
2025-09-29,0.6415687753698167,1.2376117335810308,3.13651333155752
2025-09-30,0.6440035725914531,1.2329149127161894,3.1484616710319093
2025-10-01,0.6446362009641357,1.2317037750950903,3.16041029762247
2025-10-02,0.6445594992350515,1.2318503287778155,3.1635148847842283
2025-10-03,0.6469271897570239,1.2273253154138093,3.163138475483473
2025-10-06,0.6445594992350514,1.2318172065612099,3.1747577798253945
2025-10-07,0.6483937666013808,1.2244895408887528,3.163138475483473
2025-10-08,0.6502150084966211,1.2279289503448914,3.181954920894829
2025-10-09,0.6325551268429184,1.2612795799964351,3.173017281594138
2025-10-10,0.6228865688910781,1.2420010156544903,3.086837927156187
2025-10-13,0.6235877755920128,1.2433991826374373,3.134020014724753
2025-10-14,0.6209639908478802,1.238167502457091,3.130491931210124
2025-10-15,0.6169683971385147,1.2461344930666485,3.14366367269101
2025-10-16,0.6204157394939309,1.2391716530923194,3.123435764180865
2025-10-17,0.6140042555212434,1.2263658380759388,3.1408881206617196
2025-10-20,0.6138585942107508,1.226656771002724,3.173346603842777
2025-10-21,0.6108822592103887,1.2326042994977198,3.172593785241267
2025-10-22,0.6074144422825181,1.225607131073334,3.1572112492403086
2025-10-23,0.6024198796206199,1.2155293798891305,3.1751339020099785
2025-10-24,0.609572536433211,1.2010971461696127,3.201241949711172
2025-10-27,0.6111128900543238,1.1980620449669959,3.239250962718468
2025-10-28,0.6114404225405978,1.1974199308066094,3.2474363576499914
2025-10-29,0.6048188308562792,1.2103873853028646,3.2491768558812484
2025-10-30,0.6030483616200161,1.2068442521854552,3.213989907723016
2025-10-31,0.6043332789231634,1.2042728248165602,3.223398130428694
2025-11-03,0.5973983458793887,1.2180922713004962,3.2302662363656607
2025-11-04,0.5955502264557825,1.2143239649403217,3.1931978159359953
2025-11-05,0.6020137660152965,1.2275030901203547,3.203076334930489
2025-11-06,0.6012808172044258,1.2260086111216453,3.1683131702412988
2025-11-07,0.5919362566421221,1.2069550983723154,3.1721705760045675
2025-11-10,0.5930944797419456,1.204593487202703,3.2214695711051453
2025-11-11,0.5935094120859428,1.2037507466001838,3.2277729195328937
2025-11-12,0.5838371360336365,1.2233679747050696,3.230031088221253
2025-11-13,0.583958160165503,1.2236215677671651,3.1773920706983376
2025-11-14,0.5894232352608306,1.2350730453083214,3.176733426201059
2025-11-17,0.5943043124365995,1.2453008179701748,3.147003407997176
2025-11-18,0.5920648659767992,1.2406082985826643,3.1209427344642697
2025-11-19,0.6011154191545915,1.2595727601211961,3.132703012846367
2025-11-20,0.6070828576351757,1.2470686340942614,3.0848151937284065
2025-11-21,0.5981179925973322,1.228653022688048,3.115439004573976
2025-11-24,0.6037426542461347,1.2170988517352754,3.161445064304332
2025-11-25,0.6079077404509039,1.2087023576304605,3.1911750825082152
2025-11-26,0.6113074594057128,1.2019426998032536,3.2131902891855613
2025-11-28,0.6084417049695063,1.207577299170609,3.231160029007347
2025-12-01,0.6074003926783965,1.2055106014511379,3.216012641150796
2025-12-02,0.6095556406503637,1.201233070006837,3.221516658157261
2025-12-03,0.6100789025722746,1.2002018933874163,3.2329476142907194
2025-12-04,0.6111964505875784,1.1980033527752696,3.235722879203838
2025-12-05,0.6093782426244894,1.201567213844373,3.241650105447003
2025-12-08,0.6088904386540426,1.2025290618669533,3.2320067345969172
2025-12-09,0.6128018025733288,1.1948043079771127,3.2294195307760902
2025-12-10,0.6142830246618167,1.1919163097287975,3.2501645355109945
2025-12-11,0.6077019206015335,1.2046858718859033,3.2580206081938794
2025-12-12,0.6067972826978452,1.206479192697967,3.2231158952321706
2025-12-15,0.6029745907243574,1.2140797513319828,3.2183178968912713
2025-12-16,0.6095645728060759,1.2273485754750426,3.198043188445182
2025-12-17,0.6049502747295387,1.2180577596637097,3.1630913884313574
2025-12-18,0.6102988300622507,1.20728852854151,3.1870354415484234
2025-12-19,0.6141741074623236,1.1996224841062832,3.2152130226133413
2025-12-22,0.616977820821722,1.19414619074898,3.235628992215778
2025-12-23,0.6191387156550421,1.1899638291684915,3.2503996836554023
2025-12-24,0.6190315701508224,1.1901697592311018,3.261783839852916
2025-12-26,0.6169242480696121,1.1942213635998504,3.261219369459869
2025-12-29,0.6178082257290434,1.1959325380416737,3.250117448458879
2025-12-30,0.6222676891070803,1.204565018371158,3.2454604241581557
2025-12-31,0.6234033135539098,1.2023667144794346,3.2220340414981923
2026-01-02,0.627582389338077,1.1943064724003152,3.227914180689241
2026-01-05,0.6313072707939249,1.1872179209890252,3.249552978065832
2026-01-06,0.6292540529219913,1.1910791422453384,3.268840006882175
2026-01-07,0.6291813574312788,1.1912167433975613,3.258208669286171
2026-01-08,0.625065827819771,1.1834248917743797,3.257832259985416
2026-01-09,0.6260969903746801,1.1814726119013919,3.279142022229539
2026-01-12,0.6248775028714433,1.1837738385608079,3.2845515780156007
2026-01-13,0.6218466807300624,1.1895154566280464,3.278154055483621
2026-01-14,0.6202057196938201,1.186376502000126,3.2622541361417317
2026-01-15,0.6196169879312883,1.1875026727316593,3.270862740309955
2026-01-16,0.6070758690035039,1.2115378630764424,3.2677578660320252
2026-01-20,0.6001898197170388,1.1977954136339086,3.2016180718957554
2026-01-21,0.5970158603487706,1.1914611609533745,3.2379339608400817
2026-01-22,0.5972574140329905,1.190979093638002,3.2550569950722967
2026-01-23,0.6004066168722574,1.1846993310849243,3.256373996950683
2026-01-26,0.6027879243936054,1.1800006263265643,3.2735441182350136
2026-01-27,0.6028310533378775,1.1799161983226274,3.286527511507437
2026-01-28,0.6014419748372557,1.1826350300990434,3.286762659651844
2026-01-29,0.5996646305171979,1.1861298803778535,3.2791891092816545
2026-01-30,0.5966362835107814,1.1801398441314845,3.269498651379453
2026-02-02,0.5915372179669031,1.1902257383060046,3.2860098410503342
2026-02-03,0.5887356825486719,1.1958626778937027,3.2579264340896477
2026-02-04,0.5812450941668451,1.2110778505880304,3.2424968110365735
2026-02-05,0.5699194675817774,1.1874798613080222,3.201241949711172
2026-02-06,0.5726385312138087,1.1818144410367117,3.2636185121884043
2026-02-09,0.5710448774448552,1.1851034321462859,3.2791891092816545
2026-02-10,0.5709627003636121,1.1852739762573914,3.2700631217725
2026-02-11,0.5621565662322952,1.203554822993325,3.2695925383675135
2026-02-12,0.5625097923075595,1.2027985800317944,3.219164602480842
2026-02-13,0.5616225906891347,1.2009015022183298,3.221187335908622
2026-02-17,0.5587483541004217,1.19475560443156,3.226267856562216
2026-02-18,0.557394759793506,1.1976499563745162,3.242779046233097
2026-02-19,0.5613015868835773,1.1892555263735594,3.234923260666384
2026-02-20,0.5556196668756139,1.2012940720106746,3.257597111841008
2026-02-23,0.5596886126215738,1.1924966865051523,3.2246212453190193
2026-02-24,0.5643411261627304,1.1825838405821982,3.248235976187446
2026-02-25,0.5612286161733439,1.1891061439311088,3.2752375294141545
2026-02-26,0.5587726941610556,1.1943096418812662,3.257173615488137
2026-02-27,0.5587159501579112,1.1941883583776476,3.2429203073894444
2026-03-02,0.5636430695504456,1.2047194853612935,3.2432496296380835
2026-03-03,0.5595932769689582,1.1960635392525605,3.2146485522202943
2026-03-04,0.5564874910597132,1.202701784277399,3.23774589974779
2026-03-05,0.5491214285454143,1.2186215968003644,3.2197761599260044
2026-03-06,0.5442839314042055,1.2078861233981466,3.17715692255393
2026-03-09,0.543301384065731,1.210066612711258,3.205146155410385
2026-03-10,0.5427182525567913,1.2113653908673296,3.1993601903235676
2026-03-11,0.5343784480858342,1.2299801149071496,3.19592628091317
2026-03-12,0.5373740668073445,1.236875137474956,3.146815346904884
2026-03-13,0.5319535031709437,1.2243986135652738,3.1291749293317377
2026-03-16,0.5320168529840991,1.2242528011532214,3.160739332754938
2026-03-17,0.5247806710466355,1.240904371412517,3.161115742055693
2026-03-18,0.5232606137831511,1.244498721980523,3.118120095382863
2026-03-19,0.5308847227229115,1.2626315483042412,3.1090882819779404
2026-03-20,0.5251462776811441,1.248983497347372,3.063787666680807
2026-03-23,0.5234631307350096,1.2529866158091751,3.0969047943591432
2026-03-24,0.5206632575876229,1.2462847043016483,3.0869789011963626
2026-03-25,0.511406019989931,1.268443275036108,3.103490377983415
2026-03-26,0.5027090797517297,1.2900143456284223,3.0483112436917885
2026-03-27,0.5043348187630923,1.2941861951759601,2.996471844706328
2026-03-30,0.4898147057289437,1.2569257698750116,2.986781386804126
2026-03-31,0.49345149831403656,1.2475933054421793,3.0727726801497854
2026-04-01,0.494126388745435,1.245886980125514,3.0955875053645863
2026-04-02,0.49630094924096146,1.240404057799203,3.09982132042861
2026-04-06,0.4966908900028979,1.2394294795636647,3.11346307108214
2026-04-07,0.5091460190019417,1.2083492758315346,3.1159093008627914
2026-04-08,0.5121604624695685,1.2011951384226196,3.1940445215255657
2026-04-09,0.5118680068981162,1.2018810488674423,3.2129551410411534
2026-04-10,0.5170570108612693,1.1896971158187546,3.211120468705665
2026-04-13,0.5231683711830264,1.1756354792955157,3.243672838874783
2026-04-14,0.5272925897205398,1.1663677599452325,3.2820114612468894
2026-04-15,0.5284548603366637,1.1637968249436672,3.307884073687504
2026-04-16,0.5349186319104056,1.1495618970448311,3.3151753888611704
2026-04-17,0.5339663434792306,1.1516084036164302,3.355724805753349
2026-04-20,0.5303219992244522,1.1594681826469362,3.3497507795742396
2026-04-21,0.5358184705630383,1.147450986220536,3.326888580191152
2026-04-22,0.5337038657480444,1.1519793955862712,3.36136979679999
2026-04-23,0.5378581078935192,1.1430126226940505,3.348104168331043
2026-04-24,0.5387729125824375,1.1410685536331069,3.374165128980121
2026-04-27,0.5361184320364809,1.1466904848892712,3.3799040070148223
2026-04-28,0.5360659364902437,1.1468027663177247,3.3632515561875937
2026-04-29,0.5414499108343651,1.135284861053967,3.3629222339389546
2026-04-30,0.5414499108343651,1.135284861053967,3.3966977189983982
2026-05-01,0.5414499108343651,1.135284861053967,3.3966977189983982
2026-05-04,0.5414499108343651,1.135284861053967,3.3966977189983982
2026-05-05,0.5414499108343651,1.135284861053967,3.3966977189983982
2026-05-06,0.5414499108343651,1.135284861053967,3.3966977189983982
2026-05-07,0.5414499108343651,1.135284861053967,3.3966977189983982
2026-05-08,0.5414499108343651,1.135284861053967,3.3966977189983982
2026-05-11,0.5414499108343651,1.135284861053967,3.3966977189983982
2026-05-12,0.5414499108343651,1.135284861053967,3.3966977189983982
2026-05-13,0.5414499108343651,1.135284861053967,3.3966977189983982
2026-05-14,0.5414499108343651,1.135284861053967,3.3966977189983982
2026-05-15,0.5414499108343651,1.135284861053967,3.3966977189983982
2026-05-18,0.5414499108343651,1.135284861053967,3.3966977189983982
2026-05-19,0.5414499108343651,1.135284861053967,3.3966977189983982
